date,time,sym,n_close,amount_delta,n_midprice,n_bid1,n_bsize1,n_bid2,n_bsize2,n_bid3,n_bsize3,n_bid4,n_bsize4,n_bid5,n_bsize5,n_ask1,n_asize1,n_ask2,n_asize2,n_ask3,n_asize3,n_ask4,n_asize4,n_ask5,n_asize5,label_5,label_10,label_20,label_40,label_60
42,13:10:03,1,-0.021428571428571352,0.0,-0.020238095238095277,-0.021428571428571352,6.626575020606503e-05,-0.023809523809523947,0.00010676008471832684,-0.02619047619047632,0.00014022659586246204,-0.02857142857142858,0.0002668283694097054,-0.030952380952380953,0.00018871190150801824,-0.01904761904761909,1.6144421007018967e-05,-0.01666666666666672,5.97584967677037e-05,-0.014285714285714457,9.595223109950198e-05,-0.011904761904761862,6.603183139688536e-05,-0.00952380952380949,3.6018898700956874e-05,1.0,1.0,1.0,1.0,1.0
42,13:10:06,1,-0.021428571428571352,0.0,-0.020238095238095277,-0.021428571428571352,6.626575020606503e-05,-0.023809523809523947,0.00010676008471832684,-0.02619047619047632,0.00014022659586246204,-0.02857142857142858,0.0002668283694097054,-0.030952380952380953,0.00018871190150801824,-0.01904761904761909,1.6144421007018967e-05,-0.01666666666666672,5.97584967677037e-05,-0.014285714285714457,9.595223109950198e-05,-0.011904761904761862,6.603183139688536e-05,-0.00952380952380949,3.6018898700956874e-05,1.0,1.0,1.0,1.0,1.0
42,13:10:09,1,-0.021428571428571352,0.0,-0.020238095238095277,-0.021428571428571352,6.626575020606503e-05,-0.023809523809523947,0.00010676008471832684,-0.02619047619047632,0.00014022659586246204,-0.02857142857142858,0.0002668283694097054,-0.030952380952380953,0.00018871190150801824,-0.01904761904761909,1.6144421007018967e-05,-0.01666666666666672,5.97584967677037e-05,-0.014285714285714457,9.595223109950198e-05,-0.011904761904761862,6.603183139688536e-05,-0.00952380952380949,3.6018898700956874e-05,1.0,1.0,1.0,1.0,1.0
42,13:10:12,1,-0.021428571428571352,0.0,-0.020238095238095277,-0.021428571428571352,6.626575020606503e-05,-0.023809523809523947,0.00010676008471832684,-0.02619047619047632,0.00014022659586246204,-0.02857142857142858,0.0002668283694097054,-0.030952380952380953,0.00018871190150801824,-0.01904761904761909,1.6144421007018967e-05,-0.01666666666666672,5.97584967677037e-05,-0.014285714285714457,9.595223109950198e-05,-0.011904761904761862,6.603183139688536e-05,-0.00952380952380949,3.6018898700956874e-05,1.0,1.0,1.0,1.0,1.0
42,13:10:15,1,-0.021428571428571352,0.0,-0.020238095238095277,-0.021428571428571352,6.626575020606503e-05,-0.023809523809523947,0.00010676008471832684,-0.02619047619047632,0.00014022659586246204,-0.02857142857142858,0.0002668283694097054,-0.030952380952380953,0.00018871190150801824,-0.01904761904761909,1.6144421007018967e-05,-0.01666666666666672,5.97584967677037e-05,-0.014285714285714457,9.595223109950198e-05,-0.011904761904761862,6.603183139688536e-05,-0.00952380952380949,3.6018898700956874e-05,1.0,1.0,1.0,1.0,1.0
42,13:10:18,1,-0.021428571428571352,0.0,-0.020238095238095277,-0.021428571428571352,6.626575020606503e-05,-0.023809523809523947,0.00010676008471832684,-0.02619047619047632,0.00014022659586246204,-0.02857142857142858,0.0002668283694097054,-0.030952380952380953,0.00018871190150801824,-0.01904761904761909,1.6144421007018967e-05,-0.01666666666666672,5.97584967677037e-05,-0.014285714285714457,9.595223109950198e-05,-0.011904761904761862,6.603183139688536e-05,-0.00952380952380949,3.6018898700956874e-05,1.0,1.0,1.0,1.0,1.0
42,13:10:21,1,-0.021428571428571352,0.0,-0.020238095238095277,-0.021428571428571352,6.626575020606503e-05,-0.023809523809523947,0.00010676008471832684,-0.02619047619047632,0.00014022659586246204,-0.02857142857142858,0.0002668283694097054,-0.030952380952380953,0.00018871190150801824,-0.01904761904761909,1.6144421007018967e-05,-0.01666666666666672,5.97584967677037e-05,-0.014285714285714457,9.595223109950198e-05,-0.011904761904761862,6.603183139688536e-05,-0.00952380952380949,3.6018898700956874e-05,1.0,1.0,1.0,1.0,1.0
42,13:10:24,1,-0.021428571428571352,0.0,-0.020238095238095277,-0.021428571428571352,6.626575020606503e-05,-0.023809523809523947,0.00010676008471832684,-0.02619047619047632,0.00014022659586246204,-0.02857142857142858,0.0002668283694097054,-0.030952380952380953,0.00018871190150801824,-0.01904761904761909,1.6144421007018967e-05,-0.01666666666666672,5.97584967677037e-05,-0.014285714285714457,9.595223109950198e-05,-0.011904761904761862,6.603183139688536e-05,-0.00952380952380949,3.6018898700956874e-05,1.0,1.0,1.0,1.0,1.0
42,13:10:27,1,-0.021428571428571352,0.0,-0.020238095238095277,-0.021428571428571352,6.626575020606503e-05,-0.023809523809523947,0.00010676008471832684,-0.02619047619047632,0.00014022659586246204,-0.02857142857142858,0.0002668283694097054,-0.030952380952380953,0.00018871190150801824,-0.01904761904761909,1.6144421007018967e-05,-0.01666666666666672,5.97584967677037e-05,-0.014285714285714457,9.595223109950198e-05,-0.011904761904761862,6.603183139688536e-05,-0.00952380952380949,3.6018898700956874e-05,1.0,1.0,1.0,1.0,1.0
42,13:10:30,1,-0.021428571428571352,0.0,-0.020238095238095277,-0.021428571428571352,6.626575020606503e-05,-0.023809523809523947,0.00010676008471832684,-0.02619047619047632,0.00014022659586246204,-0.02857142857142858,0.0002668283694097054,-0.030952380952380953,0.00018871190150801824,-0.01904761904761909,1.6144421007018967e-05,-0.01666666666666672,5.97584967677037e-05,-0.014285714285714457,9.595223109950198e-05,-0.011904761904761862,6.603183139688536e-05,-0.00952380952380949,3.6018898700956874e-05,1.0,1.0,1.0,1.0,1.0
42,13:10:33,1,-0.021428571428571352,0.0,-0.020238095238095277,-0.021428571428571352,6.626575020606503e-05,-0.023809523809523947,0.00010676008471832684,-0.02619047619047632,0.00014022659586246204,-0.02857142857142858,0.0002668283694097054,-0.030952380952380953,0.00018871190150801824,-0.01904761904761909,1.6144421007018967e-05,-0.01666666666666672,5.97584967677037e-05,-0.014285714285714457,9.595223109950198e-05,-0.011904761904761862,6.603183139688536e-05,-0.00952380952380949,3.6018898700956874e-05,1.0,1.0,1.0,1.0,1.0
42,13:10:36,1,-0.021428571428571352,0.0,-0.020238095238095277,-0.021428571428571352,6.626575020606503e-05,-0.023809523809523947,0.00010676008471832684,-0.02619047619047632,0.00014022659586246204,-0.02857142857142858,0.0002668283694097054,-0.030952380952380953,0.00018871190150801824,-0.01904761904761909,1.6144421007018967e-05,-0.01666666666666672,5.97584967677037e-05,-0.014285714285714457,9.595223109950198e-05,-0.011904761904761862,6.603183139688536e-05,-0.00952380952380949,3.6018898700956874e-05,1.0,1.0,1.0,1.0,1.0
42,13:10:39,1,-0.021428571428571352,0.0,-0.020238095238095277,-0.021428571428571352,6.626575020606503e-05,-0.023809523809523947,0.00010676008471832684,-0.02619047619047632,0.00014022659586246204,-0.02857142857142858,0.0002668283694097054,-0.030952380952380953,0.00018871190150801824,-0.01904761904761909,1.6144421007018967e-05,-0.01666666666666672,5.97584967677037e-05,-0.014285714285714457,9.595223109950198e-05,-0.011904761904761862,6.603183139688536e-05,-0.00952380952380949,3.6018898700956874e-05,1.0,1.0,1.0,1.0,1.0
42,13:10:42,1,-0.021428571428571352,0.0,-0.020238095238095277,-0.021428571428571352,6.626575020606503e-05,-0.023809523809523947,0.00010676008471832684,-0.02619047619047632,0.00014022659586246204,-0.02857142857142858,0.0002668283694097054,-0.030952380952380953,0.00018871190150801824,-0.01904761904761909,1.6144421007018967e-05,-0.01666666666666672,5.97584967677037e-05,-0.014285714285714457,9.595223109950198e-05,-0.011904761904761862,6.603183139688536e-05,-0.00952380952380949,3.6018898700956874e-05,1.0,1.0,1.0,1.0,1.0
42,13:10:45,1,-0.021428571428571352,0.0,-0.020238095238095277,-0.021428571428571352,6.626575020606503e-05,-0.023809523809523947,0.00010676008471832684,-0.02619047619047632,0.00014022659586246204,-0.02857142857142858,0.0002668283694097054,-0.030952380952380953,0.00018871190150801824,-0.01904761904761909,1.6144421007018967e-05,-0.01666666666666672,5.97584967677037e-05,-0.014285714285714457,9.595223109950198e-05,-0.011904761904761862,6.603183139688536e-05,-0.00952380952380949,3.6018898700956874e-05,1.0,1.0,1.0,1.0,1.0
42,13:10:48,1,-0.021428571428571352,0.0,-0.020238095238095277,-0.021428571428571352,6.626575020606503e-05,-0.023809523809523947,0.00010676008471832684,-0.02619047619047632,0.00014022659586246204,-0.02857142857142858,0.0002668283694097054,-0.030952380952380953,0.00018871190150801824,-0.01904761904761909,1.6144421007018967e-05,-0.01666666666666672,5.97584967677037e-05,-0.014285714285714457,9.595223109950198e-05,-0.011904761904761862,6.603183139688536e-05,-0.00952380952380949,3.6018898700956874e-05,1.0,1.0,1.0,1.0,1.0
42,13:10:51,1,-0.021428571428571352,0.0,-0.020238095238095277,-0.021428571428571352,6.626575020606503e-05,-0.023809523809523947,0.00010676008471832684,-0.02619047619047632,0.00014022659586246204,-0.02857142857142858,0.0002668283694097054,-0.030952380952380953,0.00018871190150801824,-0.01904761904761909,1.6144421007018967e-05,-0.01666666666666672,5.97584967677037e-05,-0.014285714285714457,9.595223109950198e-05,-0.011904761904761862,6.603183139688536e-05,-0.00952380952380949,3.6018898700956874e-05,1.0,1.0,1.0,1.0,1.0
42,13:10:54,1,-0.021428571428571352,0.0,-0.020238095238095277,-0.021428571428571352,6.626575020606503e-05,-0.023809523809523947,0.00010676008471832684,-0.02619047619047632,0.00014022659586246204,-0.02857142857142858,0.0002668283694097054,-0.030952380952380953,0.00018871190150801824,-0.01904761904761909,1.6144421007018967e-05,-0.01666666666666672,5.97584967677037e-05,-0.014285714285714457,9.595223109950198e-05,-0.011904761904761862,6.603183139688536e-05,-0.00952380952380949,3.6018898700956874e-05,1.0,1.0,1.0,1.0,1.0
42,13:10:57,1,-0.021428571428571352,0.0,-0.020238095238095277,-0.021428571428571352,6.626575020606503e-05,-0.023809523809523947,0.00010676008471832684,-0.02619047619047632,0.00014022659586246204,-0.02857142857142858,0.0002668283694097054,-0.030952380952380953,0.00018871190150801824,-0.01904761904761909,1.6144421007018967e-05,-0.01666666666666672,5.97584967677037e-05,-0.014285714285714457,9.595223109950198e-05,-0.011904761904761862,6.603183139688536e-05,-0.00952380952380949,3.6018898700956874e-05,1.0,1.0,1.0,1.0,1.0
42,13:11:00,1,-0.021428571428571352,0.0,-0.020238095238095277,-0.021428571428571352,6.626575020606503e-05,-0.023809523809523947,0.00010676008471832684,-0.02619047619047632,0.00014022659586246204,-0.02857142857142858,0.0002668283694097054,-0.030952380952380953,0.00018871190150801824,-0.01904761904761909,1.6144421007018967e-05,-0.01666666666666672,5.97584967677037e-05,-0.014285714285714457,9.595223109950198e-05,-0.011904761904761862,6.603183139688536e-05,-0.00952380952380949,3.6018898700956874e-05,1.0,1.0,1.0,1.0,1.0
42,13:11:03,1,-0.021428571428571352,0.0,-0.020238095238095277,-0.021428571428571352,6.626575020606503e-05,-0.023809523809523947,0.00010676008471832684,-0.02619047619047632,0.00014022659586246204,-0.02857142857142858,0.0002668283694097054,-0.030952380952380953,0.00018871190150801824,-0.01904761904761909,1.6144421007018967e-05,-0.01666666666666672,5.97584967677037e-05,-0.014285714285714457,9.595223109950198e-05,-0.011904761904761862,6.603183139688536e-05,-0.00952380952380949,3.6018898700956874e-05,1.0,1.0,1.0,1.0,1.0
42,13:11:06,1,-0.021428571428571352,0.0,-0.020238095238095277,-0.021428571428571352,6.626575020606503e-05,-0.023809523809523947,0.00010676008471832684,-0.02619047619047632,0.00014022659586246204,-0.02857142857142858,0.0002668283694097054,-0.030952380952380953,0.00018871190150801824,-0.01904761904761909,1.6144421007018967e-05,-0.01666666666666672,5.97584967677037e-05,-0.014285714285714457,9.595223109950198e-05,-0.011904761904761862,6.603183139688536e-05,-0.00952380952380949,3.6018898700956874e-05,1.0,1.0,1.0,1.0,1.0
42,13:11:09,1,-0.021428571428571352,0.0,-0.020238095238095277,-0.021428571428571352,6.626575020606503e-05,-0.023809523809523947,0.00010676008471832684,-0.02619047619047632,0.00014022659586246204,-0.02857142857142858,0.0002668283694097054,-0.030952380952380953,0.00018871190150801824,-0.01904761904761909,1.6144421007018967e-05,-0.01666666666666672,5.97584967677037e-05,-0.014285714285714457,9.595223109950198e-05,-0.011904761904761862,6.603183139688536e-05,-0.00952380952380949,3.6018898700956874e-05,1.0,1.0,1.0,1.0,1.0
42,13:11:12,1,-0.021428571428571352,0.0,-0.020238095238095277,-0.021428571428571352,6.626575020606503e-05,-0.023809523809523947,0.00010676008471832684,-0.02619047619047632,0.00014022659586246204,-0.02857142857142858,0.0002668283694097054,-0.030952380952380953,0.00018871190150801824,-0.01904761904761909,1.6144421007018967e-05,-0.01666666666666672,5.97584967677037e-05,-0.014285714285714457,9.595223109950198e-05,-0.011904761904761862,6.603183139688536e-05,-0.00952380952380949,3.6018898700956874e-05,1.0,1.0,1.0,1.0,1.0
42,13:11:15,1,-0.021428571428571352,0.0,-0.020238095238095277,-0.021428571428571352,6.626575020606503e-05,-0.023809523809523947,0.00010676008471832684,-0.02619047619047632,0.00014022659586246204,-0.02857142857142858,0.0002668283694097054,-0.030952380952380953,0.00018871190150801824,-0.01904761904761909,1.6144421007018967e-05,-0.01666666666666672,5.97584967677037e-05,-0.014285714285714457,9.595223109950198e-05,-0.011904761904761862,6.603183139688536e-05,-0.00952380952380949,3.6018898700956874e-05,1.0,1.0,1.0,1.0,1.0
42,13:11:18,1,-0.021428571428571352,0.0,-0.020238095238095277,-0.021428571428571352,6.626575020606503e-05,-0.023809523809523947,0.00010676008471832684,-0.02619047619047632,0.00014022659586246204,-0.02857142857142858,0.0002668283694097054,-0.030952380952380953,0.00018871190150801824,-0.01904761904761909,1.6144421007018967e-05,-0.01666666666666672,5.97584967677037e-05,-0.014285714285714457,9.595223109950198e-05,-0.011904761904761862,6.603183139688536e-05,-0.00952380952380949,3.6018898700956874e-05,1.0,1.0,1.0,1.0,1.0
42,13:11:21,1,-0.021428571428571352,0.0,-0.020238095238095277,-0.021428571428571352,6.626575020606503e-05,-0.023809523809523947,0.00010676008471832684,-0.02619047619047632,0.00014022659586246204,-0.02857142857142858,0.0002668283694097054,-0.030952380952380953,0.00018871190150801824,-0.01904761904761909,1.6144421007018967e-05,-0.01666666666666672,5.97584967677037e-05,-0.014285714285714457,9.595223109950198e-05,-0.011904761904761862,6.603183139688536e-05,-0.00952380952380949,3.6018898700956874e-05,1.0,1.0,1.0,1.0,1.0
42,13:11:24,1,-0.021428571428571352,0.0,-0.020238095238095277,-0.021428571428571352,6.626575020606503e-05,-0.023809523809523947,0.00010676008471832684,-0.02619047619047632,0.00014022659586246204,-0.02857142857142858,0.0002668283694097054,-0.030952380952380953,0.00018871190150801824,-0.01904761904761909,1.6144421007018967e-05,-0.01666666666666672,5.97584967677037e-05,-0.014285714285714457,9.595223109950198e-05,-0.011904761904761862,6.603183139688536e-05,-0.00952380952380949,3.6018898700956874e-05,1.0,1.0,1.0,1.0,1.0
42,13:11:27,1,-0.021428571428571352,0.0,-0.020238095238095277,-0.021428571428571352,6.626575020606503e-05,-0.023809523809523947,0.00010676008471832684,-0.02619047619047632,0.00014022659586246204,-0.02857142857142858,0.0002668283694097054,-0.030952380952380953,0.00018871190150801824,-0.01904761904761909,1.6144421007018967e-05,-0.01666666666666672,5.97584967677037e-05,-0.014285714285714457,9.595223109950198e-05,-0.011904761904761862,6.603183139688536e-05,-0.00952380952380949,3.6018898700956874e-05,1.0,1.0,1.0,1.0,1.0
42,13:11:30,1,-0.021428571428571352,0.0,-0.020238095238095277,-0.021428571428571352,6.626575020606503e-05,-0.023809523809523947,0.00010676008471832684,-0.02619047619047632,0.00014022659586246204,-0.02857142857142858,0.0002668283694097054,-0.030952380952380953,0.00018871190150801824,-0.01904761904761909,1.6144421007018967e-05,-0.01666666666666672,5.97584967677037e-05,-0.014285714285714457,9.595223109950198e-05,-0.011904761904761862,6.603183139688536e-05,-0.00952380952380949,3.6018898700956874e-05,1.0,1.0,1.0,1.0,1.0
42,13:11:33,1,-0.021428571428571352,0.0,-0.020238095238095277,-0.021428571428571352,6.626575020606503e-05,-0.023809523809523947,0.00010676008471832684,-0.02619047619047632,0.00014022659586246204,-0.02857142857142858,0.0002668283694097054,-0.030952380952380953,0.00018871190150801824,-0.01904761904761909,1.6144421007018967e-05,-0.01666666666666672,5.97584967677037e-05,-0.014285714285714457,9.595223109950198e-05,-0.011904761904761862,6.603183139688536e-05,-0.00952380952380949,3.6018898700956874e-05,1.0,1.0,1.0,1.0,1.0
42,13:11:36,1,-0.021428571428571352,0.0,-0.020238095238095277,-0.021428571428571352,6.626575020606503e-05,-0.023809523809523947,0.00010676008471832684,-0.02619047619047632,0.00014022659586246204,-0.02857142857142858,0.0002668283694097054,-0.030952380952380953,0.00018871190150801824,-0.01904761904761909,1.6144421007018967e-05,-0.01666666666666672,5.97584967677037e-05,-0.014285714285714457,9.595223109950198e-05,-0.011904761904761862,6.603183139688536e-05,-0.00952380952380949,3.6018898700956874e-05,1.0,1.0,1.0,1.0,1.0
42,13:11:39,1,-0.021428571428571352,0.0,-0.020238095238095277,-0.021428571428571352,6.626575020606503e-05,-0.023809523809523947,0.00010676008471832684,-0.02619047619047632,0.00014022659586246204,-0.02857142857142858,0.0002668283694097054,-0.030952380952380953,0.00018871190150801824,-0.01904761904761909,1.6144421007018967e-05,-0.01666666666666672,5.97584967677037e-05,-0.014285714285714457,9.595223109950198e-05,-0.011904761904761862,6.603183139688536e-05,-0.00952380952380949,3.6018898700956874e-05,1.0,1.0,1.0,1.0,1.0
42,13:11:42,1,-0.021428571428571352,0.0,-0.020238095238095277,-0.021428571428571352,6.626575020606503e-05,-0.023809523809523947,0.00010676008471832684,-0.02619047619047632,0.00014022659586246204,-0.02857142857142858,0.0002668283694097054,-0.030952380952380953,0.00018871190150801824,-0.01904761904761909,1.6144421007018967e-05,-0.01666666666666672,5.97584967677037e-05,-0.014285714285714457,9.595223109950198e-05,-0.011904761904761862,6.603183139688536e-05,-0.00952380952380949,3.6018898700956874e-05,1.0,1.0,1.0,1.0,1.0
42,13:11:45,1,-0.021428571428571352,0.0,-0.020238095238095277,-0.021428571428571352,6.626575020606503e-05,-0.023809523809523947,0.00010676008471832684,-0.02619047619047632,0.00014022659586246204,-0.02857142857142858,0.0002668283694097054,-0.030952380952380953,0.00018871190150801824,-0.01904761904761909,1.6144421007018967e-05,-0.01666666666666672,5.97584967677037e-05,-0.014285714285714457,9.595223109950198e-05,-0.011904761904761862,6.603183139688536e-05,-0.00952380952380949,3.6018898700956874e-05,1.0,1.0,1.0,1.0,1.0
42,13:11:48,1,-0.021428571428571352,0.0,-0.020238095238095277,-0.021428571428571352,6.626575020606503e-05,-0.023809523809523947,0.00010676008471832684,-0.02619047619047632,0.00014022659586246204,-0.02857142857142858,0.0002668283694097054,-0.030952380952380953,0.00018871190150801824,-0.01904761904761909,1.6144421007018967e-05,-0.01666666666666672,5.97584967677037e-05,-0.014285714285714457,9.595223109950198e-05,-0.011904761904761862,6.603183139688536e-05,-0.00952380952380949,3.6018898700956874e-05,1.0,1.0,1.0,1.0,1.0
42,13:11:51,1,-0.021428571428571352,0.0,-0.020238095238095277,-0.021428571428571352,6.626575020606503e-05,-0.023809523809523947,0.00010676008471832684,-0.02619047619047632,0.00014022659586246204,-0.02857142857142858,0.0002668283694097054,-0.030952380952380953,0.00018871190150801824,-0.01904761904761909,1.6144421007018967e-05,-0.01666666666666672,5.97584967677037e-05,-0.014285714285714457,9.595223109950198e-05,-0.011904761904761862,6.603183139688536e-05,-0.00952380952380949,3.6018898700956874e-05,1.0,1.0,1.0,1.0,1.0
42,13:11:54,1,-0.021428571428571352,0.0,-0.020238095238095277,-0.021428571428571352,6.626575020606503e-05,-0.023809523809523947,0.00010676008471832684,-0.02619047619047632,0.00014022659586246204,-0.02857142857142858,0.0002668283694097054,-0.030952380952380953,0.00018871190150801824,-0.01904761904761909,1.6144421007018967e-05,-0.01666666666666672,5.97584967677037e-05,-0.014285714285714457,9.595223109950198e-05,-0.011904761904761862,6.603183139688536e-05,-0.00952380952380949,3.6018898700956874e-05,1.0,1.0,1.0,1.0,1.0
42,13:11:57,1,-0.021428571428571352,0.0,-0.020238095238095277,-0.021428571428571352,6.626575020606503e-05,-0.023809523809523947,0.00010676008471832684,-0.02619047619047632,0.00014022659586246204,-0.02857142857142858,0.0002668283694097054,-0.030952380952380953,0.00018871190150801824,-0.01904761904761909,1.6144421007018967e-05,-0.01666666666666672,5.97584967677037e-05,-0.014285714285714457,9.595223109950198e-05,-0.011904761904761862,6.603183139688536e-05,-0.00952380952380949,3.6018898700956874e-05,1.0,1.0,1.0,1.0,1.0
42,13:12:00,1,-0.021428571428571352,0.0,-0.020238095238095277,-0.021428571428571352,6.626575020606503e-05,-0.023809523809523947,0.00010676008471832684,-0.02619047619047632,0.00014022659586246204,-0.02857142857142858,0.0002668283694097054,-0.030952380952380953,0.00018871190150801824,-0.01904761904761909,1.6144421007018967e-05,-0.01666666666666672,5.97584967677037e-05,-0.014285714285714457,9.595223109950198e-05,-0.011904761904761862,6.603183139688536e-05,-0.00952380952380949,3.6018898700956874e-05,1.0,1.0,1.0,1.0,1.0
42,13:12:03,1,-0.021428571428571352,0.0,-0.020238095238095277,-0.021428571428571352,6.626575020606503e-05,-0.023809523809523947,0.00010676008471832684,-0.02619047619047632,0.00014022659586246204,-0.02857142857142858,0.0002668283694097054,-0.030952380952380953,0.00018871190150801824,-0.01904761904761909,1.6144421007018967e-05,-0.01666666666666672,5.97584967677037e-05,-0.014285714285714457,9.595223109950198e-05,-0.011904761904761862,6.603183139688536e-05,-0.00952380952380949,3.6018898700956874e-05,1.0,1.0,1.0,1.0,1.0
42,13:12:06,1,-0.021428571428571352,0.0,-0.020238095238095277,-0.021428571428571352,6.626575020606503e-05,-0.023809523809523947,0.00010676008471832684,-0.02619047619047632,0.00014022659586246204,-0.02857142857142858,0.0002668283694097054,-0.030952380952380953,0.00018871190150801824,-0.01904761904761909,1.6144421007018967e-05,-0.01666666666666672,5.97584967677037e-05,-0.014285714285714457,9.595223109950198e-05,-0.011904761904761862,6.603183139688536e-05,-0.00952380952380949,3.6018898700956874e-05,1.0,1.0,1.0,1.0,1.0
42,13:12:09,1,-0.021428571428571352,0.0,-0.020238095238095277,-0.021428571428571352,6.626575020606503e-05,-0.023809523809523947,0.00010676008471832684,-0.02619047619047632,0.00014022659586246204,-0.02857142857142858,0.0002668283694097054,-0.030952380952380953,0.00018871190150801824,-0.01904761904761909,1.6144421007018967e-05,-0.01666666666666672,5.97584967677037e-05,-0.014285714285714457,9.595223109950198e-05,-0.011904761904761862,6.603183139688536e-05,-0.00952380952380949,3.6018898700956874e-05,1.0,1.0,1.0,1.0,1.0
42,13:12:12,1,-0.021428571428571352,0.0,-0.020238095238095277,-0.021428571428571352,6.626575020606503e-05,-0.023809523809523947,0.00010676008471832684,-0.02619047619047632,0.00014022659586246204,-0.02857142857142858,0.0002668283694097054,-0.030952380952380953,0.00018871190150801824,-0.01904761904761909,1.6144421007018967e-05,-0.01666666666666672,5.97584967677037e-05,-0.014285714285714457,9.595223109950198e-05,-0.011904761904761862,6.603183139688536e-05,-0.00952380952380949,3.6018898700956874e-05,1.0,1.0,1.0,1.0,1.0
42,13:12:15,1,-0.021428571428571352,0.0,-0.020238095238095277,-0.021428571428571352,6.626575020606503e-05,-0.023809523809523947,0.00010676008471832684,-0.02619047619047632,0.00014022659586246204,-0.02857142857142858,0.0002668283694097054,-0.030952380952380953,0.00018871190150801824,-0.01904761904761909,1.6144421007018967e-05,-0.01666666666666672,5.97584967677037e-05,-0.014285714285714457,9.595223109950198e-05,-0.011904761904761862,6.603183139688536e-05,-0.00952380952380949,3.6018898700956874e-05,1.0,1.0,1.0,1.0,1.0
42,13:12:18,1,-0.021428571428571352,0.0,-0.020238095238095277,-0.021428571428571352,6.626575020606503e-05,-0.023809523809523947,0.00010676008471832684,-0.02619047619047632,0.00014022659586246204,-0.02857142857142858,0.0002668283694097054,-0.030952380952380953,0.00018871190150801824,-0.01904761904761909,1.6144421007018967e-05,-0.01666666666666672,5.97584967677037e-05,-0.014285714285714457,9.595223109950198e-05,-0.011904761904761862,6.603183139688536e-05,-0.00952380952380949,3.6018898700956874e-05,1.0,1.0,1.0,1.0,1.0
42,13:12:21,1,-0.021428571428571352,0.0,-0.020238095238095277,-0.021428571428571352,6.626575020606503e-05,-0.023809523809523947,0.00010676008471832684,-0.02619047619047632,0.00014022659586246204,-0.02857142857142858,0.0002668283694097054,-0.030952380952380953,0.00018871190150801824,-0.01904761904761909,1.6144421007018967e-05,-0.01666666666666672,5.97584967677037e-05,-0.014285714285714457,9.595223109950198e-05,-0.011904761904761862,6.603183139688536e-05,-0.00952380952380949,3.6018898700956874e-05,1.0,1.0,1.0,1.0,1.0
42,13:12:24,1,-0.021428571428571352,0.0,-0.020238095238095277,-0.021428571428571352,6.626575020606503e-05,-0.023809523809523947,0.00010676008471832684,-0.02619047619047632,0.00014022659586246204,-0.02857142857142858,0.0002668283694097054,-0.030952380952380953,0.00018871190150801824,-0.01904761904761909,1.6144421007018967e-05,-0.01666666666666672,5.97584967677037e-05,-0.014285714285714457,9.595223109950198e-05,-0.011904761904761862,6.603183139688536e-05,-0.00952380952380949,3.6018898700956874e-05,1.0,1.0,1.0,1.0,1.0
42,13:12:27,1,-0.021428571428571352,0.0,-0.020238095238095277,-0.021428571428571352,6.626575020606503e-05,-0.023809523809523947,0.00010676008471832684,-0.02619047619047632,0.00014022659586246204,-0.02857142857142858,0.0002668283694097054,-0.030952380952380953,0.00018871190150801824,-0.01904761904761909,1.6144421007018967e-05,-0.01666666666666672,5.97584967677037e-05,-0.014285714285714457,9.595223109950198e-05,-0.011904761904761862,6.603183139688536e-05,-0.00952380952380949,3.6018898700956874e-05,1.0,1.0,1.0,1.0,1.0
42,13:12:30,1,-0.021428571428571352,0.0,-0.020238095238095277,-0.021428571428571352,6.626575020606503e-05,-0.023809523809523947,0.00010676008471832684,-0.02619047619047632,0.00014022659586246204,-0.02857142857142858,0.0002668283694097054,-0.030952380952380953,0.00018871190150801824,-0.01904761904761909,1.6144421007018967e-05,-0.01666666666666672,5.97584967677037e-05,-0.014285714285714457,9.595223109950198e-05,-0.011904761904761862,6.603183139688536e-05,-0.00952380952380949,3.6018898700956874e-05,1.0,1.0,1.0,1.0,1.0
42,13:12:33,1,-0.021428571428571352,0.0,-0.020238095238095277,-0.021428571428571352,6.626575020606503e-05,-0.023809523809523947,0.00010676008471832684,-0.02619047619047632,0.00014022659586246204,-0.02857142857142858,0.0002668283694097054,-0.030952380952380953,0.00018871190150801824,-0.01904761904761909,1.6144421007018967e-05,-0.01666666666666672,5.97584967677037e-05,-0.014285714285714457,9.595223109950198e-05,-0.011904761904761862,6.603183139688536e-05,-0.00952380952380949,3.6018898700956874e-05,1.0,1.0,1.0,1.0,1.0
42,13:12:36,1,-0.021428571428571352,0.0,-0.020238095238095277,-0.021428571428571352,6.626575020606503e-05,-0.023809523809523947,0.00010676008471832684,-0.02619047619047632,0.00014022659586246204,-0.02857142857142858,0.0002668283694097054,-0.030952380952380953,0.00018871190150801824,-0.01904761904761909,1.6144421007018967e-05,-0.01666666666666672,5.97584967677037e-05,-0.014285714285714457,9.595223109950198e-05,-0.011904761904761862,6.603183139688536e-05,-0.00952380952380949,3.6018898700956874e-05,1.0,1.0,1.0,1.0,1.0
42,13:12:39,1,-0.021428571428571352,0.0,-0.020238095238095277,-0.021428571428571352,6.626575020606503e-05,-0.023809523809523947,0.00010676008471832684,-0.02619047619047632,0.00014022659586246204,-0.02857142857142858,0.0002668283694097054,-0.030952380952380953,0.00018871190150801824,-0.01904761904761909,1.6144421007018967e-05,-0.01666666666666672,5.97584967677037e-05,-0.014285714285714457,9.595223109950198e-05,-0.011904761904761862,6.603183139688536e-05,-0.00952380952380949,3.6018898700956874e-05,1.0,1.0,1.0,1.0,1.0
42,13:12:42,1,-0.021428571428571352,0.0,-0.020238095238095277,-0.021428571428571352,6.626575020606503e-05,-0.023809523809523947,0.00010676008471832684,-0.02619047619047632,0.00014022659586246204,-0.02857142857142858,0.0002668283694097054,-0.030952380952380953,0.00018871190150801824,-0.01904761904761909,1.6144421007018967e-05,-0.01666666666666672,5.97584967677037e-05,-0.014285714285714457,9.595223109950198e-05,-0.011904761904761862,6.603183139688536e-05,-0.00952380952380949,3.6018898700956874e-05,1.0,1.0,1.0,1.0,1.0
42,13:12:45,1,-0.021428571428571352,0.0,-0.020238095238095277,-0.021428571428571352,6.626575020606503e-05,-0.023809523809523947,0.00010676008471832684,-0.02619047619047632,0.00014022659586246204,-0.02857142857142858,0.0002668283694097054,-0.030952380952380953,0.00018871190150801824,-0.01904761904761909,1.6144421007018967e-05,-0.01666666666666672,5.97584967677037e-05,-0.014285714285714457,9.595223109950198e-05,-0.011904761904761862,6.603183139688536e-05,-0.00952380952380949,3.6018898700956874e-05,1.0,1.0,1.0,1.0,1.0
42,13:12:48,1,-0.021428571428571352,0.0,-0.020238095238095277,-0.021428571428571352,6.626575020606503e-05,-0.023809523809523947,0.00010676008471832684,-0.02619047619047632,0.00014022659586246204,-0.02857142857142858,0.0002668283694097054,-0.030952380952380953,0.00018871190150801824,-0.01904761904761909,1.6144421007018967e-05,-0.01666666666666672,5.97584967677037e-05,-0.014285714285714457,9.595223109950198e-05,-0.011904761904761862,6.603183139688536e-05,-0.00952380952380949,3.6018898700956874e-05,1.0,1.0,1.0,1.0,1.0
42,13:12:51,1,-0.021428571428571352,0.0,-0.020238095238095277,-0.021428571428571352,6.626575020606503e-05,-0.023809523809523947,0.00010676008471832684,-0.02619047619047632,0.00014022659586246204,-0.02857142857142858,0.0002668283694097054,-0.030952380952380953,0.00018871190150801824,-0.01904761904761909,1.6144421007018967e-05,-0.01666666666666672,5.97584967677037e-05,-0.014285714285714457,9.595223109950198e-05,-0.011904761904761862,6.603183139688536e-05,-0.00952380952380949,3.6018898700956874e-05,1.0,1.0,1.0,1.0,1.0
42,13:12:54,1,-0.021428571428571352,0.0,-0.020238095238095277,-0.021428571428571352,6.626575020606503e-05,-0.023809523809523947,0.00010676008471832684,-0.02619047619047632,0.00014022659586246204,-0.02857142857142858,0.0002668283694097054,-0.030952380952380953,0.00018871190150801824,-0.01904761904761909,1.6144421007018967e-05,-0.01666666666666672,5.97584967677037e-05,-0.014285714285714457,9.595223109950198e-05,-0.011904761904761862,6.603183139688536e-05,-0.00952380952380949,3.6018898700956874e-05,1.0,1.0,1.0,1.0,1.0
42,13:12:57,1,-0.021428571428571352,0.0,-0.020238095238095277,-0.021428571428571352,6.626575020606503e-05,-0.023809523809523947,0.00010676008471832684,-0.02619047619047632,0.00014022659586246204,-0.02857142857142858,0.0002668283694097054,-0.030952380952380953,0.00018871190150801824,-0.01904761904761909,1.6144421007018967e-05,-0.01666666666666672,5.97584967677037e-05,-0.014285714285714457,9.595223109950198e-05,-0.011904761904761862,6.603183139688536e-05,-0.00952380952380949,3.6018898700956874e-05,1.0,1.0,1.0,1.0,1.0
42,13:13:00,1,-0.021428571428571352,0.0,-0.020238095238095277,-0.021428571428571352,6.626575020606503e-05,-0.023809523809523947,0.00010676008471832684,-0.02619047619047632,0.00014022659586246204,-0.02857142857142858,0.0002668283694097054,-0.030952380952380953,0.00018871190150801824,-0.01904761904761909,1.6144421007018967e-05,-0.01666666666666672,5.97584967677037e-05,-0.014285714285714457,9.595223109950198e-05,-0.011904761904761862,6.603183139688536e-05,-0.00952380952380949,3.6018898700956874e-05,1.0,1.0,1.0,1.0,1.0
42,13:13:03,1,-0.021428571428571352,0.0,-0.020238095238095277,-0.021428571428571352,6.626575020606503e-05,-0.023809523809523947,0.00010676008471832684,-0.02619047619047632,0.00014022659586246204,-0.02857142857142858,0.0002668283694097054,-0.030952380952380953,0.00018871190150801824,-0.01904761904761909,1.6144421007018967e-05,-0.01666666666666672,5.97584967677037e-05,-0.014285714285714457,9.595223109950198e-05,-0.011904761904761862,6.603183139688536e-05,-0.00952380952380949,3.6018898700956874e-05,1.0,1.0,1.0,1.0,1.0
42,13:13:06,1,-0.021428571428571352,0.0,-0.020238095238095277,-0.021428571428571352,6.626575020606503e-05,-0.023809523809523947,0.00010676008471832684,-0.02619047619047632,0.00014022659586246204,-0.02857142857142858,0.0002668283694097054,-0.030952380952380953,0.00018871190150801824,-0.01904761904761909,1.6144421007018967e-05,-0.01666666666666672,5.97584967677037e-05,-0.014285714285714457,9.595223109950198e-05,-0.011904761904761862,6.603183139688536e-05,-0.00952380952380949,3.6018898700956874e-05,1.0,1.0,1.0,1.0,1.0
42,13:13:09,1,-0.021428571428571352,0.0,-0.020238095238095277,-0.021428571428571352,6.626575020606503e-05,-0.023809523809523947,0.00010676008471832684,-0.02619047619047632,0.00014022659586246204,-0.02857142857142858,0.0002668283694097054,-0.030952380952380953,0.00018871190150801824,-0.01904761904761909,1.6144421007018967e-05,-0.01666666666666672,5.97584967677037e-05,-0.014285714285714457,9.595223109950198e-05,-0.011904761904761862,6.603183139688536e-05,-0.00952380952380949,3.6018898700956874e-05,1.0,1.0,1.0,1.0,1.0
42,13:13:12,1,-0.021428571428571352,0.0,-0.020238095238095277,-0.021428571428571352,6.626575020606503e-05,-0.023809523809523947,0.00010676008471832684,-0.02619047619047632,0.00014022659586246204,-0.02857142857142858,0.0002668283694097054,-0.030952380952380953,0.00018871190150801824,-0.01904761904761909,1.6144421007018967e-05,-0.01666666666666672,5.97584967677037e-05,-0.014285714285714457,9.595223109950198e-05,-0.011904761904761862,6.603183139688536e-05,-0.00952380952380949,3.6018898700956874e-05,1.0,1.0,1.0,1.0,1.0
42,13:13:15,1,-0.021428571428571352,0.0,-0.020238095238095277,-0.021428571428571352,6.626575020606503e-05,-0.023809523809523947,0.00010676008471832684,-0.02619047619047632,0.00014022659586246204,-0.02857142857142858,0.0002668283694097054,-0.030952380952380953,0.00018871190150801824,-0.01904761904761909,1.6144421007018967e-05,-0.01666666666666672,5.97584967677037e-05,-0.014285714285714457,9.595223109950198e-05,-0.011904761904761862,6.603183139688536e-05,-0.00952380952380949,3.6018898700956874e-05,1.0,1.0,1.0,1.0,1.0
42,13:13:18,1,-0.021428571428571352,0.0,-0.020238095238095277,-0.021428571428571352,6.626575020606503e-05,-0.023809523809523947,0.00010676008471832684,-0.02619047619047632,0.00014022659586246204,-0.02857142857142858,0.0002668283694097054,-0.030952380952380953,0.00018871190150801824,-0.01904761904761909,1.6144421007018967e-05,-0.01666666666666672,5.97584967677037e-05,-0.014285714285714457,9.595223109950198e-05,-0.011904761904761862,6.603183139688536e-05,-0.00952380952380949,3.6018898700956874e-05,1.0,1.0,1.0,1.0,1.0
42,13:13:21,1,-0.021428571428571352,0.0,-0.020238095238095277,-0.021428571428571352,6.626575020606503e-05,-0.023809523809523947,0.00010676008471832684,-0.02619047619047632,0.00014022659586246204,-0.02857142857142858,0.0002668283694097054,-0.030952380952380953,0.00018871190150801824,-0.01904761904761909,1.6144421007018967e-05,-0.01666666666666672,5.97584967677037e-05,-0.014285714285714457,9.595223109950198e-05,-0.011904761904761862,6.603183139688536e-05,-0.00952380952380949,3.6018898700956874e-05,1.0,1.0,1.0,1.0,1.0
42,13:13:24,1,-0.021428571428571352,0.0,-0.020238095238095277,-0.021428571428571352,6.626575020606503e-05,-0.023809523809523947,0.00010676008471832684,-0.02619047619047632,0.00014022659586246204,-0.02857142857142858,0.0002668283694097054,-0.030952380952380953,0.00018871190150801824,-0.01904761904761909,1.6144421007018967e-05,-0.01666666666666672,5.97584967677037e-05,-0.014285714285714457,9.595223109950198e-05,-0.011904761904761862,6.603183139688536e-05,-0.00952380952380949,3.6018898700956874e-05,1.0,1.0,1.0,1.0,1.0
42,13:13:27,1,-0.021428571428571352,0.0,-0.020238095238095277,-0.021428571428571352,6.626575020606503e-05,-0.023809523809523947,0.00010676008471832684,-0.02619047619047632,0.00014022659586246204,-0.02857142857142858,0.0002668283694097054,-0.030952380952380953,0.00018871190150801824,-0.01904761904761909,1.6144421007018967e-05,-0.01666666666666672,5.97584967677037e-05,-0.014285714285714457,9.595223109950198e-05,-0.011904761904761862,6.603183139688536e-05,-0.00952380952380949,3.6018898700956874e-05,1.0,1.0,1.0,1.0,1.0
42,13:13:30,1,-0.021428571428571352,0.0,-0.020238095238095277,-0.021428571428571352,6.626575020606503e-05,-0.023809523809523947,0.00010676008471832684,-0.02619047619047632,0.00014022659586246204,-0.02857142857142858,0.0002668283694097054,-0.030952380952380953,0.00018871190150801824,-0.01904761904761909,1.6144421007018967e-05,-0.01666666666666672,5.97584967677037e-05,-0.014285714285714457,9.595223109950198e-05,-0.011904761904761862,6.603183139688536e-05,-0.00952380952380949,3.6018898700956874e-05,1.0,1.0,1.0,1.0,1.0
42,13:13:33,1,-0.021428571428571352,0.0,-0.020238095238095277,-0.021428571428571352,6.626575020606503e-05,-0.023809523809523947,0.00010676008471832684,-0.02619047619047632,0.00014022659586246204,-0.02857142857142858,0.0002668283694097054,-0.030952380952380953,0.00018871190150801824,-0.01904761904761909,1.6144421007018967e-05,-0.01666666666666672,5.97584967677037e-05,-0.014285714285714457,9.595223109950198e-05,-0.011904761904761862,6.603183139688536e-05,-0.00952380952380949,3.6018898700956874e-05,1.0,1.0,1.0,1.0,1.0
42,13:13:36,1,-0.021428571428571352,0.0,-0.020238095238095277,-0.021428571428571352,6.626575020606503e-05,-0.023809523809523947,0.00010676008471832684,-0.02619047619047632,0.00014022659586246204,-0.02857142857142858,0.0002668283694097054,-0.030952380952380953,0.00018871190150801824,-0.01904761904761909,1.6144421007018967e-05,-0.01666666666666672,5.97584967677037e-05,-0.014285714285714457,9.595223109950198e-05,-0.011904761904761862,6.603183139688536e-05,-0.00952380952380949,3.6018898700956874e-05,1.0,1.0,1.0,1.0,1.0
42,13:13:39,1,-0.021428571428571352,0.0,-0.020238095238095277,-0.021428571428571352,6.626575020606503e-05,-0.023809523809523947,0.00010676008471832684,-0.02619047619047632,0.00014022659586246204,-0.02857142857142858,0.0002668283694097054,-0.030952380952380953,0.00018871190150801824,-0.01904761904761909,1.6144421007018967e-05,-0.01666666666666672,5.97584967677037e-05,-0.014285714285714457,9.595223109950198e-05,-0.011904761904761862,6.603183139688536e-05,-0.00952380952380949,3.6018898700956874e-05,1.0,1.0,1.0,1.0,1.0
42,13:13:42,1,-0.021428571428571352,0.0,-0.020238095238095277,-0.021428571428571352,6.626575020606503e-05,-0.023809523809523947,0.00010676008471832684,-0.02619047619047632,0.00014022659586246204,-0.02857142857142858,0.0002668283694097054,-0.030952380952380953,0.00018871190150801824,-0.01904761904761909,1.6144421007018967e-05,-0.01666666666666672,5.97584967677037e-05,-0.014285714285714457,9.595223109950198e-05,-0.011904761904761862,6.603183139688536e-05,-0.00952380952380949,3.6018898700956874e-05,1.0,1.0,1.0,1.0,1.0
42,13:13:45,1,-0.021428571428571352,0.0,-0.020238095238095277,-0.021428571428571352,6.626575020606503e-05,-0.023809523809523947,0.00010676008471832684,-0.02619047619047632,0.00014022659586246204,-0.02857142857142858,0.0002668283694097054,-0.030952380952380953,0.00018871190150801824,-0.01904761904761909,1.6144421007018967e-05,-0.01666666666666672,5.97584967677037e-05,-0.014285714285714457,9.595223109950198e-05,-0.011904761904761862,6.603183139688536e-05,-0.00952380952380949,3.6018898700956874e-05,1.0,1.0,1.0,1.0,1.0
42,13:13:48,1,-0.021428571428571352,0.0,-0.020238095238095277,-0.021428571428571352,6.626575020606503e-05,-0.023809523809523947,0.00010676008471832684,-0.02619047619047632,0.00014022659586246204,-0.02857142857142858,0.0002668283694097054,-0.030952380952380953,0.00018871190150801824,-0.01904761904761909,1.6144421007018967e-05,-0.01666666666666672,5.97584967677037e-05,-0.014285714285714457,9.595223109950198e-05,-0.011904761904761862,6.603183139688536e-05,-0.00952380952380949,3.6018898700956874e-05,1.0,1.0,1.0,1.0,1.0
42,13:13:51,1,-0.021428571428571352,0.0,-0.020238095238095277,-0.021428571428571352,6.626575020606503e-05,-0.023809523809523947,0.00010676008471832684,-0.02619047619047632,0.00014022659586246204,-0.02857142857142858,0.0002668283694097054,-0.030952380952380953,0.00018871190150801824,-0.01904761904761909,1.6144421007018967e-05,-0.01666666666666672,5.97584967677037e-05,-0.014285714285714457,9.595223109950198e-05,-0.011904761904761862,6.603183139688536e-05,-0.00952380952380949,3.6018898700956874e-05,1.0,1.0,1.0,1.0,1.0
42,13:13:54,1,-0.021428571428571352,0.0,-0.020238095238095277,-0.021428571428571352,6.626575020606503e-05,-0.023809523809523947,0.00010676008471832684,-0.02619047619047632,0.00014022659586246204,-0.02857142857142858,0.0002668283694097054,-0.030952380952380953,0.00018871190150801824,-0.01904761904761909,1.6144421007018967e-05,-0.01666666666666672,5.97584967677037e-05,-0.014285714285714457,9.595223109950198e-05,-0.011904761904761862,6.603183139688536e-05,-0.00952380952380949,3.6018898700956874e-05,1.0,1.0,1.0,1.0,1.0
42,13:13:57,1,-0.021428571428571352,0.0,-0.020238095238095277,-0.021428571428571352,6.626575020606503e-05,-0.023809523809523947,0.00010676008471832684,-0.02619047619047632,0.00014022659586246204,-0.02857142857142858,0.0002668283694097054,-0.030952380952380953,0.00018871190150801824,-0.01904761904761909,1.6144421007018967e-05,-0.01666666666666672,5.97584967677037e-05,-0.014285714285714457,9.595223109950198e-05,-0.011904761904761862,6.603183139688536e-05,-0.00952380952380949,3.6018898700956874e-05,1.0,1.0,1.0,1.0,1.0
42,13:14:00,1,-0.021428571428571352,0.0,-0.020238095238095277,-0.021428571428571352,6.626575020606503e-05,-0.023809523809523947,0.00010676008471832684,-0.02619047619047632,0.00014022659586246204,-0.02857142857142858,0.0002668283694097054,-0.030952380952380953,0.00018871190150801824,-0.01904761904761909,1.6144421007018967e-05,-0.01666666666666672,5.97584967677037e-05,-0.014285714285714457,9.595223109950198e-05,-0.011904761904761862,6.603183139688536e-05,-0.00952380952380949,3.6018898700956874e-05,1.0,1.0,1.0,1.0,1.0
42,13:14:03,1,-0.021428571428571352,0.0,-0.020238095238095277,-0.021428571428571352,6.626575020606503e-05,-0.023809523809523947,0.00010676008471832684,-0.02619047619047632,0.00014022659586246204,-0.02857142857142858,0.0002668283694097054,-0.030952380952380953,0.00018871190150801824,-0.01904761904761909,1.6144421007018967e-05,-0.01666666666666672,5.97584967677037e-05,-0.014285714285714457,9.595223109950198e-05,-0.011904761904761862,6.603183139688536e-05,-0.00952380952380949,3.6018898700956874e-05,1.0,1.0,1.0,1.0,1.0
42,13:14:06,1,-0.021428571428571352,0.0,-0.020238095238095277,-0.021428571428571352,6.626575020606503e-05,-0.023809523809523947,0.00010676008471832684,-0.02619047619047632,0.00014022659586246204,-0.02857142857142858,0.0002668283694097054,-0.030952380952380953,0.00018871190150801824,-0.01904761904761909,1.6144421007018967e-05,-0.01666666666666672,5.97584967677037e-05,-0.014285714285714457,9.595223109950198e-05,-0.011904761904761862,6.603183139688536e-05,-0.00952380952380949,3.6018898700956874e-05,1.0,1.0,1.0,1.0,1.0
42,13:14:09,1,-0.021428571428571352,0.0,-0.020238095238095277,-0.021428571428571352,6.626575020606503e-05,-0.023809523809523947,0.00010676008471832684,-0.02619047619047632,0.00014022659586246204,-0.02857142857142858,0.0002668283694097054,-0.030952380952380953,0.00018871190150801824,-0.01904761904761909,1.6144421007018967e-05,-0.01666666666666672,5.97584967677037e-05,-0.014285714285714457,9.595223109950198e-05,-0.011904761904761862,6.603183139688536e-05,-0.00952380952380949,3.6018898700956874e-05,1.0,1.0,1.0,1.0,1.0
42,13:14:12,1,-0.021428571428571352,0.0,-0.020238095238095277,-0.021428571428571352,6.626575020606503e-05,-0.023809523809523947,0.00010676008471832684,-0.02619047619047632,0.00014022659586246204,-0.02857142857142858,0.0002668283694097054,-0.030952380952380953,0.00018871190150801824,-0.01904761904761909,1.6144421007018967e-05,-0.01666666666666672,5.97584967677037e-05,-0.014285714285714457,9.595223109950198e-05,-0.011904761904761862,6.603183139688536e-05,-0.00952380952380949,3.6018898700956874e-05,1.0,1.0,1.0,1.0,1.0
42,13:14:15,1,-0.021428571428571352,0.0,-0.020238095238095277,-0.021428571428571352,6.626575020606503e-05,-0.023809523809523947,0.00010676008471832684,-0.02619047619047632,0.00014022659586246204,-0.02857142857142858,0.0002668283694097054,-0.030952380952380953,0.00018871190150801824,-0.01904761904761909,1.6144421007018967e-05,-0.01666666666666672,5.97584967677037e-05,-0.014285714285714457,9.595223109950198e-05,-0.011904761904761862,6.603183139688536e-05,-0.00952380952380949,3.6018898700956874e-05,1.0,1.0,1.0,1.0,1.0
42,13:14:18,1,-0.021428571428571352,0.0,-0.020238095238095277,-0.021428571428571352,6.626575020606503e-05,-0.023809523809523947,0.00010676008471832684,-0.02619047619047632,0.00014022659586246204,-0.02857142857142858,0.0002668283694097054,-0.030952380952380953,0.00018871190150801824,-0.01904761904761909,1.6144421007018967e-05,-0.01666666666666672,5.97584967677037e-05,-0.014285714285714457,9.595223109950198e-05,-0.011904761904761862,6.603183139688536e-05,-0.00952380952380949,3.6018898700956874e-05,1.0,1.0,1.0,1.0,1.0
42,13:14:21,1,-0.021428571428571352,0.0,-0.020238095238095277,-0.021428571428571352,6.626575020606503e-05,-0.023809523809523947,0.00010676008471832684,-0.02619047619047632,0.00014022659586246204,-0.02857142857142858,0.0002668283694097054,-0.030952380952380953,0.00018871190150801824,-0.01904761904761909,1.6144421007018967e-05,-0.01666666666666672,5.97584967677037e-05,-0.014285714285714457,9.595223109950198e-05,-0.011904761904761862,6.603183139688536e-05,-0.00952380952380949,3.6018898700956874e-05,1.0,1.0,1.0,1.0,1.0
42,13:14:24,1,-0.021428571428571352,0.0,-0.020238095238095277,-0.021428571428571352,6.626575020606503e-05,-0.023809523809523947,0.00010676008471832684,-0.02619047619047632,0.00014022659586246204,-0.02857142857142858,0.0002668283694097054,-0.030952380952380953,0.00018871190150801824,-0.01904761904761909,1.6144421007018967e-05,-0.01666666666666672,5.97584967677037e-05,-0.014285714285714457,9.595223109950198e-05,-0.011904761904761862,6.603183139688536e-05,-0.00952380952380949,3.6018898700956874e-05,1.0,1.0,1.0,1.0,1.0
42,13:14:27,1,-0.021428571428571352,0.0,-0.020238095238095277,-0.021428571428571352,6.626575020606503e-05,-0.023809523809523947,0.00010676008471832684,-0.02619047619047632,0.00014022659586246204,-0.02857142857142858,0.0002668283694097054,-0.030952380952380953,0.00018871190150801824,-0.01904761904761909,1.6144421007018967e-05,-0.01666666666666672,5.97584967677037e-05,-0.014285714285714457,9.595223109950198e-05,-0.011904761904761862,6.603183139688536e-05,-0.00952380952380949,3.6018898700956874e-05,1.0,1.0,1.0,1.0,1.0
42,13:14:30,1,-0.021428571428571352,0.0,-0.020238095238095277,-0.021428571428571352,6.626575020606503e-05,-0.023809523809523947,0.00010676008471832684,-0.02619047619047632,0.00014022659586246204,-0.02857142857142858,0.0002668283694097054,-0.030952380952380953,0.00018871190150801824,-0.01904761904761909,1.6144421007018967e-05,-0.01666666666666672,5.97584967677037e-05,-0.014285714285714457,9.595223109950198e-05,-0.011904761904761862,6.603183139688536e-05,-0.00952380952380949,3.6018898700956874e-05,1.0,1.0,1.0,1.0,1.0
42,13:14:33,1,-0.021428571428571352,0.0,-0.020238095238095277,-0.021428571428571352,6.626575020606503e-05,-0.023809523809523947,0.00010676008471832684,-0.02619047619047632,0.00014022659586246204,-0.02857142857142858,0.0002668283694097054,-0.030952380952380953,0.00018871190150801824,-0.01904761904761909,1.6144421007018967e-05,-0.01666666666666672,5.97584967677037e-05,-0.014285714285714457,9.595223109950198e-05,-0.011904761904761862,6.603183139688536e-05,-0.00952380952380949,3.6018898700956874e-05,1.0,1.0,1.0,1.0,1.0
42,13:14:36,1,-0.021428571428571352,0.0,-0.020238095238095277,-0.021428571428571352,6.626575020606503e-05,-0.023809523809523947,0.00010676008471832684,-0.02619047619047632,0.00014022659586246204,-0.02857142857142858,0.0002668283694097054,-0.030952380952380953,0.00018871190150801824,-0.01904761904761909,1.6144421007018967e-05,-0.01666666666666672,5.97584967677037e-05,-0.014285714285714457,9.595223109950198e-05,-0.011904761904761862,6.603183139688536e-05,-0.00952380952380949,3.6018898700956874e-05,1.0,1.0,1.0,1.0,1.0
42,13:14:39,1,-0.021428571428571352,0.0,-0.020238095238095277,-0.021428571428571352,6.626575020606503e-05,-0.023809523809523947,0.00010676008471832684,-0.02619047619047632,0.00014022659586246204,-0.02857142857142858,0.0002668283694097054,-0.030952380952380953,0.00018871190150801824,-0.01904761904761909,1.6144421007018967e-05,-0.01666666666666672,5.97584967677037e-05,-0.014285714285714457,9.595223109950198e-05,-0.011904761904761862,6.603183139688536e-05,-0.00952380952380949,3.6018898700956874e-05,1.0,1.0,1.0,1.0,1.0
42,13:14:42,1,-0.021428571428571352,0.0,-0.020238095238095277,-0.021428571428571352,6.626575020606503e-05,-0.023809523809523947,0.00010676008471832684,-0.02619047619047632,0.00014022659586246204,-0.02857142857142858,0.0002668283694097054,-0.030952380952380953,0.00018871190150801824,-0.01904761904761909,1.6144421007018967e-05,-0.01666666666666672,5.97584967677037e-05,-0.014285714285714457,9.595223109950198e-05,-0.011904761904761862,6.603183139688536e-05,-0.00952380952380949,3.6018898700956874e-05,1.0,1.0,1.0,1.0,1.0
42,13:14:45,1,-0.021428571428571352,0.0,-0.020238095238095277,-0.021428571428571352,6.626575020606503e-05,-0.023809523809523947,0.00010676008471832684,-0.02619047619047632,0.00014022659586246204,-0.02857142857142858,0.0002668283694097054,-0.030952380952380953,0.00018871190150801824,-0.01904761904761909,1.6144421007018967e-05,-0.01666666666666672,5.97584967677037e-05,-0.014285714285714457,9.595223109950198e-05,-0.011904761904761862,6.603183139688536e-05,-0.00952380952380949,3.6018898700956874e-05,1.0,1.0,1.0,1.0,1.0
42,13:14:48,1,-0.021428571428571352,0.0,-0.020238095238095277,-0.021428571428571352,6.626575020606503e-05,-0.023809523809523947,0.00010676008471832684,-0.02619047619047632,0.00014022659586246204,-0.02857142857142858,0.0002668283694097054,-0.030952380952380953,0.00018871190150801824,-0.01904761904761909,1.6144421007018967e-05,-0.01666666666666672,5.97584967677037e-05,-0.014285714285714457,9.595223109950198e-05,-0.011904761904761862,6.603183139688536e-05,-0.00952380952380949,3.6018898700956874e-05,1.0,1.0,1.0,1.0,1.0
42,13:14:51,1,-0.021428571428571352,0.0,-0.020238095238095277,-0.021428571428571352,6.626575020606503e-05,-0.023809523809523947,0.00010676008471832684,-0.02619047619047632,0.00014022659586246204,-0.02857142857142858,0.0002668283694097054,-0.030952380952380953,0.00018871190150801824,-0.01904761904761909,1.6144421007018967e-05,-0.01666666666666672,5.97584967677037e-05,-0.014285714285714457,9.595223109950198e-05,-0.011904761904761862,6.603183139688536e-05,-0.00952380952380949,3.6018898700956874e-05,1.0,1.0,1.0,1.0,1.0
42,13:14:54,1,-0.021428571428571352,0.0,-0.020238095238095277,-0.021428571428571352,6.626575020606503e-05,-0.023809523809523947,0.00010676008471832684,-0.02619047619047632,0.00014022659586246204,-0.02857142857142858,0.0002668283694097054,-0.030952380952380953,0.00018871190150801824,-0.01904761904761909,1.6144421007018967e-05,-0.01666666666666672,5.97584967677037e-05,-0.014285714285714457,9.595223109950198e-05,-0.011904761904761862,6.603183139688536e-05,-0.00952380952380949,3.6018898700956874e-05,1.0,1.0,1.0,1.0,1.0
42,13:14:57,1,-0.021428571428571352,0.0,-0.020238095238095277,-0.021428571428571352,6.626575020606503e-05,-0.023809523809523947,0.00010676008471832684,-0.02619047619047632,0.00014022659586246204,-0.02857142857142858,0.0002668283694097054,-0.030952380952380953,0.00018871190150801824,-0.01904761904761909,1.6144421007018967e-05,-0.01666666666666672,5.97584967677037e-05,-0.014285714285714457,9.595223109950198e-05,-0.011904761904761862,6.603183139688536e-05,-0.00952380952380949,3.6018898700956874e-05,1.0,1.0,1.0,1.0,1.0
42,13:15:00,1,-0.021428571428571352,0.0,-0.020238095238095277,-0.021428571428571352,6.626575020606503e-05,-0.023809523809523947,0.00010676008471832684,-0.02619047619047632,0.00014022659586246204,-0.02857142857142858,0.0002668283694097054,-0.030952380952380953,0.00018871190150801824,-0.01904761904761909,1.6144421007018967e-05,-0.01666666666666672,5.97584967677037e-05,-0.014285714285714457,9.595223109950198e-05,-0.011904761904761862,6.603183139688536e-05,-0.00952380952380949,3.6018898700956874e-05,1.0,1.0,1.0,1.0,1.0
42,13:15:03,1,-0.021428571428571352,0.0,-0.020238095238095277,-0.021428571428571352,6.626575020606503e-05,-0.023809523809523947,0.00010676008471832684,-0.02619047619047632,0.00014022659586246204,-0.02857142857142858,0.0002668283694097054,-0.030952380952380953,0.00018871190150801824,-0.01904761904761909,1.6144421007018967e-05,-0.01666666666666672,5.97584967677037e-05,-0.014285714285714457,9.595223109950198e-05,-0.011904761904761862,6.603183139688536e-05,-0.00952380952380949,3.6018898700956874e-05,1.0,1.0,1.0,1.0,1.0
42,13:15:06,1,-0.021428571428571352,0.0,-0.020238095238095277,-0.021428571428571352,6.626575020606503e-05,-0.023809523809523947,0.00010676008471832684,-0.02619047619047632,0.00014022659586246204,-0.02857142857142858,0.0002668283694097054,-0.030952380952380953,0.00018871190150801824,-0.01904761904761909,1.6144421007018967e-05,-0.01666666666666672,5.97584967677037e-05,-0.014285714285714457,9.595223109950198e-05,-0.011904761904761862,6.603183139688536e-05,-0.00952380952380949,3.6018898700956874e-05,1.0,1.0,1.0,1.0,1.0
42,13:15:09,1,-0.021428571428571352,0.0,-0.020238095238095277,-0.021428571428571352,6.626575020606503e-05,-0.023809523809523947,0.00010676008471832684,-0.02619047619047632,0.00014022659586246204,-0.02857142857142858,0.0002668283694097054,-0.030952380952380953,0.00018871190150801824,-0.01904761904761909,1.6144421007018967e-05,-0.01666666666666672,5.97584967677037e-05,-0.014285714285714457,9.595223109950198e-05,-0.011904761904761862,6.603183139688536e-05,-0.00952380952380949,3.6018898700956874e-05,1.0,1.0,1.0,1.0,1.0
42,13:15:12,1,-0.021428571428571352,0.0,-0.020238095238095277,-0.021428571428571352,6.626575020606503e-05,-0.023809523809523947,0.00010676008471832684,-0.02619047619047632,0.00014022659586246204,-0.02857142857142858,0.0002668283694097054,-0.030952380952380953,0.00018871190150801824,-0.01904761904761909,1.6144421007018967e-05,-0.01666666666666672,5.97584967677037e-05,-0.014285714285714457,9.595223109950198e-05,-0.011904761904761862,6.603183139688536e-05,-0.00952380952380949,3.6018898700956874e-05,1.0,1.0,1.0,1.0,1.0
42,13:15:15,1,-0.021428571428571352,0.0,-0.020238095238095277,-0.021428571428571352,6.626575020606503e-05,-0.023809523809523947,0.00010676008471832684,-0.02619047619047632,0.00014022659586246204,-0.02857142857142858,0.0002668283694097054,-0.030952380952380953,0.00018871190150801824,-0.01904761904761909,1.6144421007018967e-05,-0.01666666666666672,5.97584967677037e-05,-0.014285714285714457,9.595223109950198e-05,-0.011904761904761862,6.603183139688536e-05,-0.00952380952380949,3.6018898700956874e-05,1.0,1.0,1.0,1.0,1.0
42,13:15:18,1,-0.021428571428571352,0.0,-0.020238095238095277,-0.021428571428571352,6.626575020606503e-05,-0.023809523809523947,0.00010676008471832684,-0.02619047619047632,0.00014022659586246204,-0.02857142857142858,0.0002668283694097054,-0.030952380952380953,0.00018871190150801824,-0.01904761904761909,1.6144421007018967e-05,-0.01666666666666672,5.97584967677037e-05,-0.014285714285714457,9.595223109950198e-05,-0.011904761904761862,6.603183139688536e-05,-0.00952380952380949,3.6018898700956874e-05,1.0,1.0,1.0,1.0,1.0
42,13:15:21,1,-0.021428571428571352,0.0,-0.020238095238095277,-0.021428571428571352,6.626575020606503e-05,-0.023809523809523947,0.00010676008471832684,-0.02619047619047632,0.00014022659586246204,-0.02857142857142858,0.0002668283694097054,-0.030952380952380953,0.00018871190150801824,-0.01904761904761909,1.6144421007018967e-05,-0.01666666666666672,5.97584967677037e-05,-0.014285714285714457,9.595223109950198e-05,-0.011904761904761862,6.603183139688536e-05,-0.00952380952380949,3.6018898700956874e-05,1.0,1.0,1.0,1.0,1.0
42,13:15:24,1,-0.01904761904761909,97443697.0,-0.020238095238095277,-0.021428571428571352,0.00011868606449763959,-0.023809523809523947,0.00015985735544575465,-0.02619047619047632,0.0001552991284686946,-0.02857142857142858,0.0003081319940330382,-0.030952380952380953,0.00020446262623914516,-0.01904761904761909,4.193296392567119e-05,-0.01666666666666672,5.953331399267522e-05,-0.014285714285714457,7.506851156546705e-05,-0.011904761904761862,8.805752876359727e-05,-0.00952380952380949,3.869143546431174e-05,1.0,1.0,1.0,1.0,1.0
42,13:15:27,1,-0.021428571428571352,636699.0,-0.020238095238095277,-0.021428571428571352,0.00011763716566040892,-0.023809523809523947,0.00015982574479586552,-0.02619047619047632,0.0001552991284686946,-0.02857142857142858,0.00030821820489637224,-0.030952380952380953,0.00020447412102092303,-0.01904761904761909,4.025759948154658e-05,-0.01666666666666672,5.95620509471199e-05,-0.014285714285714457,7.506851156546705e-05,-0.011904761904761862,8.808626571804194e-05,-0.00952380952380949,3.859372981919984e-05,1.0,1.0,1.0,1.0,1.0
42,13:15:30,1,-0.021428571428571352,1225809.0,-0.020238095238095277,-0.021428571428571352,0.00011338984379348582,-0.023809523809523947,0.0001600297771724227,-0.02619047619047632,0.00015524165455980523,-0.02857142857142858,0.00030548532052868354,-0.030952380952380953,0.00020447412102092303,-0.01904761904761909,3.8947194358869356e-05,-0.01666666666666672,5.949595595189714e-05,-0.014285714285714457,7.506851156546705e-05,-0.011904761904761862,8.814373962693129e-05,-0.00952380952380949,3.859372981919984e-05,1.0,1.0,1.0,1.0,1.0
42,13:15:33,1,-0.021428571428571352,2313430.0,-0.020238095238095277,-0.021428571428571352,9.925700959759417e-05,-0.023809523809523947,0.00016025105172164672,-0.02619047619047632,0.00015501750631513676,-0.02857142857142858,0.0003052036983751257,-0.030952380952380953,0.00020447412102092303,-0.01904761904761909,3.8375328965420304e-05,-0.01666666666666672,5.982068353712198e-05,-0.014285714285714457,7.506851156546705e-05,-0.011904761904761862,7.901975659074667e-05,-0.00952380952380949,3.859372981919984e-05,1.0,1.0,1.0,1.0,1.0
42,13:15:36,1,-0.01904761904761909,173005.0,-0.020238095238095277,-0.021428571428571352,0.00010077719448771753,-0.023809523809523947,0.0001614493827219897,-0.02619047619047632,0.00015533936020491713,-0.02857142857142858,0.0003051634666389032,-0.030952380952380953,0.00020448848949814537,-0.01904761904761909,3.758218902274725e-05,-0.01666666666666672,5.982068353712198e-05,-0.014285714285714457,7.506851156546705e-05,-0.011904761904761862,7.901975659074667e-05,-0.00952380952380949,3.859372981919984e-05,1.0,1.0,1.0,1.0,1.0
42,13:15:39,1,-0.01904761904761909,116827.0,-0.020238095238095277,-0.021428571428571352,0.00010172264028894736,-0.023809523809523947,0.0001613947825085448,-0.02619047619047632,0.00015565834039925303,-0.02857142857142858,0.0003052640459794595,-0.030952380952380953,0.00020448274210725642,-0.01904761904761909,4.011104101387873e-05,-0.01666666666666672,5.986091527334453e-05,-0.014285714285714457,7.506851156546705e-05,-0.011904761904761862,7.904849354519135e-05,-0.00952380952380949,3.971159734709774e-05,1.0,1.0,1.0,1.0,2.0
42,13:15:42,1,-0.01904761904761909,1124657.0,-0.020238095238095277,-0.021428571428571352,9.954725283748539e-05,-0.023809523809523947,0.00016182583682521496,-0.02619047619047632,0.00015720151485293214,-0.02857142857142858,0.0003059853435360209,-0.030952380952380953,0.00020448274210725642,-0.01904761904761909,3.567118155217629e-05,-0.01666666666666672,5.997586309112323e-05,-0.014285714285714457,7.779852223771128e-05,-0.011904761904761862,7.93358630896381e-05,-0.00952380952380949,3.971159734709774e-05,1.0,1.0,1.0,1.0,2.0
42,13:15:45,1,-0.021428571428571352,71599.0,-0.020238095238095277,-0.021428571428571352,0.00010044384581615929,-0.023809523809523947,0.0001623086176598855,-0.02619047619047632,0.00015779636980993694,-0.02857142857142858,0.0003062296076488007,-0.030952380952380953,0.0002056810731075994,-0.01904761904761909,3.551025460728611e-05,-0.01666666666666672,6.040691740779337e-05,-0.014285714285714457,7.779852223771128e-05,-0.011904761904761862,7.936460004408278e-05,-0.00952380952380949,3.971159734709774e-05,1.0,1.0,1.0,1.0,2.0
42,13:15:48,1,-0.01904761904761909,85047.0,-0.020238095238095277,-0.021428571428571352,9.986959525549133e-05,-0.023809523809523947,0.00016249828155922037,-0.02619047619047632,0.0001578969491504933,-0.02857142857142858,0.000306465250675247,-0.030952380952380953,0.00020565233615315473,-0.01904761904761909,4.4918733492473024e-05,-0.01666666666666672,6.036093828068189e-05,-0.014285714285714457,7.778128006504447e-05,-0.011904761904761862,7.968070654297422e-05,-0.00952380952380949,3.971159734709774e-05,1.0,1.0,1.0,1.0,2.0
42,13:15:51,1,-0.021428571428571352,2405015.0,-0.020238095238095277,-0.021428571428571352,8.540628608348591e-05,-0.023809523809523947,0.00016262472415877694,-0.02619047619047632,0.0001579228124094935,-0.02857142857142858,0.00030649398762969165,-0.030952380952380953,0.0002057615365800445,-0.01904761904761909,4.420030963135613e-05,-0.01666666666666672,5.984367310067772e-05,-0.014285714285714457,7.778128006504447e-05,-0.011904761904761862,7.968070654297422e-05,-0.00952380952380949,3.971159734709774e-05,1.0,1.0,1.0,1.0,2.0
42,13:15:54,1,-0.021428571428571352,750608.0,-0.020238095238095277,-0.021428571428571352,8.420508138769844e-05,-0.023809523809523947,0.00016322532650667068,-0.02619047619047632,0.00015818144499949558,-0.02857142857142858,0.000306508356106914,-0.030952380952380953,0.00020574716810282216,-0.01904761904761909,4.461699547080393e-05,-0.01666666666666672,6.560543246683526e-05,-0.014285714285714457,7.778128006504447e-05,-0.011904761904761862,7.979278066530845e-05,-0.00952380952380949,3.98121766876541e-05,1.0,1.0,1.0,1.0,2.0
42,13:15:57,1,-0.021428571428571352,617973.0,-0.020238095238095277,-0.021428571428571352,8.366482664413853e-05,-0.023809523809523947,0.00016334027432444938,-0.02619047619047632,0.00015840846693960853,-0.02857142857142858,0.00030685894695113905,-0.030952380952380953,0.00020574716810282216,-0.01904761904761909,4.234102867878559e-05,-0.01666666666666672,6.559106398961291e-05,-0.014285714285714457,7.77956485422668e-05,-0.011904761904761862,7.979278066530845e-05,-0.00952380952380949,3.98121766876541e-05,1.0,1.0,1.0,1.0,2.0
42,13:16:00,1,-0.021428571428571352,1326626.0,-0.020238095238095277,-0.021428571428571352,7.843470093520751e-05,-0.023809523809523947,0.00016376558125023058,-0.02619047619047632,0.00015903780624194693,-0.02857142857142858,0.000306821588910361,-0.030952380952380953,0.0002057615365800445,-0.01904761904761909,3.9573659965763295e-05,-0.01666666666666672,6.567440115750248e-05,-0.014285714285714457,7.77956485422668e-05,-0.011904761904761862,7.986462305142014e-05,-0.00952380952380949,3.9838039946654315e-05,1.0,1.0,1.0,1.0,2.0
42,13:16:03,1,-0.01904761904761909,362186.0,-0.020238095238095277,-0.021428571428571352,7.682543148630565e-05,-0.023809523809523947,0.00016351844344200637,-0.02619047619047632,0.00015902056406928014,-0.02857142857142858,0.0003068273363012499,-0.030952380952380953,0.00020246253420979572,-0.01904761904761909,4.034381034488061e-05,-0.01666666666666672,6.567440115750248e-05,-0.014285714285714457,7.77956485422668e-05,-0.011904761904761862,7.986462305142014e-05,-0.00952380952380949,3.9872524291987924e-05,1.0,1.0,1.0,1.0,2.0
42,13:16:06,1,-0.021428571428571352,125531.0,-0.020238095238095277,-0.021428571428571352,7.709555885808562e-05,-0.023809523809523947,0.00016405582449012182,-0.02619047619047632,0.0001590493010237248,-0.02857142857142858,0.0003068273363012499,-0.030952380952380953,0.0002038993819320295,-0.01904761904761909,4.069727488455013e-05,-0.01666666666666672,6.568014854839141e-05,-0.014285714285714457,7.74508050889307e-05,-0.011904761904761862,7.986462305142014e-05,-0.00952380952380949,3.9872524291987924e-05,1.0,1.0,1.0,1.0,2.0
42,13:16:09,1,-0.01904761904761909,201811.0,-0.020238095238095277,-0.021428571428571352,7.593458589852071e-05,-0.023809523809523947,0.0001650673652865744,-0.02619047619047632,0.0001591125223235031,-0.02857142857142858,0.00030692791564180627,-0.030952380952380953,0.00020447412102092303,-0.01904761904761909,4.111108702855346e-05,-0.01666666666666672,6.568014854839141e-05,-0.014285714285714457,7.74508050889307e-05,-0.011904761904761862,7.987899152864249e-05,-0.00952380952380949,4.072313814355033e-05,1.0,1.0,1.0,1.0,2.0
42,13:16:12,1,-0.01904761904761909,1188644.0,-0.020238095238095277,-0.021428571428571352,6.823020841190307e-05,-0.023809523809523947,0.00016507023898201887,-0.02619047619047632,0.0001588998688606125,-0.02857142857142858,0.0003069336630326952,-0.030952380952380953,0.00020447412102092303,-0.01904761904761909,4.11340765921092e-05,-0.01666666666666672,6.568014854839141e-05,-0.014285714285714457,7.716343554448394e-05,-0.011904761904761862,7.987899152864249e-05,-0.00952380952380949,4.0680032711883316e-05,1.0,1.0,1.0,1.0,2.0
42,13:16:15,1,-0.021428571428571352,84794.0,-0.020238095238095277,-0.021428571428571352,7.104068255659238e-05,-0.023809523809523947,0.0001652455344041314,-0.02619047619047632,0.0001591297644961699,-0.02857142857142858,0.00030700263172336244,-0.030952380952380953,0.00020449998427992324,-0.01904761904761909,4.08237174841067e-05,-0.01666666666666672,6.605085526072774e-05,-0.014285714285714457,7.715481445815053e-05,-0.011904761904761862,7.987899152864249e-05,-0.00952380952380949,4.0680032711883316e-05,1.0,1.0,1.0,1.0,2.0
42,13:16:18,1,-0.021428571428571352,250545.0,-0.020238095238095277,-0.021428571428571352,7.085101865725752e-05,-0.023809523809523947,0.0001657311889342464,-0.02619047619047632,0.00015956656620372899,-0.02857142857142858,0.00030826131032803925,-0.030952380952380953,0.0002049454070738157,-0.01904761904761909,4.049611620343739e-05,-0.01666666666666672,6.663134174051019e-05,-0.014285714285714457,7.719791988981754e-05,-0.011904761904761862,7.987899152864249e-05,-0.00952380952380949,4.0680032711883316e-05,1.0,1.0,1.0,1.0,2.0
42,13:16:21,1,-0.021428571428571352,609092.0,-0.020238095238095277,-0.021428571428571352,7.026478478658613e-05,-0.023809523809523947,0.00016582602088391384,-0.02619047619047632,0.00015968151402150768,-0.02857142857142858,0.0003082814261961505,-0.030952380952380953,0.0002050258705462608,-0.01904761904761909,3.780346357197125e-05,-0.01666666666666672,6.750635326639613e-05,-0.014285714285714457,7.748528943426431e-05,-0.011904761904761862,7.987899152864249e-05,-0.00952380952380949,4.0976023342663484e-05,1.0,1.0,1.0,1.0,2.0
42,13:16:24,1,-0.021428571428571352,549543.0,-0.020238095238095277,-0.021428571428571352,6.695141393911499e-05,-0.023809523809523947,0.00016598982152424852,-0.02619047619047632,0.00016131664672940974,-0.02857142857142858,0.00030824981554626135,-0.030952380952380953,0.0002050258705462608,-0.01904761904761909,5.717504456312733e-05,-0.01666666666666672,6.750635326639613e-05,-0.014285714285714457,7.749965791148664e-05,-0.011904761904761862,7.992209696030949e-05,-0.00952380952380949,4.0976023342663484e-05,1.0,1.0,1.0,1.0,2.0
42,13:16:27,1,-0.01904761904761909,173218.0,-0.020238095238095277,-0.021428571428571352,6.83250403615705e-05,-0.023809523809523947,0.00016609040086480487,-0.02619047619047632,0.0001617994275640803,-0.02857142857142858,0.00030834177380048436,-0.030952380952380953,0.00020505460750070548,-0.01904761904761909,5.70715915271265e-05,-0.01666666666666672,6.75264691345074e-05,-0.014285714285714457,7.760885833837641e-05,-0.011904761904761862,7.992209696030949e-05,-0.00952380952380949,4.1090971160442186e-05,1.0,1.0,1.0,1.0,2.0
42,13:16:30,1,-0.01904761904761909,149309.0,-0.020238095238095277,-0.021428571428571352,6.884230554157467e-05,-0.023809523809523947,0.00016909053890882904,-0.02619047619047632,0.0001625552094659753,-0.02857142857142858,0.0003090601976616012,-0.030952380952380953,0.00020504886010981653,-0.01904761904761909,5.918375767881018e-05,-0.01666666666666672,6.775636477006481e-05,-0.014285714285714457,7.760885833837641e-05,-0.011904761904761862,7.991634956942056e-05,-0.00952380952380949,4.1090971160442186e-05,1.0,1.0,1.0,1.0,2.0
42,13:16:33,1,-0.021428571428571352,206289.0,-0.020238095238095277,-0.021428571428571352,7.053643521695165e-05,-0.023809523809523947,0.00016958194082983301,-0.02619047619047632,0.0001626672835883095,-0.02857142857142858,0.00030906594505249017,-0.030952380952380953,0.00020519254488203992,-0.01904761904761909,5.940503222803419e-05,-0.01666666666666672,4.891354374069077e-05,-0.014285714285714457,7.760885833837641e-05,-0.011904761904761862,7.991634956942056e-05,-0.00952380952380949,4.1090971160442186e-05,1.0,1.0,1.0,1.0,2.0
42,13:16:36,1,-0.01904761904761909,563707.0,-0.020238095238095277,-0.021428571428571352,6.956799985216607e-05,-0.023809523809523947,0.00016974574147016766,-0.02619047619047632,0.0001638225091569855,-0.02857142857142858,0.0003092469878654916,-0.030952380952380953,0.00020509771293237248,-0.01904761904761909,5.999126609870558e-05,-0.01666666666666672,4.891354374069077e-05,-0.014285714285714457,7.760885833837641e-05,-0.011904761904761862,7.991634956942056e-05,-0.00952380952380949,4.1105339637664523e-05,1.0,1.0,1.0,1.0,2.0
42,13:16:39,1,-0.01904761904761909,157795.0,-0.020238095238095277,-0.021428571428571352,7.118589038740133e-05,-0.023809523809523947,0.00016961929887061107,-0.02619047619047632,0.00016388285676131932,-0.02857142857142858,0.00030927859851538077,-0.030952380952380953,0.00020509771293237248,-0.01904761904761909,6.019242477981831e-05,-0.01666666666666672,4.8631921587132944e-05,-0.014285714285714457,7.760885833837641e-05,-0.011904761904761862,7.997382347830992e-05,-0.00952380952380949,4.1105339637664523e-05,1.0,1.0,1.0,2.0,2.0
42,13:16:42,1,-0.021428571428571352,269330.0,-0.020238095238095277,-0.021428571428571352,7.020883393628235e-05,-0.023809523809523947,0.00017013943774605973,-0.02619047619047632,0.00016359548721687255,-0.02857142857142858,0.0002805157808117046,-0.030952380952380953,0.00020509771293237248,-0.01904761904761909,3.947308062520693e-05,-0.01666666666666672,4.866065854157762e-05,-0.014285714285714457,7.760885833837641e-05,-0.011904761904761862,8.029855106353475e-05,-0.00952380952380949,4.124615071444343e-05,1.0,1.0,1.0,2.0,2.0
42,13:16:45,1,-0.021428571428571352,195502.0,-0.020238095238095277,-0.021428571428571352,7.675511215877953e-05,-0.023809523809523947,0.0001707170505303977,-0.02619047619047632,0.00016331099136787026,-0.02857142857142858,0.0002820014813564943,-0.030952380952380953,0.00020481034338792572,-0.01904761904761909,3.8004622253083984e-05,-0.01666666666666672,4.83962785606866e-05,-0.014285714285714457,7.760885833837641e-05,-0.011904761904761862,8.028705628175688e-05,-0.00952380952380949,4.133236157777746e-05,1.0,1.0,1.0,2.0,2.0
42,13:16:48,1,-0.021428571428571352,262375.0,-0.020238095238095277,-0.021428571428571352,8.176683701393103e-05,-0.023809523809523947,0.0001709469461659551,-0.02619047619047632,0.0001633857074494264,-0.02857142857142858,0.000282030218310939,-0.030952380952380953,0.00020481034338792572,-0.01904761904761909,3.840406591986498e-05,-0.01666666666666672,4.83962785606866e-05,-0.014285714285714457,7.760885833837641e-05,-0.011904761904761862,8.028705628175688e-05,-0.00952380952380949,4.133236157777746e-05,1.0,1.0,1.0,2.0,2.0
42,13:16:51,1,-0.01904761904761909,223668.0,-0.020238095238095277,-0.021428571428571352,8.113175032070369e-05,-0.023809523809523947,0.00017150444308218181,-0.02619047619047632,0.00016228220839875087,-0.02857142857142858,0.0002822256296011628,-0.030952380952380953,0.00020481034338792572,-0.01904761904761909,4.121454006455429e-05,-0.01666666666666672,4.83962785606866e-05,-0.014285714285714457,7.780139593315574e-05,-0.011904761904761862,8.029567736809028e-05,-0.00952380952380949,4.161973112222422e-05,1.0,1.0,1.0,2.0,2.0
42,13:16:54,1,-0.01904761904761909,247980.0,-0.020238095238095277,-0.021428571428571352,8.278699889671703e-05,-0.023809523809523947,0.00017138949526440312,-0.02619047619047632,0.00016258394642041995,-0.02857142857142858,0.0002822831035100522,-0.030952380952380953,0.00020476436426081424,-0.01904761904761909,3.914547934453762e-05,-0.01666666666666672,4.868364810513336e-05,-0.014285714285714457,7.780714332404467e-05,-0.011904761904761862,8.060603647609278e-05,-0.00952380952380949,4.161973112222422e-05,1.0,1.0,1.0,2.0,2.0
42,13:16:57,1,-0.01904761904761909,235165.0,-0.020238095238095277,-0.021428571428571352,8.189327961348759e-05,-0.023809523809523947,0.0001715331800366265,-0.02619047619047632,0.0001625264725115306,-0.02857142857142858,0.0002820819448289394,-0.030952380952380953,0.00020478160643348106,-0.01904761904761909,5.016897506951533e-05,-0.01666666666666672,4.8939406999690975e-05,-0.014285714285714457,7.780714332404467e-05,-0.011904761904761862,8.061178386698172e-05,-0.00952380952380949,4.1590994167779547e-05,1.0,1.0,1.0,2.0,2.0
42,13:17:00,1,-0.021428571428571352,245025.0,-0.020238095238095277,-0.021428571428571352,8.125531922481579e-05,-0.023809523809523947,0.00017223148802963213,-0.02619047619047632,0.00016255808316141974,-0.02857142857142858,0.0002821135554788286,-0.030952380952380953,0.0002056896941939328,-0.01904761904761909,5.0832798717187343e-05,-0.01666666666666672,4.9514146088584495e-05,-0.014285714285714457,7.780714332404467e-05,-0.011904761904761862,8.062615234420406e-05,-0.00952380952380949,4.1590994167779547e-05,1.0,1.0,1.0,2.0,2.0
42,13:17:03,1,-0.01904761904761909,163761.0,-0.020238095238095277,-0.021428571428571352,8.23904289253805e-05,-0.023809523809523947,0.0001738637470420897,-0.02619047619047632,0.00016255808316141974,-0.02857142857142858,0.000254356531180716,-0.030952380952380953,0.0002057442944073777,-0.01904761904761909,5.070060872674183e-05,-0.01666666666666672,4.9525640870362364e-05,-0.014285714285714457,7.787898571015636e-05,-0.011904761904761862,8.062615234420406e-05,-0.00952380952380949,4.222320716556242e-05,1.0,1.0,1.0,2.0,2.0
42,13:17:06,1,-0.021428571428571352,307017.0,-0.020238095238095277,-0.021428571428571352,8.184155309548718e-05,-0.023809523809523947,0.0001763839779468878,-0.02619047619047632,0.00016251210403430826,-0.02857142857142858,0.00025443412095771666,-0.030952380952380953,0.00020577303136182237,-0.01904761904761909,5.196216102686311e-05,-0.01666666666666672,4.9525640870362364e-05,-0.014285714285714457,7.804278635049102e-05,-0.011904761904761862,8.057155213075917e-05,-0.00952380952380949,4.233815498334112e-05,1.0,1.0,1.0,2.0,2.0
42,13:17:09,1,-0.01904761904761909,2820464.0,-0.020238095238095277,-0.021428571428571352,6.295275293900166e-05,-0.023809523809523947,0.00017638972533777673,-0.02619047619047632,0.0001631730539865358,-0.02857142857142858,0.00025467263767960747,-0.030952380952380953,0.00020587073700693427,-0.01904761904761909,5.232424665286603e-05,-0.01666666666666672,4.9525640870362364e-05,-0.014285714285714457,7.804278635049102e-05,-0.011904761904761862,8.057155213075917e-05,-0.00952380952380949,4.233815498334112e-05,1.0,1.0,1.0,2.0,2.0
42,13:17:12,1,-0.01904761904761909,732489.0,-0.020238095238095277,-0.021428571428571352,5.539780761549635e-05,-0.023809523809523947,0.0001765621470644448,-0.02619047619047632,0.00016331961245420366,-0.02857142857142858,0.0002546151637707181,-0.030952380952380953,0.00020587073700693427,-0.01904761904761909,5.7660699093242355e-05,-0.01666666666666672,4.954863043391811e-05,-0.014285714285714457,7.831004002682651e-05,-0.011904761904761862,8.057155213075917e-05,-0.00952380952380949,4.233815498334112e-05,1.0,1.0,1.0,2.0,2.0
42,13:17:15,1,-0.01904761904761909,276424.0,-0.020238095238095277,-0.021428571428571352,5.480295265849155e-05,-0.023809523809523947,0.0001775736878608974,-0.02619047619047632,0.00016346329722642704,-0.02857142857142858,0.0002551036919962776,-0.030952380952380953,0.00020590522135226788,-0.01904761904761909,5.7235392167461154e-05,-0.01666666666666672,4.981588411025359e-05,-0.014285714285714457,7.831004002682651e-05,-0.011904761904761862,8.057155213075917e-05,-0.00952380952380949,4.2453102801119825e-05,1.0,1.0,1.0,2.0,2.0
42,13:17:18,1,-0.021428571428571352,3869185.0,-0.020238095238095277,-0.021428571428571352,2.7988500466164394e-05,-0.023809523809523947,0.0001774041398296738,-0.02619047619047632,0.00016348916048542725,-0.02857142857142858,0.00025548301979494734,-0.030952380952380953,0.00020596269526115723,-0.01904761904761909,5.7407813894129204e-05,-0.01666666666666672,5.0088885177478014e-05,-0.014285714285714457,7.831004002682651e-05,-0.011904761904761862,8.057155213075917e-05,-0.00952380952380949,4.242436584667515e-05,1.0,1.0,1.0,2.0,2.0
42,13:17:21,1,-0.021428571428571352,166195.0,-0.020238095238095277,-0.021428571428571352,2.761204636293914e-05,-0.023809523809523947,0.00017633512512433186,-0.02619047619047632,0.00016337421266764853,-0.02857142857142858,0.0002557703893393941,-0.030952380952380953,0.00020611787481515848,-0.01904761904761909,5.730436085812837e-05,-0.01666666666666672,4.89106700452463e-05,-0.014285714285714457,7.831004002682651e-05,-0.011904761904761862,8.057155213075917e-05,-0.00952380952380949,4.279507255901147e-05,1.0,1.0,1.0,2.0,2.0
42,13:17:24,1,-0.01904761904761909,484567.0,-0.020238095238095277,-0.021428571428571352,2.771837309438444e-05,-0.023809523809523947,0.00017653915750088907,-0.02619047619047632,0.00016309833790497966,-0.02857142857142858,0.00025596292693417345,-0.030952380952380953,0.0002059569478702683,-0.01904761904761909,5.7373329548795595e-05,-0.01666666666666672,4.901124938580267e-05,-0.014285714285714457,7.831004002682651e-05,-0.011904761904761862,8.060028908520385e-05,-0.00952380952380949,4.292726254945698e-05,1.0,1.0,1.0,2.0,2.0
42,13:17:27,1,-0.021428571428571352,497054.0,-0.020238095238095277,-0.021428571428571352,2.5476890647699714e-05,-0.023809523809523947,0.00017626903012910912,-0.02619047619047632,0.0001624287668664187,-0.02857142857142858,0.0002562129384378421,-0.030952380952380953,0.0002059569478702683,-0.01904761904761909,5.697101218657013e-05,-0.01666666666666672,4.883882765913461e-05,-0.014285714285714457,7.833877698127119e-05,-0.011904761904761862,8.110031209254122e-05,-0.00952380952380949,4.299048384923527e-05,1.0,1.0,1.0,2.0,2.0
42,13:17:30,1,-0.01904761904761909,273017.0,-0.020238095238095277,-0.021428571428571352,2.3416451014016445e-05,-0.023809523809523947,0.00017628914599722038,-0.02619047619047632,0.00016274199966986568,-0.02857142857142858,0.000257244595102406,-0.030952380952380953,0.0002053707139995969,-0.01904761904761909,5.7744036261131916e-05,-0.01666666666666672,4.883882765913461e-05,-0.014285714285714457,7.835314545849352e-05,-0.011904761904761862,8.111468056976355e-05,-0.00952380952380949,4.299048384923527e-05,1.0,1.0,1.0,2.0,2.0
42,13:17:33,1,-0.01904761904761909,520943.0,-0.020238095238095277,-0.021428571428571352,2.145084333000061e-05,-0.023809523809523947,0.00017636960946966547,-0.02619047619047632,0.00016127641499318719,-0.02857142857142858,0.0002575463331240751,-0.030952380952380953,0.00020551727246726476,-0.01904761904761909,5.846246012224882e-05,-0.01666666666666672,4.89020489589129e-05,-0.014285714285714457,7.835314545849352e-05,-0.011904761904761862,8.122962838754225e-05,-0.00952380952380949,4.3016347108235475e-05,1.0,1.0,1.0,2.0,2.0
42,13:17:36,1,-0.021428571428571352,78924.0,-0.020238095238095277,-0.021428571428571352,2.258595303056531e-05,-0.023809523809523947,0.00017644432555122163,-0.02619047619047632,0.00016127641499318719,-0.02857142857142858,0.0002575463331240751,-0.030952380952380953,0.00020587648439782322,-0.01904761904761909,6.009759283015088e-05,-0.01666666666666672,4.89020489589129e-05,-0.014285714285714457,7.892788454738704e-05,-0.011904761904761862,8.108594361531887e-05,-0.00952380952380949,4.3016347108235475e-05,1.0,1.0,1.0,2.0,2.0
42,13:17:39,1,-0.021428571428571352,649085.0,-0.020238095238095277,-0.021428571428571352,2.0643334910105215e-05,-0.023809523809523947,0.00017845878605779342,-0.02619047619047632,0.00016103215088040745,-0.02857142857142858,0.00025735092183385127,-0.030952380952380953,0.00020581901048893385,-0.01904761904761909,5.9678033295258606e-05,-0.01666666666666672,4.89020489589129e-05,-0.014285714285714457,7.89135160701647e-05,-0.011904761904761862,8.253428611933055e-05,-0.00952380952380949,4.294737841756825e-05,1.0,1.0,2.0,2.0,2.0
42,13:17:42,1,-0.021428571428571352,569505.0,-0.020238095238095277,-0.021428571428571352,1.9393277391761808e-05,-0.023809523809523947,0.00017907663057835396,-0.02619047619047632,0.00016104939305307427,-0.02857142857142858,0.00025777622875963247,-0.030952380952380953,0.00020585349483426746,-0.01904761904761909,5.9008462256697657e-05,-0.01666666666666672,4.890492265435737e-05,-0.014285714285714457,7.89135160701647e-05,-0.011904761904761862,8.253428611933055e-05,-0.00952380952380949,4.294737841756825e-05,1.0,1.0,2.0,2.0,2.0
42,13:17:45,1,-0.01904761904761909,486825.0,-0.020238095238095277,-0.021428571428571352,4.1992018367055e-05,-0.023809523809523947,0.0001795594114130245,-0.02619047619047632,0.00016122756217063126,-0.02857142857142858,0.00025777622875963247,-0.030952380952380953,0.00020591096874315683,-0.01904761904761909,5.752563540735238e-05,-0.01666666666666672,4.8675027018799955e-05,-0.014285714285714457,7.89135160701647e-05,-0.011904761904761862,8.258026524644202e-05,-0.00952380952380949,4.294737841756825e-05,1.0,1.0,2.0,2.0,2.0
42,13:17:48,1,-0.021428571428571352,42794.0,-0.020238095238095277,-0.021428571428571352,6.323437509255948e-05,-0.023809523809523947,0.0001802519720151412,-0.02619047619047632,0.00016122756217063126,-0.02857142857142858,0.00025796589265896733,-0.030952380952380953,0.00020595407417482384,-0.01904761904761909,5.784748929713275e-05,-0.01666666666666672,4.89020489589129e-05,-0.014285714285714457,7.89135160701647e-05,-0.011904761904761862,8.258026524644202e-05,-0.00952380952380949,4.294737841756825e-05,1.0,1.0,2.0,2.0,2.0
42,13:17:51,1,-0.01904761904761909,87681.0,-0.020238095238095277,-0.021428571428571352,7.008526503217023e-05,-0.023809523809523947,0.00018037841461469777,-0.02619047619047632,0.00016120744630251997,-0.02857142857142858,0.0002580521035223014,-0.030952380952380953,0.00020613799068326975,-0.01904761904761909,5.930732658292229e-05,-0.01666666666666672,5.203150329793811e-05,-0.014285714285714457,7.898248476083192e-05,-0.011904761904761862,8.258026524644202e-05,-0.00952380952380949,4.299048384923527e-05,1.0,1.0,2.0,2.0,2.0
42,13:17:54,1,-0.021428571428571352,312817.0,-0.020238095238095277,-0.021428571428571352,6.918292466260742e-05,-0.023809523809523947,0.00018061980503203306,-0.02619047619047632,0.00015948610273128387,-0.02857142857142858,0.000257908418750078,-0.030952380952380953,0.00020612649590149188,-0.01904761904761909,5.952285374125736e-05,-0.01666666666666672,5.208897720682746e-05,-0.014285714285714457,7.898248476083192e-05,-0.011904761904761862,8.262337067810904e-05,-0.00952380952380949,4.299048384923527e-05,1.0,1.0,2.0,2.0,2.0
42,13:17:57,1,-0.01904761904761909,443588.0,-0.020238095238095277,-0.021428571428571352,7.129796450973557e-05,-0.023809523809523947,0.0001811916704254821,-0.02619047619047632,0.00015949185012217282,-0.02857142857142858,0.0002579170398364114,-0.030952380952380953,0.00020612649590149188,-0.01904761904761909,6.0910848640935206e-05,-0.01666666666666672,5.247405239638612e-05,-0.014285714285714457,7.906869562416596e-05,-0.011904761904761862,8.349122670233825e-05,-0.00952380952380949,4.299048384923527e-05,1.0,1.0,2.0,2.0,2.0
42,13:18:00,1,-0.021428571428571352,236049.0,-0.020238095238095277,-0.021428571428571352,7.166005013573849e-05,-0.023809523809523947,0.0001820336631907111,-0.02619047619047632,0.00015944874469050582,-0.02857142857142858,0.00025834809415308153,-0.030952380952380953,0.00020612649590149188,-0.01904761904761909,5.700837022734821e-05,-0.01666666666666672,5.22010513291617e-05,-0.014285714285714457,7.906869562416596e-05,-0.011904761904761862,8.351996365678292e-05,-0.00952380952380949,4.2993357544679736e-05,1.0,1.0,2.0,2.0,2.0
42,13:18:03,1,-0.01904761904761909,355259.0,-0.020238095238095277,-0.021428571428571352,7.745649500591074e-05,-0.023809523809523947,0.00018216297948571214,-0.02619047619047632,0.0001594228814315056,-0.02857142857142858,0.00025838257849841517,-0.030952380952380953,0.00020632478088716016,-0.01904761904761909,5.556002772333654e-05,-0.01666666666666672,5.205736655693832e-05,-0.014285714285714457,7.88962738974979e-05,-0.011904761904761862,8.351996365678292e-05,-0.00952380952380949,4.29789890674574e-05,1.0,1.0,2.0,2.0,2.0
42,13:18:06,1,-0.01904761904761909,107328.0,-0.020238095238095277,-0.021428571428571352,7.848527797503014e-05,-0.023809523809523947,0.00018281818204705076,-0.02619047619047632,0.00015933667056817157,-0.02857142857142858,0.00025763829137829804,-0.030952380952380953,0.00020632478088716016,-0.01904761904761909,5.552266968255846e-05,-0.01666666666666672,5.233036762416274e-05,-0.014285714285714457,7.871810477994091e-05,-0.011904761904761862,8.351996365678292e-05,-0.00952380952380949,4.2993357544679736e-05,1.0,1.0,2.0,2.0,2.0
42,13:18:09,1,-0.021428571428571352,3135033.0,-0.020238095238095277,-0.021428571428571352,7.99709785198199e-05,-0.023809523809523947,0.00018270323422927206,-0.02619047619047632,0.00015936540752261626,-0.02857142857142858,0.0002576699020281872,-0.030952380952380953,0.0002063276545826046,-0.01904761904761909,3.521426397650595e-05,-0.01666666666666672,5.2520031523497603e-05,-0.014285714285714457,7.871810477994091e-05,-0.011904761904761862,8.351996365678292e-05,-0.00952380952380949,4.2993357544679736e-05,1.0,2.0,2.0,2.0,2.0
42,13:18:12,1,-0.01904761904761909,335266.0,-0.020238095238095277,-0.021428571428571352,7.94910713805938e-05,-0.023809523809523947,0.0001834360265676113,-0.02619047619047632,0.00015792855980038245,-0.02857142857142858,0.00025743425900174086,-0.030952380952380953,0.00020627018067371526,-0.01904761904761909,3.528323266717317e-05,-0.01666666666666672,5.243094696471911e-05,-0.014285714285714457,7.871810477994091e-05,-0.011904761904761862,8.36636484290063e-05,-0.00952380952380949,4.2705988000232976e-05,1.0,2.0,2.0,2.0,2.0
42,13:18:15,1,-0.01904761904761909,684923.0,-0.020238095238095277,-0.021428571428571352,7.863183644269798e-05,-0.023809523809523947,0.00018352223743094533,-0.02619047619047632,0.00015808086565893923,-0.02857142857142858,0.00025775323919607673,-0.030952380952380953,0.00020627018067371526,-0.01904761904761909,3.28061071940421e-05,-0.01666666666666672,5.2517157828053136e-05,-0.014285714285714457,7.870373630271857e-05,-0.011904761904761862,8.36636484290063e-05,-0.00952380952380949,4.2705988000232976e-05,1.0,2.0,2.0,2.0,2.0
42,13:18:18,1,-0.01904761904761909,76998.0,-0.020238095238095277,-0.021428571428571352,7.925542835414745e-05,-0.023809523809523947,0.00018358833242616807,-0.02619047619047632,0.00015802339175004988,-0.02857142857142858,0.00025767852311452057,-0.030952380952380953,0.00020621270676482591,-0.01904761904761909,3.248425330426173e-05,-0.01666666666666672,5.2517157828053136e-05,-0.014285714285714457,7.867499934827389e-05,-0.011904761904761862,8.369238538345098e-05,-0.00952380952380949,4.2705988000232976e-05,1.0,2.0,2.0,2.0,2.0
42,13:18:21,1,-0.021428571428571352,483682.0,-0.020238095238095277,-0.021428571428571352,8.027559023693345e-05,-0.023809523809523947,0.00018383259653894783,-0.02619047619047632,0.00015812397109060623,-0.02857142857142858,0.00025762104920563125,-0.030952380952380953,0.00020621845415571486,-0.01904761904761909,2.8357626646006258e-05,-0.01666666666666672,5.245968391916378e-05,-0.014285714285714457,7.864913608927368e-05,-0.011904761904761862,8.369238538345098e-05,-0.00952380952380949,4.407386703179955e-05,1.0,2.0,2.0,2.0,2.0
42,13:18:24,1,-0.021428571428571352,263696.0,-0.020238095238095277,-0.021428571428571352,8.170094317738939e-05,-0.023809523809523947,0.00018384696501617015,-0.02619047619047632,0.00016398918349276462,-0.02857142857142858,0.00025802911395874566,-0.030952380952380953,0.00020628167545549313,-0.01904761904761909,2.7667939739334033e-05,-0.01666666666666672,5.252577891438654e-05,-0.014285714285714457,7.864913608927368e-05,-0.011904761904761862,8.38504386328967e-05,-0.00952380952380949,4.407386703179955e-05,2.0,2.0,2.0,2.0,2.0
42,13:18:27,1,-0.01904761904761909,522554.0,-0.020238095238095277,-0.021428571428571352,8.288203200506556e-05,-0.023809523809523947,0.00018370615393939124,-0.02619047619047632,0.00016377653002987402,-0.02857142857142858,0.0002580549772177458,-0.030952380952380953,0.00020621270676482591,-0.01904761904761909,2.5107477098313403e-05,-0.01666666666666672,5.2456810223719314e-05,-0.014285714285714457,7.864913608927368e-05,-0.011904761904761862,8.54913187316877e-05,-0.00952380952380949,4.407099333635508e-05,2.0,2.0,2.0,2.0,2.0
42,13:18:30,1,-0.021428571428571352,438318.0,-0.020238095238095277,-0.021428571428571352,8.464648100796867e-05,-0.023809523809523947,0.00018355097438539,-0.02619047619047632,0.00016395469914743099,-0.02857142857142858,0.00025794865048630054,-0.030952380952380953,0.0002062414437192706,-0.01904761904761909,2.2544140761848307e-05,-0.01666666666666672,5.253152630527547e-05,-0.014285714285714457,7.856292522593966e-05,-0.011904761904761862,8.543384482279835e-05,-0.00952380952380949,4.407099333635508e-05,2.0,2.0,2.0,2.0,2.0
42,13:18:33,1,-0.021428571428571352,801337.0,-0.020238095238095277,-0.021428571428571352,8.178428034527895e-05,-0.023809523809523947,0.0001839331758795042,-0.02619047619047632,0.00016398343610187567,-0.02857142857142858,0.0002575894385557421,-0.030952380952380953,0.00020638512849149398,-0.01904761904761909,2.0578533077832468e-05,-0.01666666666666672,5.188494483027026e-05,-0.014285714285714457,7.853418827149498e-05,-0.011904761904761862,8.552005568613238e-05,-0.00952380952380949,4.407099333635508e-05,2.0,2.0,2.0,2.0,2.0
42,13:18:36,1,-0.021428571428571352,200359.0,-0.020238095238095277,-0.021428571428571352,8.140495254660923e-05,-0.023809523809523947,0.0001844992938820643,-0.02619047619047632,0.00016405527848798736,-0.02857142857142858,0.00025766415463729825,-0.030952380952380953,0.00020638512849149398,-0.01904761904761909,2.084291305872349e-05,-0.01666666666666672,5.1827470921380915e-05,-0.014285714285714457,7.853418827149498e-05,-0.011904761904761862,8.569822480368937e-05,-0.00952380952380949,4.41140987680221e-05,2.0,2.0,2.0,2.0,2.0
42,13:18:39,1,-0.01904761904761909,3042409.0,-0.017857142857142905,-0.01904761904761909,6.7100788628318415e-06,-0.021428571428571352,8.167795361383365e-05,-0.023809523809523947,0.0001852263388295146,-0.02619047619047632,0.0001640868891378765,-0.02857142857142858,0.0002576612809418538,-0.01666666666666672,5.1999892648048965e-05,-0.014285714285714457,7.853418827149498e-05,-0.011904761904761862,8.571259328091171e-05,-0.00952380952380949,4.4257783540245476e-05,-0.0071428571428572285,3.886552393433759e-05,1.0,1.0,1.0,1.0,1.0
42,13:18:42,1,-0.01904761904761909,181280.0,-0.017857142857142905,-0.01904761904761909,6.534783440719318e-06,-0.021428571428571352,8.25860413742854e-05,-0.023809523809523947,0.00018521197035229226,-0.02619047619047632,0.0001642478160827667,-0.02857142857142858,0.0002577474918051878,-0.01666666666666672,5.151711181337841e-05,-0.014285714285714457,7.852844088060605e-05,-0.011904761904761862,8.599996282535846e-05,-0.00952380952380949,4.47434380703605e-05,-0.0071428571428572285,3.886552393433759e-05,1.0,1.0,1.0,1.0,1.0
42,13:18:45,1,-0.01904761904761909,349376.0,-0.017857142857142905,-0.01904761904761909,4.778955524149616e-06,-0.021428571428571352,8.34998765256261e-05,-0.023809523809523947,0.0001859016572589645,-0.02619047619047632,0.00016404953109709842,-0.02857142857142858,0.0002577676076732991,-0.01666666666666672,5.1488374858933735e-05,-0.014285714285714457,7.852844088060605e-05,-0.011904761904761862,8.599996282535846e-05,-0.00952380952380949,4.47434380703605e-05,-0.0071428571428572285,4.0290876874793515e-05,1.0,1.0,1.0,1.0,1.0
42,13:18:48,1,-0.01904761904761909,497284.0,-0.017857142857142905,-0.01904761904761909,1.7759437846809755e-06,-0.021428571428571352,8.404587866007494e-05,-0.023809523809523947,0.00018637294331185717,-0.02619047619047632,0.0001641932158693218,-0.02857142857142858,0.0002574917329106302,-0.01666666666666672,5.0719690064493096e-05,-0.014285714285714457,7.847096697171669e-05,-0.011904761904761862,8.738795772503632e-05,-0.00952380952380949,4.47434380703605e-05,-0.0071428571428572285,4.0290876874793515e-05,1.0,1.0,1.0,1.0,1.0
42,13:18:51,1,-0.01904761904761909,41231.0,-0.017857142857142905,-0.01904761904761909,1.6954803122358829e-06,-0.021428571428571352,8.505741945652753e-05,-0.023809523809523947,0.00018601947877218766,-0.02619047619047632,0.00016421045804198862,-0.02857142857142858,0.00025733655335662896,-0.01666666666666672,5.0423699433712935e-05,-0.014285714285714457,7.857154631227305e-05,-0.011904761904761862,8.789947551415155e-05,-0.00952380952380949,4.47434380703605e-05,-0.0071428571428572285,4.0290876874793515e-05,1.0,1.0,1.0,1.0,1.0
42,13:18:54,1,-0.01904761904761909,201056.0,-0.017857142857142905,-0.01904761904761909,9.945859933302357e-06,-0.021428571428571352,8.561491637275425e-05,-0.023809523809523947,0.00018679250284674945,-0.02619047619047632,0.0001642564371691001,-0.02857142857142858,0.0002573451744429623,-0.01666666666666672,5.151857739805509e-05,-0.014285714285714457,7.863189391660687e-05,-0.011904761904761862,7.914907288574771e-05,-0.00952380952380949,4.47434380703605e-05,-0.0071428571428572285,4.0865615963687034e-05,1.0,1.0,1.0,1.0,1.0
42,13:18:57,1,-0.01904761904761909,471328.0,-0.017857142857142905,-0.01904761904761909,7.405513160393e-06,-0.021428571428571352,8.687359497743106e-05,-0.023809523809523947,0.00018711148304108535,-0.02619047619047632,0.00016432253216432284,-0.02857142857142858,0.0002570118257714041,-0.01666666666666672,5.152432478894403e-05,-0.014285714285714457,7.863189391660687e-05,-0.011904761904761862,7.919217831741473e-05,-0.00952380952380949,4.433824701269057e-05,-0.0071428571428572285,4.100930073591042e-05,1.0,1.0,1.0,1.0,1.0
42,13:19:00,1,-0.01904761904761909,91472.0,-0.017857142857142905,-0.01904761904761909,7.069290793390291e-06,-0.021428571428571352,8.694543736354275e-05,-0.023809523809523947,0.00018767760104364546,-0.02619047619047632,0.00016443747998210156,-0.02857142857142858,0.00025735092183385127,-0.01666666666666672,5.2004231928170115e-05,-0.014285714285714457,7.863189391660687e-05,-0.011904761904761862,7.921516788097047e-05,-0.00952380952380949,4.433824701269057e-05,-0.0071428571428572285,4.100930073591042e-05,1.0,1.0,1.0,1.0,1.0
42,13:19:03,1,-0.01666666666666672,648739.0,-0.017857142857142905,-0.01904761904761909,3.707354492907648e-05,-0.021428571428571352,8.691670040909808e-05,-0.023809523809523947,0.00018731551541764256,-0.02619047619047632,0.00016443747998210156,-0.02857142857142858,0.0002574026483518517,-0.01666666666666672,5.151283000716616e-05,-0.014285714285714457,7.863189391660687e-05,-0.011904761904761862,7.921516788097047e-05,-0.00952380952380949,4.433824701269057e-05,-0.0071428571428572285,4.100930073591042e-05,1.0,1.0,1.0,1.0,1.0
42,13:19:06,1,-0.01904761904761909,586263.0,-0.017857142857142905,-0.01904761904761909,5.7235392167461154e-05,-0.021428571428571352,8.830469530877593e-05,-0.023809523809523947,0.00018750517931697742,-0.02619047619047632,0.00016419034217387735,-0.02857142857142858,0.0002573595429201847,-0.01666666666666672,4.947537993703863e-05,-0.014285714285714457,7.863189391660687e-05,-0.011904761904761862,7.921516788097047e-05,-0.00952380952380949,4.433824701269057e-05,-0.0071428571428572285,4.1811061764916874e-05,1.0,1.0,1.0,1.0,1.0
42,13:19:09,1,-0.01904761904761909,135671.0,-0.017857142857142905,-0.01904761904761909,6.909225957133446e-05,-0.021428571428571352,8.897714004278134e-05,-0.023809523809523947,0.00018441595671417474,-0.02619047619047632,0.0001641845947829884,-0.02857142857142858,0.0002574572485652966,-0.01666666666666672,4.963918057737328e-05,-0.014285714285714457,7.863189391660687e-05,-0.011904761904761862,7.935597895774938e-05,-0.00952380952380949,4.433824701269057e-05,-0.0071428571428572285,4.1811061764916874e-05,1.0,1.0,1.0,1.0,1.0
42,13:19:12,1,-0.01904761904761909,158670.0,-0.017857142857142905,-0.01904761904761909,4.999942703829174e-05,-0.021428571428571352,8.809204184588533e-05,-0.023809523809523947,0.00018553095054662817,-0.02619047619047632,0.00016429379520987818,-0.02857142857142858,0.00025748598551974123,-0.01666666666666672,4.7087339022686055e-05,-0.014285714285714457,7.863189391660687e-05,-0.011904761904761862,7.937609482586066e-05,-0.00952380952380949,4.433824701269057e-05,-0.0071428571428572285,4.1811061764916874e-05,1.0,1.0,1.0,1.0,1.0
42,13:19:15,1,-0.01666666666666672,146522.0,-0.017857142857142905,-0.01904761904761909,5.2858754005537e-05,-0.021428571428571352,8.81466420593302e-05,-0.023809523809523947,0.00018592464682252023,-0.02619047619047632,0.00016406389957432076,-0.02857142857142858,0.00025745150117440765,-0.01666666666666672,4.542346936033931e-05,-0.014285714285714457,7.863189391660687e-05,-0.011904761904761862,7.937609482586066e-05,-0.00952380952380949,4.433824701269057e-05,-0.0071428571428572285,4.1811061764916874e-05,1.0,1.0,1.0,1.0,1.0
42,13:19:18,1,-0.01904761904761909,194712.0,-0.017857142857142905,-0.01904761904761909,5.4453654977216515e-05,-0.021428571428571352,8.931048871433958e-05,-0.023809523809523947,0.00018592464682252023,-0.02619047619047632,0.0001640351626198761,-0.02857142857142858,0.00025741414313362954,-0.01666666666666672,4.5294153065338274e-05,-0.014285714285714457,7.866637826194048e-05,-0.011904761904761862,7.899676702719094e-05,-0.00952380952380949,4.428077310380122e-05,-0.0071428571428572285,4.182830393758368e-05,1.0,1.0,1.0,1.0,1.0
42,13:19:21,1,-0.01904761904761909,103060.0,-0.017857142857142905,-0.01904761904761909,5.487321451210879e-05,-0.021428571428571352,8.424991103663215e-05,-0.023809523809523947,0.00018580107791840814,-0.02619047619047632,0.0001640351626198761,-0.02857142857142858,0.0002572417214069615,-0.01666666666666672,4.5377490233227835e-05,-0.014285714285714457,7.866637826194048e-05,-0.011904761904761862,7.918068353563685e-05,-0.00952380952380949,4.4366983967135244e-05,-0.0071428571428572285,4.1831177633028146e-05,1.0,1.0,1.0,1.0,1.0
42,13:19:24,1,-0.01904761904761909,346705.0,-0.017857142857142905,-0.01904761904761909,3.770001053597042e-05,-0.021428571428571352,8.705751148587699e-05,-0.023809523809523947,0.000185812572700186,-0.02619047619047632,0.0001641070050059878,-0.02857142857142858,0.00025735092183385127,-0.01666666666666672,4.48659724441126e-05,-0.014285714285714457,7.722953053970669e-05,-0.011904761904761862,7.938471591219405e-05,-0.00952380952380949,4.443595265780247e-05,-0.0071428571428572285,4.1980609796140464e-05,1.0,1.0,1.0,1.0,1.0
42,13:19:27,1,-0.01666666666666672,37541.0,-0.017857142857142905,-0.01904761904761909,2.9159387675012718e-05,-0.021428571428571352,8.69856690997653e-05,-0.023809523809523947,0.00018590453095440897,-0.02619047619047632,0.00016430816368710052,-0.02857142857142858,0.00025745150117440765,-0.01666666666666672,4.604418757634432e-05,-0.014285714285714457,7.283277650967127e-05,-0.011904761904761862,8.084167950253912e-05,-0.00952380952380949,4.443595265780247e-05,-0.0071428571428572285,4.19863571870294e-05,1.0,1.0,1.0,1.0,1.0
42,13:19:30,1,-0.01904761904761909,484354.0,-0.017857142857142905,-0.01904761904761909,2.7820245597890818e-05,-0.021428571428571352,8.821561074999743e-05,-0.023809523809523947,0.0001856803827097405,-0.02619047619047632,0.00016432253216432284,-0.02857142857142858,0.0002573882798746294,-0.01666666666666672,4.506425742978086e-05,-0.014285714285714457,7.283277650967127e-05,-0.011904761904761862,8.055430995809237e-05,-0.00952380952380949,4.443595265780247e-05,-0.0071428571428572285,4.202658892325194e-05,1.0,1.0,1.0,1.0,0.0
42,13:19:33,1,-0.01666666666666672,310138.0,-0.017857142857142905,-0.01904761904761909,2.7090585587586047e-05,-0.021428571428571352,8.85116013807776e-05,-0.023809523809523947,0.0001852981812156263,-0.02619047619047632,0.00016435126911876753,-0.02857142857142858,0.00025740839574274065,-0.01666666666666672,5.792691823921783e-05,-0.014285714285714457,7.312014605411802e-05,-0.011904761904761862,8.043074105398027e-05,-0.00952380952380949,4.443595265780247e-05,-0.0071428571428572285,4.2382927158365926e-05,1.0,1.0,1.0,1.0,0.0
42,13:19:36,1,-0.01666666666666672,196066.0,-0.017857142857142905,-0.01904761904761909,3.3151209279968214e-05,-0.021428571428571352,9.09944742447976e-05,-0.023809523809523947,0.000185413129033405,-0.02619047619047632,0.00016433115325065626,-0.02857142857142858,0.00025740839574274065,-0.01666666666666672,6.85998231199705e-05,-0.014285714285714457,7.312014605411802e-05,-0.011904761904761862,8.100548014287378e-05,-0.00952380952380949,4.443595265780247e-05,-0.0071428571428572285,4.2382927158365926e-05,1.0,1.0,1.0,1.0,0.0
42,13:19:39,1,-0.01666666666666672,106357.0,-0.017857142857142905,-0.01904761904761909,3.766865851867128e-05,-0.021428571428571352,9.112666423524311e-05,-0.023809523809523947,0.0001847320632130662,-0.02619047619047632,0.00016393170958387525,-0.02857142857142858,0.0002576727757236317,-0.01666666666666672,6.847912791130285e-05,-0.014285714285714457,7.330693625800842e-05,-0.011904761904761862,8.106582774720759e-05,-0.00952380952380949,4.443595265780247e-05,-0.0071428571428572285,4.2382927158365926e-05,1.0,1.0,1.0,1.0,0.0
42,13:19:42,1,-0.01666666666666672,202035.0,-0.017857142857142905,-0.01904761904761909,3.73209413698907e-05,-0.021428571428571352,9.314399843725936e-05,-0.023809523809523947,0.00018472344212673277,-0.02619047619047632,0.0001640006782745425,-0.02857142857142858,0.00025813256699474646,-0.01666666666666672,6.901650895941829e-05,-0.014285714285714457,7.327819930356374e-05,-0.011904761904761862,8.106582774720759e-05,-0.00952380952380949,4.443595265780247e-05,-0.0071428571428572285,4.2411664112810607e-05,1.0,1.0,1.0,1.0,0.0
42,13:19:45,1,-0.01666666666666672,186376.0,-0.017857142857142905,-0.01904761904761909,3.77376272093385e-05,-0.021428571428571352,9.44975089916036e-05,-0.023809523809523947,0.00018502805384384635,-0.02619047619047632,0.0001636960665574289,-0.02857142857142858,0.00025885961194219674,-0.01666666666666672,7.019472409165001e-05,-0.014285714285714457,7.32638308263414e-05,-0.011904761904761862,8.107157513809653e-05,-0.00952380952380949,4.443595265780247e-05,-0.0071428571428572285,4.2411664112810607e-05,1.0,1.0,1.0,1.0,0.0
42,13:19:48,1,-0.01666666666666672,352082.0,-0.017857142857142905,-0.01904761904761909,3.847904063401114e-05,-0.021428571428571352,9.336527298648336e-05,-0.023809523809523947,0.00018422341911939543,-0.02619047619047632,0.00016377078263898507,-0.02857142857142858,0.00025713826837096067,-0.01666666666666672,6.66658260858438e-05,-0.014285714285714457,7.32638308263414e-05,-0.011904761904761862,8.119227034676417e-05,-0.00952380952380949,4.443595265780247e-05,-0.0071428571428572285,4.2411664112810607e-05,1.0,1.0,1.0,1.0,0.0
42,13:19:51,1,-0.01666666666666672,92371.0,-0.017857142857142905,-0.01904761904761909,3.966875054802073e-05,-0.021428571428571352,9.441417182371404e-05,-0.023809523809523947,0.00018444469366861942,-0.02619047619047632,0.00016359836091231703,-0.02857142857142858,0.0002569945835987373,-0.01666666666666672,6.650777283639809e-05,-0.014285714285714457,7.432135074990547e-05,-0.011904761904761862,8.134457620532095e-05,-0.00952380952380949,4.449342656669182e-05,-0.0071428571428572285,4.2986403201704126e-05,1.0,1.0,1.0,1.0,0.0
42,13:19:54,1,-0.01904761904761909,1734285.0,-0.017857142857142905,-0.01904761904761909,3.8864115823569796e-05,-0.021428571428571352,9.455498290049295e-05,-0.023809523809523947,0.00021279369922829229,-0.02619047619047632,0.00016362422417131721,-0.02857142857142858,0.00025716987902084983,-0.01666666666666672,5.6317648790315976e-05,-0.014285714285714457,7.432135074990547e-05,-0.011904761904761862,8.134457620532095e-05,-0.00952380952380949,4.439284722613546e-05,-0.0071428571428572285,4.329101491881769e-05,1.0,1.0,1.0,1.0,0.0
42,13:19:57,1,-0.01666666666666672,88296.0,-0.017857142857142905,-0.01904761904761909,3.9754961411354756e-05,-0.021428571428571352,9.523030132994283e-05,-0.023809523809523947,0.00021301784747296076,-0.02619047619047632,0.00016376503524809612,-0.02857142857142858,0.0002571871211935166,-0.01666666666666672,4.404696924243934e-05,-0.014285714285714457,7.432135074990547e-05,-0.011904761904761862,8.134457620532095e-05,-0.00952380952380949,4.5936021679814555e-05,-0.0071428571428572285,4.395196487104524e-05,1.0,1.0,1.0,1.0,0.0
42,13:20:00,1,-0.01904761904761909,136547.0,-0.017857142857142905,-0.01904761904761909,4.062281743558397e-05,-0.021428571428571352,9.550042870172279e-05,-0.023809523809523947,0.00021307819507729458,-0.02619047619047632,0.0001636270978667617,-0.02857142857142858,0.0002570032046850707,-0.01666666666666672,4.347223015354582e-05,-0.014285714285714457,7.430410857723867e-05,-0.011904761904761862,8.140205011421031e-05,-0.00952380952380949,4.5936021679814555e-05,-0.0071428571428572285,4.397208073915651e-05,1.0,1.0,1.0,1.0,0.0
42,13:20:03,1,-0.01666666666666672,290931.0,-0.017857142857142905,-0.01904761904761909,3.934689665824035e-05,-0.021428571428571352,9.547743913816705e-05,-0.023809523809523947,0.00021303508964562755,-0.02619047619047632,0.00016420183695565522,-0.02857142857142858,0.00025682790926295817,-0.01666666666666672,4.205549829942329e-05,-0.014285714285714457,7.430410857723867e-05,-0.011904761904761862,8.138768163698797e-05,-0.00952380952380949,4.5936021679814555e-05,-0.0071428571428572285,4.397208073915651e-05,1.0,1.0,1.0,1.0,0.0
42,13:20:06,1,-0.01904761904761909,887484.0,-0.017857142857142905,-0.01904761904761909,4.04963748360274e-05,-0.021428571428571352,9.561537651950149e-05,-0.023809523809523947,0.00021315003746340627,-0.02619047619047632,0.00016421620543287754,-0.02857142857142858,0.00025685664621740285,-0.01666666666666672,4.982309708581921e-05,-0.014285714285714457,7.45052672583514e-05,-0.011904761904761862,8.110031209254122e-05,-0.00952380952380949,4.568888387159034e-05,-0.0071428571428572285,4.397208073915651e-05,1.0,1.0,1.0,1.0,0.0
42,13:20:09,1,-0.01904761904761909,624000.0,-0.017857142857142905,-0.01904761904761909,3.7091045734333293e-05,-0.021428571428571352,9.722751966384781e-05,-0.023809523809523947,0.0002136443130798547,-0.02619047619047632,0.00016421620543287754,-0.02857142857142858,0.00025691412012629223,-0.01666666666666672,5.150995631172169e-05,-0.014285714285714457,7.433571922712782e-05,-0.011904761904761862,8.124399686476458e-05,-0.00952380952380949,4.568888387159034e-05,-0.0071428571428572285,4.3857132921377806e-05,1.0,1.0,1.0,1.0,0.0
42,13:20:12,1,-0.01666666666666672,89918.0,-0.017857142857142905,-0.01904761904761909,3.794740697678464e-05,-0.021428571428571352,9.724763553195909e-05,-0.023809523809523947,0.00021359258656185426,-0.02619047619047632,0.00016402941522898715,-0.02857142857142858,0.00025687101469462517,-0.01666666666666672,5.130879763060895e-05,-0.014285714285714457,7.455124638546289e-05,-0.011904761904761862,8.124974425565352e-05,-0.00952380952380949,4.5573936053811637e-05,-0.0071428571428572285,4.427094506538114e-05,1.0,1.0,1.0,1.0,0.0
42,13:20:15,1,-0.01904761904761909,326065.0,-0.017857142857142905,-0.01904761904761909,4.028372137313679e-05,-0.021428571428571352,9.651771688906432e-05,-0.023809523809523947,0.00021387708241085655,-0.02619047619047632,0.00016401792044720928,-0.02857142857142858,0.0002567905512221801,-0.01666666666666672,5.180019955161292e-05,-0.014285714285714457,7.4674815289575e-05,-0.011904761904761862,8.124974425565352e-05,-0.00952380952380949,4.5573936053811637e-05,-0.0071428571428572285,4.427094506538114e-05,1.0,1.0,1.0,1.0,0.0
42,13:20:18,1,-0.01904761904761909,1240725.0,-0.017857142857142905,-0.01904761904761909,3.275044371328276e-05,-0.021428571428571352,9.718728792762527e-05,-0.023809523809523947,0.00021400927240130207,-0.02619047619047632,0.00016401792044720928,-0.02857142857142858,0.00025712389989373835,-0.01666666666666672,5.224849604094986e-05,-0.014285714285714457,7.482137375724284e-05,-0.011904761904761862,8.124974425565352e-05,-0.00952380952380949,7.436836440737697e-05,-0.0071428571428572285,4.427094506538114e-05,1.0,1.0,1.0,1.0,0.0
42,13:20:21,1,-0.01666666666666672,142698.0,-0.017857142857142905,-0.01904761904761909,3.293148652628422e-05,-0.021428571428571352,9.151461312024623e-05,-0.023809523809523947,0.000214193188909748,-0.02619047619047632,0.0001657708746683345,-0.02857142857142858,0.000257066425984849,-0.01666666666666672,5.321980510117991e-05,-0.014285714285714457,7.482424745268732e-05,-0.011904761904761862,8.1252617951098e-05,-0.00952380952380949,7.436836440737697e-05,-0.0071428571428572285,4.427094506538114e-05,1.0,1.0,1.0,1.0,0.0
42,13:20:24,1,-0.01904761904761909,108804.0,-0.017857142857142905,-0.01904761904761909,3.330219323862054e-05,-0.021428571428571352,9.449176160071466e-05,-0.023809523809523947,0.00021431388411841562,-0.02619047619047632,0.0001658082327091126,-0.02857142857142858,0.0002571986159752945,-0.01666666666666672,5.359913289984963e-05,-0.014285714285714457,7.485298440713199e-05,-0.011904761904761862,7.981002283797525e-05,-0.00952380952380949,7.436836440737697e-05,-0.0071428571428572285,4.427094506538114e-05,1.0,1.0,1.0,1.0,0.0
42,13:20:27,1,-0.01666666666666672,196268.0,-0.017857142857142905,-0.01904761904761909,3.447178728451885e-05,-0.021428571428571352,9.431359248315767e-05,-0.023809523809523947,0.00021443457932708327,-0.02619047619047632,0.0001658082327091126,-0.02857142857142858,0.0002572618372750728,-0.01666666666666672,5.3757186149295347e-05,-0.014285714285714457,7.485298440713199e-05,-0.011904761904761862,8.000256043275459e-05,-0.00952380952380949,7.436836440737697e-05,-0.0071428571428572285,4.355252120426424e-05,1.0,1.0,1.0,1.0,0.0
42,13:20:30,1,-0.01904761904761909,407073.0,-0.017857142857142905,-0.01904761904761909,3.608105673342071e-05,-0.021428571428571352,9.472453093171654e-05,-0.023809523809523947,0.0002146989593079743,-0.02619047619047632,0.00016623928702578274,-0.02857142857142858,0.0002563997286417325,-0.01666666666666672,5.438652545163375e-05,-0.014285714285714457,7.485298440713199e-05,-0.011904761904761862,8.730174686170228e-05,-0.00952380952380949,7.436836440737697e-05,-0.0071428571428572285,4.355252120426424e-05,1.0,1.0,1.0,0.0,0.0
42,13:20:33,1,-0.01666666666666672,566497.0,-0.017857142857142905,-0.01904761904761909,3.635980519153406e-05,-0.021428571428571352,9.629356864439585e-05,-0.023809523809523947,0.00021597775378076237,-0.02619047619047632,0.00016623928702578274,-0.02857142857142858,0.00025637673907817675,-0.01666666666666672,6.01023056906798e-05,-0.014285714285714457,7.488172136157666e-05,-0.011904761904761862,8.731611533892462e-05,-0.00952380952380949,7.436836440737697e-05,-0.0071428571428572285,4.355252120426424e-05,1.0,1.0,1.0,0.0,0.0
42,13:20:36,1,-0.01666666666666672,91197.0,-0.017857142857142905,-0.01904761904761909,3.798631681310273e-05,-0.021428571428571352,9.881954694008287e-05,-0.023809523809523947,0.00021593464834909537,-0.02619047619047632,0.0001662680239802274,-0.02857142857142858,0.00025667847709984583,-0.01666666666666672,7.915778018294445e-05,-0.014285714285714457,7.488172136157666e-05,-0.011904761904761862,8.731611533892462e-05,-0.00952380952380949,7.436836440737697e-05,-0.0071428571428572285,4.362436359037593e-05,1.0,1.0,1.0,0.0,0.0
42,13:20:39,1,-0.01666666666666672,67693.0,-0.017857142857142905,-0.01904761904761909,3.946339627155907e-05,-0.021428571428571352,0.00010098343960976697,-0.023809523809523947,0.0002159949959534292,-0.02619047619047632,0.0001662680239802274,-0.02857142857142858,0.0002568508988265139,-0.01666666666666672,7.931870712783463e-05,-0.014285714285714457,7.48874687524656e-05,-0.011904761904761862,8.731611533892462e-05,-0.00952380952380949,7.436836440737697e-05,-0.0071428571428572285,4.3839890748711e-05,1.0,1.0,1.0,0.0,0.0
42,13:20:42,1,-0.01666666666666672,415918.0,-0.017857142857142905,-0.01904761904761909,3.862427720177453e-05,-0.021428571428571352,0.00010067020680632,-0.023809523809523947,0.0002161702913755417,-0.02619047619047632,0.00016645768787956227,-0.02857142857142858,0.0002569054990399588,-0.01666666666666672,8.301427946941997e-05,-0.014285714285714457,7.574957738580588e-05,-0.011904761904761862,8.71149566578119e-05,-0.00952380952380949,7.436836440737697e-05,-0.0071428571428572285,4.3839890748711e-05,1.0,1.0,1.0,0.0,0.0
42,13:20:45,1,-0.01666666666666672,1444618.0,-0.017857142857142905,-0.01904761904761909,3.590001392041925e-05,-0.021428571428571352,9.541421783838876e-05,-0.023809523809523947,0.00021620477572087532,-0.02619047619047632,0.00016652953026567396,-0.02857142857142858,0.0002569054990399588,-0.01666666666666672,7.512598547435641e-05,-0.014285714285714457,7.584440933547331e-05,-0.011904761904761862,8.719254643481252e-05,-0.00952380952380949,7.436836440737697e-05,-0.0071428571428572285,4.3839890748711e-05,1.0,1.0,1.0,0.0,0.0
42,13:20:48,1,-0.01666666666666672,73900.0,-0.017857142857142905,-0.01904761904761909,3.610691999242092e-05,-0.021428571428571352,9.556077630605661e-05,-0.023809523809523947,0.00021639731331565465,-0.02619047619047632,0.0001665870041745633,-0.02857142857142858,0.0002566468664499567,-0.01666666666666672,7.573233521313907e-05,-0.014285714285714457,7.584440933547331e-05,-0.011904761904761862,8.727300990725761e-05,-0.00952380952380949,7.436836440737697e-05,-0.0071428571428572285,4.3839890748711e-05,1.0,1.0,1.0,0.0,0.0
42,13:20:51,1,-0.01666666666666672,722834.0,-0.017857142857142905,-0.01904761904761909,3.2255909464244334e-05,-0.021428571428571352,9.632805298972946e-05,-0.023809523809523947,0.00021689446262754755,-0.02619047619047632,0.0001665783830882299,-0.02857142857142858,0.0002566095084091786,-0.01666666666666672,7.599384149858562e-05,-0.014285714285714457,7.591912541702947e-05,-0.011904761904761862,8.731036794803569e-05,-0.00952380952380949,7.436836440737697e-05,-0.0071428571428572285,4.410714442504648e-05,1.0,1.0,1.0,0.0,0.0
42,13:20:54,1,-0.01666666666666672,469781.0,-0.017857142857142905,-0.01904761904761909,2.997706897678153e-05,-0.021428571428571352,9.564698716939064e-05,-0.023809523809523947,0.0002168082517642135,-0.02619047619047632,0.00016665309916978608,-0.02857142857142858,0.0002566095084091786,-0.01666666666666672,7.625822147947665e-05,-0.014285714285714457,7.589613585347373e-05,-0.011904761904761862,8.83650141761553e-05,-0.00952380952380949,7.407812116748574e-05,-0.0071428571428572285,4.410714442504648e-05,1.0,1.0,1.0,0.0,0.0
42,13:20:57,1,-0.01666666666666672,1276136.0,-0.017857142857142905,-0.01904761904761909,3.025007004400595e-05,-0.021428571428571352,9.518719589827583e-05,-0.023809523809523947,0.00021678526220065777,-0.02619047619047632,0.00016665309916978608,-0.02857142857142858,0.00025652042385040013,-0.01666666666666672,6.801071555385463e-05,-0.014285714285714457,7.596797823958542e-05,-0.011904761904761862,8.809201310893087e-05,-0.00952380952380949,7.407812116748574e-05,-0.0071428571428572285,4.3532405336152964e-05,1.0,1.0,1.0,0.0,0.0
42,13:21:00,1,-0.01904761904761909,2533336.0,-0.017857142857142905,-0.01904761904761909,2.9859247463558356e-05,-0.021428571428571352,9.539697566572195e-05,-0.023809523809523947,0.00021671341981454608,-0.02619047619047632,0.00016659562526089673,-0.02857142857142858,0.000256267538651287,-0.01666666666666672,6.88124765828611e-05,-0.014285714285714457,7.596797823958542e-05,-0.011904761904761862,8.823569788115426e-05,-0.00952380952380949,7.407812116748574e-05,-0.0071428571428572285,4.3532405336152964e-05,1.0,1.0,1.0,0.0,0.0
42,13:21:03,1,-0.01904761904761909,260200.0,-0.017857142857142905,-0.01904761904761909,4.0379846485754234e-05,-0.021428571428571352,9.507512177594158e-05,-0.023809523809523947,0.00021573061597253816,-0.02619047619047632,0.00016658125678367438,-0.02857142857142858,0.0002566497401454012,-0.01666666666666672,6.79877259902989e-05,-0.014285714285714457,7.605418910291944e-05,-0.011904761904761862,8.833627722171062e-05,-0.00952380952380949,7.417870050804211e-05,-0.0071428571428572285,4.3532405336152964e-05,1.0,1.0,1.0,0.0,0.0
42,13:21:06,1,-0.01904761904761909,125464.0,-0.017857142857142905,-0.01904761904761909,4.642322800546959e-05,-0.021428571428571352,9.564411347394616e-05,-0.023809523809523947,0.00021570475271353795,-0.02619047619047632,0.00016662723591078586,-0.02857142857142858,0.00025671583514062394,-0.01666666666666672,6.75969034098513e-05,-0.014285714285714457,7.605418910291944e-05,-0.011904761904761862,8.83650141761553e-05,-0.00952380952380949,7.417870050804211e-05,-0.0071428571428572285,4.3561142290597645e-05,1.0,1.0,1.0,0.0,0.0
42,13:21:09,1,-0.01666666666666672,179761.0,-0.017857142857142905,-0.01904761904761909,4.7411779238366443e-05,-0.021428571428571352,9.595159888650421e-05,-0.023809523809523947,0.00021569613162720455,-0.02619047619047632,0.00016664735177889713,-0.02857142857142858,0.0002567790564404022,-0.01666666666666672,7.066026275365376e-05,-0.014285714285714457,7.608292605736411e-05,-0.011904761904761862,8.83650141761553e-05,-0.00952380952380949,7.417870050804211e-05,-0.0071428571428572285,4.3561142290597645e-05,1.0,1.0,1.0,0.0,0.0
42,13:21:12,1,-0.01904761904761909,477603.0,-0.017857142857142905,-0.01904761904761909,4.5158802009903845e-05,-0.021428571428571352,9.58538932413923e-05,-0.023809523809523947,0.00021579383727231646,-0.02619047619047632,0.00016664735177889713,-0.02857142857142858,0.0002569227412126256,-0.01666666666666672,7.07895790486548e-05,-0.014285714285714457,7.608292605736411e-05,-0.011904761904761862,8.835926678526636e-05,-0.00952380952380949,7.423617441693146e-05,-0.0071428571428572285,4.371919554004336e-05,1.0,1.0,1.0,0.0,0.0
42,13:21:15,1,-0.01904761904761909,54891.0,-0.017857142857142905,-0.01904761904761909,4.544042416346167e-05,-0.021428571428571352,9.62619579945067e-05,-0.023809523809523947,0.00021588579552653942,-0.02619047619047632,0.00016664735177889713,-0.02857142857142858,0.0002569600992534037,-0.01666666666666672,7.116603315188006e-05,-0.014285714285714457,7.608292605736411e-05,-0.011904761904761862,8.833052983082169e-05,-0.00952380952380949,7.452354396137822e-05,-0.0071428571428572285,4.371919554004336e-05,1.0,1.0,1.0,0.0,0.0
42,13:21:18,1,-0.01666666666666672,131586.0,-0.017857142857142905,-0.01904761904761909,6.009627093024643e-05,-0.021428571428571352,9.637403211684093e-05,-0.023809523809523947,0.00021663583003754547,-0.02619047619047632,0.00016645481418411782,-0.02857142857142858,0.0002570032046850707,-0.01666666666666672,7.164594029110615e-05,-0.014285714285714457,7.608292605736411e-05,-0.011904761904761862,8.838513004426658e-05,-0.00952380952380949,7.452354396137822e-05,-0.0071428571428572285,4.3805406403377387e-05,1.0,1.0,1.0,0.0,0.0
42,13:21:21,1,-0.01904761904761909,91880.0,-0.017857142857142905,-0.01904761904761909,6.117390672192177e-05,-0.021428571428571352,9.642575863484136e-05,-0.023809523809523947,0.00021715022152210515,-0.02619047619047632,0.00016651228809300717,-0.02857142857142858,0.00025741414313362954,-0.01666666666666672,7.180686723599634e-05,-0.014285714285714457,7.611166301180879e-05,-0.011904761904761862,9.273877864263498e-05,-0.00952380952380949,7.452354396137822e-05,-0.0071428571428572285,4.400369138904565e-05,1.0,1.0,1.0,0.0,0.0
42,13:21:24,1,-0.01904761904761909,43672.0,-0.017857142857142905,-0.01904761904761909,6.161070842948085e-05,-0.021428571428571352,9.686256034240043e-05,-0.023809523809523947,0.00021726804303532832,-0.02619047619047632,0.00016643469831600653,-0.02857142857142858,0.00025758081746940866,-0.01666666666666672,5.3153710105957154e-05,-0.014285714285714457,7.609729453458646e-05,-0.011904761904761862,9.273877864263498e-05,-0.00952380952380949,7.452354396137822e-05,-0.0071428571428572285,4.400369138904565e-05,1.0,1.0,1.0,0.0,0.0
42,13:21:27,1,-0.01904761904761909,1271622.0,-0.017857142857142905,-0.01904761904761909,5.6328856202549405e-05,-0.021428571428571352,9.744017312673841e-05,-0.023809523809523947,0.00021730827477155088,-0.02619047619047632,0.00016655826722011865,-0.02857142857142858,0.00025786818701385543,-0.01666666666666672,5.117948133560791e-05,-0.014285714285714457,7.608215015959412e-05,-0.011904761904761862,9.273877864263498e-05,-0.00952380952380949,7.452354396137822e-05,-0.0071428571428572285,4.400369138904565e-05,1.0,1.0,1.0,0.0,0.0
42,13:21:30,1,-0.01666666666666672,98172.0,-0.017857142857142905,-0.01904761904761909,5.66133520515517e-05,-0.021428571428571352,9.643725341661923e-05,-0.023809523809523947,0.0002171645899993275,-0.02619047619047632,0.00016655826722011865,-0.02857142857142858,0.0002578710607092999,-0.01666666666666672,5.039208878382379e-05,-0.014285714285714457,7.603617103248263e-05,-0.011904761904761862,8.374698559689587e-05,-0.00952380952380949,7.435112223471017e-05,-0.0071428571428572285,4.400369138904565e-05,1.0,1.0,0.0,0.0,0.0
42,13:21:33,1,-0.01666666666666672,230925.0,-0.017857142857142905,-0.01904761904761909,5.749557655300325e-05,-0.021428571428571352,9.499465830349649e-05,-0.023809523809523947,0.000217296779989773,-0.02619047619047632,0.00016670195199234203,-0.02857142857142858,0.00025824176742163626,-0.01666666666666672,5.0219667057155736e-05,-0.014285714285714457,7.606490798692731e-05,-0.011904761904761862,8.368951168800652e-05,-0.00952380952380949,7.435112223471017e-05,-0.0071428571428572285,4.400369138904565e-05,1.0,1.0,0.0,0.0,0.0
42,13:21:36,1,-0.01666666666666672,47852.0,-0.017857142857142905,-0.01904761904761909,5.7774325011116605e-05,-0.021428571428571352,9.54458284882779e-05,-0.023809523809523947,0.0002174663280209966,-0.02619047619047632,0.00016670195199234203,-0.02857142857142858,0.00025823314633530284,-0.01666666666666672,3.463849035725242e-05,-0.014285714285714457,7.613675037303899e-05,-0.011904761904761862,8.374698559689587e-05,-0.00952380952380949,7.435112223471017e-05,-0.0071428571428572285,4.400656508449012e-05,1.0,1.0,0.0,0.0,0.0
42,13:21:39,1,-0.01666666666666672,247028.0,-0.017857142857142905,-0.01904761904761909,5.700417463199929e-05,-0.021428571428571352,9.41325496701562e-05,-0.023809523809523947,0.000217653118224887,-0.02619047619047632,0.00016681689981012072,-0.02857142857142858,0.0002584515471890824,-0.01666666666666672,3.5874179398373485e-05,-0.014285714285714457,7.613675037303899e-05,-0.011904761904761862,8.374698559689587e-05,-0.00952380952380949,7.454940722037842e-05,-0.0071428571428572285,4.3891617266711415e-05,1.0,1.0,0.0,0.0,0.0
42,13:21:42,1,-0.01904761904761909,162407.0,-0.017857142857142905,-0.01904761904761909,5.644955141121704e-05,-0.021428571428571352,9.464119376382698e-05,-0.023809523809523947,0.00021820199405478028,-0.02619047619047632,0.00016680827872378733,-0.02857142857142858,0.0002584572945799713,-0.01666666666666672,3.596613765259645e-05,-0.014285714285714457,7.511084109936406e-05,-0.011904761904761862,8.37699751604516e-05,-0.00952380952380949,7.454940722037842e-05,-0.0071428571428572285,4.3891617266711415e-05,1.0,1.0,0.0,0.0,0.0
42,13:21:45,1,-0.01904761904761909,127423.0,-0.017857142857142905,-0.01904761904761909,5.641506706588343e-05,-0.021428571428571352,9.473889940893887e-05,-0.023809523809523947,0.00021823073100922497,-0.02619047619047632,0.00016680827872378733,-0.02857142857142858,0.00025860097935219466,-0.01666666666666672,3.599487460704112e-05,-0.014285714285714457,7.511084109936406e-05,-0.011904761904761862,8.547982394990983e-05,-0.00952380952380949,7.419594268070891e-05,-0.0071428571428572285,4.3891617266711415e-05,1.0,1.0,0.0,0.0,0.0
42,13:21:48,1,-0.01904761904761909,8420383.0,-0.017857142857142905,-0.01904761904761909,3.613539831427559e-05,-0.021428571428571352,9.413542336560068e-05,-0.023809523809523947,0.00021779967669255482,-0.02619047619047632,0.00016680827872378733,-0.02857142857142858,0.00025861534782941703,-0.01666666666666672,9.086998575814326e-06,-0.014285714285714457,7.577753844248055e-05,-0.011904761904761862,8.513785419201818e-05,-0.00952380952380949,7.419594268070891e-05,-0.0071428571428572285,4.3891617266711415e-05,1.0,1.0,0.0,0.0,0.0
42,13:21:51,1,-0.01666666666666672,143530.0,-0.017857142857142905,-0.01904761904761909,3.5842281378939896e-05,-0.021428571428571352,9.425899226971278e-05,-0.023809523809523947,0.00021746058063010766,-0.02619047619047632,0.00016680827872378733,-0.02857142857142858,0.00025861534782941703,-0.01666666666666672,9.15309357103708e-06,-0.014285714285714457,7.611663450492773e-05,-0.011904761904761862,8.513785419201818e-05,-0.00952380952380949,7.419594268070891e-05,-0.0071428571428572285,4.3891617266711415e-05,1.0,1.0,0.0,0.0,0.0
42,13:21:54,1,-0.01666666666666672,231192.0,-0.017857142857142905,-0.01904761904761909,3.422726453914911e-05,-0.021428571428571352,9.46038357230489e-05,-0.023809523809523947,0.00021686859936854733,-0.02619047619047632,0.00016680827872378733,-0.02857142857142858,0.0002592188238727552,-0.01666666666666672,7.96913104791643e-06,-0.014285714285714457,7.611663450492773e-05,-0.011904761904761862,8.520394918724094e-05,-0.00952380952380949,7.407237377659681e-05,-0.0071428571428572285,4.9064269066753093e-05,1.0,1.0,0.0,0.0,0.0
42,13:21:57,1,-0.01666666666666672,368842.0,-0.017857142857142905,-0.01904761904761909,3.2997322888916975e-05,-0.021428571428571352,9.448601420982573e-05,-0.023809523809523947,0.00021731689585788427,-0.02619047619047632,0.0001659318016132247,-0.02857142857142858,0.0002592188238727552,-0.01666666666666672,9.97784416359928e-06,-0.014285714285714457,7.611663450492773e-05,-0.011904761904761862,8.546258177724303e-05,-0.00952380952380949,7.410398442648596e-05,-0.0071428571428572285,4.9064269066753093e-05,1.0,1.0,0.0,0.0,0.0
42,13:22:00,1,-0.01904761904761909,220707.0,-0.017857142857142905,-0.01904761904761909,3.251454205424642e-05,-0.021428571428571352,9.450038268704806e-05,-0.023809523809523947,0.0002176789814838872,-0.02619047619047632,0.00016598927552211406,-0.02857142857142858,0.00025924181343631094,-0.01666666666666672,1.4291261025745146e-05,-0.014285714285714457,7.618847689103942e-05,-0.011904761904761862,8.548844503624323e-05,-0.00952380952380949,7.417582681259764e-05,-0.0071428571428572285,4.8926331685418645e-05,1.0,0.0,0.0,0.0,0.0
42,13:22:03,1,-0.01904761904761909,454198.0,-0.017857142857142905,-0.01904761904761909,3.056905023834185e-05,-0.021428571428571352,9.364976883548566e-05,-0.023809523809523947,0.0002172881589034396,-0.02619047619047632,0.00016590881204966897,-0.02857142857142858,0.0002588653593330857,-0.01666666666666672,3.543591210613773e-05,-0.014285714285714457,7.619422428192835e-05,-0.011904761904761862,8.577581458069e-05,-0.00952380952380949,7.417582681259764e-05,-0.0071428571428572285,4.9912009222871035e-05,1.0,0.0,0.0,0.0,0.0
42,13:22:06,1,-0.01666666666666672,132137.0,-0.017857142857142905,-0.01904761904761909,3.1957045138019705e-05,-0.021428571428571352,9.353482101770695e-05,-0.023809523809523947,0.00021746058063010766,-0.02619047619047632,0.00016599502291300298,-0.02857142857142858,0.0002588739804194191,-0.01666666666666672,4.661746108056116e-05,-0.014285714285714457,7.619422428192835e-05,-0.011904761904761862,8.524130722801902e-05,-0.00952380952380949,7.417582681259764e-05,-0.0071428571428572285,4.9912009222871035e-05,1.0,0.0,0.0,0.0,0.0
42,13:22:09,1,-0.01904761904761909,268902.0,-0.017857142857142905,-0.01904761904761909,1.9614523204031368e-05,-0.021428571428571352,9.43020977013798e-05,-0.023809523809523947,0.00021831406817711453,-0.02619047619047632,0.00016599214921755854,-0.02857142857142858,0.0002588394960740855,-0.01666666666666672,4.722381081934382e-05,-0.014285714285714457,7.593389621161403e-05,-0.011904761904761862,8.524992831435243e-05,-0.00952380952380949,7.417582681259764e-05,-0.0071428571428572285,4.9912009222871035e-05,1.0,0.0,0.0,0.0,0.0
42,13:22:12,1,-0.01904761904761909,441813.0,-0.017857142857142905,-0.01904761904761909,1.9594407335920096e-05,-0.021428571428571352,9.465556224104931e-05,-0.023809523809523947,0.0002195669993909024,-0.02619047619047632,0.00016596341226311385,-0.02857142857142858,0.0002589084647647527,-0.01666666666666672,4.7876139685237966e-05,-0.014285714285714457,7.594251729794744e-05,-0.011904761904761862,8.485910573390484e-05,-0.00952380952380949,7.417582681259764e-05,-0.0071428571428572285,4.9912009222871035e-05,1.0,0.0,0.0,0.0,0.0
42,13:22:15,1,-0.01904761904761909,253593.0,-0.017857142857142905,-0.01904761904761909,1.860872979846771e-05,-0.021428571428571352,9.493143700371821e-05,-0.023809523809523947,0.00022063314040079987,-0.02619047619047632,0.00016561856880977773,-0.02857142857142858,0.00025919870800464393,-0.01666666666666672,4.9258387194026876e-05,-0.014285714285714457,6.631563755898098e-05,-0.011904761904761862,8.48964637746829e-05,-0.00952380952380949,7.416433203081977e-05,-0.0071428571428572285,4.9912009222871035e-05,0.0,0.0,0.0,0.0,0.0
42,13:22:18,1,-0.01666666666666672,2163115.0,-0.017857142857142905,-0.01904761904761909,4.536243206909882e-06,-0.021428571428571352,9.497454243538521e-05,-0.023809523809523947,0.00022091476255435772,-0.02619047619047632,0.00016598927552211406,-0.02857142857142858,0.0002592044553955329,-0.01666666666666672,4.899688090858033e-05,-0.014285714285714457,6.635586929520353e-05,-0.011904761904761862,8.4755652697904e-05,-0.00952380952380949,7.403214204037427e-05,-0.0071428571428572285,4.9912009222871035e-05,0.0,0.0,0.0,0.0,0.0
42,13:22:21,1,-0.01904761904761909,274824.0,-0.017857142857142905,-0.01904761904761909,3.128132439120759e-06,-0.021428571428571352,9.500040569438543e-05,-0.023809523809523947,0.00022104407884935876,-0.02619047619047632,0.00016598927552211406,-0.02857142857142858,0.00025919870800464393,-0.01666666666666672,3.0110954447539274e-05,-0.014285714285714457,6.640759581320394e-05,-0.011904761904761862,8.478438965234867e-05,-0.00952380952380949,7.403214204037427e-05,-0.0071428571428572285,5.0101673122205897e-05,0.0,0.0,0.0,0.0,0.0
42,13:22:24,1,-0.01904761904761909,223120.0,-0.017857142857142905,-0.01904761904761909,4.151168017351224e-06,-0.021428571428571352,9.573319803272466e-05,-0.023809523809523947,0.00022044635019690949,-0.02619047619047632,0.00016598927552211406,-0.02857142857142858,0.0002591613499638659,-0.01666666666666672,3.0096585970316934e-05,-0.014285714285714457,6.640759581320394e-05,-0.011904761904761862,8.478726334779314e-05,-0.00952380952380949,7.403214204037427e-05,-0.0071428571428572285,5.0147652249317375e-05,0.0,0.0,0.0,0.0,0.0
42,13:22:27,1,-0.01904761904761909,538423.0,-0.017857142857142905,-0.01904761904761909,1.9527910023335115e-06,-0.021428571428571352,9.584239845961443e-05,-0.023809523809523947,0.00022058428757824395,-0.02619047619047632,0.00016598927552211406,-0.02857142857142858,0.0002594056140766456,-0.01666666666666672,2.952759427231235e-05,-0.014285714285714457,6.646506972209329e-05,-0.011904761904761862,8.471254726623698e-05,-0.00952380952380949,7.411835290370829e-05,-0.0071428571428572285,5.0435021793764134e-05,0.0,0.0,0.0,0.0,0.0
42,13:22:30,1,-0.01904761904761909,303043.0,-0.020238095238095277,-0.021428571428571352,9.5348122843166e-05,-0.023809523809523947,0.00022052393997391013,-0.02619047619047632,0.000166216297462227,-0.02857142857142858,0.00025939411929486774,-0.030952380952380953,0.0002028361146175765,-0.01904761904761909,3.4061624733729992e-06,-0.01666666666666672,4.326385849686747e-05,-0.014285714285714457,6.646794341753776e-05,-0.011904761904761862,8.471254726623698e-05,-0.00952380952380949,7.414708985815296e-05,1.0,0.0,0.0,0.0,0.0
42,13:22:33,1,-0.01904761904761909,48193.0,-0.020238095238095277,-0.021428571428571352,9.551479717894512e-05,-0.023809523809523947,0.00022085728864546834,-0.02619047619047632,0.000166216297462227,-0.02857142857142858,0.0002597533312254262,-0.030952380952380953,0.0002028361146175765,-0.01904761904761909,4.6677147734942746e-06,-0.01666666666666672,4.33500693602015e-05,-0.014285714285714457,6.645070124487096e-05,-0.011904761904761862,8.474128422068165e-05,-0.00952380952380949,7.414708985815296e-05,1.0,0.0,0.0,0.0,0.0
42,13:22:36,1,-0.01904761904761909,695738.0,-0.020238095238095277,-0.021428571428571352,9.474464679982781e-05,-0.023809523809523947,0.0002211906373170266,-0.02619047619047632,0.00016594329639500258,-0.02857142857142858,0.0002598596579568715,-0.030952380952380953,0.00020282461983579862,-0.01904761904761909,4.940715840718696e-06,-0.01666666666666672,4.340754326909085e-05,-0.014285714285714457,6.630701647264757e-05,-0.011904761904761862,8.474128422068165e-05,-0.00952380952380949,7.414708985815296e-05,1.0,0.0,0.0,0.0,0.0
42,13:22:39,1,-0.01904761904761909,112668.0,-0.020238095238095277,-0.021428571428571352,9.3264693645927e-05,-0.023809523809523947,0.00022137168013002805,-0.02619047619047632,0.00016601801247655872,-0.02857142857142858,0.000259856784261427,-0.030952380952380953,0.00020283036722668754,-0.01904761904761909,6.57584854862076e-06,-0.01666666666666672,4.421217799354178e-05,-0.014285714285714457,6.620356343664675e-05,-0.011904761904761862,8.509474876035117e-05,-0.00952380952380949,7.428790093493188e-05,1.0,0.0,0.0,0.0,0.0
42,13:22:42,1,-0.021428571428571352,280628.0,-0.020238095238095277,-0.021428571428571352,9.222154219958526e-05,-0.023809523809523947,0.00022169353401980843,-0.02619047619047632,0.00016600077030389193,-0.02857142857142858,0.0002601671433694295,-0.030952380952380953,0.00020283036722668754,-0.01904761904761909,7.68796868562972e-06,-0.01666666666666672,4.446506319265493e-05,-0.014285714285714457,6.60828682279791e-05,-0.011904761904761862,8.512348571479585e-05,-0.00952380952380949,7.586555973394458e-05,0.0,0.0,0.0,0.0,0.0
42,13:22:45,1,-0.021428571428571352,111116.0,-0.020238095238095277,-0.021428571428571352,9.261523847547731e-05,-0.023809523809523947,0.0002210756894992479,-0.02619047619047632,0.00016600651769478085,-0.02857142857142858,0.0002599573636019834,-0.030952380952380953,0.00020284760939935436,-0.01904761904761909,3.811178235620818e-05,-0.01666666666666672,5.220392502460617e-05,-0.014285714285714457,6.605413127353443e-05,-0.011904761904761862,8.512348571479585e-05,-0.00952380952380949,7.586555973394458e-05,0.0,0.0,0.0,0.0,0.0
42,13:22:48,1,-0.021428571428571352,71548.0,-0.020238095238095277,-0.021428571428571352,9.223016328591866e-05,-0.023809523809523947,0.0002213055851348053,-0.02619047619047632,0.00016599789660844746,-0.02857142857142858,0.0002599573636019834,-0.030952380952380953,0.00020271541940890885,-0.01904761904761909,8.901354976406275e-05,-0.01666666666666672,5.233324131960721e-05,-0.014285714285714457,6.576676172908766e-05,-0.011904761904761862,8.512348571479585e-05,-0.00952380952380949,7.586555973394458e-05,0.0,0.0,0.0,0.0,0.0
42,13:22:51,1,-0.021428571428571352,128744.0,-0.020238095238095277,-0.021428571428571352,9.185658287813787e-05,-0.023809523809523947,0.00022500977856272403,-0.02619047619047632,0.00016602663356289214,-0.02857142857142858,0.0002599688583837613,-0.030952380952380953,0.0002026866824544642,-0.01904761904761909,0.00011770739877707171,-0.01666666666666672,4.908271819150657e-05,-0.014285714285714457,6.573802477464299e-05,-0.011904761904761862,8.517808592824074e-05,-0.00952380952380949,7.614143449661348e-05,0.0,0.0,0.0,0.0,0.0
42,13:22:54,1,-0.01904761904761909,990358.0,-0.020238095238095277,-0.021428571428571352,8.485051338452587e-05,-0.023809523809523947,0.0002247281564091662,-0.02619047619047632,0.00016627951876200527,-0.02857142857142858,0.00025994874251565,-0.030952380952380953,0.00020270967201801993,-0.01904761904761909,0.00011783671507207275,-0.01666666666666672,4.8950528201061066e-05,-0.014285714285714457,6.55339923980858e-05,-0.011904761904761862,8.38590597192301e-05,-0.00952380952380949,7.625638231439218e-05,0.0,0.0,0.0,0.0,0.0
42,13:22:57,1,-0.023809523809523947,33032095.0,-0.02261904761904754,-0.023809523809523947,6.671692039084644e-05,-0.02619047619047632,0.00016626515028478296,-0.02857142857142858,0.0002599803531655391,-0.030952380952380953,0.00020272404049524224,-0.03333333333333344,0.0003377540466746102,-0.021428571428571352,2.816221535578246e-07,-0.01904761904761909,0.000118170063743631,-0.01666666666666672,4.9131571014062525e-05,-0.014285714285714457,6.55512345707526e-05,-0.011904761904761862,8.38504386328967e-05,0.0,0.0,0.0,1.0,0.0
42,13:23:00,1,-0.02619047619047632,9702022.0,-0.025000000000000133,-0.02619047619047632,0.00016626227658933848,-0.02857142857142858,0.0002599832268609836,-0.030952380952380953,0.0002027297878861312,-0.03333333333333344,0.0003378689944923889,-0.03571428571428581,0.0004658576421980868,-0.023809523809523947,0.00010849803824923195,-0.021428571428571352,6.339372150495522e-06,-0.01904761904761909,0.00011866433936007943,-0.01666666666666672,3.941848041176204e-05,-0.014285714285714457,6.524374915819456e-05,1.0,1.0,1.0,2.0,1.0
42,13:23:03,1,-0.023809523809523947,637673.0,-0.025000000000000133,-0.02619047619047632,0.00016307822203686837,-0.02857142857142858,0.0002599975953382059,-0.030952380952380953,0.0002027297878861312,-0.03333333333333344,0.00033792646840127827,-0.03571428571428581,0.0004658576421980868,-0.023809523809523947,0.00010746925528011256,-0.021428571428571352,1.563865060879267e-05,-0.01904761904761909,0.0001246071415392384,-0.01666666666666672,3.911386869464848e-05,-0.014285714285714457,6.524374915819456e-05,1.0,1.0,1.0,2.0,1.0
42,13:23:06,1,-0.02619047619047632,629522.0,-0.025000000000000133,-0.02619047619047632,0.00016220461862175023,-0.02857142857142858,0.0002602361120600967,-0.030952380952380953,0.0002027355352770201,-0.03333333333333344,0.0003380931427370574,-0.03571428571428581,0.00046619673826053397,-0.023809523809523947,0.00010394610466519528,-0.021428571428571352,1.7520921124918946e-05,-0.01904761904761909,0.0001244663304624595,-0.01666666666666672,3.913111086731528e-05,-0.014285714285714457,6.524374915819456e-05,1.0,1.0,1.0,2.0,1.0
42,13:23:09,1,-0.023809523809523947,149457.0,-0.025000000000000133,-0.02619047619047632,0.000158411340635053,-0.02857142857142858,0.00026025335423276357,-0.030952380952380953,0.00020270679832257545,-0.03333333333333344,0.0003377109412429432,-0.03571428571428581,0.000466282949123868,-0.023809523809523947,0.00010366448251163746,-0.021428571428571352,1.6802497263802047e-05,-0.01904761904761909,0.00012421631895879082,-0.01666666666666672,4.42204254994674e-05,-0.014285714285714457,6.424082944807538e-05,1.0,1.0,2.0,2.0,1.0
42,13:23:12,1,-0.02619047619047632,141650.0,-0.025000000000000133,-0.02619047619047632,0.00015727335723904383,-0.02857142857142858,0.00026023036466920783,-0.030952380952380953,0.00020270679832257545,-0.03333333333333344,0.0003377109412429432,-0.03571428571428581,0.0004651650815959701,-0.023809523809523947,0.00010343746057152451,-0.021428571428571352,1.14143183054253e-05,-0.01904761904761909,0.00012423930852234656,-0.01666666666666672,4.393018225957617e-05,-0.014285714285714457,6.415461858474134e-05,1.0,1.0,2.0,2.0,1.0
42,13:23:15,1,-0.02619047619047632,267270.0,-0.025000000000000133,-0.02619047619047632,0.0001569658718264858,-0.02857142857142858,0.0002599544899065389,-0.030952380952380953,0.00020286485157202118,-0.03333333333333344,0.00033981736000373794,-0.03571428571428581,0.0004651995659413037,-0.023809523809523947,0.00010290870060974247,-0.021428571428571352,1.1701687849872059e-05,-0.01904761904761909,0.00012501807998779727,-0.01666666666666672,4.4142835722466774e-05,-0.014285714285714457,6.386724904029459e-05,1.0,1.0,1.0,2.0,1.0
42,13:23:18,1,-0.02619047619047632,967425.0,-0.025000000000000133,-0.02619047619047632,0.00015247715954222742,-0.02857142857142858,0.00026047462878198754,-0.030952380952380953,0.00020291945178546605,-0.03333333333333344,0.0003340699691148027,-0.03571428571428581,0.00046537486136341626,-0.023809523809523947,0.00010300065886396544,-0.021428571428571352,1.5411628668679728e-05,-0.01904761904761909,0.00010548844574719549,-0.01666666666666672,4.420030963135613e-05,-0.014285714285714457,6.386724904029459e-05,1.0,1.0,1.0,2.0,1.0
42,13:23:21,1,-0.023809523809523947,3354766.0,-0.025000000000000133,-0.02619047619047632,0.00012952495402726471,-0.02857142857142858,0.000261810897163665,-0.030952380952380953,0.0002089369700461812,-0.03333333333333344,0.00033425675931869316,-0.03571428571428581,0.0004655846411308624,-0.023809523809523947,0.0001029431849550761,-0.021428571428571352,2.7765645384445934e-05,-0.01904761904761909,0.00010570972029641949,-0.01666666666666672,4.3769255314685986e-05,-0.014285714285714457,6.386724904029459e-05,1.0,1.0,1.0,2.0,1.0
42,13:23:24,1,-0.02619047619047632,436453.0,-0.025000000000000133,-0.02619047619047632,0.0001273524402712472,-0.02857142857142858,0.0002620781508400005,-0.030952380952380953,0.000209089275904738,-0.03333333333333344,0.0003342711277959155,-0.03571428571428581,0.00046565935721241855,-0.023809523809523947,0.00011178554583770289,-0.021428571428571352,2.7774266470779336e-05,-0.01904761904761909,0.0001057528257280865,-0.01666666666666672,4.322325318023714e-05,-0.014285714285714457,6.417473445285262e-05,1.0,1.0,2.0,2.0,1.0
42,13:23:27,1,-0.02619047619047632,451206.0,-0.025000000000000133,-0.02619047619047632,0.0001254471801915652,-0.02857142857142858,0.00026487425650746746,-0.030952380952380953,0.00020798290315861796,-0.03333333333333344,0.0003347654034123639,-0.03571428571428581,0.00046575993655297487,-0.023809523809523947,0.00011206429429581625,-0.021428571428571352,2.7774266470779336e-05,-0.01904761904761909,0.00010731898974532135,-0.01666666666666672,4.322037948479267e-05,-0.014285714285714457,6.417473445285262e-05,1.0,1.0,2.0,2.0,1.0
42,13:23:30,1,-0.02619047619047632,3241093.0,-0.025000000000000133,-0.02619047619047632,0.00010575374531062874,-0.02857142857142858,0.0002651098995339138,-0.030952380952380953,0.00020798290315861796,-0.03333333333333344,0.0003354838272734808,-0.03571428571428581,0.00046592948458419847,-0.023809523809523947,0.0001122625792814845,-0.021428571428571352,2.7630581698555957e-05,-0.01904761904761909,0.00010731898974532135,-0.01666666666666672,4.322037948479267e-05,-0.014285714285714457,6.42034714072973e-05,1.0,1.0,2.0,2.0,1.0
42,13:23:33,1,-0.02619047619047632,487855.0,-0.025000000000000133,-0.02619047619047632,0.00010481117320484337,-0.02857142857142858,0.0002653081845195821,-0.030952380952380953,0.00020812658793084135,-0.03333333333333344,0.00033550681683703655,-0.03571428571428581,0.0004655559041764177,-0.023809523809523947,0.00011167921910625759,-0.021428571428571352,1.8730746907039803e-05,-0.01904761904761909,0.00010711208367331968,-0.01666666666666672,4.2933009940345913e-05,-0.014285714285714457,6.42034714072973e-05,1.0,1.0,2.0,2.0,1.0
42,13:23:36,1,-0.023809523809523947,1668829.0,-0.025000000000000133,-0.02619047619047632,9.301752710074834e-05,-0.02857142857142858,0.00026616741945747785,-0.030952380952380953,0.00020853177898851128,-0.03333333333333344,0.00033543497445092486,-0.03571428571428581,0.00046570533633953,-0.023809523809523947,0.000111509671075034,-0.021428571428571352,2.031702679238592e-05,-0.01904761904761909,0.0001044933137517308,-0.01666666666666672,4.433824701269057e-05,-0.014285714285714457,6.42034714072973e-05,1.0,1.0,2.0,2.0,1.0
42,13:23:39,1,-0.023809523809523947,228273.0,-0.025000000000000133,-0.02619047619047632,9.066109683628491e-05,-0.02857142857142858,0.00026616741945747785,-0.030952380952380953,0.00020864672680628998,-0.03333333333333344,0.00033538324793292443,-0.03571428571428581,0.0004658633895889757,-0.023809523809523947,0.00011220797906803963,-0.021428571428571352,2.1449262797506152e-05,-0.01904761904761909,0.0001044933137517308,-0.01666666666666672,4.4088235509021886e-05,-0.014285714285714457,6.42034714072973e-05,1.0,2.0,2.0,1.0,1.0
42,13:23:42,1,-0.02619047619047632,107591.0,-0.025000000000000133,-0.02619047619047632,9.116399353906674e-05,-0.02857142857142858,0.00026685135897326113,-0.030952380952380953,0.00020929330828129518,-0.03333333333333344,0.0003354407218418138,-0.03571428571428581,0.00046576281024841935,-0.023809523809523947,0.00011257006469404254,-0.021428571428571352,2.169065321484143e-05,-0.01904761904761909,0.00010503069479984624,-0.01666666666666672,4.420605702224506e-05,-0.014285714285714457,6.429255596607579e-05,1.0,2.0,2.0,1.0,1.0
42,13:23:45,1,-0.023809523809523947,665197.0,-0.025000000000000133,-0.02619047619047632,8.69023031949213e-05,-0.02857142857142858,0.00026684561158237224,-0.030952380952380953,0.00020955481456674173,-0.03333333333333344,0.00033586315507215053,-0.03571428571428581,0.00046605592718375506,-0.023809523809523947,0.00011370230069916277,-0.021428571428571352,2.2251023826512612e-05,-0.01904761904761909,0.00010503069479984624,-0.01666666666666672,4.4479058089469486e-05,-0.014285714285714457,6.429255596607579e-05,1.0,1.0,2.0,1.0,1.0
42,13:23:48,1,-0.023809523809523947,1057285.0,-0.025000000000000133,-0.02619047619047632,8.249118068766353e-05,-0.02857142857142858,0.00026743759284393256,-0.030952380952380953,0.00020999448996974527,-0.03333333333333344,0.0003359263763719288,-0.03571428571428581,0.000466504223673092,-0.023809523809523947,0.00011383736438505276,-0.021428571428571352,2.2452182507625343e-05,-0.01904761904761909,0.00010509391609962452,-0.01666666666666672,4.4479058089469486e-05,-0.014285714285714457,6.433853509318727e-05,1.0,1.0,2.0,1.0,1.0
42,13:23:51,1,-0.023809523809523947,2278752.0,-0.025000000000000133,-0.02619047619047632,8.150262945476668e-05,-0.02857142857142858,0.0002684864916811632,-0.030952380952380953,0.00021160950680953607,-0.03333333333333344,0.00033626834612982047,-0.03571428571428581,0.000466504223673092,-0.023809523809523947,0.00010199486545840178,-0.021428571428571352,2.2748173138405505e-05,-0.01904761904761909,0.00010507954762240219,-0.01666666666666672,4.4479058089469486e-05,-0.014285714285714457,6.462590463763403e-05,1.0,1.0,2.0,1.0,1.0
42,13:23:54,1,-0.023809523809523947,351010.0,-0.025000000000000133,-0.02619047619047632,8.254865459655288e-05,-0.02857142857142858,0.00026972218072228427,-0.030952380952380953,0.00021190262374487176,-0.03333333333333344,0.0003363976624248215,-0.03571428571428581,0.00046667664539976007,-0.023809523809523947,0.00010226211913473726,-0.021428571428571352,2.290047899696229e-05,-0.01904761904761909,0.00010513702153129154,-0.01666666666666672,4.4479058089469486e-05,-0.014285714285714457,6.462590463763403e-05,2.0,2.0,2.0,1.0,1.0
42,13:23:57,1,-0.02619047619047632,4516612.0,-0.025000000000000133,-0.02619047619047632,8.344237387978231e-05,-0.02857142857142858,0.00026938021096439266,-0.030952380952380953,0.00021348028254388447,-0.03333333333333344,0.00033638616764304364,-0.03571428571428581,0.000467260005574987,-0.023809523809523947,7.291019386494522e-05,-0.021428571428571352,2.310163767807502e-05,-0.01904761904761909,0.00010444733462461933,-0.01666666666666672,4.4777922415694115e-05,-0.014285714285714457,6.456555703330021e-05,2.0,2.0,2.0,1.0,1.0
42,13:24:00,1,-0.023809523809523947,305649.0,-0.025000000000000133,-0.02619047619047632,8.929896519560727e-05,-0.02857142857142858,0.00027435745147421053,-0.030952380952380953,0.00021349177732566234,-0.03333333333333344,0.00033682871674149163,-0.03571428571428581,0.0004673404690474321,-0.023809523809523947,7.395621900673143e-05,-0.021428571428571352,2.3184974845964583e-05,-0.01904761904761909,0.00010473470416906608,-0.01666666666666672,4.479229089291645e-05,-0.014285714285714457,6.456555703330021e-05,1.0,2.0,2.0,1.0,1.0
42,13:24:03,1,-0.023809523809523947,4424401.0,-0.025000000000000133,-0.02619047619047632,9.2478795415774e-05,-0.02857142857142858,0.00027454998906898987,-0.030952380952380953,0.00021473896114856128,-0.03333333333333344,0.00033534014250125743,-0.03571428571428581,0.000469829089302341,-0.023809523809523947,4.5058337617165264e-05,-0.021428571428571352,2.4363189978196298e-05,-0.01904761904761909,0.00010544450694384957,-0.01666666666666672,4.479229089291645e-05,-0.014285714285714457,6.454256746974447e-05,1.0,2.0,2.0,1.0,1.0
42,13:24:06,1,-0.023809523809523947,1656731.0,-0.025000000000000133,-0.02619047619047632,0.00010570354185121388,-0.02857142857142858,0.00027487759034965916,-0.030952380952380953,0.00021510679416545314,-0.03333333333333344,0.000335730965081705,-0.03571428571428581,0.0004710389150844619,-0.023809523809523947,3.9960401898679745e-05,-0.021428571428571352,2.443215866886352e-05,-0.01904761904761909,7.673628945361827e-05,-0.01666666666666672,4.479229089291645e-05,-0.014285714285714457,6.454256746974447e-05,1.0,2.0,2.0,1.0,1.0
42,13:24:09,1,-0.023809523809523947,6166579.0,-0.02261904761904754,-0.023809523809523947,1.4725390196540865e-06,-0.02619047619047632,0.000105028223421764,-0.02857142857142858,0.00027553279291099776,-0.030952380952380953,0.00021516426807434248,-0.03333333333333344,0.0003359120078947065,-0.021428571428571352,2.487183407186706e-05,-0.01904761904761909,7.67420368445072e-05,-0.01666666666666672,4.479229089291645e-05,-0.014285714285714457,6.46287783330785e-05,-0.011904761904761862,8.656608082791859e-05,1.0,1.0,1.0,0.0,0.0
42,13:24:12,1,-0.02619047619047632,259933.0,-0.02261904761904754,-0.023809523809523947,2.2414824466847265e-07,-0.02619047619047632,0.00010839740143476671,-0.02857142857142858,0.00027588051005977837,-0.030952380952380953,0.00021577349150856963,-0.03333333333333344,0.00033583441811770585,-0.021428571428571352,2.512759296642468e-05,-0.01904761904761909,4.8005082399831226e-05,-0.01666666666666672,4.5022186528473857e-05,-0.014285714285714457,6.564319282497556e-05,-0.011904761904761862,8.659481778236326e-05,1.0,1.0,1.0,0.0,0.0
42,13:24:15,1,-0.023809523809523947,472126.0,-0.025000000000000133,-0.02619047619047632,0.00010834567491676628,-0.02857142857142858,0.000276756987170341,-0.030952380952380953,0.0002160666084439053,-0.03333333333333344,0.00033627696721615384,-0.03571428571428581,0.0004712831791972416,-0.023809523809523947,5.057703982262972e-07,-0.021428571428571352,2.523391969786998e-05,-0.01904761904761909,4.849073692994625e-05,-0.01666666666666672,4.537565106814337e-05,-0.014285714285714457,6.564319282497556e-05,2.0,2.0,2.0,1.0,1.0
42,13:24:18,1,-0.023809523809523947,572692.0,-0.025000000000000133,-0.02619047619047632,0.00010761575627387151,-0.02857142857142858,0.00027700699867400964,-0.030952380952380953,0.00021604649257579405,-0.03333333333333344,0.0003365930737150453,-0.03571428571428581,0.00047139812701502034,-0.023809523809523947,1.1006253552310901e-06,-0.021428571428571352,2.5406341424538036e-05,-0.01904761904761909,4.849073692994625e-05,-0.01666666666666672,4.5254955859475736e-05,-0.014285714285714457,6.564319282497556e-05,2.0,2.0,2.0,1.0,1.0
42,13:24:21,1,-0.02619047619047632,297620.0,-0.025000000000000133,-0.02619047619047632,0.0001106417575768959,-0.02857142857142858,0.00027740069494990174,-0.030952380952380953,0.00021685112730024497,-0.03333333333333344,0.0003365930737150453,-0.03571428571428581,0.000471691243950356,-0.023809523809523947,5.948549570047928e-07,-0.021428571428571352,2.5777048136874353e-05,-0.01904761904761909,4.8686148220170046e-05,-0.01666666666666672,4.513138695536363e-05,-0.014285714285714457,6.459429398774489e-05,2.0,2.0,2.0,1.0,1.0
42,13:24:24,1,-0.023809523809523947,532741.0,-0.02261904761904754,-0.023809523809523947,4.195595348922693e-07,-0.02619047619047632,0.00011018196630578109,-0.02857142857142858,0.00027755587450390296,-0.030952380952380953,0.0002170264227223575,-0.03333333333333344,0.0003367252637054908,-0.021428571428571352,4.519748195058638e-05,-0.01904761904761909,4.871488517461472e-05,-0.01666666666666672,4.523771368680893e-05,-0.014285714285714457,6.531846523975072e-05,-0.011904761904761862,8.667815495025282e-05,1.0,1.0,1.0,0.0,0.0
42,13:24:27,1,-0.023809523809523947,232249.0,-0.02261904761904754,-0.023809523809523947,1.9541129022379666e-07,-0.02619047619047632,0.00011288324002358062,-0.02857142857142858,0.0002775702429811253,-0.030952380952380953,0.0002173885083483604,-0.03333333333333344,0.00033750403517094154,-0.021428571428571352,4.481815415191666e-05,-0.01904761904761909,4.86286743112807e-05,-0.01666666666666672,4.4849764801805806e-05,-0.014285714285714457,6.531846523975072e-05,-0.011904761904761862,8.673850255458663e-05,1.0,1.0,1.0,0.0,0.0
42,13:24:30,1,-0.023809523809523947,748586.0,-0.02261904761904754,-0.023809523809523947,1.043438815886185e-05,-0.02619047619047632,0.00011290622958713636,-0.02857142857142858,0.0002762742063356704,-0.030952380952380953,0.00021742011899824956,-0.03333333333333344,0.0003375959934251645,-0.021428571428571352,4.493597566513983e-05,-0.01904761904761909,4.8344178462278406e-05,-0.01666666666666672,4.491011240613962e-05,-0.014285714285714457,6.535294958508433e-05,-0.011904761904761862,8.673850255458663e-05,1.0,1.0,1.0,0.0,0.0
42,13:24:33,1,-0.023809523809523947,417806.0,-0.02261904761904754,-0.023809523809523947,1.6650191405245262e-05,-0.02619047619047632,0.00011267633395157896,-0.02857142857142858,0.00027617362699511403,-0.030952380952380953,0.00021802646873703222,-0.03333333333333344,0.0003375959934251645,-0.021428571428571352,4.5479104104144206e-05,-0.01904761904761909,4.764299677382831e-05,-0.01666666666666672,4.519748195058638e-05,-0.014285714285714457,6.420634510274175e-05,-0.011904761904761862,8.672700777280876e-05,1.0,1.0,1.0,0.0,0.0
42,13:24:36,1,-0.023809523809523947,158670.0,-0.02261904761904754,-0.023809523809523947,1.9949193775494065e-05,-0.02619047619047632,0.000113426368462585,-0.02857142857142858,0.0002760902898272245,-0.030952380952380953,0.00021826785915436748,-0.03333333333333344,0.00033760461451149787,-0.021428571428571352,4.5585430835589506e-05,-0.01904761904761909,4.821773586272183e-05,-0.01666666666666672,4.519748195058638e-05,-0.014285714285714457,6.419197662551942e-05,-0.011904761904761862,8.678735537714258e-05,1.0,1.0,1.0,0.0,0.0
42,13:24:39,1,-0.023809523809523947,245208.0,-0.02261904761904754,-0.023809523809523947,4.841314715294562e-05,-0.02619047619047632,0.0001215503054840949,-0.02857142857142858,0.00027659893392089523,-0.030952380952380953,0.0002216300828243946,-0.03333333333333344,0.00033783163645161084,-0.021428571428571352,4.559117822647844e-05,-0.01904761904761909,4.82464728171665e-05,-0.01666666666666672,4.548485149503314e-05,-0.014285714285714457,6.419197662551942e-05,-0.011904761904761862,8.304580390844577e-05,1.0,1.0,0.0,0.0,0.0
42,13:24:42,1,-0.023809523809523947,1691406.0,-0.02261904761904754,-0.023809523809523947,3.961101800654137e-05,-0.02619047619047632,0.00012197273871443163,-0.02857142857142858,0.0002771420623598996,-0.030952380952380953,0.00022162146173806117,-0.03333333333333344,0.00033801842665550123,-0.021428571428571352,3.3309003896823926e-05,-0.01904761904761909,4.8280957162500116e-05,-0.01666666666666672,4.568601017614587e-05,-0.014285714285714457,6.419197662551942e-05,-0.011904761904761862,8.300269847677876e-05,1.0,1.0,0.0,0.0,0.0
42,13:24:45,1,-0.021428571428571352,128427.0,-0.02261904761904754,-0.023809523809523947,3.9829418860320906e-05,-0.02619047619047632,0.00012300726907443996,-0.02857142857142858,0.0002781880875016858,-0.030952380952380953,0.00022221056930417704,-0.03333333333333344,0.0003381908483821693,-0.021428571428571352,3.3423951714602636e-05,-0.01904761904761909,4.859993735683602e-05,-0.01666666666666672,4.571474713059055e-05,-0.014285714285714457,6.419197662551942e-05,-0.011904761904761862,8.310327781733513e-05,1.0,1.0,0.0,0.0,0.0
42,13:24:48,1,-0.023809523809523947,264524.0,-0.02261904761904754,-0.023809523809523947,3.848740308775454e-05,-0.02619047619047632,0.0001264557036078011,-0.02857142857142858,0.00027812486620190755,-0.030952380952380953,0.00022223355886773278,-0.03333333333333344,0.0003382511959865031,-0.021428571428571352,3.3096350433933326e-05,-0.01904761904761909,4.8867191033171505e-05,-0.01666666666666672,4.587567407548073e-05,-0.014285714285714457,6.412588163029667e-05,-0.011904761904761862,8.29279823952226e-05,1.0,1.0,0.0,0.0,0.0
42,13:24:51,1,-0.023809523809523947,2358028.0,-0.02261904761904754,-0.023809523809523947,3.988976646465473e-05,-0.02619047619047632,0.00012637236643991154,-0.02857142857142858,0.0002764466280623385,-0.030952380952380953,0.00022252092841217955,-0.03333333333333344,0.0003385586813990611,-0.021428571428571352,1.8946274065374874e-05,-0.01904761904761909,4.972355227562285e-05,-0.01666666666666672,4.5979127111481566e-05,-0.014285714285714457,6.418335553918602e-05,-0.011904761904761862,7.95944956796402e-05,1.0,1.0,0.0,0.0,0.0
42,13:24:54,1,-0.023809523809523947,2444892.0,-0.02261904761904754,-0.023809523809523947,2.3891903925303612e-05,-0.02619047619047632,0.00012732643332747477,-0.02857142857142858,0.00027716505192345534,-0.030952380952380953,0.0002238370809257457,-0.03333333333333344,0.000338926514415953,-0.021428571428571352,1.947790772260138e-05,-0.01904761904761909,4.9260887309063565e-05,-0.01666666666666672,4.5979127111481566e-05,-0.014285714285714457,6.381839621773864e-05,-0.011904761904761862,7.960886415686252e-05,1.0,1.0,0.0,0.0,0.0
42,13:24:57,1,-0.023809523809523947,179210.0,-0.02261904761904754,-0.023809523809523947,2.440629540986331e-05,-0.02619047619047632,0.00012573727974668418,-0.02857142857142858,0.00027732597886834557,-0.030952380952380953,0.00022411870307930353,-0.03333333333333344,0.00033902134636562044,-0.021428571428571352,1.9805509003270686e-05,-0.01904761904761909,4.9260887309063565e-05,-0.01666666666666672,4.5979127111481566e-05,-0.014285714285714457,6.381839621773864e-05,-0.011904761904761862,7.960886415686252e-05,1.0,1.0,0.0,0.0,0.0
42,13:25:00,1,-0.023809523809523947,282146.0,-0.02261904761904754,-0.023809523809523947,2.4685043867976666e-05,-0.02619047619047632,0.00012847878520070628,-0.02857142857142858,0.0002766305445707844,-0.030952380952380953,0.00022422502981074883,-0.03333333333333344,0.0003390759465790653,-0.021428571428571352,2.6662146333770374e-05,-0.01904761904761909,4.923215035461889e-05,-0.01666666666666672,4.8315441507833725e-05,-0.014285714285714457,6.381839621773864e-05,-0.011904761904761862,7.975254892908591e-05,1.0,1.0,0.0,0.0,0.0
42,13:25:03,1,-0.021428571428571352,748283.0,-0.02261904761904754,-0.023809523809523947,3.7289072087411556e-05,-0.02619047619047632,0.00012877190213604197,-0.02857142857142858,0.0002770386093238988,-0.030952380952380953,0.00022440032523286135,-0.03333333333333344,0.00033937193720984547,-0.021428571428571352,2.7630581698555957e-05,-0.01904761904761909,4.9450551208398426e-05,-0.01666666666666672,5.2680584887980005e-05,-0.014285714285714457,6.382414360862757e-05,-0.011904761904761862,7.989910739675375e-05,1.0,1.0,0.0,0.0,0.0
42,13:25:06,1,-0.023809523809523947,489698.0,-0.02261904761904754,-0.023809523809523947,3.914547934453762e-05,-0.02619047619047632,0.0001295391788197148,-0.02857142857142858,0.000277156430837122,-0.030952380952380953,0.0002244577991417507,-0.03333333333333344,0.000339455274377735,-0.021428571428571352,2.726562237710857e-05,-0.01904761904761909,4.959423598062181e-05,-0.01666666666666672,5.375534698421089e-05,-0.014285714285714457,6.383563839040544e-05,-0.011904761904761862,7.992784435119842e-05,1.0,1.0,0.0,0.0,0.0
42,13:25:09,1,-0.023809523809523947,187799.0,-0.02261904761904754,-0.023809523809523947,3.976045016965369e-05,-0.02619047619047632,0.0001296311370739378,-0.02857142857142858,0.0002774524214679021,-0.030952380952380953,0.00022442618849186156,-0.03333333333333344,0.00033983460217640473,-0.021428571428571352,4.046163185810378e-05,-0.01904761904761909,4.866890604750324e-05,-0.01666666666666672,5.3807073502211304e-05,-0.014285714285714457,6.431554552963153e-05,-0.011904761904761862,8.024682454553434e-05,1.0,0.0,0.0,0.0,0.0
42,13:25:12,1,-0.023809523809523947,207972.0,-0.02261904761904754,-0.023809523809523947,4.128063505977705e-05,-0.02619047619047632,0.0001310133845827267,-0.02857142857142858,0.00028257334674994337,-0.030952380952380953,0.00022446929392352856,-0.03333333333333344,0.0003398374758718492,-0.021428571428571352,4.140707765933362e-05,-0.01904761904761909,4.880109603794875e-05,-0.01666666666666672,5.382144197943364e-05,-0.014285714285714457,6.443049334741024e-05,-0.011904761904761862,8.056580473987024e-05,1.0,0.0,0.0,0.0,0.0
42,13:25:15,1,-0.023809523809523947,316299.0,-0.02261904761904754,-0.023809523809523947,4.1539267649779133e-05,-0.02619047619047632,0.00013131799629984025,-0.02857142857142858,0.0002825388624046098,-0.030952380952380953,0.00022459286282764068,-0.03333333333333344,0.00033963919088618097,-0.021428571428571352,4.170272344666045e-05,-0.01904761904761909,4.8844201469615766e-05,-0.01666666666666672,5.41088115238804e-05,-0.014285714285714457,6.437301943852088e-05,-0.011904761904761862,8.071811059842702e-05,1.0,0.0,0.0,0.0,0.0
42,13:25:18,1,-0.023809523809523947,861980.0,-0.02261904761904754,-0.023809523809523947,3.6547658662738914e-05,-0.02619047619047632,0.0001306225620022791,-0.02857142857142858,0.00028267105239505527,-0.030952380952380953,0.00022468194738641916,-0.03333333333333344,0.00033961907501806965,-0.021428571428571352,4.303037074200448e-05,-0.01904761904761909,4.870051669739238e-05,-0.01666666666666672,5.4123180001102744e-05,-0.014285714285714457,6.437301943852088e-05,-0.011904761904761862,8.087616384787273e-05,1.0,0.0,0.0,0.0,0.0
42,13:25:21,1,-0.023809523809523947,1156703.0,-0.02261904761904754,-0.023809523809523947,2.9665158073239016e-05,-0.02619047619047632,0.00013090418415583692,-0.02857142857142858,0.0002849901246187406,-0.030952380952380953,0.000225184844089201,-0.03333333333333344,0.00033977425457207093,-0.021428571428571352,4.30993394326717e-05,-0.01904761904761909,4.8953401896505534e-05,-0.01666666666666672,5.466918213555158e-05,-0.014285714285714457,6.437301943852088e-05,-0.011904761904761862,8.096524840665123e-05,1.0,0.0,0.0,0.0,0.0
42,13:25:24,1,-0.023809523809523947,413376.0,-0.02261904761904754,-0.023809523809523947,2.86995964038979e-05,-0.02619047619047632,0.00013134385955884047,-0.02857142857142858,0.0002851021987410749,-0.030952380952380953,0.0002253285288614244,-0.03333333333333344,0.00033973114914040393,-0.021428571428571352,4.3185550296005725e-05,-0.01904761904761909,4.881259081972662e-05,-0.01666666666666672,5.593360813111733e-05,-0.014285714285714457,6.437301943852088e-05,-0.011904761904761862,8.096524840665123e-05,0.0,0.0,0.0,0.0,0.0
42,13:25:27,1,-0.023809523809523947,770416.0,-0.02261904761904754,-0.023809523809523947,2.338900722252178e-05,-0.02619047619047632,0.00013109959544606073,-0.02857142857142858,0.0002850562196139634,-0.030952380952380953,0.00022514461235297845,-0.03333333333333344,0.00033983172848096025,-0.021428571428571352,4.3378087890785054e-05,-0.01904761904761909,5.033564940529445e-05,-0.01666666666666672,6.638811215809045e-05,-0.014285714285714457,6.44075037838545e-05,-0.011904761904761862,8.116065969687502e-05,0.0,0.0,0.0,0.0,0.0
42,13:25:30,1,-0.023809523809523947,252560.0,-0.02261904761904754,-0.023809523809523947,2.2225160567512402e-05,-0.02619047619047632,0.00013145305998573024,-0.02857142857142858,0.0002844613646569586,-0.030952380952380953,0.00022532278147053544,-0.03333333333333344,0.0003399351815169611,-0.021428571428571352,5.8827074600242864e-05,-0.01904761904761909,5.0375881141516994e-05,-0.01666666666666672,6.673295561142656e-05,-0.014285714285714457,6.44075037838545e-05,-0.011904761904761862,8.113192274243035e-05,0.0,0.0,0.0,0.0,0.0
42,13:25:33,1,-0.021428571428571352,1407746.0,-0.02261904761904754,-0.023809523809523947,1.3943428929146789e-05,-0.02619047619047632,0.0001314386915085079,-0.02857142857142858,0.0002845217122612924,-0.030952380952380953,0.00022496069584453254,-0.03333333333333344,0.00033986908652173836,-0.021428571428571352,6.000241603703011e-05,-0.01904761904761909,5.0663250685963754e-05,-0.01666666666666672,6.681916647476058e-05,-0.014285714285714457,6.44075037838545e-05,-0.011904761904761862,8.11807755649863e-05,0.0,0.0,0.0,0.0,0.0
42,13:25:36,1,-0.023809523809523947,1284079.0,-0.02261904761904754,-0.023809523809523947,6.747695536199922e-06,-0.02619047619047632,0.00013170307148939892,-0.02857142857142858,0.0002842400901077346,-0.030952380952380953,0.00022514461235297845,-0.03333333333333344,0.00034002713977118406,-0.021428571428571352,8.781978793947646e-05,-0.01904761904761909,5.011724855151491e-05,-0.01666666666666672,6.693411429253929e-05,-0.014285714285714457,6.44075037838545e-05,-0.011904761904761862,8.111468056976355e-05,0.0,0.0,0.0,0.0,0.0
42,13:25:39,1,-0.02619047619047632,1047426.0,-0.025000000000000133,-0.02619047619047632,0.00012522001456668003,-0.02857142857142858,0.0002841854898942897,-0.030952380952380953,0.00022552681384709265,-0.03333333333333344,0.00033994092890785005,-0.03571428571428581,0.00047610524015305824,-0.023809523809523947,1.138242028599171e-06,-0.021428571428571352,8.800657814336685e-05,-0.01904761904761909,5.073796676751991e-05,-0.01666666666666672,6.693411429253929e-05,-0.014285714285714457,6.44075037838545e-05,1.0,1.0,1.0,1.0,0.0
42,13:25:42,1,-0.023809523809523947,520275.0,-0.025000000000000133,-0.02619047619047632,0.00012404754682533725,-0.02857142857142858,0.00028403031034028846,-0.030952380952380953,0.00022525381277986822,-0.03333333333333344,0.00033994092890785005,-0.03571428571428581,0.00047540405846460817,-0.023809523809523947,1.8911502350496817e-06,-0.021428571428571352,8.828820029692468e-05,-0.01904761904761909,5.068911394496396e-05,-0.01666666666666672,6.693411429253929e-05,-0.014285714285714457,6.44075037838545e-05,1.0,1.0,1.0,1.0,0.0
42,13:25:45,1,-0.023809523809523947,299355.0,-0.025000000000000133,-0.02619047619047632,0.0001255504895427938,-0.02857142857142858,0.00028405904729473315,-0.030952380952380953,0.00022554980341064838,-0.03333333333333344,0.0003396535593634033,-0.03571428571428581,0.00047386663140181796,-0.023809523809523947,2.2570262653438518e-05,-0.021428571428571352,8.891179220837415e-05,-0.01904761904761909,5.074371415840885e-05,-0.01666666666666672,6.696285124698397e-05,-0.014285714285714457,6.428680857518685e-05,1.0,1.0,1.0,1.0,0.0
42,13:25:48,1,-0.02619047619047632,153655.0,-0.025000000000000133,-0.02619047619047632,0.00012601602820479755,-0.02857142857142858,0.0002840791631628444,-0.030952380952380953,0.00022546646624275882,-0.03333333333333344,0.00033961907501806965,-0.03571428571428581,0.00047386663140181796,-0.023809523809523947,2.538935788446123e-05,-0.021428571428571352,9.030553449894094e-05,-0.01904761904761909,5.0887398930632224e-05,-0.01666666666666672,6.690825103353908e-05,-0.014285714285714457,6.418622923463049e-05,1.0,1.0,1.0,1.0,0.0
42,13:25:51,1,-0.023809523809523947,181126.0,-0.025000000000000133,-0.02619047619047632,0.00012736666506369732,-0.02857142857142858,0.0002839211099133987,-0.030952380952380953,0.0002262940905307655,-0.03333333333333344,0.0003391018098380655,-0.03571428571428581,0.0004739557159605965,-0.023809523809523947,2.534337875734975e-05,-0.021428571428571352,9.494655264175611e-05,-0.01904761904761909,5.1318453247302367e-05,-0.01666666666666672,6.77588648851015e-05,-0.014285714285714457,6.418622923463049e-05,1.0,1.0,1.0,1.0,0.0
42,13:25:54,1,-0.02619047619047632,267946.0,-0.025000000000000133,-0.02619047619047632,0.00012762817134914388,-0.02857142857142858,0.0002847889659376279,-0.030952380952380953,0.00022629696422620996,-0.03333333333333344,0.000339147788965177,-0.03571428571428581,0.0004740419268239305,-0.023809523809523947,2.8875150458600427e-05,-0.021428571428571352,9.650122187721307e-05,-0.01904761904761909,5.134719020174704e-05,-0.01666666666666672,6.770139097621215e-05,-0.014285714285714457,6.418622923463049e-05,1.0,1.0,1.0,1.0,0.0
42,13:25:57,1,-0.02619047619047632,455298.0,-0.025000000000000133,-0.02619047619047632,0.00012612810232713178,-0.02857142857142858,0.00027986345194581046,-0.030952380952380953,0.00022644639638932227,-0.03333333333333344,0.00033906157810184297,-0.03571428571428581,0.0004737861679293729,-0.023809523809523947,3.2194268696960505e-05,-0.021428571428571352,9.790645894955773e-05,-0.01904761904761909,5.123798977485727e-05,-0.01666666666666672,6.782495988032425e-05,-0.014285714285714457,6.418622923463049e-05,1.0,1.0,1.0,1.0,0.0
42,13:26:00,1,-0.023809523809523947,524177.0,-0.025000000000000133,-0.02619047619047632,0.00012398432552555895,-0.02857142857142858,0.00027934331307036183,-0.030952380952380953,0.00022644927008476674,-0.03333333333333344,0.00033906157810184297,-0.03571428571428581,0.00047519715239260647,-0.023809523809523947,4.4769559961950714e-05,-0.021428571428571352,9.848119803845125e-05,-0.01904761904761909,5.12092528204126e-05,-0.01666666666666672,6.783932835754658e-05,-0.014285714285714457,6.418622923463049e-05,1.0,1.0,1.0,1.0,0.0
42,13:26:03,1,-0.02619047619047632,1370825.0,-0.025000000000000133,-0.02619047619047632,0.00011785760683795404,-0.02857142857142858,0.0002796910302191424,-0.030952380952380953,0.00022749529522655295,-0.03333333333333344,0.0003391449152697325,-0.03571428571428581,0.0004750793308793833,-0.023809523809523947,4.703690566763565e-05,-0.021428571428571352,9.853867194734061e-05,-0.01904761904761909,5.1246610861190675e-05,-0.01666666666666672,6.786806531199127e-05,-0.014285714285714457,6.444486182463257e-05,1.0,1.0,1.0,0.0,0.0
42,13:26:06,1,-0.023809523809523947,5223705.0,-0.025000000000000133,-0.02619047619047632,9.727045267378817e-05,-0.02857142857142858,0.00028011921084036807,-0.030952380952380953,0.00022796658127944563,-0.03333333333333344,0.0003392023891786219,-0.03571428571428581,0.00047505921501127203,-0.023809523809523947,1.7972349942290362e-05,-0.021428571428571352,9.887776800978777e-05,-0.01904761904761909,5.027242810551616e-05,-0.01666666666666672,6.813244529288228e-05,-0.014285714285714457,6.444486182463257e-05,1.0,1.0,1.0,0.0,0.0
42,13:26:09,1,-0.023809523809523947,461879.0,-0.025000000000000133,-0.02619047619047632,9.530197129432786e-05,-0.02857142857142858,0.00028000713671803384,-0.030952380952380953,0.00022793784432500097,-0.03333333333333344,0.00033927423156473357,-0.03571428571428581,0.00047547590085071986,-0.023809523809523947,2.596697066879922e-05,-0.021428571428571352,9.70791795050044e-05,-0.01904761904761909,5.0258059628293824e-05,-0.01666666666666672,6.806347660221507e-05,-0.014285714285714457,6.432129292052046e-05,1.0,1.0,1.0,0.0,0.0
42,13:26:12,1,-0.02619047619047632,2029530.0,-0.025000000000000133,-0.02619047619047632,8.247666852566896e-05,-0.02857142857142858,0.00028162790094871353,-0.030952380952380953,0.00022847809906856087,-0.03333333333333344,0.00033916215744239934,-0.03571428571428581,0.00047569430170449936,-0.023809523809523947,2.9105046094157835e-05,-0.021428571428571352,9.712515863211588e-05,-0.01904761904761909,5.01890909376266e-05,-0.01666666666666672,6.835084614666182e-05,-0.014285714285714457,6.432129292052046e-05,1.0,1.0,1.0,0.0,0.0
42,13:26:15,1,-0.02619047619047632,4964595.0,-0.025000000000000133,-0.02619047619047632,7.984723719398111e-05,-0.02857142857142858,0.0002818606702797154,-0.030952380952380953,0.00022855856254100595,-0.03333333333333344,0.00033911617831528787,-0.03571428571428581,0.000476085124284947,-0.023809523809523947,2.0535341435302122e-05,-0.021428571428571352,9.818842594656888e-05,-0.01904761904761909,5.041323918229507e-05,-0.01666666666666672,6.82646352833278e-05,-0.014285714285714457,6.420059771185282e-05,1.0,1.0,1.0,0.0,0.0
42,13:26:18,1,-0.02619047619047632,434958.0,-0.025000000000000133,-0.02619047619047632,7.934434049119929e-05,-0.02857142857142858,0.0002818031963708261,-0.030952380952380953,0.00022862178384078425,-0.03333333333333344,0.0003390730728836208,-0.03571428571428581,0.0004765190522970616,-0.023809523809523947,2.3173393853323378e-05,-0.021428571428571352,9.819129964201336e-05,-0.01904761904761909,5.087015675796542e-05,-0.01666666666666672,6.82646352833278e-05,-0.014285714285714457,6.43442824840762e-05,1.0,1.0,1.0,0.0,0.0
42,13:26:21,1,-0.02619047619047632,372856.0,-0.025000000000000133,-0.02619047619047632,7.694480479506884e-05,-0.02857142857142858,0.00028340097103795003,-0.030952380952380953,0.00022840050929156025,-0.03333333333333344,0.0003393834319916233,-0.03571428571428581,0.00047661388424672903,-0.023809523809523947,2.5509708249675534e-05,-0.021428571428571352,9.661076714755619e-05,-0.01904761904761909,5.087015675796542e-05,-0.01666666666666672,6.81583085518825e-05,-0.014285714285714457,6.43442824840762e-05,1.0,1.0,1.0,0.0,1.0
42,13:26:24,1,-0.02619047619047632,231542.0,-0.025000000000000133,-0.02619047619047632,7.615166485239578e-05,-0.02857142857142858,0.0002839555942587323,-0.030952380952380953,0.00023130006799502805,-0.03333333333333344,0.00033938055829617884,-0.03571428571428581,0.0004771024124722885,-0.023809523809523947,2.6072952556791183e-05,-0.021428571428571352,9.661076714755619e-05,-0.01904761904761909,5.0694861335852895e-05,-0.01666666666666672,6.7669780326323e-05,-0.014285714285714457,6.424370314351984e-05,1.0,1.0,1.0,0.0,1.0
42,13:26:27,1,-0.02619047619047632,1471832.0,-0.025000000000000133,-0.02619047619047632,9.219263282341391e-05,-0.02857142857142858,0.00028419985837151206,-0.030952380952380953,0.00023136041559936187,-0.03333333333333344,0.0003396420645816254,-0.03571428571428581,0.0004775190983117363,-0.023809523809523947,2.0020949950742422e-05,-0.021428571428571352,9.677456778789083e-05,-0.01904761904761909,5.0651755904185884e-05,-0.01666666666666672,6.708642015109607e-05,-0.014285714285714457,6.424657683896431e-05,1.0,1.0,1.0,0.0,1.0
42,13:26:30,1,-0.02619047619047632,390257.0,-0.025000000000000133,-0.02619047619047632,9.103740725473794e-05,-0.02857142857142858,0.00028260208370438805,-0.030952380952380953,0.00023179721730692094,-0.03333333333333344,0.00033973114914040393,-0.03571428571428581,0.00047720873920373383,-0.023809523809523947,4.789866945752259e-05,-0.021428571428571352,9.692974734189209e-05,-0.01904761904761909,5.079831437185373e-05,-0.01666666666666672,6.736516860920943e-05,-0.014285714285714457,6.374655383162694e-05,1.0,1.0,1.0,0.0,1.0
42,13:26:33,1,-0.023809523809523947,448841.0,-0.025000000000000133,-0.02619047619047632,9.325877383331139e-05,-0.02857142857142858,0.0002838032884001755,-0.030952380952380953,0.00023167364840280885,-0.03333333333333344,0.00033985759173996047,-0.03571428571428581,0.00047730931854429015,-0.023809523809523947,4.927804327086704e-05,-0.021428571428571352,9.660789345211171e-05,-0.01904761904761909,5.094487283952158e-05,-0.01666666666666672,6.742838990898773e-05,-0.014285714285714457,6.374655383162694e-05,1.0,1.0,1.0,0.0,1.0
42,13:26:36,1,-0.02619047619047632,1694252.0,-0.025000000000000133,-0.02619047619047632,8.176686575088547e-05,-0.02857142857142858,0.0002850763354820747,-0.030952380952380953,0.00023177710143880968,-0.03333333333333344,0.00033988632869440515,-0.03571428571428581,0.00047728058158984547,-0.023809523809523947,5.164596831710834e-05,-0.021428571428571352,8.44061825949023e-05,-0.01904761904761909,5.103108370285561e-05,-0.01666666666666672,6.748011642698814e-05,-0.014285714285714457,6.374655383162694e-05,1.0,1.0,1.0,0.0,1.0
42,13:26:39,1,-0.02619047619047632,716540.0,-0.025000000000000133,-0.02619047619047632,8.072371430454373e-05,-0.02857142857142858,0.0002848895452781843,-0.030952380952380953,0.00023181158578414329,-0.03333333333333344,0.0003400587504210732,-0.03571428571428581,0.00047735529767140163,-0.023809523809523947,5.005106734542882e-05,-0.021428571428571352,8.46446993167931e-05,-0.01904761904761909,5.1174768475078983e-05,-0.01666666666666672,6.741976882265432e-05,-0.014285714285714457,6.385000686762778e-05,1.0,1.0,1.0,0.0,1.0
42,13:26:42,1,-0.02619047619047632,370565.0,-0.025000000000000133,-0.02619047619047632,7.168306843624866e-05,-0.02857142857142858,0.0002856711904390795,-0.030952380952380953,0.0002317656066570318,-0.03333333333333344,0.0003401478349798517,-0.03571428571428581,0.0004776972674292933,-0.023809523809523947,5.407711466312793e-05,-0.021428571428571352,8.448664606734738e-05,-0.01904761904761909,5.126097933841301e-05,-0.01666666666666672,6.741976882265432e-05,-0.014285714285714457,6.385000686762778e-05,1.0,1.0,1.0,0.0,1.0
42,13:26:45,1,-0.023809523809523947,1617489.0,-0.025000000000000133,-0.02619047619047632,6.145558634938849e-05,-0.02857142857142858,0.0002858982123791924,-0.030952380952380953,0.00023268231550381695,-0.03333333333333344,0.00034095246970430263,-0.03571428571428581,0.0004776282987386261,-0.023809523809523947,5.3804113595903505e-05,-0.021428571428571352,8.500678494279602e-05,-0.01904761904761909,5.1298337379191095e-05,-0.01666666666666672,6.736229491376497e-05,-0.014285714285714457,6.39362177309618e-05,1.0,1.0,1.0,0.0,1.0
42,13:26:48,1,-0.02619047619047632,601785.0,-0.025000000000000133,-0.02619047619047632,5.994976993648747e-05,-0.02857142857142858,0.0002869729744754233,-0.030952380952380953,0.00023284036875326268,-0.03333333333333344,0.0003408059112366348,-0.03571428571428581,0.00047797314219196217,-0.023809523809523947,5.579845823436402e-05,-0.021428571428571352,8.501540602912942e-05,-0.01904761904761909,5.1298337379191095e-05,-0.01666666666666672,6.773587532154576e-05,-0.014285714285714457,6.39362177309618e-05,1.0,1.0,1.0,0.0,1.0
42,13:26:51,1,-0.02619047619047632,494361.0,-0.025000000000000133,-0.02619047619047632,5.854004989924944e-05,-0.02857142857142858,0.00028722011228364747,-0.030952380952380953,0.0002329639376573748,-0.03333333333333344,0.0003407254477641897,-0.03571428571428581,0.00047824039586829767,-0.023809523809523947,5.5166245236581144e-05,-0.021428571428571352,8.471654170290479e-05,-0.01904761904761909,5.172939169586123e-05,-0.01666666666666672,6.71553888417633e-05,-0.014285714285714457,6.385000686762778e-05,1.0,1.0,1.0,0.0,1.0
42,13:26:54,1,-0.02619047619047632,313871.0,-0.025000000000000133,-0.02619047619047632,5.7425056066796015e-05,-0.02857142857142858,0.00028958803732988877,-0.030952380952380953,0.00023290646374848545,-0.03333333333333344,0.0003407139529824118,-0.03571428571428581,0.00047868581866219014,-0.023809523809523947,5.5261077186248575e-05,-0.021428571428571352,8.45728569306814e-05,-0.01904761904761909,5.179261299563952e-05,-0.01666666666666672,6.71553888417633e-05,-0.014285714285714457,6.385000686762778e-05,1.0,1.0,1.0,0.0,1.0
42,13:26:57,1,-0.023809523809523947,169348.0,-0.025000000000000133,-0.02619047619047632,6.213504290027841e-05,-0.02857142857142858,0.000289565047766333,-0.030952380952380953,0.00023297543243915267,-0.03333333333333344,0.0003407139529824118,-0.03571428571428581,0.00047872892409385714,-0.023809523809523947,5.608008038792184e-05,-0.021428571428571352,8.488321603868391e-05,-0.01904761904761909,5.181272886375079e-05,-0.01666666666666672,6.706917797842927e-05,-0.014285714285714457,6.382701730407203e-05,1.0,1.0,1.0,0.0,1.0
42,13:27:00,1,-0.02619047619047632,541091.0,-0.025000000000000133,-0.02619047619047632,6.035047802926403e-05,-0.02857142857142858,0.0002897834486201126,-0.030952380952380953,0.00023323406502915475,-0.03333333333333344,0.0003406737212461893,-0.03571428571428581,0.00047879501908907994,-0.023809523809523947,5.769509722771263e-05,-0.021428571428571352,7.940882621697314e-05,-0.01904761904761909,5.210009840819755e-05,-0.01666666666666672,6.706917797842927e-05,-0.014285714285714457,6.225510589594827e-05,1.0,1.0,1.0,0.0,1.0
42,13:27:03,1,-0.023809523809523947,4599306.0,-0.025000000000000133,-0.02619047619047632,6.141661903916151e-05,-0.02857142857142858,0.0002882460215573224,-0.030952380952380953,0.0002323403457459253,-0.03333333333333344,0.0003409840803541918,-0.03571428571428581,0.0004789904303793037,-0.023809523809523947,2.8909289960480703e-05,-0.021428571428571352,7.940882621697314e-05,-0.01904761904761909,5.210009840819755e-05,-0.01666666666666672,6.710653601920735e-05,-0.014285714285714457,6.159128224827625e-05,1.0,1.0,0.0,0.0,1.0
42,13:27:06,1,-0.023809523809523947,210230.0,-0.025000000000000133,-0.02619047619047632,6.119247079449304e-05,-0.02857142857142858,0.00028920870953121904,-0.030952380952380953,0.00023196389164270006,-0.03333333333333344,0.000341323176416639,-0.03571428571428581,0.0004791685994968607,-0.023809523809523947,3.0380622028048112e-05,-0.021428571428571352,7.940882621697314e-05,-0.01904761904761909,5.210009840819755e-05,-0.01666666666666672,6.710653601920735e-05,-0.014285714285714457,6.160565072549858e-05,1.0,1.0,0.0,0.0,1.0
42,13:27:09,1,-0.02619047619047632,2331156.0,-0.025000000000000133,-0.02619047619047632,6.267242394839385e-05,-0.02857142857142858,0.00029152490805945996,-0.030952380952380953,0.0002316765220982533,-0.03333333333333344,0.0003412369655533049,-0.03571428571428581,0.00047927779992375046,-0.023809523809523947,1.6175945446044777e-05,-0.021428571428571352,7.894903494585832e-05,-0.01904761904761909,5.114603152063431e-05,-0.01666666666666672,6.71381466690965e-05,-0.014285714285714457,6.168898789338814e-05,1.0,1.0,0.0,0.0,1.0
42,13:27:12,1,-0.02619047619047632,4514534.0,-0.025000000000000133,-0.02619047619047632,3.520564289017254e-05,-0.02857142857142858,0.0002913812232872366,-0.030952380952380953,0.00023221677684181322,-0.03333333333333344,0.0003412369655533049,-0.03571428571428581,0.00047951919034108575,-0.023809523809523947,1.5017846181924333e-05,-0.021428571428571352,7.75236820054024e-05,-0.01904761904761909,5.1258105642968545e-05,-0.01666666666666672,6.70576831966514e-05,-0.014285714285714457,6.168324050249921e-05,1.0,1.0,0.0,0.0,2.0
42,13:27:15,1,-0.02619047619047632,841280.0,-0.025000000000000133,-0.02619047619047632,3.9998966891544496e-05,-0.02857142857142858,0.0002912289174286798,-0.030952380952380953,0.00023228574553248044,-0.03333333333333344,0.0003412369655533049,-0.03571428571428581,0.00047950194816841896,-0.023809523809523947,1.4940256404923709e-05,-0.021428571428571352,7.766736677762577e-05,-0.01904761904761909,5.1554096273748706e-05,-0.01666666666666672,6.990551538211879e-05,-0.014285714285714457,6.168324050249921e-05,1.0,1.0,0.0,0.0,2.0
42,13:27:18,1,-0.02619047619047632,942468.0,-0.025000000000000133,-0.02619047619047632,7.169008025313317e-05,-0.02857142857142858,0.00029166859283168335,-0.030952380952380953,0.00023228574553248044,-0.03333333333333344,0.00034123409185786045,-0.03571428571428581,0.0004795105692547523,-0.023809523809523947,3.954771049589975e-05,-0.021428571428571352,7.647765686361619e-05,-0.01904761904761909,5.2309878175643685e-05,-0.01666666666666672,6.990551538211879e-05,-0.014285714285714457,6.171485115238836e-05,1.0,1.0,0.0,0.0,1.0
42,13:27:21,1,-0.02619047619047632,530472.0,-0.025000000000000133,-0.02619047619047632,8.328544137155993e-05,-0.02857142857142858,0.00029145306567334827,-0.030952380952380953,0.00023240069335025914,-0.03333333333333344,0.000341630661829197,-0.03571428571428581,0.00047952781142741917,-0.023809523809523947,3.925171986511959e-05,-0.021428571428571352,7.799496805829508e-05,-0.01904761904761909,5.251103685675642e-05,-0.01666666666666672,7.019288492656555e-05,-0.014285714285714457,6.166887202527688e-05,1.0,1.0,0.0,1.0,2.0
42,13:27:24,1,-0.02619047619047632,1298663.0,-0.025000000000000133,-0.02619047619047632,7.622189796905857e-05,-0.02857142857142858,0.0002908467159345656,-0.030952380952380953,0.00023267656811292803,-0.03333333333333344,0.00034145824010252895,-0.03571428571428581,0.00048083821655009636,-0.023809523809523947,4.249324832647904e-05,-0.021428571428571352,7.799784175373955e-05,-0.01904761904761909,5.251103685675642e-05,-0.01666666666666672,7.019288492656555e-05,-0.014285714285714457,6.166887202527688e-05,1.0,1.0,0.0,1.0,2.0
42,13:27:27,1,-0.02619047619047632,303299.0,-0.025000000000000133,-0.02619047619047632,7.760414547784749e-05,-0.02857142857142858,0.0002911053485245677,-0.030952380952380953,0.00023288634788037416,-0.03333333333333344,0.00034157318792030764,-0.03571428571428581,0.00048106523849020933,-0.023809523809523947,6.698288090423191e-05,-0.021428571428571352,7.769610373207046e-05,-0.01904761904761909,5.2539773811201096e-05,-0.01666666666666672,7.027909578989958e-05,-0.014285714285714457,6.166887202527688e-05,1.0,1.0,0.0,1.0,2.0
42,13:27:30,1,-0.02619047619047632,4956690.0,-0.025000000000000133,-0.02619047619047632,4.693032030360035e-05,-0.02857142857142858,0.0002919904467214637,-0.030952380952380953,0.0002339927206264942,-0.03333333333333344,0.0003415070929250849,-0.03571428571428581,0.00048223483253610766,-0.023809523809523947,7.215553270427359e-05,-0.021428571428571352,7.719033333384415e-05,-0.01904761904761909,5.256851076564577e-05,-0.01666666666666672,7.027909578989958e-05,-0.014285714285714457,6.166887202527688e-05,1.0,1.0,0.0,1.0,2.0
42,13:27:33,1,-0.02619047619047632,427059.0,-0.025000000000000133,-0.02619047619047632,3.380902690416129e-05,-0.02857142857142858,0.00029061969399445266,-0.030952380952380953,0.00023435767994794157,-0.03333333333333344,0.00034145536640708447,-0.03571428571428581,0.00048232391709488614,-0.023809523809523947,7.689713018764512e-05,-0.021428571428571352,7.698917465273142e-05,-0.01904761904761909,5.27696694467585e-05,-0.01666666666666672,7.027909578989958e-05,-0.014285714285714457,6.224648480961486e-05,1.0,0.0,0.0,1.0,2.0
42,13:27:36,1,-0.02619047619047632,694486.0,-0.025000000000000133,-0.02619047619047632,2.9176629847679522e-05,-0.02857142857142858,0.0002909702848386777,-0.030952380952380953,0.0002330875065614869,-0.03333333333333344,0.0003413404185893058,-0.03571428571428581,0.00048229518014044145,-0.023809523809523947,7.798913445654281e-05,-0.021428571428571352,7.698342726184249e-05,-0.01904761904761909,5.268633227886894e-05,-0.01666666666666672,7.042278056212296e-05,-0.014285714285714457,6.23039587185042e-05,1.0,0.0,0.0,1.0,2.0
42,13:27:39,1,-0.023809523809523947,884040.0,-0.025000000000000133,-0.02619047619047632,2.3957998920526365e-05,-0.02857142857142858,0.00029169445609068356,-0.030952380952380953,0.0002332484335063771,-0.03333333333333344,0.00034151284031597385,-0.03571428571428581,0.0004826026655529995,-0.023809523809523947,7.918459176144133e-05,-0.021428571428571352,6.605763718197668e-05,-0.01904761904761909,5.2743806187758295e-05,-0.01666666666666672,7.042278056212296e-05,-0.014285714285714457,6.23039587185042e-05,1.0,0.0,0.0,1.0,2.0
42,13:27:42,1,-0.02619047619047632,756681.0,-0.025000000000000133,-0.02619047619047632,1.9759529876159204e-05,-0.02857142857142858,0.000291918604335352,-0.030952380952380953,0.00023331165480615536,-0.03333333333333344,0.00034136915554375046,-0.03571428571428581,0.0004826256551165552,-0.023809523809523947,8.178241244324004e-05,-0.021428571428571352,6.582774154641927e-05,-0.01904761904761909,5.334440853565202e-05,-0.01666666666666672,7.042278056212296e-05,-0.014285714285714457,6.23039587185042e-05,1.0,0.0,0.0,1.0,2.0
42,13:27:45,1,-0.023809523809523947,1423759.0,-0.025000000000000133,-0.02619047619047632,3.063071974258013e-05,-0.02857142857142858,0.00029186400412190716,-0.030952380952380953,0.00023331165480615536,-0.03333333333333344,0.00034141513467086194,-0.03571428571428581,0.00048291589835644646,-0.023809523809523947,8.281694280324837e-05,-0.021428571428571352,6.582774154641927e-05,-0.01904761904761909,5.367200981632133e-05,-0.01666666666666672,7.042278056212296e-05,-0.014285714285714457,6.23039587185042e-05,1.0,0.0,0.0,1.0,2.0
42,13:27:48,1,-0.02619047619047632,557746.0,-0.025000000000000133,-0.02619047619047632,3.143535446703106e-05,-0.02857142857142858,0.0002918841199900184,-0.030952380952380953,0.0002342139951757182,-0.03333333333333344,0.00034141513467086194,-0.03571428571428581,0.00048324637333256023,-0.023809523809523947,8.293189062102708e-05,-0.021428571428571352,6.61352269589773e-05,-0.01904761904761909,5.383293676121152e-05,-0.01666666666666672,7.042278056212296e-05,-0.014285714285714457,6.237867480006037e-05,0.0,0.0,0.0,1.0,2.0
42,13:27:51,1,-0.02619047619047632,1453792.0,-0.025000000000000133,-0.02619047619047632,2.2638972711515737e-05,-0.02857142857142858,0.0002917950354312399,-0.030952380952380953,0.00023471689187850003,-0.03333333333333344,0.0003416364092200859,-0.03571428571428581,0.0004847406949636834,-0.023809523809523947,8.77108461451767e-05,-0.021428571428571352,6.628178542664515e-05,-0.01904761904761909,5.383293676121152e-05,-0.01666666666666672,7.041990686667849e-05,-0.014285714285714457,6.237867480006037e-05,0.0,0.0,0.0,1.0,2.0
42,13:27:54,1,-0.02619047619047632,1039717.0,-0.025000000000000133,-0.02619047619047632,1.735999418002876e-05,-0.02857142857142858,0.00029288991339558205,-0.030952380952380953,0.0002356336007252852,-0.03333333333333344,0.0003417484833424202,-0.03571428571428581,0.0004848240321315729,-0.023809523809523947,8.779418331306626e-05,-0.021428571428571352,6.628178542664515e-05,-0.01904761904761909,5.383293676121152e-05,-0.01666666666666672,7.041990686667849e-05,-0.014285714285714457,6.237867480006037e-05,0.0,0.0,0.0,1.0,2.0
42,13:27:57,1,-0.02619047619047632,1158302.0,-0.025000000000000133,-0.02619047619047632,1.1862614794762245e-05,-0.02857142857142858,0.00029295888208624927,-0.030952380952380953,0.0002368836582436286,-0.03333333333333344,0.00034174273595153124,-0.03571428571428581,0.0004849246114721293,-0.023809523809523947,9.080006874797937e-05,-0.021428571428571352,6.628178542664515e-05,-0.01904761904761909,5.339613505365244e-05,-0.01666666666666672,7.041990686667849e-05,-0.014285714285714457,6.233844306383783e-05,0.0,0.0,0.0,1.0,2.0
42,13:28:00,1,-0.02619047619047632,379925.0,-0.025000000000000133,-0.02619047619047632,9.004092462241436e-06,-0.02857142857142858,0.00029301635599513864,-0.030952380952380953,0.00023682331063929477,-0.03333333333333344,0.00034174273595153124,-0.03571428571428581,0.0004852263494937984,-0.023809523809523947,9.220817951576848e-05,-0.021428571428571352,6.617545869519985e-05,-0.01904761904761909,5.333004005842968e-05,-0.01666666666666672,7.041990686667849e-05,-0.014285714285714457,6.233844306383783e-05,0.0,0.0,0.0,1.0,2.0
42,13:28:03,1,-0.02619047619047632,1504864.0,-0.027380952380952395,-0.02857142857142858,0.0002930364718632499,-0.030952380952380953,0.00023677445781673882,-0.03333333333333344,0.00034130593424397214,-0.03571428571428581,0.0004852349705801318,-0.03809523809523818,0.00020443182022398046,-0.02619047619047632,7.054117681443502e-06,-0.023809523809523947,9.378296461933672e-05,-0.021428571428571352,6.544554005230508e-05,-0.01904761904761909,5.333004005842968e-05,-0.01666666666666672,6.08936064682684e-05,1.0,1.0,1.0,2.0,2.0
42,13:28:06,1,-0.02619047619047632,646621.0,-0.027380952380952395,-0.02857142857142858,0.00029307670359947244,-0.030952380952380953,0.00023813658945741646,-0.03333333333333344,0.0003415674405294187,-0.03571428571428581,0.00048521485471202054,-0.03809523809523818,0.0002044260728330915,-0.02619047619047632,1.1600303874591242e-05,-0.023809523809523947,9.512785408734757e-05,-0.021428571428571352,6.544554005230508e-05,-0.01904761904761909,5.333004005842968e-05,-0.01666666666666672,6.092521711815755e-05,1.0,1.0,1.0,2.0,2.0
42,13:28:09,1,-0.02619047619047632,371729.0,-0.027380952380952395,-0.02857142857142858,0.00029318303033091776,-0.030952380952380953,0.00023866247572375404,-0.03333333333333344,0.0003413921451073062,-0.03571428571428581,0.000485352792093355,-0.03809523809523818,0.0002044260728330915,-0.02619047619047632,1.3381995050161154e-05,-0.023809523809523947,9.467381020712168e-05,-0.021428571428571352,6.563233025619548e-05,-0.01904761904761909,2.5570142064872687e-05,-0.01666666666666672,6.052289975593208e-05,1.0,1.0,1.0,2.0,2.0
42,13:28:12,1,-0.02857142857142858,184602.0,-0.027380952380952395,-0.02857142857142858,0.0002971199930898384,-0.030952380952380953,0.0002386567283328651,-0.03333333333333344,0.0003416938831289753,-0.03571428571428581,0.0004858326992325811,-0.03809523809523818,0.00020444044131031385,-0.02619047619047632,1.624706940829535e-05,-0.023809523809523947,9.303005641288621e-05,-0.021428571428571352,6.563233025619548e-05,-0.01904761904761909,2.5601752714761832e-05,-0.01666666666666672,6.052289975593208e-05,1.0,1.0,1.0,2.0,2.0
42,13:28:15,1,-0.02619047619047632,443586.0,-0.027380952380952395,-0.02857142857142858,0.0002970653928763935,-0.030952380952380953,0.00023888087657753359,-0.03333333333333344,0.0003416938831289753,-0.03571428571428581,0.00048596488922302656,-0.03809523809523818,0.0002047105686820938,-0.02619047619047632,1.5063106885174698e-05,-0.023809523809523947,9.450713587134256e-05,-0.021428571428571352,6.568118307875142e-05,-0.01904761904761909,2.5515541851427804e-05,-0.01666666666666672,5.1275347815635356e-05,1.0,1.0,1.0,2.0,2.0
42,13:28:18,1,-0.02619047619047632,368237.0,-0.027380952380952395,-0.02857142857142858,0.0002952204804010453,-0.030952380952380953,0.00023886363440486677,-0.03333333333333344,0.00034096109079063605,-0.03571428571428581,0.00048594764705035977,-0.03809523809523818,0.0002046760843367602,-0.02619047619047632,1.689077718785609e-05,-0.023809523809523947,9.529452842312668e-05,-0.021428571428571352,6.558922482452846e-05,-0.01904761904761909,2.5475310115205257e-05,-0.01666666666666672,5.1151778911523244e-05,1.0,1.0,1.0,2.0,2.0
42,13:28:21,1,-0.02619047619047632,516673.0,-0.027380952380952395,-0.02857142857142858,0.0002933497046666969,-0.030952380952380953,0.00023804750489863797,-0.03333333333333344,0.00034087775362274647,-0.03571428571428581,0.0004860424790000272,-0.03809523809523818,0.00020525657081654265,-0.02619047619047632,1.5249897089065092e-05,-0.023809523809523947,9.467668390256616e-05,-0.021428571428571352,6.558922482452846e-05,-0.01904761904761909,2.5742563791540744e-05,-0.01666666666666672,5.1215000211301534e-05,1.0,1.0,2.0,2.0,2.0
42,13:28:24,1,-0.02619047619047632,1606343.0,-0.027380952380952395,-0.02857142857142858,0.00029395030701459063,-0.030952380952380953,0.00023810210511208285,-0.03333333333333344,0.00034077717428219014,-0.03571428571428581,0.00048572062511024686,-0.03809523809523818,0.0002051128860443193,-0.02619047619047632,4.9591937024266235e-06,-0.023809523809523947,9.46192099936768e-05,-0.021428571428571352,6.558060373819505e-05,-0.01904761904761909,2.5814406177652433e-05,-0.01666666666666672,5.1174768475078983e-05,1.0,1.0,2.0,2.0,2.0
42,13:28:27,1,-0.02619047619047632,818015.0,-0.027380952380952395,-0.02857142857142858,0.00029055072530378544,-0.030952380952380953,0.00023840959052464088,-0.03333333333333344,0.0003407426899368565,-0.03571428571428581,0.0004864562911440305,-0.03809523809523818,0.0002051128860443193,-0.02619047619047632,3.7781048747504407e-06,-0.023809523809523947,9.490657953812356e-05,-0.021428571428571352,6.55231298293057e-05,-0.01904761904761909,2.584314313209711e-05,-0.01666666666666672,5.123224238396834e-05,1.0,1.0,2.0,2.0,2.0
42,13:28:30,1,-0.02857142857142858,251597.0,-0.027380952380952395,-0.02857142857142858,0.00028895295063666144,-0.030952380952380953,0.000238398095742863,-0.03333333333333344,0.00034077717428219014,-0.03571428571428581,0.0004873758736862602,-0.03809523809523818,0.00020525657081654265,-0.02619047619047632,4.318359618310349e-06,-0.023809523809523947,9.323121509399896e-05,-0.021428571428571352,6.55231298293057e-05,-0.01904761904761909,2.5848890522986045e-05,-0.01666666666666672,5.1203505429523664e-05,1.0,1.0,2.0,2.0,2.0
42,13:28:33,1,-0.02619047619047632,890850.0,-0.027380952380952395,-0.02857142857142858,0.0002883092428571007,-0.030952380952380953,0.00023833487444308474,-0.03333333333333344,0.0003408116586275237,-0.03571428571428581,0.00048744771607237187,-0.03809523809523818,0.00020586004685988087,-0.02619047619047632,1.4188009148425426e-06,-0.023809523809523947,9.415367133167305e-05,-0.021428571428571352,6.55403720019725e-05,-0.01904761904761909,2.5848890522986045e-05,-0.01666666666666672,5.1203505429523664e-05,1.0,1.0,2.0,2.0,2.0
42,13:28:36,1,-0.02619047619047632,308034.0,-0.027380952380952395,-0.02857142857142858,0.0002876367981230953,-0.030952380952380953,0.00023861937029208703,-0.03333333333333344,0.0003414266294526398,-0.03571428571428581,0.00048761726410359547,-0.03809523809523818,0.0002063600698672182,-0.02619047619047632,2.7148375602974294e-06,-0.023809523809523947,9.224266386110209e-05,-0.021428571428571352,6.55403720019725e-05,-0.01904761904761909,2.5676468796317988e-05,-0.01666666666666672,5.156559105552658e-05,1.0,1.0,2.0,2.0,2.0
42,13:28:39,1,-0.02857142857142858,3639681.0,-0.027380952380952395,-0.02857142857142858,0.0002631988920633428,-0.030952380952380953,0.00023929468872153692,-0.03333333333333344,0.0003414611137979734,-0.03571428571428581,0.00048763737997170673,-0.03809523809523818,0.0002063543224763293,-0.02619047619047632,1.7781622775641046e-05,-0.023809523809523947,0.000100587875431836,-0.021428571428571352,6.57185411195295e-05,-0.01904761904761909,2.5676468796317988e-05,-0.01666666666666672,5.156559105552658e-05,1.0,1.0,2.0,2.0,2.0
42,13:28:42,1,-0.02619047619047632,1792987.0,-0.027380952380952395,-0.02857142857142858,0.00025197136396180793,-0.030952380952380953,0.0002400131125826538,-0.03333333333333344,0.0003409725855724139,-0.03571428571428581,0.0004857924674963585,-0.03809523809523818,0.00020637443834444055,-0.02619047619047632,1.9408134397209705e-05,-0.023809523809523947,0.00010056488586828026,-0.021428571428571352,6.505184377641302e-05,-0.01904761904761909,2.5705205750762665e-05,-0.01666666666666672,5.162306496441593e-05,1.0,1.0,2.0,2.0,2.0
42,13:28:45,1,-0.02619047619047632,445435.0,-0.027380952380952395,-0.02857142857142858,0.00025066383253457517,-0.030952380952380953,0.00023997288084643125,-0.03333333333333344,0.00034179446246953167,-0.03571428571428581,0.00048600512095924915,-0.03809523809523818,0.00020637443834444055,-0.02619047619047632,2.4313906101323678e-05,-0.023809523809523947,9.810212887237153e-05,-0.021428571428571352,6.49742539994124e-05,-0.01904761904761909,2.5486804896983126e-05,-0.01666666666666672,5.238746795264431e-05,1.0,1.0,2.0,2.0,2.0
42,13:28:48,1,-0.02619047619047632,801456.0,-0.027380952380952395,-0.02857142857142858,0.0002477700212219963,-0.030952380952380953,0.0002398809225922083,-0.03333333333333344,0.0003418346942057542,-0.03571428571428581,0.0004860338579136938,-0.03809523809523818,0.0002034001635594166,-0.02619047619047632,2.4446096091769188e-05,-0.023809523809523947,9.858778340248655e-05,-0.021428571428571352,6.498862247663473e-05,-0.01904761904761909,2.5584510542095024e-05,-0.01666666666666672,5.255988967931237e-05,1.0,1.0,2.0,2.0,2.0
42,13:28:51,1,-0.02857142857142858,241672.0,-0.027380952380952395,-0.02857142857142858,0.0002466607747804318,-0.030952380952380953,0.0002401108182277657,-0.03333333333333344,0.0003417915887740872,-0.03571428571428581,0.00048685573481081155,-0.03809523809523818,0.0002034001635594166,-0.02619047619047632,2.733990740434806e-05,-0.023809523809523947,9.792970714570347e-05,-0.021428571428571352,6.498862247663473e-05,-0.01904761904761909,2.5067245362090856e-05,-0.01666666666666672,5.2562763374756835e-05,1.0,2.0,2.0,2.0,2.0
42,13:28:54,1,-0.02619047619047632,1498910.0,-0.027380952380952395,-0.02857142857142858,0.00024354396470136226,-0.030952380952380953,0.00024012231300954358,-0.03333333333333344,0.0003399351815169611,-0.03571428571428581,0.0004866085970025873,-0.03809523809523818,0.0002034001635594166,-0.02619047619047632,2.2655783829865874e-05,-0.023809523809523947,9.777165389625776e-05,-0.021428571428571352,6.498862247663473e-05,-0.01904761904761909,2.5067245362090856e-05,-0.01666666666666672,5.247655251142281e-05,1.0,2.0,2.0,2.0,2.0
42,13:28:57,1,-0.02857142857142858,6579744.0,-0.027380952380952395,-0.02857142857142858,0.00020267426809014407,-0.030952380952380953,0.00023958493196142813,-0.03333333333333344,0.0003399006971716275,-0.03571428571428581,0.0004865568704845869,-0.03809523809523818,0.00020195756844629387,-0.02619047619047632,2.162987455619094e-05,-0.023809523809523947,9.837800363504041e-05,-0.021428571428571352,6.498862247663473e-05,-0.01904761904761909,2.5038508407646183e-05,-0.01666666666666672,5.2433447079755796e-05,1.0,2.0,2.0,2.0,2.0
42,13:29:00,1,-0.02857142857142858,484044.0,-0.027380952380952395,-0.02857142857142858,0.0002021656239964733,-0.030952380952380953,0.00023995851236920893,-0.03333333333333344,0.0003400156449894062,-0.03571428571428581,0.0004871890834823698,-0.03809523809523818,0.0002020696425686281,-0.02619047619047632,2.294890076520157e-05,-0.023809523809523947,9.797281257737049e-05,-0.021428571428571352,6.488804313607836e-05,-0.01904761904761909,2.5802911395874563e-05,-0.01666666666666672,5.2433447079755796e-05,1.0,2.0,2.0,2.0,2.0
42,13:29:03,1,-0.02857142857142858,322883.0,-0.027380952380952395,-0.02857142857142858,0.0002015650216485796,-0.030952380952380953,0.00024074590492099304,-0.03333333333333344,0.0003399524236896279,-0.03571428571428581,0.00048734138934092655,-0.03809523809523818,0.0002020868847412949,-0.02619047619047632,2.831983755091151e-05,-0.023809523809523947,9.866249948404271e-05,-0.021428571428571352,6.479033749096647e-05,-0.01904761904761909,2.660754612032549e-05,-0.01666666666666672,5.2433447079755796e-05,1.0,2.0,2.0,2.0,2.0
42,13:29:06,1,-0.02857142857142858,827293.0,-0.027380952380952395,-0.02857142857142858,0.00019436066716929933,-0.030952380952380953,0.00024069992579388156,-0.03333333333333344,0.00034035186735640894,-0.03571428571428581,0.00048713735696436937,-0.03809523809523818,0.00020208975843673938,-0.02619047619047632,2.9230799006807738e-05,-0.023809523809523947,9.911941705971306e-05,-0.021428571428571352,6.470412662763243e-05,-0.01904761904761909,2.660754612032549e-05,-0.01666666666666672,5.2433447079755796e-05,2.0,2.0,2.0,2.0,2.0
42,13:29:09,1,-0.02619047619047632,882165.0,-0.027380952380952395,-0.02857142857142858,0.00018923974188725804,-0.030952380952380953,0.0002417516983265567,-0.03333333333333344,0.00034038347800629805,-0.03571428571428581,0.00048730690499559296,-0.03809523809523818,0.00020214723234562873,-0.02619047619047632,3.074523650604216e-05,-0.023809523809523947,9.993554656594186e-05,-0.021428571428571352,6.347993236828924e-05,-0.01904761904761909,2.6593177643103153e-05,-0.01666666666666672,5.2433447079755796e-05,2.0,2.0,2.0,2.0,2.0
42,13:29:12,1,-0.02857142857142858,387749.0,-0.027380952380952395,-0.02857142857142858,0.000188090263709471,-0.030952380952380953,0.00024351327363401535,-0.03333333333333344,0.00034204160027775585,-0.03571428571428581,0.0004874994425903723,-0.03809523809523818,0.00020208113735040596,-0.02619047619047632,3.225967400527658e-05,-0.023809523809523947,0.00010072868650861492,-0.021428571428571352,6.347993236828924e-05,-0.01904761904761909,2.6903536751105652e-05,-0.01666666666666672,5.252540533397876e-05,2.0,2.0,2.0,2.0,2.0
42,13:29:15,1,-0.02857142857142858,326683.0,-0.027380952380952395,-0.02857142857142858,0.000186805721845794,-0.030952380952380953,0.00024938135973161815,-0.03333333333333344,0.0003426853080573166,-0.03571428571428581,0.00048753680063115036,-0.03809523809523818,0.00020205527409140574,-0.02619047619047632,3.207001010594172e-05,-0.023809523809523947,0.00010074305498583725,-0.021428571428571352,6.347993236828924e-05,-0.01904761904761909,2.8337510777894986e-05,-0.01666666666666672,5.252540533397876e-05,2.0,2.0,2.0,2.0,2.0
42,13:29:18,1,-0.02857142857142858,2319177.0,-0.027380952380952395,-0.02857142857142858,0.0001711440816734456,-0.030952380952380953,0.00024944745472684095,-0.03333333333333344,0.0003426163393666494,-0.03571428571428581,0.000486858608506256,-0.03809523809523818,0.0002020524003959613,-0.02619047619047632,3.337466783773001e-05,-0.023809523809523947,0.00010074880237672618,-0.021428571428571352,6.350866932273392e-05,-0.01904761904761909,2.8262794696338827e-05,-0.01666666666666672,5.407720087399126e-05,2.0,2.0,2.0,2.0,2.0
42,13:29:21,1,-0.02619047619047632,5683144.0,-0.025000000000000133,-0.02619047619047632,3.711708141506017e-05,-0.02857142857142858,0.00018388604727421492,-0.030952380952380953,0.00024916870626872755,-0.03333333333333344,0.0003429870460789857,-0.03571428571428581,0.0004869793037149236,-0.023809523809523947,0.0001002430319784999,-0.021428571428571352,6.302588848806336e-05,-0.01904761904761909,2.8636375104119615e-05,-0.01666666666666672,5.427548585965952e-05,-0.014285714285714457,6.173496702049962e-05,1.0,1.0,2.0,2.0,2.0
42,13:29:24,1,-0.02619047619047632,263805.0,-0.025000000000000133,-0.02619047619047632,3.655671080338899e-05,-0.02857142857142858,0.0001846332080897765,-0.030952380952380953,0.00024887846302883637,-0.03333333333333344,0.0003430675095514308,-0.03571428571428581,0.00048711149370536915,-0.023809523809523947,0.0001000303785156093,-0.021428571428571352,6.386788125329236e-05,-0.01904761904761909,2.8596143367897068e-05,-0.01666666666666672,5.427548585965952e-05,-0.014285714285714457,6.173496702049962e-05,1.0,1.0,2.0,2.0,2.0
42,13:29:27,1,-0.02619047619047632,2950033.0,-0.025000000000000133,-0.02619047619047632,1.9711108107919926e-05,-0.02857142857142858,0.00018472804003944393,-0.030952380952380953,0.0002490623795372823,-0.03333333333333344,0.0003436336275539909,-0.03571428571428581,0.00048706838827370215,-0.023809523809523947,9.953897659460532e-05,-0.021428571428571352,6.386788125329236e-05,-0.01904761904761909,2.8596143367897068e-05,-0.01666666666666672,5.119775803863473e-05,-0.014285714285714457,6.156254529383156e-05,1.0,1.0,2.0,2.0,2.0
42,13:29:30,1,-0.02619047619047632,377100.0,-0.025000000000000133,-0.02619047619047632,3.3312308646585065e-05,-0.02857142857142858,0.00018555853802289506,-0.030952380952380953,0.0002494761916812856,-0.03333333333333344,0.0003436623645084356,-0.03571428571428581,0.00048678389242469986,-0.023809523809523947,9.981772505271868e-05,-0.021428571428571352,6.408053471618298e-05,-0.01904761904761909,2.8596143367897068e-05,-0.01666666666666672,5.119775803863473e-05,-0.014285714285714457,6.124643879494014e-05,1.0,1.0,2.0,2.0,2.0
42,13:29:33,1,-0.023809523809523947,562791.0,-0.025000000000000133,-0.02619047619047632,3.0286307343560688e-05,-0.02857142857142858,0.0001662041992044058,-0.030952380952380953,0.000249927361866067,-0.03333333333333344,0.0003438175440624368,-0.03571428571428581,0.0004867637765565886,-0.023809523809523947,0.00010213392358095957,-0.021428571428571352,6.402593450273809e-05,-0.01904761904761909,2.8682354231231097e-05,-0.01666666666666672,5.119775803863473e-05,-0.014285714285714457,6.123494401316227e-05,1.0,1.0,2.0,2.0,2.0
42,13:29:36,1,-0.023809523809523947,538281.0,-0.025000000000000133,-0.02619047619047632,4.1077033737536514e-05,-0.02857142857142858,0.00016683928589763313,-0.030952380952380953,0.00025174641108241503,-0.03333333333333344,0.0003440043342663272,-0.03571428571428581,0.00048671492373403264,-0.023809523809523947,0.00010263394658829693,-0.021428571428571352,6.405467145718276e-05,-0.01904761904761909,2.8682354231231097e-05,-0.01666666666666672,5.119775803863473e-05,-0.014285714285714457,6.123494401316227e-05,1.0,1.0,2.0,2.0,2.0
42,13:29:39,1,-0.02619047619047632,502606.0,-0.025000000000000133,-0.02619047619047632,4.633589640091222e-05,-0.02857142857142858,0.00016905777878076212,-0.030952380952380953,0.00025184411672752693,-0.03333333333333344,0.0003438836390576596,-0.03571428571428581,0.0004869563141513679,-0.023809523809523947,0.00010219139748984892,-0.021428571428571352,6.416961927496146e-05,-0.01904761904761909,2.871396488112024e-05,-0.01666666666666672,5.119775803863473e-05,-0.014285714285714457,6.123494401316227e-05,1.0,1.0,2.0,2.0,2.0
42,13:29:42,1,-0.02619047619047632,346837.0,-0.025000000000000133,-0.02619047619047632,5.50202040340933e-05,-0.02857142857142858,0.0001703279521672168,-0.030952380952380953,0.00025349074421720684,-0.03333333333333344,0.000343892260143993,-0.03571428571428581,0.00048725230478214806,-0.023809523809523947,0.00010004187329738716,-0.021428571428571352,6.302014109717442e-05,-0.01904761904761909,2.842946903211795e-05,-0.01666666666666672,5.119775803863473e-05,-0.014285714285714457,6.123494401316227e-05,1.0,2.0,2.0,2.0,2.0
42,13:29:45,1,-0.02619047619047632,468825.0,-0.025000000000000133,-0.02619047619047632,5.3784514992972236e-05,-0.02857142857142858,0.00016974459199198987,-0.030952380952380953,0.00025287864708753525,-0.03333333333333344,0.0003436048905995462,-0.03571428571428581,0.00048259691816211054,-0.023809523809523947,8.972818034719295e-05,-0.021428571428571352,6.303738326984122e-05,-0.01904761904761909,2.8708217490231303e-05,-0.01666666666666672,4.964596249862222e-05,-0.014285714285714457,6.119471227693972e-05,1.0,2.0,2.0,2.0,2.0
42,13:29:48,1,-0.02619047619047632,396755.0,-0.025000000000000133,-0.02619047619047632,5.6109334607546526e-05,-0.02857142857142858,0.00017040266824877294,-0.030952380952380953,0.0002559420064313377,-0.03333333333333344,0.00034409916621599464,-0.03571428571428581,0.00048266588685277775,-0.023809523809523947,8.815052154818024e-05,-0.021428571428571352,6.30402569652857e-05,-0.01904761904761909,2.7165043036552205e-05,-0.01666666666666672,4.964596249862222e-05,-0.014285714285714457,6.118609119060632e-05,1.0,1.0,2.0,2.0,2.0
42,13:29:51,1,-0.02619047619047632,473577.0,-0.025000000000000133,-0.02619047619047632,5.930775763723896e-05,-0.02857142857142858,0.00017237402332367772,-0.030952380952380953,0.00025582993230900344,-0.03333333333333344,0.000344199745556551,-0.03571428571428581,0.00048289003509744625,-0.023809523809523947,8.663033665805688e-05,-0.021428571428571352,6.30402569652857e-05,-0.01904761904761909,2.717079042744114e-05,-0.01666666666666672,4.964596249862222e-05,-0.014285714285714457,6.118609119060632e-05,1.0,2.0,2.0,2.0,2.0
42,13:29:54,1,-0.02619047619047632,564020.0,-0.025000000000000133,-0.02619047619047632,7.853852755161612e-05,-0.02857142857142858,0.00017692883060315887,-0.030952380952380953,0.000255691994927669,-0.03333333333333344,0.00034420549294743996,-0.03571428571428581,0.00048289003509744625,-0.023809523809523947,8.441471747037236e-05,-0.021428571428571352,6.574727807397417e-05,-0.01904761904761909,2.7251253899886234e-05,-0.01666666666666672,4.9717804884733914e-05,-0.014285714285714457,6.179244092938898e-05,1.0,2.0,2.0,2.0,2.0
42,13:29:57,1,-0.02619047619047632,2695228.0,-0.025000000000000133,-0.02619047619047632,9.135520923394161e-05,-0.02857142857142858,0.0001777420864139432,-0.030952380952380953,0.0002564851348703421,-0.03333333333333344,0.0003444842414055533,-0.03571428571428581,0.0004831228044284481,-0.023809523809523947,6.628457291122628e-05,-0.021428571428571352,6.574727807397417e-05,-0.01904761904761909,2.7538623444332993e-05,-0.01666666666666672,5.057991351807419e-05,-0.014285714285714457,6.179244092938898e-05,2.0,2.0,2.0,2.0,2.0
42,13:30:00,1,-0.023809523809523947,3899762.0,-0.025000000000000133,-0.02619047619047632,8.863956703891973e-05,-0.02857142857142858,0.00017872776395139558,-0.030952380952380953,0.00025664893551067674,-0.03333333333333344,0.0003446106840051099,-0.03571428571428581,0.00048313717290567043,-0.023809523809523947,4.447322448771721e-05,-0.021428571428571352,6.577601502841885e-05,-0.01904761904761909,2.7670813434778503e-05,-0.01666666666666672,5.113453673885644e-05,-0.014285714285714457,6.182117788383366e-05,2.0,2.0,2.0,2.0,2.0
42,13:30:03,1,-0.023809523809523947,1860060.0,-0.025000000000000133,-0.02619047619047632,8.911660048270136e-05,-0.02857142857142858,0.000195010122339749,-0.030952380952380953,0.00025838752125457965,-0.03333333333333344,0.00034457045226888737,-0.03571428571428581,0.00048302222508789174,-0.023809523809523947,3.318247508640402e-05,-0.021428571428571352,6.593694197330903e-05,-0.01904761904761909,2.7705297780112112e-05,-0.01666666666666672,5.114890521607878e-05,-0.014285714285714457,6.212866329639169e-05,1.0,2.0,2.0,2.0,2.0
42,13:30:06,1,-0.023809523809523947,1580615.0,-0.025000000000000133,-0.02619047619047632,8.580610333067468e-05,-0.02857142857142858,0.00019682342416520805,-0.030952380952380953,0.00025561153145522395,-0.03333333333333344,0.00034456183118255395,-0.03571428571428581,0.0004830365935651141,-0.023809523809523947,2.651837535068366e-05,-0.021428571428571352,6.574727807397417e-05,-0.01904761904761909,2.8093246665115237e-05,-0.01666666666666672,5.114890521607878e-05,-0.014285714285714457,6.210854742828041e-05,2.0,2.0,2.0,2.0,2.0
42,13:30:09,1,-0.023809523809523947,2784394.0,-0.025000000000000133,-0.02619047619047632,8.612795722045505e-05,-0.02857142857142858,0.0001988407583672243,-0.030952380952380953,0.00025704550548201325,-0.03333333333333344,0.0003446968948684439,-0.03571428571428581,0.00048298774074255816,-0.023809523809523947,9.796341559326708e-06,-0.021428571428571352,6.592544719153116e-05,-0.01904761904761909,3.0248518248465937e-05,-0.01666666666666672,5.114890521607878e-05,-0.014285714285714457,6.225223220050379e-05,2.0,2.0,2.0,2.0,2.0
42,13:30:12,1,-0.023809523809523947,1633567.0,-0.02261904761904754,-0.023809523809523947,1.143816997761438e-06,-0.02619047619047632,8.727743539824209e-05,-0.02857142857142858,0.00020844752223807947,-0.030952380952380953,0.00025701102113667967,-0.03333333333333344,0.000344426767496664,-0.021428571428571352,6.592544719153116e-05,-0.01904761904761909,3.062497235169119e-05,-0.01666666666666672,5.126385303385748e-05,-0.014285714285714457,6.242465392717185e-05,-0.011904761904761862,8.608904738413696e-05,1.0,1.0,1.0,1.0,1.0
42,13:30:15,1,-0.023809523809523947,393340.0,-0.02261904761904754,-0.023809523809523947,3.109424681777275e-06,-0.02619047619047632,9.066264863182492e-05,-0.02857142857142858,0.00020800497313963148,-0.030952380952380953,0.00025701964222301304,-0.03333333333333344,0.0003443692935877746,-0.021428571428571352,6.549439287486103e-05,-0.01904761904761909,3.071118321502522e-05,-0.01666666666666672,5.126385303385748e-05,-0.014285714285714457,6.242465392717185e-05,-0.011904761904761862,8.623273215636034e-05,1.0,1.0,1.0,1.0,1.0
42,13:30:18,1,-0.023809523809523947,702752.0,-0.025000000000000133,-0.02619047619047632,7.00352627314365e-05,-0.02857142857142858,0.0002083124585521895,-0.030952380952380953,0.00025692193657790113,-0.03333333333333344,0.00034426871424721823,-0.03571428571428581,0.00048303371986966963,-0.023809523809523947,2.64293770027685e-07,-0.021428571428571352,6.534783440719318e-05,-0.01904761904761909,3.0412318888800592e-05,-0.01666666666666672,5.135006389719151e-05,-0.014285714285714457,6.256833869939523e-05,2.0,2.0,2.0,2.0,2.0
42,13:30:21,1,-0.023809523809523947,393897.0,-0.02261904761904754,-0.023809523809523947,7.471608155615755e-06,-0.02619047619047632,7.122209895000162e-05,-0.02857142857142858,0.0002099792019099807,-0.030952380952380953,0.00025695642092323477,-0.03333333333333344,0.0003442974512016629,-0.021428571428571352,6.464081911699082e-05,-0.01904761904761909,3.0406571497911654e-05,-0.01666666666666672,5.135006389719151e-05,-0.014285714285714457,6.256833869939523e-05,-0.011904761904761862,8.580167783969021e-05,1.0,1.0,1.0,1.0,1.0
42,13:30:24,1,-0.023809523809523947,854455.0,-0.02261904761904754,-0.023809523809523947,1.1670077199982916e-05,-0.02619047619047632,7.056977008410748e-05,-0.02857142857142858,0.0002128184130091147,-0.030952380952380953,0.00025712884264990284,-0.03333333333333344,0.0003444325148875529,-0.021428571428571352,6.439942869965555e-05,-0.01904761904761909,3.0443929538689733e-05,-0.01666666666666672,5.134719020174704e-05,-0.014285714285714457,6.25625913085063e-05,-0.011904761904761862,8.580167783969021e-05,1.0,1.0,1.0,1.0,1.0
42,13:30:27,1,-0.021428571428571352,606502.0,-0.02261904761904754,-0.023809523809523947,1.6512254023910817e-05,-0.02619047619047632,7.173936413000578e-05,-0.02857142857142858,0.00021525530674602322,-0.030952380952380953,0.00025722942199045916,-0.03333333333333344,0.0003444986098827757,-0.021428571428571352,6.412355393698665e-05,-0.01904761904761909,3.0288749984688484e-05,-0.01666666666666672,5.139029563341406e-05,-0.014285714285714457,6.233269567294889e-05,-0.011904761904761862,8.64223960556952e-05,1.0,1.0,1.0,1.0,1.0
42,13:30:30,1,-0.021428571428571352,232926.0,-0.02261904761904754,-0.023809523809523947,2.0408985046608882e-05,-0.02619047619047632,9.681235688298559e-05,-0.02857142857142858,0.00021531852804580152,-0.030952380952380953,0.0002574736861032389,-0.03333333333333344,0.00034453596792355373,-0.021428571428571352,6.39769954693188e-05,-0.01904761904761909,3.0392203020689317e-05,-0.01666666666666672,5.139029563341406e-05,-0.014285714285714457,6.199359961050171e-05,-0.011904761904761862,8.657757560969646e-05,1.0,1.0,1.0,1.0,1.0
42,13:30:33,1,-0.021428571428571352,438111.0,-0.02261904761904754,-0.023809523809523947,2.6949515878217134e-05,-0.02619047619047632,9.80078141878841e-05,-0.02857142857142858,0.000215585781722137,-0.030952380952380953,0.00025652249291112015,-0.03333333333333344,0.00034453596792355373,-0.021428571428571352,6.38965319968737e-05,-0.01904761904761909,3.0374960848022512e-05,-0.01666666666666672,5.097935718485519e-05,-0.014285714285714457,6.225510589594827e-05,-0.011904761904761862,8.657757560969646e-05,1.0,1.0,1.0,1.0,2.0
42,13:30:36,1,-0.021428571428571352,540328.0,-0.02261904761904754,-0.023809523809523947,5.8065890150912284e-05,-0.02619047619047632,9.838139459566489e-05,-0.02857142857142858,0.00021545071803624703,-0.030952380952380953,0.000255384509515111,-0.03333333333333344,0.00034456183118255395,-0.021428571428571352,6.346835137564804e-05,-0.01904761904761909,3.066233039246927e-05,-0.01666666666666672,5.0829925021742876e-05,-0.014285714285714457,6.225510589594827e-05,-0.011904761904761862,8.657757560969646e-05,1.0,1.0,1.0,1.0,2.0
42,13:30:39,1,-0.021428571428571352,289165.0,-0.02261904761904754,-0.023809523809523947,5.9453885050590136e-05,-0.02619047619047632,8.996721433426376e-05,-0.02857142857142858,0.00021581280366224993,-0.030952380952380953,0.00025814613083724436,-0.03333333333333344,0.0003446193050914433,-0.021428571428571352,6.33476561669804e-05,-0.01904761904761909,3.0179549557798716e-05,-0.01666666666666672,5.090176740785457e-05,-0.014285714285714457,6.225510589594827e-05,-0.011904761904761862,8.630457454247204e-05,1.0,1.0,1.0,1.0,2.0
42,13:30:42,1,-0.023809523809523947,215345.0,-0.02261904761904754,-0.023809523809523947,5.9456758746034604e-05,-0.02619047619047632,8.9679844789817e-05,-0.02857142857142858,0.0002145742409256844,-0.030952380952380953,0.0002576604763071293,-0.03333333333333344,0.0003445647048779984,-0.021428571428571352,6.297407575919961e-05,-0.01904761904761909,2.9647915900572208e-05,-0.01666666666666672,5.090176740785457e-05,-0.014285714285714457,6.225510589594827e-05,-0.011904761904761862,8.630457454247204e-05,1.0,1.0,1.0,1.0,2.0
42,13:30:45,1,-0.023809523809523947,2418986.0,-0.02261904761904754,-0.023809523809523947,4.693606769448928e-05,-0.02619047619047632,9.038677386915604e-05,-0.02857142857142858,0.00021486161047013115,-0.030952380952380953,0.00026275553833017036,-0.03333333333333344,0.0003444066516285527,-0.021428571428571352,4.673482280251321e-05,-0.01904761904761909,2.9823211322684733e-05,-0.01666666666666672,5.925560006492187e-05,-0.014285714285714457,6.21545265553919e-05,-0.011904761904761862,8.630457454247204e-05,1.0,1.0,1.0,1.0,2.0
42,13:30:48,1,-0.023809523809523947,356568.0,-0.02261904761904754,-0.023809523809523947,4.711711050749074e-05,-0.02619047619047632,8.879762028836545e-05,-0.02857142857142858,0.00021554267629046999,-0.030952380952380953,0.0002629337074477274,-0.03333333333333344,0.0003443692935877746,-0.021428571428571352,4.733542515040694e-05,-0.01904761904761909,3.020828651224339e-05,-0.01666666666666672,5.9169389201587844e-05,-0.014285714285714457,6.215165285994743e-05,-0.011904761904761862,8.631894301969437e-05,1.0,1.0,2.0,1.0,2.0
42,13:30:51,1,-0.023809523809523947,324642.0,-0.02261904761904754,-0.023809523809523947,5.210009840819755e-05,-0.02619047619047632,8.447845603533065e-05,-0.02857142857142858,0.00021571509801713803,-0.030952380952380953,0.00026339349871884216,-0.03333333333333344,0.00034430607228799634,-0.021428571428571352,4.878376765441861e-05,-0.01904761904761909,3.004448587190874e-05,-0.01666666666666672,5.977286524492604e-05,-0.014285714285714457,6.21545265553919e-05,-0.011904761904761862,8.684482928603195e-05,1.0,1.0,2.0,1.0,2.0
42,13:30:54,1,-0.021428571428571352,395497.0,-0.02261904761904754,-0.023809523809523947,5.4442160195438645e-05,-0.02619047619047632,8.487789970211165e-05,-0.02857142857142858,0.00021956297621728016,-0.030952380952380953,0.0002637412158676228,-0.03333333333333344,0.0003444411359738863,-0.021428571428571352,4.8004996188967895e-05,-0.01904761904761909,3.031461324368869e-05,-0.01666666666666672,5.97584967677037e-05,-0.014285714285714457,6.233556936839335e-05,-0.011904761904761862,8.689942949947682e-05,1.0,1.0,1.0,1.0,2.0
42,13:30:57,1,-0.021428571428571352,749318.0,-0.02261904761904754,-0.023809523809523947,5.501115189344323e-05,-0.02619047619047632,8.5955535493787e-05,-0.02857142857142858,0.00021922100645938852,-0.030952380952380953,0.0002637469632585117,-0.03333333333333344,0.0003444066516285527,-0.021428571428571352,4.44128768833834e-05,-0.01904761904761909,3.0458298015912074e-05,-0.01666666666666672,5.97584967677037e-05,-0.014285714285714457,6.2278095459504e-05,-0.011904761904761862,8.706897753070042e-05,1.0,1.0,1.0,1.0,2.0
42,13:31:00,1,-0.023809523809523947,197315.0,-0.02261904761904754,-0.023809523809523947,5.442491802277184e-05,-0.02619047619047632,8.692397085857258e-05,-0.02857142857142858,0.00022088200242629077,-0.030952380952380953,0.0002637929423856232,-0.03333333333333344,0.0003449641485447794,-0.021428571428571352,4.440425579704999e-05,-0.01904761904761909,3.040082410702272e-05,-0.01666666666666672,5.97584967677037e-05,-0.014285714285714457,6.242178023172739e-05,-0.011904761904761862,8.70258720990334e-05,1.0,1.0,1.0,1.0,2.0
42,13:31:03,1,-0.021428571428571352,585486.0,-0.02261904761904754,-0.023809523809523947,5.2232288398643065e-05,-0.02619047619047632,8.770274232402329e-05,-0.02857142857142858,0.00022084751808095716,-0.030952380952380953,0.00026382167934006784,-0.03333333333333344,0.0003449641485447794,-0.021428571428571352,5.413746226746174e-05,-0.01904761904761909,3.1196837745140244e-05,-0.01666666666666672,5.947112722325694e-05,-0.014285714285714457,6.241890653628291e-05,-0.011904761904761862,8.71321988304787e-05,1.0,1.0,1.0,1.0,2.0
42,13:31:06,1,-0.021428571428571352,214430.0,-0.02261904761904754,-0.023809523809523947,5.7373329548795595e-05,-0.02619047619047632,8.924016938681346e-05,-0.02857142857142858,0.00022690814177333933,-0.030952380952380953,0.00026416939648884845,-0.03333333333333344,0.0003448319585543339,-0.021428571428571352,5.318626907534297e-05,-0.01904761904761909,3.333774085126861e-05,-0.01666666666666672,5.947112722325694e-05,-0.014285714285714457,6.241890653628291e-05,-0.011904761904761862,8.716093578492337e-05,1.0,1.0,1.0,1.0,2.0
42,13:31:09,1,-0.021428571428571352,313427.0,-0.02261904761904754,-0.023809523809523947,5.860039750358326e-05,-0.02619047619047632,8.951604414948234e-05,-0.02857142857142858,0.00022683055199633872,-0.030952380952380953,0.0002635544256637324,-0.03333333333333344,0.0003448808113768899,-0.021428571428571352,5.633871297792393e-05,-0.01904761904761909,3.3946964285495735e-05,-0.01666666666666672,5.948549570047928e-05,-0.014285714285714457,6.247638044517226e-05,-0.011904761904761862,8.71321988304787e-05,1.0,1.0,1.0,1.0,2.0
42,13:31:12,1,-0.023809523809523947,187040.0,-0.02261904761904754,-0.023809523809523947,5.8677987280583886e-05,-0.02619047619047632,9.109370294849506e-05,-0.02857142857142858,0.0002267414674375602,-0.030952380952380953,0.0002635141939275098,-0.03333333333333344,0.00034487219029055645,-0.021428571428571352,5.666631425859323e-05,-0.01904761904761909,3.4093522753163585e-05,-0.01666666666666672,5.9275715933033144e-05,-0.014285714285714457,6.25798334811731e-05,-0.011904761904761862,8.71321988304787e-05,1.0,1.0,1.0,1.0,2.0
42,13:31:15,1,-0.021428571428571352,336416.0,-0.02261904761904754,-0.023809523809523947,5.8341764913581174e-05,-0.02619047619047632,9.070288036804746e-05,-0.02857142857142858,0.0002270173422002291,-0.030952380952380953,0.0002635141939275098,-0.03333333333333344,0.00034486356920422303,-0.021428571428571352,5.906872365016815e-05,-0.01904761904761909,4.7295279625047726e-05,-0.01666666666666672,5.930732658292229e-05,-0.014285714285714457,6.255109652672843e-05,-0.011904761904761862,8.663792321403027e-05,1.0,1.0,1.0,1.0,2.0
42,13:31:18,1,-0.021428571428571352,381879.0,-0.02261904761904754,-0.023809523809523947,5.8712471625917495e-05,-0.02619047619047632,9.092415491727147e-05,-0.02857142857142858,0.000227158153277008,-0.030952380952380953,0.0002636147732680662,-0.03333333333333344,0.0003450273698445577,-0.021428571428571352,6.85088131852442e-05,-0.01904761904761909,4.8484989539057315e-05,-0.01666666666666672,5.844521794958201e-05,-0.014285714285714457,6.255109652672843e-05,-0.011904761904761862,8.690517689036575e-05,1.0,2.0,1.0,1.0,2.0
42,13:31:21,1,-0.023809523809523947,359076.0,-0.02261904761904754,-0.023809523809523947,5.656007373801126e-05,-0.02619047619047632,9.108508186216166e-05,-0.02857142857142858,0.00022927606681958062,-0.030952380952380953,0.0002638791532489572,-0.03333333333333344,0.0003450273698445577,-0.021428571428571352,6.893986750191435e-05,-0.01904761904761909,4.8772359083504074e-05,-0.01666666666666672,5.7893468424244234e-05,-0.014285714285714457,6.255109652672843e-05,-0.011904761904761862,8.618675302924887e-05,1.0,2.0,1.0,1.0,2.0
42,13:31:24,1,-0.023809523809523947,2199519.0,-0.02261904761904754,-0.023809523809523947,6.025851977504107e-05,-0.02619047619047632,9.107933447127273e-05,-0.02857142857142858,0.00022863523273546435,-0.030952380952380953,0.00026535910640285805,-0.03333333333333344,0.00034500438028100194,-0.021428571428571352,5.455127441146508e-05,-0.01904761904761909,3.594130892395625e-05,-0.01666666666666672,5.7988300373911665e-05,-0.014285714285714457,6.26947812989518e-05,-0.011904761904761862,8.618675302924887e-05,1.0,1.0,1.0,1.0,2.0
42,13:31:27,1,-0.023809523809523947,616013.0,-0.02261904761904754,-0.023809523809523947,5.9680906990703074e-05,-0.02619047619047632,9.152188356972073e-05,-0.02857142857142858,0.00022836797905912887,-0.030952380952380953,0.0002659051085373069,-0.03333333333333344,0.00034499575919466857,-0.021428571428571352,5.301097365323045e-05,-0.01904761904761909,3.594130892395625e-05,-0.01666666666666672,5.8008416242022936e-05,-0.014285714285714457,6.26947812989518e-05,-0.011904761904761862,8.618675302924887e-05,1.0,1.0,1.0,1.0,2.0
42,13:31:30,1,-0.023809523809523947,1063821.0,-0.02261904761904754,-0.023809523809523947,5.468929800366286e-05,-0.02619047619047632,9.094714448082721e-05,-0.02857142857142858,0.00022783059801101342,-0.030952380952380953,0.0002658763715828622,-0.03333333333333344,0.00034494115898122367,-0.021428571428571352,5.2286802401224614e-05,-0.01904761904761909,3.764828401797e-05,-0.01666666666666672,5.7904963206022103e-05,-0.014285714285714457,6.26947812989518e-05,-0.011904761904761862,8.629020606524969e-05,1.0,1.0,1.0,1.0,1.0
42,13:31:33,1,-0.021428571428571352,2603276.0,-0.02261904761904754,-0.023809523809523947,5.8074511237245686e-05,-0.02619047619047632,9.107646077582825e-05,-0.02857142857142858,0.0002280375040830151,-0.030952380952380953,0.0002659395928826405,-0.03333333333333344,0.0003448951798541122,-0.021428571428571352,2.7483937020024774e-05,-0.01904761904761909,3.768564205874808e-05,-0.01666666666666672,5.7904963206022103e-05,-0.014285714285714457,6.26947812989518e-05,-0.011904761904761862,8.648561735547349e-05,2.0,1.0,1.0,2.0,1.0
42,13:31:36,1,-0.023809523809523947,238457.0,-0.02261904761904754,-0.023809523809523947,6.008322435292854e-05,-0.02619047619047632,9.140118836105309e-05,-0.02857142857142858,0.00022894271814802238,-0.030952380952380953,0.0002659625824461962,-0.03333333333333344,0.00034470551595477733,-0.021428571428571352,2.677126054979681e-05,-0.01904761904761909,4.62693703513728e-05,-0.01666666666666672,5.7904963206022103e-05,-0.014285714285714457,6.26947812989518e-05,-0.011904761904761862,8.734772598881377e-05,2.0,1.0,1.0,2.0,2.0
42,13:31:39,1,-0.023809523809523947,1047780.0,-0.02261904761904754,-0.023809523809523947,7.431376419393208e-05,-0.02619047619047632,8.872290420680929e-05,-0.02857142857142858,0.0002288622546755773,-0.030952380952380953,0.0002658648768010843,-0.03333333333333344,0.00034496989593566836,-0.021428571428571352,2.040602514030108e-05,-0.01904761904761909,5.0723598290297576e-05,-0.01666666666666672,5.799117406935613e-05,-0.014285714285714457,6.225510589594827e-05,-0.011904761904761862,8.814373962693129e-05,1.0,1.0,1.0,2.0,2.0
42,13:31:42,1,-0.023809523809523947,525770.0,-0.02261904761904754,-0.023809523809523947,7.448618592060014e-05,-0.02619047619047632,8.925741155948026e-05,-0.02857142857142858,0.00022985942699480755,-0.030952380952380953,0.00026605741439586364,-0.03333333333333344,0.00034491529572222346,-0.021428571428571352,1.832546963850654e-05,-0.01904761904761909,5.1585706923637854e-05,-0.01666666666666672,5.799117406935613e-05,-0.014285714285714457,6.225510589594827e-05,-0.011904761904761862,8.827880331282128e-05,1.0,1.0,1.0,2.0,2.0
42,13:31:45,1,-0.021428571428571352,274297.0,-0.02261904761904754,-0.023809523809523947,7.47476922060467e-05,-0.02619047619047632,8.919706395514644e-05,-0.02857142857142858,0.00023002610133058667,-0.030952380952380953,0.0002666896273936465,-0.03333333333333344,0.00034487219029055645,-0.021428571428571352,1.8523754624174802e-05,-0.01904761904761909,5.1585706923637854e-05,-0.01666666666666672,5.813485884157951e-05,-0.014285714285714457,6.223499002783699e-05,-0.011904761904761862,9.335087577230658e-05,1.0,1.0,1.0,2.0,2.0
42,13:31:48,1,-0.021428571428571352,3832938.0,-0.020238095238095277,-0.021428571428571352,1.8277565135447265e-06,-0.023809523809523947,6.879914263599876e-05,-0.02619047619047632,8.932638025014748e-05,-0.02857142857142858,0.00022997437481258625,-0.030952380952380953,0.00026552578073863717,-0.01904761904761909,5.1766749736639314e-05,-0.01666666666666672,5.813485884157951e-05,-0.014285714285714457,6.223211633239253e-05,-0.011904761904761862,9.336524424952893e-05,-0.00952380952380949,8.169628779076935e-05,0.0,0.0,0.0,1.0,1.0
42,13:31:51,1,-0.021428571428571352,465683.0,-0.020238095238095277,-0.021428571428571352,6.25037380258036e-06,-0.023809523809523947,6.93451447704476e-05,-0.02619047619047632,9.008503584748693e-05,-0.02857142857142858,0.00023040830282470087,-0.030952380952380953,0.0002657068235516386,-0.01904761904761909,5.2157572317086906e-05,-0.01666666666666672,5.8200953836802265e-05,-0.014285714285714457,6.223211633239253e-05,-0.011904761904761862,9.325029643175022e-05,-0.00952380952380949,8.171065626799168e-05,0.0,0.0,0.0,1.0,1.0
42,13:31:54,1,-0.021428571428571352,1921026.0,-0.02261904761904754,-0.023809523809523947,7.069865532479185e-05,-0.02619047619047632,9.012814127915395e-05,-0.02857142857142858,0.00023084797822770441,-0.030952380952380953,0.00026571257094252756,-0.03333333333333344,0.00034488943246322324,-0.021428571428571352,1.2316572464124792e-05,-0.01904761904761909,5.2157572317086906e-05,-0.01666666666666672,5.8200953836802265e-05,-0.014285714285714457,6.223211633239253e-05,-0.011904761904761862,9.323592795452787e-05,1.0,1.0,1.0,2.0,2.0
42,13:31:57,1,-0.021428571428571352,80480.0,-0.02261904761904754,-0.023809523809523947,7.124753115468515e-05,-0.02619047619047632,8.944420176337067e-05,-0.02857142857142858,0.00023073877780081464,-0.030952380952380953,0.0002655545176930818,-0.03333333333333344,0.0003450187487582243,-0.021428571428571352,2.727128355713417e-05,-0.01904761904761909,5.218630927153158e-05,-0.01666666666666672,5.8200953836802265e-05,-0.014285714285714457,6.223211633239253e-05,-0.011904761904761862,9.462104915876126e-05,1.0,1.0,1.0,2.0,2.0
42,13:32:00,1,-0.023809523809523947,881967.0,-0.02261904761904754,-0.023809523809523947,6.332762650973247e-05,-0.02619047619047632,7.948109965740149e-05,-0.02857142857142858,0.0002308307360550376,-0.030952380952380953,0.0002704426736441212,-0.03333333333333344,0.00034508484375344705,-0.021428571428571352,2.8814458010813272e-05,-0.01904761904761909,5.278978531486978e-05,-0.01666666666666672,5.8200953836802265e-05,-0.014285714285714457,6.233844306383783e-05,-0.011904761904761862,9.464978611320594e-05,1.0,1.0,1.0,2.0,2.0
42,13:32:03,1,-0.023809523809523947,484709.0,-0.02261904761904754,-0.023809523809523947,6.169249380183039e-05,-0.02619047619047632,7.963053182051381e-05,-0.02857142857142858,0.00023093418909103845,-0.030952380952380953,0.00027051738972567736,-0.03333333333333344,0.00034522852852567044,-0.021428571428571352,2.750980027902498e-05,-0.01904761904761909,5.283576444198126e-05,-0.01666666666666672,5.782737342902148e-05,-0.014285714285714457,6.233844306383783e-05,-0.011904761904761862,9.464978611320594e-05,1.0,1.0,1.0,2.0,2.0
42,13:32:06,1,-0.023809523809523947,284311.0,-0.02261904761904754,-0.023809523809523947,6.178445205605336e-05,-0.02619047619047632,8.049838784474303e-05,-0.02857142857142858,0.00023050026107892383,-0.030952380952380953,0.0002705662425482333,-0.03333333333333344,0.00034521416004844806,-0.021428571428571352,2.7400599852135213e-05,-0.01904761904761909,5.303404942764952e-05,-0.01666666666666672,5.866074510791708e-05,-0.014285714285714457,6.233844306383783e-05,-0.011904761904761862,9.45635752498719e-05,1.0,1.0,1.0,2.0,2.0
42,13:32:09,1,-0.021428571428571352,1859636.0,-0.02261904761904754,-0.023809523809523947,6.264656068939363e-05,-0.02619047619047632,8.096105281130231e-05,-0.02857142857142858,0.0002308307360550376,-0.030952380952380953,0.00027007771432267384,-0.03333333333333344,0.00035222597693294904,-0.021428571428571352,1.9612885197628022e-05,-0.01904761904761909,5.314612354998376e-05,-0.01666666666666672,5.868373467147282e-05,-0.014285714285714457,6.233844306383783e-05,-0.011904761904761862,9.460093329064999e-05,1.0,1.0,1.0,2.0,2.0
42,13:32:12,1,-0.023809523809523947,255103.0,-0.02261904761904754,-0.023809523809523947,6.21005585549448e-05,-0.02619047619047632,8.14237177778616e-05,-0.02857142857142858,0.0002308652204003712,-0.030952380952380953,0.00027007771432267384,-0.03333333333333344,0.0003523064404053941,-0.021428571428571352,1.3839631049692618e-05,-0.01904761904761909,5.314612354998376e-05,-0.01666666666666672,5.868373467147282e-05,-0.014285714285714457,6.215165285994743e-05,-0.011904761904761862,9.470438632665083e-05,1.0,1.0,1.0,2.0,2.0
42,13:32:15,1,-0.021428571428571352,279812.0,-0.02261904761904754,-0.023809523809523947,6.24367809219475e-05,-0.02619047619047632,8.214501533442296e-05,-0.02857142857142858,0.00023090545213659376,-0.030952380952380953,0.0002702300201812306,-0.03333333333333344,0.00035316567534328993,-0.021428571428571352,1.3914347131248775e-05,-0.01904761904761909,4.899075993728361e-05,-0.01666666666666672,5.8712471625917495e-05,-0.014285714285714457,6.220912676883677e-05,-0.011904761904761862,9.470438632665083e-05,1.0,1.0,1.0,2.0,2.0
42,13:32:18,1,-0.023809523809523947,212427.0,-0.02261904761904754,-0.023809523809523947,6.300002522906316e-05,-0.02619047619047632,8.398705411432669e-05,-0.02857142857142858,0.00023100603147715011,-0.030952380952380953,0.0002702156517040083,-0.03333333333333344,0.0003543927432980776,-0.021428571428571352,3.2938210973624274e-05,-0.01904761904761909,5.139029563341406e-05,-0.01666666666666672,5.854867098558284e-05,-0.014285714285714457,6.220912676883677e-05,-0.011904761904761862,9.469576524031742e-05,1.0,1.0,1.0,2.0,2.0
42,13:32:21,1,-0.021428571428571352,348867.0,-0.02261904761904754,-0.023809523809523947,8.128247564676602e-05,-0.02619047619047632,8.398130672343775e-05,-0.02857142857142858,0.0002310002840862612,-0.030952380952380953,0.0002702731256128976,-0.03333333333333344,0.00035440711177529995,-0.021428571428571352,5.661458774059282e-05,-0.01904761904761909,5.139029563341406e-05,-0.01666666666666672,5.854867098558284e-05,-0.014285714285714457,6.220912676883677e-05,-0.011904761904761862,9.469576524031742e-05,1.0,1.0,1.0,2.0,2.0
42,13:32:24,1,-0.021428571428571352,253805.0,-0.02261904761904754,-0.023809523809523947,8.169916148621381e-05,-0.02619047619047632,0.00010085852006879596,-0.02857142857142858,0.0002311698321174848,-0.030952380952380953,0.00027070417992956775,-0.03333333333333344,0.0003544559645978559,-0.021428571428571352,6.073546700795935e-05,-0.01904761904761909,5.1723644304972296e-05,-0.01666666666666672,5.8551544681027314e-05,-0.014285714285714457,6.220912676883677e-05,-0.011904761904761862,9.476760762642911e-05,1.0,1.0,1.0,2.0,2.0
42,13:32:27,1,-0.023809523809523947,1076040.0,-0.02261904761904754,-0.023809523809523947,7.63799512185043e-05,-0.02619047619047632,0.00010023205446190203,-0.02857142857142858,0.00024832579392095635,-0.030952380952380953,0.00027101453903757025,-0.03333333333333344,0.0003542318163531874,-0.021428571428571352,6.103433133418398e-05,-0.01904761904761909,5.197652950408545e-05,-0.01666666666666672,5.899122008403085e-05,-0.014285714285714457,6.220912676883677e-05,-0.011904761904761862,9.489979761687462e-05,1.0,1.0,1.0,2.0,2.0
42,13:32:30,1,-0.023809523809523947,160720.0,-0.02261904761904754,-0.023809523809523947,7.683686879417463e-05,-0.02619047619047632,0.00010237295756803039,-0.02857142857142858,0.00024872236389229287,-0.030952380952380953,0.0002708047592701241,-0.03333333333333344,0.0003538955939861847,-0.021428571428571352,6.37643420064282e-05,-0.01904761904761909,5.200526645853012e-05,-0.01666666666666672,5.918375767881018e-05,-0.014285714285714457,6.220912676883677e-05,-0.011904761904761862,9.486243957609654e-05,1.0,1.0,1.0,1.0,2.0
42,13:32:33,1,-0.023809523809523947,163393.0,-0.02261904761904754,-0.023809523809523947,8.53545020915766e-05,-0.02619047619047632,0.00010303390752025793,-0.02857142857142858,0.00024930285037207535,-0.030952380952380953,0.0002868744641955869,-0.03333333333333344,0.0003538093831228507,-0.021428571428571352,6.485634627532588e-05,-0.01904761904761909,5.2097224712753084e-05,-0.01666666666666672,5.976137046314817e-05,-0.014285714285714457,6.220912676883677e-05,-0.011904761904761862,9.486818696698547e-05,1.0,1.0,2.0,1.0,2.0
42,13:32:36,1,-0.023809523809523947,599076.0,-0.02261904761904754,-0.023809523809523947,8.551830273191125e-05,-0.02619047619047632,0.00010316322381525897,-0.02857142857142858,0.00024896375430962815,-0.030952380952380953,0.0002867508952914748,-0.03333333333333344,0.0003710515557896563,-0.021428571428571352,6.258325317875202e-05,-0.01904761904761909,5.2125961667197765e-05,-0.01666666666666672,5.976137046314817e-05,-0.014285714285714457,6.220912676883677e-05,-0.011904761904761862,9.485381848976313e-05,1.0,1.0,2.0,2.0,2.0
42,13:32:39,1,-0.023809523809523947,146083.0,-0.02261904761904754,-0.023809523809523947,8.52567964464647e-05,-0.02619047619047632,0.00010378394203126397,-0.02857142857142858,0.00024888041714173857,-0.030952380952380953,0.0002849806988976828,-0.03333333333333344,0.00037091361840832184,-0.021428571428571352,6.838237058568764e-05,-0.01904761904761909,4.396754030035425e-05,-0.01666666666666672,5.976137046314817e-05,-0.014285714285714457,6.220912676883677e-05,-0.011904761904761862,9.501187173920886e-05,1.0,1.0,2.0,2.0,2.0
42,13:32:42,1,-0.021428571428571352,163654.0,-0.02261904761904754,-0.023809523809523947,8.525392275102024e-05,-0.02619047619047632,0.00010287298057536774,-0.02857142857142858,0.0002488775434462941,-0.030952380952380953,0.000285006562156683,-0.03333333333333344,0.00037071820711809803,-0.021428571428571352,6.855191861691122e-05,-0.01904761904761909,4.400489834113233e-05,-0.01666666666666672,5.976137046314817e-05,-0.014285714285714457,6.219188459616997e-05,-0.011904761904761862,9.487393435787441e-05,1.0,1.0,2.0,2.0,2.0
42,13:32:45,1,-0.023809523809523947,113593.0,-0.02261904761904754,-0.023809523809523947,8.540910230502148e-05,-0.02619047619047632,0.00010294194926603497,-0.02857142857142858,0.00024909594430007364,-0.030952380952380953,0.0002846329817489022,-0.03333333333333344,0.00037070096494543124,-0.021428571428571352,6.895998337002562e-05,-0.01904761904761909,4.400489834113233e-05,-0.01666666666666672,5.983033915381539e-05,-0.014285714285714457,6.223499002783699e-05,-0.011904761904761862,9.501761913009779e-05,1.0,1.0,2.0,2.0,2.0
42,13:32:48,1,-0.023809523809523947,317861.0,-0.02261904761904754,-0.023809523809523947,8.425962412723444e-05,-0.02619047619047632,0.00010338449836448298,-0.02857142857142858,0.0002495126301395215,-0.030952380952380953,0.00028465884500790243,-0.03333333333333344,0.00037067510168643103,-0.021428571428571352,6.875020360257949e-05,-0.01904761904761909,4.4002024645687865e-05,-0.01666666666666672,5.991655001714942e-05,-0.014285714285714457,6.223499002783699e-05,-0.011904761904761862,9.496014522120843e-05,1.0,1.0,2.0,2.0,2.0
42,13:32:51,1,-0.023809523809523947,83728.0,-0.02261904761904754,-0.023809523809523947,8.446078280834717e-05,-0.02619047619047632,0.00010350231987770615,-0.02857142857142858,0.0002497109151251897,-0.030952380952380953,0.00028791761564192866,-0.03333333333333344,0.00037057452234587465,-0.021428571428571352,6.889388837480286e-05,-0.01904761904761909,4.382385552813087e-05,-0.01666666666666672,5.991655001714942e-05,-0.014285714285714457,6.223499002783699e-05,-0.011904761904761862,9.496014522120843e-05,1.0,1.0,2.0,2.0,2.0
42,13:32:54,1,-0.023809523809523947,211343.0,-0.02261904761904754,-0.023809523809523947,8.3900412196676e-05,-0.02619047619047632,0.00010371209964515229,-0.02857142857142858,0.0002497482731659678,-0.030952380952380953,0.0002878946260783729,-0.03333333333333344,0.00037059176451854144,-0.021428571428571352,6.693115438623149e-05,-0.01904761904761909,4.324049535290395e-05,-0.01666666666666672,5.991655001714942e-05,-0.014285714285714457,6.223786372328146e-05,-0.011904761904761862,9.496014522120843e-05,1.0,1.0,2.0,2.0,2.0
42,13:32:57,1,-0.021428571428571352,95664.0,-0.02261904761904754,-0.023809523809523947,8.474815235279394e-05,-0.02619047619047632,0.00010451098697871428,-0.02857142857142858,0.000250308643777639,-0.030952380952380953,0.00029186894687807164,-0.03333333333333344,0.00037046532191898485,-0.021428571428571352,6.723001871245612e-05,-0.01904761904761909,4.344165403401668e-05,-0.01666666666666672,5.991655001714942e-05,-0.014285714285714457,6.223786372328146e-05,-0.011904761904761862,9.507221934354268e-05,1.0,1.0,2.0,2.0,2.0
42,13:33:00,1,-0.023809523809523947,449814.0,-0.02261904761904754,-0.023809523809523947,8.643501157869641e-05,-0.02619047619047632,0.00010484146195482805,-0.02857142857142858,0.0002502023170461937,-0.030952380952380953,0.0002920471159956286,-0.03333333333333344,0.00037044807974631806,-0.021428571428571352,6.556902274555385e-05,-0.01904761904761909,4.347613837935029e-05,-0.01666666666666672,5.991655001714942e-05,-0.014285714285714457,6.223786372328146e-05,-0.011904761904761862,9.468714415398402e-05,1.0,1.0,2.0,2.0,2.0
42,13:33:03,1,-0.021428571428571352,562907.0,-0.02261904761904754,-0.023809523809523947,8.977424568516776e-05,-0.02619047619047632,0.0001048816936910506,-0.02857142857142858,0.0002514609956508705,-0.030952380952380953,0.0002919609051322946,-0.03333333333333344,0.0003690629585420847,-0.021428571428571352,6.460058738076828e-05,-0.01904761904761909,4.347613837935029e-05,-0.01666666666666672,6.046542584704273e-05,-0.014285714285714457,6.198210482872384e-05,-0.011904761904761862,9.468714415398402e-05,1.0,2.0,2.0,2.0,2.0
42,13:33:06,1,-0.023809523809523947,317353.0,-0.02261904761904754,-0.023809523809523947,8.95845817858329e-05,-0.02619047619047632,0.0001066289005212869,-0.02857142857142858,0.00025093510938453293,-0.030952380952380953,0.00029198964208673923,-0.03333333333333344,0.00036897674767875064,-0.021428571428571352,6.475231850023616e-05,-0.01904761904761909,4.3746265751130246e-05,-0.01666666666666672,6.046542584704273e-05,-0.014285714285714457,6.195336787427917e-05,-0.011904761904761862,9.468139676309507e-05,1.0,2.0,2.0,2.0,2.0
42,13:33:09,1,-0.023809523809523947,462969.0,-0.02261904761904754,-0.023809523809523947,8.692641349970037e-05,-0.02619047619047632,0.00010687603832951111,-0.02857142857142858,0.00025109316263397863,-0.030952380952380953,0.00029198964208673923,-0.03333333333333344,0.00036881869442930494,-0.021428571428571352,5.409952948759477e-05,-0.01904761904761909,4.3746265751130246e-05,-0.01666666666666672,5.5741070536338e-05,-0.014285714285714457,6.195336787427917e-05,-0.011904761904761862,9.47158811084287e-05,1.0,2.0,2.0,2.0,2.0
42,13:33:12,1,-0.023809523809523947,153919.0,-0.02261904761904754,-0.023809523809523947,8.785461712826341e-05,-0.02619047619047632,0.00010902556252197287,-0.02857142857142858,0.0002514926063007596,-0.030952380952380953,0.00029208447403640666,-0.03333333333333344,0.00036881869442930494,-0.021428571428571352,5.441563598648621e-05,-0.01904761904761909,4.380661335546406e-05,-0.01666666666666672,5.602844008078476e-05,-0.014285714285714457,6.195336787427917e-05,-0.011904761904761862,9.486818696698547e-05,1.0,2.0,2.0,2.0,2.0
42,13:33:15,1,-0.023809523809523947,149486.0,-0.02261904761904754,-0.023809523809523947,8.696089784503399e-05,-0.02619047619047632,0.00011017216700431545,-0.02857142857142858,0.00025158743825042705,-0.030952380952380953,0.000292547139002966,-0.03333333333333344,0.0003689192737698613,-0.021428571428571352,5.3619622348368684e-05,-0.01904761904761909,4.406237225002168e-05,-0.01666666666666672,5.649685243823298e-05,-0.014285714285714457,6.195336787427917e-05,-0.011904761904761862,9.518429346587691e-05,1.0,2.0,2.0,2.0,2.0
42,13:33:18,1,-0.021428571428571352,4435211.0,-0.02261904761904754,-0.023809523809523947,8.736608890270391e-05,-0.02619047619047632,0.0001103704519899837,-0.02857142857142858,0.0002514667430417594,-0.030952380952380953,0.0002925528863938549,-0.03333333333333344,0.0003692382539641972,-0.021428571428571352,2.5129805711916916e-05,-0.01904761904761909,4.414858311335571e-05,-0.01666666666666672,5.649685243823298e-05,-0.014285714285714457,6.203957873761319e-05,-0.011904761904761862,9.533659932443369e-05,2.0,2.0,2.0,2.0,2.0
42,13:33:21,1,-0.021428571428571352,947577.0,-0.02261904761904754,-0.023809523809523947,9.088636582217672e-05,-0.02619047619047632,0.00011068655848887515,-0.02857142857142858,0.00025186906040398487,-0.030952380952380953,0.00029198102100040586,-0.03333333333333344,0.00036927273830953083,-0.021428571428571352,2.3509041481237192e-05,-0.01904761904761909,4.435261548991291e-05,-0.01666666666666672,5.655432634712233e-05,-0.014285714285714457,6.203957873761319e-05,-0.011904761904761862,9.489405022598569e-05,2.0,2.0,2.0,2.0,2.0
42,13:33:24,1,-0.021428571428571352,392581.0,-0.02261904761904754,-0.023809523809523947,9.075417583173122e-05,-0.02619047619047632,0.00010858013972808039,-0.02857142857142858,0.0002518661867085404,-0.030952380952380953,0.0002918085992737378,-0.03333333333333344,0.00036929572787308657,-0.021428571428571352,2.1888277250557468e-05,-0.01904761904761909,4.5789463212146704e-05,-0.01666666666666672,5.626695680267557e-05,-0.014285714285714457,6.198210482872384e-05,-0.011904761904761862,9.483370262165186e-05,2.0,2.0,2.0,2.0,2.0
42,13:33:27,1,-0.023809523809523947,617831.0,-0.02261904761904754,-0.023809523809523947,8.947538135894313e-05,-0.02619047619047632,0.00010919511055319647,-0.02857142857142858,0.00025198400822176357,-0.030952380952380953,0.0002918085992737378,-0.03333333333333344,0.0003692784857004198,-0.021428571428571352,1.9845079789541006e-05,-0.01904761904761909,4.592165320259222e-05,-0.01666666666666672,5.626695680267557e-05,-0.014285714285714457,6.201084178316852e-05,-0.011904761904761862,9.48394500125408e-05,2.0,2.0,2.0,2.0,2.0
42,13:33:30,1,-0.023809523809523947,414988.0,-0.02261904761904754,-0.023809523809523947,9.015357348383749e-05,-0.02619047619047632,0.00010886750927252716,-0.02857142857142858,0.0002523748308022112,-0.030952380952380953,0.00029171376732407036,-0.03333333333333344,0.00037059176451854144,-0.021428571428571352,1.8911128770089036e-05,-0.01904761904761909,4.567738908981247e-05,-0.01666666666666672,5.626695680267557e-05,-0.014285714285714457,6.212578960094721e-05,-0.011904761904761862,8.980473559383356e-05,2.0,2.0,1.0,2.0,2.0
42,13:33:33,1,-0.01904761904761909,3144730.0,-0.020238095238095277,-0.021428571428571352,1.4989856388295219e-05,-0.023809523809523947,8.973401394894522e-05,-0.02619047619047632,0.0001093158057618641,-0.02857142857142858,0.0002520903349532089,-0.030952380952380953,0.00029174250427851505,-0.01904761904761909,4.538714584992124e-05,-0.01666666666666672,5.686468545512483e-05,-0.014285714285714457,6.212578960094721e-05,-0.011904761904761862,9.12473307069563e-05,-0.00952380952380949,8.1681919313547e-05,1.0,1.0,0.0,1.0,1.0
42,13:33:36,1,-0.021428571428571352,439770.0,-0.020238095238095277,-0.021428571428571352,1.4213958618288967e-05,-0.023809523809523947,9.003862566605878e-05,-0.02619047619047632,0.0001096261648698666,-0.02857142857142858,0.0002524437994928784,-0.030952380952380953,0.0002916850303696257,-0.01904761904761909,5.0364386359739125e-05,-0.01666666666666672,5.686468545512483e-05,-0.014285714285714457,6.212578960094721e-05,-0.011904761904761862,9.038522207361602e-05,-0.00952380952380949,8.1681919313547e-05,1.0,1.0,1.0,1.0,1.0
42,13:33:39,1,-0.021428571428571352,772847.0,-0.020238095238095277,-0.021428571428571352,1.5521490045521725e-05,-0.023809523809523947,8.98690776348352e-05,-0.02619047619047632,0.00010977272333753445,-0.02857142857142858,0.00025363638310233247,-0.030952380952380953,0.0002916850303696257,-0.01904761904761909,5.033277570984998e-05,-0.01666666666666672,5.686468545512483e-05,-0.014285714285714457,6.206831569205787e-05,-0.011904761904761862,9.038522207361602e-05,-0.00952380952380949,8.1681919313547e-05,1.0,1.0,1.0,1.0,1.0
42,13:33:42,1,-0.01904761904761909,363745.0,-0.020238095238095277,-0.021428571428571352,1.48318031388495e-05,-0.023809523809523947,8.997253067083602e-05,-0.02619047619047632,0.00010978996551020125,-0.02857142857142858,0.0002538001837426671,-0.030952380952380953,0.00029169652515140357,-0.01904761904761909,6.116373384004836e-05,-0.01666666666666672,5.686468545512483e-05,-0.014285714285714457,6.206831569205787e-05,-0.011904761904761862,9.067259161806278e-05,-0.00952380952380949,8.1681919313547e-05,1.0,1.0,1.0,1.0,1.0
42,13:33:45,1,-0.021428571428571352,136946.0,-0.020238095238095277,-0.021428571428571352,1.7840562269207077e-05,-0.023809523809523947,9.0906481690288e-05,-0.02619047619047632,0.00011094231738343276,-0.02857142857142858,0.0002544237756541166,-0.030952380952380953,0.0002918948101370718,-0.01904761904761909,6.212354811850054e-05,-0.01666666666666672,5.686468545512483e-05,-0.014285714285714457,6.19677363515015e-05,-0.011904761904761862,9.067833900895172e-05,-0.00952380952380949,8.133994955565537e-05,1.0,1.0,1.0,1.0,1.0
42,13:33:48,1,-0.021428571428571352,602939.0,-0.020238095238095277,-0.021428571428571352,2.0823458140564443e-05,-0.023809523809523947,9.12168407982905e-05,-0.02619047619047632,0.00011107450737387828,-0.02857142857142858,0.0002545415971673398,-0.030952380952380953,0.0002918229677509601,-0.01904761904761909,6.251149700350366e-05,-0.01666666666666672,5.686468545512483e-05,-0.014285714285714457,6.19677363515015e-05,-0.011904761904761862,9.069558118161852e-05,-0.00952380952380949,8.133994955565537e-05,1.0,1.0,1.0,1.0,1.0
42,13:33:51,1,-0.01904761904761909,162956.0,-0.020238095238095277,-0.021428571428571352,2.0872310963120392e-05,-0.023809523809523947,9.126856731629092e-05,-0.02619047619047632,0.00011048827350320687,-0.02857142857142858,0.00025450423912656167,-0.030952380952380953,0.00029178848340562653,-0.01904761904761909,6.233332788594667e-05,-0.01666666666666672,5.709458109068224e-05,-0.014285714285714457,6.218326350983657e-05,-0.011904761904761862,9.07329392223966e-05,-0.00952380952380949,8.133994955565537e-05,1.0,1.0,1.0,1.0,1.0
42,13:33:54,1,-0.021428571428571352,202626.0,-0.020238095238095277,-0.021428571428571352,2.0461372514561525e-05,-0.023809523809523947,9.574291112332696e-05,-0.02619047619047632,0.0001103532098173169,-0.02857142857142858,0.0002544697547812281,-0.030952380952380953,0.0002917453779739595,-0.01904761904761909,6.871293177266474e-05,-0.01666666666666672,5.7956689724022517e-05,-0.014285714285714457,6.218326350983657e-05,-0.011904761904761862,9.078179204495254e-05,-0.00952380952380949,8.133994955565537e-05,1.0,1.0,1.0,1.0,1.0
42,13:33:57,1,-0.021428571428571352,325534.0,-0.020238095238095277,-0.021428571428571352,1.862508112554673e-05,-0.023809523809523947,9.643547172544365e-05,-0.02619047619047632,0.00011020377765420458,-0.02857142857142858,0.0002555301484002366,-0.030952380952380953,0.00029180285188284884,-0.01904761904761909,6.89198378446664e-05,-0.01666666666666672,5.776127843379872e-05,-0.014285714285714457,6.232694828205996e-05,-0.011904761904761862,9.09542137716206e-05,-0.00952380952380949,8.133994955565537e-05,1.0,1.0,1.0,1.0,1.0
42,13:34:00,1,-0.021428571428571352,1561582.0,-0.020238095238095277,-0.021428571428571352,2.0116529061225414e-05,-0.023809523809523947,9.682629430589125e-05,-0.02619047619047632,0.00011031585177653883,-0.02857142857142858,0.0002544036597860053,-0.030952380952380953,0.0002917741149284042,-0.01904761904761909,6.041657302448678e-05,-0.01666666666666672,5.7795762779132336e-05,-0.014285714285714457,6.237867480006037e-05,-0.011904761904761862,9.09283505126204e-05,-0.00952380952380949,8.133994955565537e-05,1.0,0.0,1.0,1.0,1.0
42,13:34:03,1,-0.01904761904761909,130780.0,-0.020238095238095277,-0.021428571428571352,2.059930989589597e-05,-0.023809523809523947,9.74240229583405e-05,-0.02619047619047632,0.00011040781003076179,-0.02857142857142858,0.00025473700845756353,-0.030952380952380953,0.00029179710449195995,-0.01904761904761909,5.7054349354459694e-05,-0.01666666666666672,5.803715319646761e-05,-0.014285714285714457,6.241315914539398e-05,-0.011904761904761862,0.00010110697977692462,-0.00952380952380949,8.39262754556762e-05,1.0,0.0,1.0,1.0,1.0
42,13:34:06,1,-0.021428571428571352,74421.0,-0.020238095238095277,-0.021428571428571352,2.0978637694565693e-05,-0.023809523809523947,9.75044864307856e-05,-0.02619047619047632,0.00011035033612187244,-0.02857142857142858,0.0002548404614935644,-0.030952380952380953,0.00029182871514184906,-0.01904761904761909,5.748252997568536e-05,-0.01666666666666672,5.793944755135571e-05,-0.014285714285714457,6.241315914539398e-05,-0.011904761904761862,0.00010123629607192567,-0.00952380952380949,8.444641433112484e-05,1.0,1.0,1.0,1.0,1.0
42,13:34:09,1,-0.021428571428571352,131937.0,-0.020238095238095277,-0.021428571428571352,2.019411883822604e-05,-0.023809523809523947,9.601016479966245e-05,-0.02619047619047632,0.00011359761197412082,-0.02857142857142858,0.00025469102933045205,-0.030952380952380953,0.0002918057255782933,-0.01904761904761909,6.487367465885603e-05,-0.01666666666666672,5.776127843379872e-05,-0.014285714285714457,6.241315914539398e-05,-0.011904761904761862,0.00010155527626626158,-0.00952380952380949,8.444641433112484e-05,1.0,1.0,1.0,1.0,1.0
42,13:34:12,1,-0.021428571428571352,80981.0,-0.020238095238095277,-0.021428571428571352,2.176028285546088e-05,-0.023809523809523947,9.670272540177914e-05,-0.02619047619047632,0.00011409476128601372,-0.02857142857142858,0.0002549209249660095,-0.030952380952380953,0.00029191205230973865,-0.01904761904761909,6.49024116133007e-05,-0.01666666666666672,5.777564691102106e-05,-0.014285714285714457,6.241315914539398e-05,-0.011904761904761862,0.00010170183473392942,-0.00952380952380949,8.459872018968162e-05,1.0,1.0,1.0,1.0,1.0
42,13:34:15,1,-0.021428571428571352,79000.0,-0.020238095238095277,-0.021428571428571352,2.172579851012727e-05,-0.023809523809523947,9.988390625880477e-05,-0.02619047619047632,0.00011372118087823293,-0.02857142857142858,0.00025558762230912593,-0.030952380952380953,0.00029182871514184906,-0.01904761904761909,6.587659436897522e-05,-0.01666666666666672,5.7637709529686616e-05,-0.014285714285714457,6.241315914539398e-05,-0.011904761904761862,0.00010171332951570729,-0.00952380952380949,8.461596236234842e-05,0.0,1.0,1.0,1.0,1.0
42,13:34:18,1,-0.021428571428571352,4428960.0,-0.020238095238095277,-0.021428571428571352,2.1191291157456297e-05,-0.023809523809523947,0.00010068566728781123,-0.02619047619047632,0.00011404590846345776,-0.02857142857142858,0.00025580889685834996,-0.030952380952380953,0.0002914637558204017,-0.01904761904761909,6.835371984210629e-05,-0.01666666666666672,5.770380452490937e-05,-0.014285714285714457,6.242752762261632e-05,-0.011904761904761862,9.998911224902673e-05,-0.00952380952380949,8.461596236234842e-05,0.0,1.0,1.0,1.0,1.0
42,13:34:21,1,-0.01904761904761909,139424.0,-0.020238095238095277,-0.021428571428571352,2.0892426831231664e-05,-0.023809523809523947,0.00010126040637670475,-0.02619047619047632,0.00011416372997668093,-0.02857142857142858,0.0002561135085754635,-0.030952380952380953,0.0002915068612520687,-0.01904761904761909,6.832785658310608e-05,-0.01666666666666672,5.792220537868891e-05,-0.014285714285714457,6.257121239483969e-05,-0.011904761904761862,9.998911224902673e-05,-0.00952380952380949,8.461596236234842e-05,1.0,1.0,1.0,1.0,1.0
42,13:34:24,1,-0.021428571428571352,1170227.0,-0.020238095238095277,-0.021428571428571352,1.3679451265617995e-05,-0.023809523809523947,0.00010167421852070808,-0.02619047619047632,0.0001142384460582371,-0.02857142857142858,0.00025627443552035374,-0.030952380952380953,0.0002915068612520687,-0.01904761904761909,6.860373134577496e-05,-0.01666666666666672,5.8065890150912284e-05,-0.014285714285714457,6.271489716706308e-05,-0.011904761904761862,0.00010006382833058288,-0.00952380952380949,8.454411997623673e-05,1.0,1.0,1.0,1.0,1.0
42,13:34:27,1,-0.01904761904761909,1867665.0,-0.020238095238095277,-0.021428571428571352,1.3081923771849846e-06,-0.023809523809523947,0.00010124316420403795,-0.02619047619047632,0.0001141752247584588,-0.02857142857142858,0.000256380762251799,-0.030952380952380953,0.00029142065038873465,-0.01904761904761909,7.858982301529988e-05,-0.01666666666666672,5.773828887024298e-05,-0.014285714285714457,6.271489716706308e-05,-0.011904761904761862,0.00010024199744813988,-0.00952380952380949,8.45728569306814e-05,1.0,1.0,1.0,1.0,1.0
42,13:34:30,1,-0.023809523809523947,320074.0,-0.02261904761904754,-0.023809523809523947,0.00010259092736749325,-0.02619047619047632,0.00011420970910379243,-0.02857142857142858,0.0002567256057051351,-0.030952380952380953,0.0002916045668971806,-0.03333333333333344,0.00037122972490721324,-0.021428571428571352,4.310140849339171e-06,-0.01904761904761909,8.024794528675768e-05,-0.01666666666666672,5.773828887024298e-05,-0.014285714285714457,6.284133976661966e-05,-0.011904761904761862,0.0001003109661388071,2.0,2.0,2.0,2.0,2.0
42,13:34:33,1,-0.021428571428571352,143439.0,-0.02261904761904754,-0.023809523809523947,0.00010220010478704566,-0.02619047619047632,0.00011452581560268385,-0.02857142857142858,0.0002569526276452481,-0.030952380952380953,0.000291521229729291,-0.03333333333333344,0.00037105730318054517,-0.021428571428571352,4.249793245005352e-06,-0.01904761904761909,7.14917952674649e-05,-0.01666666666666672,5.937916896903398e-05,-0.014285714285714457,6.260282304472884e-05,-0.011904761904761862,0.00010037131374314093,2.0,2.0,2.0,2.0,2.0
42,13:34:36,1,-0.021428571428571352,1184779.0,-0.020238095238095277,-0.021428571428571352,1.198733317705214e-06,-0.023809523809523947,0.00010411111225761661,-0.02619047619047632,0.00011443098365301642,-0.02857142857142858,0.00025689802743180317,-0.030952380952380953,0.000291521229729291,-0.01904761904761909,7.369304597792709e-05,-0.01666666666666672,5.969240177248095e-05,-0.014285714285714457,6.260282304472884e-05,-0.011904761904761862,0.00010048051417003069,-0.00952380952380949,8.482861582523902e-05,1.0,1.0,1.0,1.0,1.0
42,13:34:39,1,-0.021428571428571352,0.0,-0.020238095238095277,-0.021428571428571352,1.198733317705214e-06,-0.023809523809523947,0.00010411111225761661,-0.02619047619047632,0.00011443098365301642,-0.02857142857142858,0.00025689802743180317,-0.030952380952380953,0.000291521229729291,-0.01904761904761909,7.369304597792709e-05,-0.01666666666666672,5.969240177248095e-05,-0.014285714285714457,6.260282304472884e-05,-0.011904761904761862,0.00010048051417003069,-0.00952380952380949,8.482861582523902e-05,1.0,1.0,1.0,1.0,1.0
42,13:34:42,1,-0.021428571428571352,0.0,-0.020238095238095277,-0.021428571428571352,1.198733317705214e-06,-0.023809523809523947,0.00010411111225761661,-0.02619047619047632,0.00011443098365301642,-0.02857142857142858,0.00025689802743180317,-0.030952380952380953,0.000291521229729291,-0.01904761904761909,7.369304597792709e-05,-0.01666666666666672,5.969240177248095e-05,-0.014285714285714457,6.260282304472884e-05,-0.011904761904761862,0.00010048051417003069,-0.00952380952380949,8.482861582523902e-05,1.0,1.0,1.0,1.0,1.0
42,13:34:45,1,-0.021428571428571352,0.0,-0.020238095238095277,-0.021428571428571352,1.198733317705214e-06,-0.023809523809523947,0.00010411111225761661,-0.02619047619047632,0.00011443098365301642,-0.02857142857142858,0.00025689802743180317,-0.030952380952380953,0.000291521229729291,-0.01904761904761909,7.369304597792709e-05,-0.01666666666666672,5.969240177248095e-05,-0.014285714285714457,6.260282304472884e-05,-0.011904761904761862,0.00010048051417003069,-0.00952380952380949,8.482861582523902e-05,1.0,1.0,1.0,1.0,1.0
42,13:34:48,1,-0.021428571428571352,0.0,-0.020238095238095277,-0.021428571428571352,1.198733317705214e-06,-0.023809523809523947,0.00010411111225761661,-0.02619047619047632,0.00011443098365301642,-0.02857142857142858,0.00025689802743180317,-0.030952380952380953,0.000291521229729291,-0.01904761904761909,7.369304597792709e-05,-0.01666666666666672,5.969240177248095e-05,-0.014285714285714457,6.260282304472884e-05,-0.011904761904761862,0.00010048051417003069,-0.00952380952380949,8.482861582523902e-05,1.0,1.0,1.0,1.0,1.0
42,13:34:51,1,-0.021428571428571352,0.0,-0.020238095238095277,-0.021428571428571352,1.198733317705214e-06,-0.023809523809523947,0.00010411111225761661,-0.02619047619047632,0.00011443098365301642,-0.02857142857142858,0.00025689802743180317,-0.030952380952380953,0.000291521229729291,-0.01904761904761909,7.369304597792709e-05,-0.01666666666666672,5.969240177248095e-05,-0.014285714285714457,6.260282304472884e-05,-0.011904761904761862,0.00010048051417003069,-0.00952380952380949,8.482861582523902e-05,1.0,1.0,1.0,1.0,1.0
42,13:34:54,1,-0.021428571428571352,0.0,-0.020238095238095277,-0.021428571428571352,1.198733317705214e-06,-0.023809523809523947,0.00010411111225761661,-0.02619047619047632,0.00011443098365301642,-0.02857142857142858,0.00025689802743180317,-0.030952380952380953,0.000291521229729291,-0.01904761904761909,7.369304597792709e-05,-0.01666666666666672,5.969240177248095e-05,-0.014285714285714457,6.260282304472884e-05,-0.011904761904761862,0.00010048051417003069,-0.00952380952380949,8.482861582523902e-05,1.0,1.0,1.0,1.0,1.0
42,13:34:57,1,-0.021428571428571352,0.0,-0.020238095238095277,-0.021428571428571352,1.198733317705214e-06,-0.023809523809523947,0.00010411111225761661,-0.02619047619047632,0.00011443098365301642,-0.02857142857142858,0.00025689802743180317,-0.030952380952380953,0.000291521229729291,-0.01904761904761909,7.369304597792709e-05,-0.01666666666666672,5.969240177248095e-05,-0.014285714285714457,6.260282304472884e-05,-0.011904761904761862,0.00010048051417003069,-0.00952380952380949,8.482861582523902e-05,1.0,1.0,1.0,1.0,1.0
42,13:35:00,1,-0.021428571428571352,0.0,-0.020238095238095277,-0.021428571428571352,1.198733317705214e-06,-0.023809523809523947,0.00010411111225761661,-0.02619047619047632,0.00011443098365301642,-0.02857142857142858,0.00025689802743180317,-0.030952380952380953,0.000291521229729291,-0.01904761904761909,7.369304597792709e-05,-0.01666666666666672,5.969240177248095e-05,-0.014285714285714457,6.260282304472884e-05,-0.011904761904761862,0.00010048051417003069,-0.00952380952380949,8.482861582523902e-05,1.0,1.0,1.0,1.0,1.0
42,13:35:03,1,-0.021428571428571352,0.0,-0.020238095238095277,-0.021428571428571352,1.198733317705214e-06,-0.023809523809523947,0.00010411111225761661,-0.02619047619047632,0.00011443098365301642,-0.02857142857142858,0.00025689802743180317,-0.030952380952380953,0.000291521229729291,-0.01904761904761909,7.369304597792709e-05,-0.01666666666666672,5.969240177248095e-05,-0.014285714285714457,6.260282304472884e-05,-0.011904761904761862,0.00010048051417003069,-0.00952380952380949,8.482861582523902e-05,1.0,1.0,1.0,1.0,1.0
42,13:35:06,1,-0.021428571428571352,0.0,-0.020238095238095277,-0.021428571428571352,1.198733317705214e-06,-0.023809523809523947,0.00010411111225761661,-0.02619047619047632,0.00011443098365301642,-0.02857142857142858,0.00025689802743180317,-0.030952380952380953,0.000291521229729291,-0.01904761904761909,7.369304597792709e-05,-0.01666666666666672,5.969240177248095e-05,-0.014285714285714457,6.260282304472884e-05,-0.011904761904761862,0.00010048051417003069,-0.00952380952380949,8.482861582523902e-05,1.0,1.0,1.0,1.0,1.0
42,13:35:09,1,-0.021428571428571352,0.0,-0.020238095238095277,-0.021428571428571352,1.198733317705214e-06,-0.023809523809523947,0.00010411111225761661,-0.02619047619047632,0.00011443098365301642,-0.02857142857142858,0.00025689802743180317,-0.030952380952380953,0.000291521229729291,-0.01904761904761909,7.369304597792709e-05,-0.01666666666666672,5.969240177248095e-05,-0.014285714285714457,6.260282304472884e-05,-0.011904761904761862,0.00010048051417003069,-0.00952380952380949,8.482861582523902e-05,1.0,1.0,1.0,1.0,1.0
42,13:35:12,1,-0.021428571428571352,0.0,-0.020238095238095277,-0.021428571428571352,1.198733317705214e-06,-0.023809523809523947,0.00010411111225761661,-0.02619047619047632,0.00011443098365301642,-0.02857142857142858,0.00025689802743180317,-0.030952380952380953,0.000291521229729291,-0.01904761904761909,7.369304597792709e-05,-0.01666666666666672,5.969240177248095e-05,-0.014285714285714457,6.260282304472884e-05,-0.011904761904761862,0.00010048051417003069,-0.00952380952380949,8.482861582523902e-05,1.0,1.0,1.0,1.0,1.0
42,13:35:15,1,-0.021428571428571352,0.0,-0.020238095238095277,-0.021428571428571352,1.198733317705214e-06,-0.023809523809523947,0.00010411111225761661,-0.02619047619047632,0.00011443098365301642,-0.02857142857142858,0.00025689802743180317,-0.030952380952380953,0.000291521229729291,-0.01904761904761909,7.369304597792709e-05,-0.01666666666666672,5.969240177248095e-05,-0.014285714285714457,6.260282304472884e-05,-0.011904761904761862,0.00010048051417003069,-0.00952380952380949,8.482861582523902e-05,1.0,1.0,1.0,1.0,1.0
42,13:35:18,1,-0.021428571428571352,0.0,-0.020238095238095277,-0.021428571428571352,1.198733317705214e-06,-0.023809523809523947,0.00010411111225761661,-0.02619047619047632,0.00011443098365301642,-0.02857142857142858,0.00025689802743180317,-0.030952380952380953,0.000291521229729291,-0.01904761904761909,7.369304597792709e-05,-0.01666666666666672,5.969240177248095e-05,-0.014285714285714457,6.260282304472884e-05,-0.011904761904761862,0.00010048051417003069,-0.00952380952380949,8.482861582523902e-05,1.0,1.0,1.0,1.0,1.0
42,13:35:21,1,-0.021428571428571352,0.0,-0.020238095238095277,-0.021428571428571352,1.198733317705214e-06,-0.023809523809523947,0.00010411111225761661,-0.02619047619047632,0.00011443098365301642,-0.02857142857142858,0.00025689802743180317,-0.030952380952380953,0.000291521229729291,-0.01904761904761909,7.369304597792709e-05,-0.01666666666666672,5.969240177248095e-05,-0.014285714285714457,6.260282304472884e-05,-0.011904761904761862,0.00010048051417003069,-0.00952380952380949,8.482861582523902e-05,1.0,1.0,1.0,1.0,1.0
42,13:35:24,1,-0.021428571428571352,0.0,-0.020238095238095277,-0.021428571428571352,1.198733317705214e-06,-0.023809523809523947,0.00010411111225761661,-0.02619047619047632,0.00011443098365301642,-0.02857142857142858,0.00025689802743180317,-0.030952380952380953,0.000291521229729291,-0.01904761904761909,7.369304597792709e-05,-0.01666666666666672,5.969240177248095e-05,-0.014285714285714457,6.260282304472884e-05,-0.011904761904761862,0.00010048051417003069,-0.00952380952380949,8.482861582523902e-05,1.0,1.0,1.0,1.0,1.0
42,13:35:27,1,-0.021428571428571352,0.0,-0.020238095238095277,-0.021428571428571352,1.198733317705214e-06,-0.023809523809523947,0.00010411111225761661,-0.02619047619047632,0.00011443098365301642,-0.02857142857142858,0.00025689802743180317,-0.030952380952380953,0.000291521229729291,-0.01904761904761909,7.369304597792709e-05,-0.01666666666666672,5.969240177248095e-05,-0.014285714285714457,6.260282304472884e-05,-0.011904761904761862,0.00010048051417003069,-0.00952380952380949,8.482861582523902e-05,1.0,1.0,1.0,1.0,1.0
42,13:35:30,1,-0.021428571428571352,0.0,-0.020238095238095277,-0.021428571428571352,1.198733317705214e-06,-0.023809523809523947,0.00010411111225761661,-0.02619047619047632,0.00011443098365301642,-0.02857142857142858,0.00025689802743180317,-0.030952380952380953,0.000291521229729291,-0.01904761904761909,7.369304597792709e-05,-0.01666666666666672,5.969240177248095e-05,-0.014285714285714457,6.260282304472884e-05,-0.011904761904761862,0.00010048051417003069,-0.00952380952380949,8.482861582523902e-05,1.0,1.0,1.0,1.0,1.0
42,13:35:33,1,-0.021428571428571352,0.0,-0.020238095238095277,-0.021428571428571352,1.198733317705214e-06,-0.023809523809523947,0.00010411111225761661,-0.02619047619047632,0.00011443098365301642,-0.02857142857142858,0.00025689802743180317,-0.030952380952380953,0.000291521229729291,-0.01904761904761909,7.369304597792709e-05,-0.01666666666666672,5.969240177248095e-05,-0.014285714285714457,6.260282304472884e-05,-0.011904761904761862,0.00010048051417003069,-0.00952380952380949,8.482861582523902e-05,1.0,1.0,1.0,1.0,1.0
42,13:35:36,1,-0.021428571428571352,0.0,-0.020238095238095277,-0.021428571428571352,1.198733317705214e-06,-0.023809523809523947,0.00010411111225761661,-0.02619047619047632,0.00011443098365301642,-0.02857142857142858,0.00025689802743180317,-0.030952380952380953,0.000291521229729291,-0.01904761904761909,7.369304597792709e-05,-0.01666666666666672,5.969240177248095e-05,-0.014285714285714457,6.260282304472884e-05,-0.011904761904761862,0.00010048051417003069,-0.00952380952380949,8.482861582523902e-05,1.0,1.0,1.0,1.0,1.0
42,13:35:39,1,-0.021428571428571352,0.0,-0.020238095238095277,-0.021428571428571352,1.198733317705214e-06,-0.023809523809523947,0.00010411111225761661,-0.02619047619047632,0.00011443098365301642,-0.02857142857142858,0.00025689802743180317,-0.030952380952380953,0.000291521229729291,-0.01904761904761909,7.369304597792709e-05,-0.01666666666666672,5.969240177248095e-05,-0.014285714285714457,6.260282304472884e-05,-0.011904761904761862,0.00010048051417003069,-0.00952380952380949,8.482861582523902e-05,1.0,1.0,1.0,1.0,1.0
42,13:35:42,1,-0.021428571428571352,0.0,-0.020238095238095277,-0.021428571428571352,1.198733317705214e-06,-0.023809523809523947,0.00010411111225761661,-0.02619047619047632,0.00011443098365301642,-0.02857142857142858,0.00025689802743180317,-0.030952380952380953,0.000291521229729291,-0.01904761904761909,7.369304597792709e-05,-0.01666666666666672,5.969240177248095e-05,-0.014285714285714457,6.260282304472884e-05,-0.011904761904761862,0.00010048051417003069,-0.00952380952380949,8.482861582523902e-05,1.0,1.0,1.0,1.0,1.0
42,13:35:45,1,-0.021428571428571352,0.0,-0.020238095238095277,-0.021428571428571352,1.198733317705214e-06,-0.023809523809523947,0.00010411111225761661,-0.02619047619047632,0.00011443098365301642,-0.02857142857142858,0.00025689802743180317,-0.030952380952380953,0.000291521229729291,-0.01904761904761909,7.369304597792709e-05,-0.01666666666666672,5.969240177248095e-05,-0.014285714285714457,6.260282304472884e-05,-0.011904761904761862,0.00010048051417003069,-0.00952380952380949,8.482861582523902e-05,1.0,1.0,1.0,1.0,1.0
42,13:35:48,1,-0.021428571428571352,0.0,-0.020238095238095277,-0.021428571428571352,1.198733317705214e-06,-0.023809523809523947,0.00010411111225761661,-0.02619047619047632,0.00011443098365301642,-0.02857142857142858,0.00025689802743180317,-0.030952380952380953,0.000291521229729291,-0.01904761904761909,7.369304597792709e-05,-0.01666666666666672,5.969240177248095e-05,-0.014285714285714457,6.260282304472884e-05,-0.011904761904761862,0.00010048051417003069,-0.00952380952380949,8.482861582523902e-05,1.0,1.0,1.0,1.0,1.0
42,13:35:51,1,-0.021428571428571352,0.0,-0.020238095238095277,-0.021428571428571352,1.198733317705214e-06,-0.023809523809523947,0.00010411111225761661,-0.02619047619047632,0.00011443098365301642,-0.02857142857142858,0.00025689802743180317,-0.030952380952380953,0.000291521229729291,-0.01904761904761909,7.369304597792709e-05,-0.01666666666666672,5.969240177248095e-05,-0.014285714285714457,6.260282304472884e-05,-0.011904761904761862,0.00010048051417003069,-0.00952380952380949,8.482861582523902e-05,1.0,1.0,1.0,1.0,1.0
42,13:35:54,1,-0.021428571428571352,0.0,-0.020238095238095277,-0.021428571428571352,1.198733317705214e-06,-0.023809523809523947,0.00010411111225761661,-0.02619047619047632,0.00011443098365301642,-0.02857142857142858,0.00025689802743180317,-0.030952380952380953,0.000291521229729291,-0.01904761904761909,7.369304597792709e-05,-0.01666666666666672,5.969240177248095e-05,-0.014285714285714457,6.260282304472884e-05,-0.011904761904761862,0.00010048051417003069,-0.00952380952380949,8.482861582523902e-05,1.0,1.0,1.0,1.0,1.0
42,13:35:57,1,-0.021428571428571352,0.0,-0.020238095238095277,-0.021428571428571352,1.198733317705214e-06,-0.023809523809523947,0.00010411111225761661,-0.02619047619047632,0.00011443098365301642,-0.02857142857142858,0.00025689802743180317,-0.030952380952380953,0.000291521229729291,-0.01904761904761909,7.369304597792709e-05,-0.01666666666666672,5.969240177248095e-05,-0.014285714285714457,6.260282304472884e-05,-0.011904761904761862,0.00010048051417003069,-0.00952380952380949,8.482861582523902e-05,1.0,1.0,1.0,1.0,1.0
42,13:36:00,1,-0.021428571428571352,0.0,-0.020238095238095277,-0.021428571428571352,1.198733317705214e-06,-0.023809523809523947,0.00010411111225761661,-0.02619047619047632,0.00011443098365301642,-0.02857142857142858,0.00025689802743180317,-0.030952380952380953,0.000291521229729291,-0.01904761904761909,7.369304597792709e-05,-0.01666666666666672,5.969240177248095e-05,-0.014285714285714457,6.260282304472884e-05,-0.011904761904761862,0.00010048051417003069,-0.00952380952380949,8.482861582523902e-05,1.0,1.0,1.0,1.0,1.0
42,13:36:03,1,-0.021428571428571352,0.0,-0.020238095238095277,-0.021428571428571352,1.198733317705214e-06,-0.023809523809523947,0.00010411111225761661,-0.02619047619047632,0.00011443098365301642,-0.02857142857142858,0.00025689802743180317,-0.030952380952380953,0.000291521229729291,-0.01904761904761909,7.369304597792709e-05,-0.01666666666666672,5.969240177248095e-05,-0.014285714285714457,6.260282304472884e-05,-0.011904761904761862,0.00010048051417003069,-0.00952380952380949,8.482861582523902e-05,1.0,1.0,1.0,1.0,1.0
42,13:36:06,1,-0.021428571428571352,0.0,-0.020238095238095277,-0.021428571428571352,1.198733317705214e-06,-0.023809523809523947,0.00010411111225761661,-0.02619047619047632,0.00011443098365301642,-0.02857142857142858,0.00025689802743180317,-0.030952380952380953,0.000291521229729291,-0.01904761904761909,7.369304597792709e-05,-0.01666666666666672,5.969240177248095e-05,-0.014285714285714457,6.260282304472884e-05,-0.011904761904761862,0.00010048051417003069,-0.00952380952380949,8.482861582523902e-05,1.0,1.0,1.0,1.0,1.0
42,13:36:09,1,-0.021428571428571352,0.0,-0.020238095238095277,-0.021428571428571352,1.198733317705214e-06,-0.023809523809523947,0.00010411111225761661,-0.02619047619047632,0.00011443098365301642,-0.02857142857142858,0.00025689802743180317,-0.030952380952380953,0.000291521229729291,-0.01904761904761909,7.369304597792709e-05,-0.01666666666666672,5.969240177248095e-05,-0.014285714285714457,6.260282304472884e-05,-0.011904761904761862,0.00010048051417003069,-0.00952380952380949,8.482861582523902e-05,1.0,1.0,1.0,1.0,1.0
42,13:36:12,1,-0.021428571428571352,0.0,-0.020238095238095277,-0.021428571428571352,1.198733317705214e-06,-0.023809523809523947,0.00010411111225761661,-0.02619047619047632,0.00011443098365301642,-0.02857142857142858,0.00025689802743180317,-0.030952380952380953,0.000291521229729291,-0.01904761904761909,7.369304597792709e-05,-0.01666666666666672,5.969240177248095e-05,-0.014285714285714457,6.260282304472884e-05,-0.011904761904761862,0.00010048051417003069,-0.00952380952380949,8.482861582523902e-05,1.0,1.0,1.0,1.0,1.0
42,13:36:15,1,-0.021428571428571352,0.0,-0.020238095238095277,-0.021428571428571352,1.198733317705214e-06,-0.023809523809523947,0.00010411111225761661,-0.02619047619047632,0.00011443098365301642,-0.02857142857142858,0.00025689802743180317,-0.030952380952380953,0.000291521229729291,-0.01904761904761909,7.369304597792709e-05,-0.01666666666666672,5.969240177248095e-05,-0.014285714285714457,6.260282304472884e-05,-0.011904761904761862,0.00010048051417003069,-0.00952380952380949,8.482861582523902e-05,1.0,1.0,1.0,1.0,1.0
42,13:36:18,1,-0.021428571428571352,0.0,-0.020238095238095277,-0.021428571428571352,1.198733317705214e-06,-0.023809523809523947,0.00010411111225761661,-0.02619047619047632,0.00011443098365301642,-0.02857142857142858,0.00025689802743180317,-0.030952380952380953,0.000291521229729291,-0.01904761904761909,7.369304597792709e-05,-0.01666666666666672,5.969240177248095e-05,-0.014285714285714457,6.260282304472884e-05,-0.011904761904761862,0.00010048051417003069,-0.00952380952380949,8.482861582523902e-05,1.0,1.0,1.0,1.0,1.0
42,13:36:21,1,-0.021428571428571352,0.0,-0.020238095238095277,-0.021428571428571352,1.198733317705214e-06,-0.023809523809523947,0.00010411111225761661,-0.02619047619047632,0.00011443098365301642,-0.02857142857142858,0.00025689802743180317,-0.030952380952380953,0.000291521229729291,-0.01904761904761909,7.369304597792709e-05,-0.01666666666666672,5.969240177248095e-05,-0.014285714285714457,6.260282304472884e-05,-0.011904761904761862,0.00010048051417003069,-0.00952380952380949,8.482861582523902e-05,1.0,1.0,1.0,1.0,1.0
42,13:36:24,1,-0.021428571428571352,0.0,-0.020238095238095277,-0.021428571428571352,1.198733317705214e-06,-0.023809523809523947,0.00010411111225761661,-0.02619047619047632,0.00011443098365301642,-0.02857142857142858,0.00025689802743180317,-0.030952380952380953,0.000291521229729291,-0.01904761904761909,7.369304597792709e-05,-0.01666666666666672,5.969240177248095e-05,-0.014285714285714457,6.260282304472884e-05,-0.011904761904761862,0.00010048051417003069,-0.00952380952380949,8.482861582523902e-05,1.0,1.0,1.0,1.0,1.0
42,13:36:27,1,-0.021428571428571352,0.0,-0.020238095238095277,-0.021428571428571352,1.198733317705214e-06,-0.023809523809523947,0.00010411111225761661,-0.02619047619047632,0.00011443098365301642,-0.02857142857142858,0.00025689802743180317,-0.030952380952380953,0.000291521229729291,-0.01904761904761909,7.369304597792709e-05,-0.01666666666666672,5.969240177248095e-05,-0.014285714285714457,6.260282304472884e-05,-0.011904761904761862,0.00010048051417003069,-0.00952380952380949,8.482861582523902e-05,1.0,1.0,1.0,1.0,1.0
42,13:36:30,1,-0.021428571428571352,0.0,-0.020238095238095277,-0.021428571428571352,1.198733317705214e-06,-0.023809523809523947,0.00010411111225761661,-0.02619047619047632,0.00011443098365301642,-0.02857142857142858,0.00025689802743180317,-0.030952380952380953,0.000291521229729291,-0.01904761904761909,7.369304597792709e-05,-0.01666666666666672,5.969240177248095e-05,-0.014285714285714457,6.260282304472884e-05,-0.011904761904761862,0.00010048051417003069,-0.00952380952380949,8.482861582523902e-05,1.0,1.0,1.0,1.0,1.0
42,13:36:33,1,-0.021428571428571352,0.0,-0.020238095238095277,-0.021428571428571352,1.198733317705214e-06,-0.023809523809523947,0.00010411111225761661,-0.02619047619047632,0.00011443098365301642,-0.02857142857142858,0.00025689802743180317,-0.030952380952380953,0.000291521229729291,-0.01904761904761909,7.369304597792709e-05,-0.01666666666666672,5.969240177248095e-05,-0.014285714285714457,6.260282304472884e-05,-0.011904761904761862,0.00010048051417003069,-0.00952380952380949,8.482861582523902e-05,1.0,1.0,1.0,1.0,1.0
42,13:36:36,1,-0.021428571428571352,0.0,-0.020238095238095277,-0.021428571428571352,1.198733317705214e-06,-0.023809523809523947,0.00010411111225761661,-0.02619047619047632,0.00011443098365301642,-0.02857142857142858,0.00025689802743180317,-0.030952380952380953,0.000291521229729291,-0.01904761904761909,7.369304597792709e-05,-0.01666666666666672,5.969240177248095e-05,-0.014285714285714457,6.260282304472884e-05,-0.011904761904761862,0.00010048051417003069,-0.00952380952380949,8.482861582523902e-05,1.0,1.0,1.0,1.0,1.0
42,13:36:39,1,-0.021428571428571352,0.0,-0.020238095238095277,-0.021428571428571352,1.198733317705214e-06,-0.023809523809523947,0.00010411111225761661,-0.02619047619047632,0.00011443098365301642,-0.02857142857142858,0.00025689802743180317,-0.030952380952380953,0.000291521229729291,-0.01904761904761909,7.369304597792709e-05,-0.01666666666666672,5.969240177248095e-05,-0.014285714285714457,6.260282304472884e-05,-0.011904761904761862,0.00010048051417003069,-0.00952380952380949,8.482861582523902e-05,1.0,1.0,1.0,1.0,1.0
42,13:36:42,1,-0.021428571428571352,0.0,-0.020238095238095277,-0.021428571428571352,1.198733317705214e-06,-0.023809523809523947,0.00010411111225761661,-0.02619047619047632,0.00011443098365301642,-0.02857142857142858,0.00025689802743180317,-0.030952380952380953,0.000291521229729291,-0.01904761904761909,7.369304597792709e-05,-0.01666666666666672,5.969240177248095e-05,-0.014285714285714457,6.260282304472884e-05,-0.011904761904761862,0.00010048051417003069,-0.00952380952380949,8.482861582523902e-05,1.0,1.0,1.0,1.0,1.0
42,13:36:45,1,-0.021428571428571352,0.0,-0.020238095238095277,-0.021428571428571352,1.198733317705214e-06,-0.023809523809523947,0.00010411111225761661,-0.02619047619047632,0.00011443098365301642,-0.02857142857142858,0.00025689802743180317,-0.030952380952380953,0.000291521229729291,-0.01904761904761909,7.369304597792709e-05,-0.01666666666666672,5.969240177248095e-05,-0.014285714285714457,6.260282304472884e-05,-0.011904761904761862,0.00010048051417003069,-0.00952380952380949,8.482861582523902e-05,1.0,1.0,1.0,1.0,1.0
42,13:36:48,1,-0.021428571428571352,0.0,-0.020238095238095277,-0.021428571428571352,1.198733317705214e-06,-0.023809523809523947,0.00010411111225761661,-0.02619047619047632,0.00011443098365301642,-0.02857142857142858,0.00025689802743180317,-0.030952380952380953,0.000291521229729291,-0.01904761904761909,7.369304597792709e-05,-0.01666666666666672,5.969240177248095e-05,-0.014285714285714457,6.260282304472884e-05,-0.011904761904761862,0.00010048051417003069,-0.00952380952380949,8.482861582523902e-05,1.0,1.0,1.0,1.0,1.0
42,13:36:51,1,-0.021428571428571352,0.0,-0.020238095238095277,-0.021428571428571352,1.198733317705214e-06,-0.023809523809523947,0.00010411111225761661,-0.02619047619047632,0.00011443098365301642,-0.02857142857142858,0.00025689802743180317,-0.030952380952380953,0.000291521229729291,-0.01904761904761909,7.369304597792709e-05,-0.01666666666666672,5.969240177248095e-05,-0.014285714285714457,6.260282304472884e-05,-0.011904761904761862,0.00010048051417003069,-0.00952380952380949,8.482861582523902e-05,1.0,1.0,1.0,1.0,1.0
42,13:36:54,1,-0.021428571428571352,0.0,-0.020238095238095277,-0.021428571428571352,1.198733317705214e-06,-0.023809523809523947,0.00010411111225761661,-0.02619047619047632,0.00011443098365301642,-0.02857142857142858,0.00025689802743180317,-0.030952380952380953,0.000291521229729291,-0.01904761904761909,7.369304597792709e-05,-0.01666666666666672,5.969240177248095e-05,-0.014285714285714457,6.260282304472884e-05,-0.011904761904761862,0.00010048051417003069,-0.00952380952380949,8.482861582523902e-05,1.0,1.0,1.0,1.0,1.0
42,13:36:57,1,-0.021428571428571352,0.0,-0.020238095238095277,-0.021428571428571352,1.198733317705214e-06,-0.023809523809523947,0.00010411111225761661,-0.02619047619047632,0.00011443098365301642,-0.02857142857142858,0.00025689802743180317,-0.030952380952380953,0.000291521229729291,-0.01904761904761909,7.369304597792709e-05,-0.01666666666666672,5.969240177248095e-05,-0.014285714285714457,6.260282304472884e-05,-0.011904761904761862,0.00010048051417003069,-0.00952380952380949,8.482861582523902e-05,1.0,1.0,1.0,1.0,1.0
42,13:37:00,1,-0.021428571428571352,0.0,-0.020238095238095277,-0.021428571428571352,1.198733317705214e-06,-0.023809523809523947,0.00010411111225761661,-0.02619047619047632,0.00011443098365301642,-0.02857142857142858,0.00025689802743180317,-0.030952380952380953,0.000291521229729291,-0.01904761904761909,7.369304597792709e-05,-0.01666666666666672,5.969240177248095e-05,-0.014285714285714457,6.260282304472884e-05,-0.011904761904761862,0.00010048051417003069,-0.00952380952380949,8.482861582523902e-05,1.0,1.0,1.0,1.0,1.0
42,13:37:03,1,-0.021428571428571352,0.0,-0.020238095238095277,-0.021428571428571352,1.198733317705214e-06,-0.023809523809523947,0.00010411111225761661,-0.02619047619047632,0.00011443098365301642,-0.02857142857142858,0.00025689802743180317,-0.030952380952380953,0.000291521229729291,-0.01904761904761909,7.369304597792709e-05,-0.01666666666666672,5.969240177248095e-05,-0.014285714285714457,6.260282304472884e-05,-0.011904761904761862,0.00010048051417003069,-0.00952380952380949,8.482861582523902e-05,1.0,1.0,1.0,1.0,1.0
42,13:37:06,1,-0.021428571428571352,0.0,-0.020238095238095277,-0.021428571428571352,1.198733317705214e-06,-0.023809523809523947,0.00010411111225761661,-0.02619047619047632,0.00011443098365301642,-0.02857142857142858,0.00025689802743180317,-0.030952380952380953,0.000291521229729291,-0.01904761904761909,7.369304597792709e-05,-0.01666666666666672,5.969240177248095e-05,-0.014285714285714457,6.260282304472884e-05,-0.011904761904761862,0.00010048051417003069,-0.00952380952380949,8.482861582523902e-05,1.0,1.0,1.0,1.0,1.0
42,13:37:09,1,-0.021428571428571352,0.0,-0.020238095238095277,-0.021428571428571352,1.198733317705214e-06,-0.023809523809523947,0.00010411111225761661,-0.02619047619047632,0.00011443098365301642,-0.02857142857142858,0.00025689802743180317,-0.030952380952380953,0.000291521229729291,-0.01904761904761909,7.369304597792709e-05,-0.01666666666666672,5.969240177248095e-05,-0.014285714285714457,6.260282304472884e-05,-0.011904761904761862,0.00010048051417003069,-0.00952380952380949,8.482861582523902e-05,1.0,1.0,1.0,1.0,1.0
42,13:37:12,1,-0.021428571428571352,0.0,-0.020238095238095277,-0.021428571428571352,1.198733317705214e-06,-0.023809523809523947,0.00010411111225761661,-0.02619047619047632,0.00011443098365301642,-0.02857142857142858,0.00025689802743180317,-0.030952380952380953,0.000291521229729291,-0.01904761904761909,7.369304597792709e-05,-0.01666666666666672,5.969240177248095e-05,-0.014285714285714457,6.260282304472884e-05,-0.011904761904761862,0.00010048051417003069,-0.00952380952380949,8.482861582523902e-05,1.0,1.0,1.0,1.0,1.0
42,13:37:15,1,-0.021428571428571352,0.0,-0.020238095238095277,-0.021428571428571352,1.198733317705214e-06,-0.023809523809523947,0.00010411111225761661,-0.02619047619047632,0.00011443098365301642,-0.02857142857142858,0.00025689802743180317,-0.030952380952380953,0.000291521229729291,-0.01904761904761909,7.369304597792709e-05,-0.01666666666666672,5.969240177248095e-05,-0.014285714285714457,6.260282304472884e-05,-0.011904761904761862,0.00010048051417003069,-0.00952380952380949,8.482861582523902e-05,1.0,1.0,1.0,1.0,1.0
42,13:37:18,1,-0.021428571428571352,0.0,-0.020238095238095277,-0.021428571428571352,1.198733317705214e-06,-0.023809523809523947,0.00010411111225761661,-0.02619047619047632,0.00011443098365301642,-0.02857142857142858,0.00025689802743180317,-0.030952380952380953,0.000291521229729291,-0.01904761904761909,7.369304597792709e-05,-0.01666666666666672,5.969240177248095e-05,-0.014285714285714457,6.260282304472884e-05,-0.011904761904761862,0.00010048051417003069,-0.00952380952380949,8.482861582523902e-05,1.0,1.0,1.0,1.0,1.0
42,13:37:21,1,-0.021428571428571352,0.0,-0.020238095238095277,-0.021428571428571352,1.198733317705214e-06,-0.023809523809523947,0.00010411111225761661,-0.02619047619047632,0.00011443098365301642,-0.02857142857142858,0.00025689802743180317,-0.030952380952380953,0.000291521229729291,-0.01904761904761909,7.369304597792709e-05,-0.01666666666666672,5.969240177248095e-05,-0.014285714285714457,6.260282304472884e-05,-0.011904761904761862,0.00010048051417003069,-0.00952380952380949,8.482861582523902e-05,1.0,1.0,1.0,1.0,1.0
42,13:37:24,1,-0.021428571428571352,0.0,-0.020238095238095277,-0.021428571428571352,1.198733317705214e-06,-0.023809523809523947,0.00010411111225761661,-0.02619047619047632,0.00011443098365301642,-0.02857142857142858,0.00025689802743180317,-0.030952380952380953,0.000291521229729291,-0.01904761904761909,7.369304597792709e-05,-0.01666666666666672,5.969240177248095e-05,-0.014285714285714457,6.260282304472884e-05,-0.011904761904761862,0.00010048051417003069,-0.00952380952380949,8.482861582523902e-05,1.0,1.0,1.0,1.0,1.0
42,13:37:27,1,-0.021428571428571352,0.0,-0.020238095238095277,-0.021428571428571352,1.198733317705214e-06,-0.023809523809523947,0.00010411111225761661,-0.02619047619047632,0.00011443098365301642,-0.02857142857142858,0.00025689802743180317,-0.030952380952380953,0.000291521229729291,-0.01904761904761909,7.369304597792709e-05,-0.01666666666666672,5.969240177248095e-05,-0.014285714285714457,6.260282304472884e-05,-0.011904761904761862,0.00010048051417003069,-0.00952380952380949,8.482861582523902e-05,1.0,1.0,1.0,1.0,1.0
42,13:37:30,1,-0.021428571428571352,0.0,-0.020238095238095277,-0.021428571428571352,1.198733317705214e-06,-0.023809523809523947,0.00010411111225761661,-0.02619047619047632,0.00011443098365301642,-0.02857142857142858,0.00025689802743180317,-0.030952380952380953,0.000291521229729291,-0.01904761904761909,7.369304597792709e-05,-0.01666666666666672,5.969240177248095e-05,-0.014285714285714457,6.260282304472884e-05,-0.011904761904761862,0.00010048051417003069,-0.00952380952380949,8.482861582523902e-05,1.0,1.0,1.0,1.0,1.0
42,13:37:33,1,-0.021428571428571352,0.0,-0.020238095238095277,-0.021428571428571352,1.198733317705214e-06,-0.023809523809523947,0.00010411111225761661,-0.02619047619047632,0.00011443098365301642,-0.02857142857142858,0.00025689802743180317,-0.030952380952380953,0.000291521229729291,-0.01904761904761909,7.369304597792709e-05,-0.01666666666666672,5.969240177248095e-05,-0.014285714285714457,6.260282304472884e-05,-0.011904761904761862,0.00010048051417003069,-0.00952380952380949,8.482861582523902e-05,1.0,1.0,1.0,1.0,1.0
42,13:37:36,1,-0.021428571428571352,0.0,-0.020238095238095277,-0.021428571428571352,1.198733317705214e-06,-0.023809523809523947,0.00010411111225761661,-0.02619047619047632,0.00011443098365301642,-0.02857142857142858,0.00025689802743180317,-0.030952380952380953,0.000291521229729291,-0.01904761904761909,7.369304597792709e-05,-0.01666666666666672,5.969240177248095e-05,-0.014285714285714457,6.260282304472884e-05,-0.011904761904761862,0.00010048051417003069,-0.00952380952380949,8.482861582523902e-05,1.0,1.0,1.0,1.0,1.0
42,13:37:39,1,-0.021428571428571352,0.0,-0.020238095238095277,-0.021428571428571352,1.198733317705214e-06,-0.023809523809523947,0.00010411111225761661,-0.02619047619047632,0.00011443098365301642,-0.02857142857142858,0.00025689802743180317,-0.030952380952380953,0.000291521229729291,-0.01904761904761909,7.369304597792709e-05,-0.01666666666666672,5.969240177248095e-05,-0.014285714285714457,6.260282304472884e-05,-0.011904761904761862,0.00010048051417003069,-0.00952380952380949,8.482861582523902e-05,1.0,1.0,1.0,1.0,1.0
42,13:37:42,1,-0.021428571428571352,0.0,-0.020238095238095277,-0.021428571428571352,1.198733317705214e-06,-0.023809523809523947,0.00010411111225761661,-0.02619047619047632,0.00011443098365301642,-0.02857142857142858,0.00025689802743180317,-0.030952380952380953,0.000291521229729291,-0.01904761904761909,7.369304597792709e-05,-0.01666666666666672,5.969240177248095e-05,-0.014285714285714457,6.260282304472884e-05,-0.011904761904761862,0.00010048051417003069,-0.00952380952380949,8.482861582523902e-05,1.0,1.0,1.0,1.0,1.0
42,13:37:45,1,-0.021428571428571352,0.0,-0.020238095238095277,-0.021428571428571352,1.198733317705214e-06,-0.023809523809523947,0.00010411111225761661,-0.02619047619047632,0.00011443098365301642,-0.02857142857142858,0.00025689802743180317,-0.030952380952380953,0.000291521229729291,-0.01904761904761909,7.369304597792709e-05,-0.01666666666666672,5.969240177248095e-05,-0.014285714285714457,6.260282304472884e-05,-0.011904761904761862,0.00010048051417003069,-0.00952380952380949,8.482861582523902e-05,1.0,1.0,1.0,1.0,1.0
42,13:37:48,1,-0.021428571428571352,0.0,-0.020238095238095277,-0.021428571428571352,1.198733317705214e-06,-0.023809523809523947,0.00010411111225761661,-0.02619047619047632,0.00011443098365301642,-0.02857142857142858,0.00025689802743180317,-0.030952380952380953,0.000291521229729291,-0.01904761904761909,7.369304597792709e-05,-0.01666666666666672,5.969240177248095e-05,-0.014285714285714457,6.260282304472884e-05,-0.011904761904761862,0.00010048051417003069,-0.00952380952380949,8.482861582523902e-05,1.0,1.0,1.0,1.0,1.0
42,13:37:51,1,-0.021428571428571352,0.0,-0.020238095238095277,-0.021428571428571352,1.198733317705214e-06,-0.023809523809523947,0.00010411111225761661,-0.02619047619047632,0.00011443098365301642,-0.02857142857142858,0.00025689802743180317,-0.030952380952380953,0.000291521229729291,-0.01904761904761909,7.369304597792709e-05,-0.01666666666666672,5.969240177248095e-05,-0.014285714285714457,6.260282304472884e-05,-0.011904761904761862,0.00010048051417003069,-0.00952380952380949,8.482861582523902e-05,1.0,1.0,1.0,1.0,1.0
42,13:37:54,1,-0.021428571428571352,0.0,-0.020238095238095277,-0.021428571428571352,1.198733317705214e-06,-0.023809523809523947,0.00010411111225761661,-0.02619047619047632,0.00011443098365301642,-0.02857142857142858,0.00025689802743180317,-0.030952380952380953,0.000291521229729291,-0.01904761904761909,7.369304597792709e-05,-0.01666666666666672,5.969240177248095e-05,-0.014285714285714457,6.260282304472884e-05,-0.011904761904761862,0.00010048051417003069,-0.00952380952380949,8.482861582523902e-05,1.0,1.0,1.0,1.0,1.0
42,13:37:57,1,-0.021428571428571352,0.0,-0.020238095238095277,-0.021428571428571352,1.198733317705214e-06,-0.023809523809523947,0.00010411111225761661,-0.02619047619047632,0.00011443098365301642,-0.02857142857142858,0.00025689802743180317,-0.030952380952380953,0.000291521229729291,-0.01904761904761909,7.369304597792709e-05,-0.01666666666666672,5.969240177248095e-05,-0.014285714285714457,6.260282304472884e-05,-0.011904761904761862,0.00010048051417003069,-0.00952380952380949,8.482861582523902e-05,1.0,1.0,1.0,1.0,1.0
42,13:38:00,1,-0.021428571428571352,0.0,-0.020238095238095277,-0.021428571428571352,1.198733317705214e-06,-0.023809523809523947,0.00010411111225761661,-0.02619047619047632,0.00011443098365301642,-0.02857142857142858,0.00025689802743180317,-0.030952380952380953,0.000291521229729291,-0.01904761904761909,7.369304597792709e-05,-0.01666666666666672,5.969240177248095e-05,-0.014285714285714457,6.260282304472884e-05,-0.011904761904761862,0.00010048051417003069,-0.00952380952380949,8.482861582523902e-05,1.0,1.0,1.0,1.0,1.0
42,13:38:03,1,-0.021428571428571352,0.0,-0.020238095238095277,-0.021428571428571352,1.198733317705214e-06,-0.023809523809523947,0.00010411111225761661,-0.02619047619047632,0.00011443098365301642,-0.02857142857142858,0.00025689802743180317,-0.030952380952380953,0.000291521229729291,-0.01904761904761909,7.369304597792709e-05,-0.01666666666666672,5.969240177248095e-05,-0.014285714285714457,6.260282304472884e-05,-0.011904761904761862,0.00010048051417003069,-0.00952380952380949,8.482861582523902e-05,1.0,1.0,1.0,1.0,1.0
42,13:38:06,1,-0.021428571428571352,0.0,-0.020238095238095277,-0.021428571428571352,1.198733317705214e-06,-0.023809523809523947,0.00010411111225761661,-0.02619047619047632,0.00011443098365301642,-0.02857142857142858,0.00025689802743180317,-0.030952380952380953,0.000291521229729291,-0.01904761904761909,7.369304597792709e-05,-0.01666666666666672,5.969240177248095e-05,-0.014285714285714457,6.260282304472884e-05,-0.011904761904761862,0.00010048051417003069,-0.00952380952380949,8.482861582523902e-05,1.0,1.0,1.0,1.0,1.0
42,13:38:09,1,-0.021428571428571352,0.0,-0.020238095238095277,-0.021428571428571352,1.198733317705214e-06,-0.023809523809523947,0.00010411111225761661,-0.02619047619047632,0.00011443098365301642,-0.02857142857142858,0.00025689802743180317,-0.030952380952380953,0.000291521229729291,-0.01904761904761909,7.369304597792709e-05,-0.01666666666666672,5.969240177248095e-05,-0.014285714285714457,6.260282304472884e-05,-0.011904761904761862,0.00010048051417003069,-0.00952380952380949,8.482861582523902e-05,1.0,1.0,1.0,1.0,1.0
42,13:38:12,1,-0.021428571428571352,0.0,-0.020238095238095277,-0.021428571428571352,1.198733317705214e-06,-0.023809523809523947,0.00010411111225761661,-0.02619047619047632,0.00011443098365301642,-0.02857142857142858,0.00025689802743180317,-0.030952380952380953,0.000291521229729291,-0.01904761904761909,7.369304597792709e-05,-0.01666666666666672,5.969240177248095e-05,-0.014285714285714457,6.260282304472884e-05,-0.011904761904761862,0.00010048051417003069,-0.00952380952380949,8.482861582523902e-05,1.0,1.0,1.0,1.0,1.0
42,13:38:15,1,-0.021428571428571352,0.0,-0.020238095238095277,-0.021428571428571352,1.198733317705214e-06,-0.023809523809523947,0.00010411111225761661,-0.02619047619047632,0.00011443098365301642,-0.02857142857142858,0.00025689802743180317,-0.030952380952380953,0.000291521229729291,-0.01904761904761909,7.369304597792709e-05,-0.01666666666666672,5.969240177248095e-05,-0.014285714285714457,6.260282304472884e-05,-0.011904761904761862,0.00010048051417003069,-0.00952380952380949,8.482861582523902e-05,1.0,1.0,1.0,1.0,1.0
42,13:38:18,1,-0.021428571428571352,0.0,-0.020238095238095277,-0.021428571428571352,1.198733317705214e-06,-0.023809523809523947,0.00010411111225761661,-0.02619047619047632,0.00011443098365301642,-0.02857142857142858,0.00025689802743180317,-0.030952380952380953,0.000291521229729291,-0.01904761904761909,7.369304597792709e-05,-0.01666666666666672,5.969240177248095e-05,-0.014285714285714457,6.260282304472884e-05,-0.011904761904761862,0.00010048051417003069,-0.00952380952380949,8.482861582523902e-05,1.0,1.0,1.0,1.0,1.0
42,13:38:21,1,-0.021428571428571352,0.0,-0.020238095238095277,-0.021428571428571352,1.198733317705214e-06,-0.023809523809523947,0.00010411111225761661,-0.02619047619047632,0.00011443098365301642,-0.02857142857142858,0.00025689802743180317,-0.030952380952380953,0.000291521229729291,-0.01904761904761909,7.369304597792709e-05,-0.01666666666666672,5.969240177248095e-05,-0.014285714285714457,6.260282304472884e-05,-0.011904761904761862,0.00010048051417003069,-0.00952380952380949,8.482861582523902e-05,1.0,1.0,1.0,1.0,1.0
42,13:38:24,1,-0.021428571428571352,0.0,-0.020238095238095277,-0.021428571428571352,1.198733317705214e-06,-0.023809523809523947,0.00010411111225761661,-0.02619047619047632,0.00011443098365301642,-0.02857142857142858,0.00025689802743180317,-0.030952380952380953,0.000291521229729291,-0.01904761904761909,7.369304597792709e-05,-0.01666666666666672,5.969240177248095e-05,-0.014285714285714457,6.260282304472884e-05,-0.011904761904761862,0.00010048051417003069,-0.00952380952380949,8.482861582523902e-05,1.0,1.0,1.0,1.0,1.0
42,13:38:27,1,-0.021428571428571352,0.0,-0.020238095238095277,-0.021428571428571352,1.198733317705214e-06,-0.023809523809523947,0.00010411111225761661,-0.02619047619047632,0.00011443098365301642,-0.02857142857142858,0.00025689802743180317,-0.030952380952380953,0.000291521229729291,-0.01904761904761909,7.369304597792709e-05,-0.01666666666666672,5.969240177248095e-05,-0.014285714285714457,6.260282304472884e-05,-0.011904761904761862,0.00010048051417003069,-0.00952380952380949,8.482861582523902e-05,1.0,1.0,1.0,1.0,1.0
42,13:38:30,1,-0.021428571428571352,0.0,-0.020238095238095277,-0.021428571428571352,1.198733317705214e-06,-0.023809523809523947,0.00010411111225761661,-0.02619047619047632,0.00011443098365301642,-0.02857142857142858,0.00025689802743180317,-0.030952380952380953,0.000291521229729291,-0.01904761904761909,7.369304597792709e-05,-0.01666666666666672,5.969240177248095e-05,-0.014285714285714457,6.260282304472884e-05,-0.011904761904761862,0.00010048051417003069,-0.00952380952380949,8.482861582523902e-05,1.0,1.0,1.0,1.0,1.0
42,13:38:33,1,-0.021428571428571352,0.0,-0.020238095238095277,-0.021428571428571352,1.198733317705214e-06,-0.023809523809523947,0.00010411111225761661,-0.02619047619047632,0.00011443098365301642,-0.02857142857142858,0.00025689802743180317,-0.030952380952380953,0.000291521229729291,-0.01904761904761909,7.369304597792709e-05,-0.01666666666666672,5.969240177248095e-05,-0.014285714285714457,6.260282304472884e-05,-0.011904761904761862,0.00010048051417003069,-0.00952380952380949,8.482861582523902e-05,1.0,1.0,1.0,1.0,1.0
42,13:38:36,1,-0.021428571428571352,0.0,-0.020238095238095277,-0.021428571428571352,1.198733317705214e-06,-0.023809523809523947,0.00010411111225761661,-0.02619047619047632,0.00011443098365301642,-0.02857142857142858,0.00025689802743180317,-0.030952380952380953,0.000291521229729291,-0.01904761904761909,7.369304597792709e-05,-0.01666666666666672,5.969240177248095e-05,-0.014285714285714457,6.260282304472884e-05,-0.011904761904761862,0.00010048051417003069,-0.00952380952380949,8.482861582523902e-05,1.0,1.0,1.0,1.0,1.0
42,13:38:39,1,-0.021428571428571352,0.0,-0.020238095238095277,-0.021428571428571352,1.198733317705214e-06,-0.023809523809523947,0.00010411111225761661,-0.02619047619047632,0.00011443098365301642,-0.02857142857142858,0.00025689802743180317,-0.030952380952380953,0.000291521229729291,-0.01904761904761909,7.369304597792709e-05,-0.01666666666666672,5.969240177248095e-05,-0.014285714285714457,6.260282304472884e-05,-0.011904761904761862,0.00010048051417003069,-0.00952380952380949,8.482861582523902e-05,1.0,1.0,1.0,1.0,1.0
42,13:38:42,1,-0.021428571428571352,0.0,-0.020238095238095277,-0.021428571428571352,1.198733317705214e-06,-0.023809523809523947,0.00010411111225761661,-0.02619047619047632,0.00011443098365301642,-0.02857142857142858,0.00025689802743180317,-0.030952380952380953,0.000291521229729291,-0.01904761904761909,7.369304597792709e-05,-0.01666666666666672,5.969240177248095e-05,-0.014285714285714457,6.260282304472884e-05,-0.011904761904761862,0.00010048051417003069,-0.00952380952380949,8.482861582523902e-05,1.0,1.0,1.0,1.0,1.0
42,13:38:45,1,-0.021428571428571352,0.0,-0.020238095238095277,-0.021428571428571352,1.198733317705214e-06,-0.023809523809523947,0.00010411111225761661,-0.02619047619047632,0.00011443098365301642,-0.02857142857142858,0.00025689802743180317,-0.030952380952380953,0.000291521229729291,-0.01904761904761909,7.369304597792709e-05,-0.01666666666666672,5.969240177248095e-05,-0.014285714285714457,6.260282304472884e-05,-0.011904761904761862,0.00010048051417003069,-0.00952380952380949,8.482861582523902e-05,1.0,1.0,1.0,1.0,1.0
42,13:38:48,1,-0.021428571428571352,0.0,-0.020238095238095277,-0.021428571428571352,1.198733317705214e-06,-0.023809523809523947,0.00010411111225761661,-0.02619047619047632,0.00011443098365301642,-0.02857142857142858,0.00025689802743180317,-0.030952380952380953,0.000291521229729291,-0.01904761904761909,7.369304597792709e-05,-0.01666666666666672,5.969240177248095e-05,-0.014285714285714457,6.260282304472884e-05,-0.011904761904761862,0.00010048051417003069,-0.00952380952380949,8.482861582523902e-05,1.0,1.0,1.0,1.0,1.0
42,13:38:51,1,-0.021428571428571352,0.0,-0.020238095238095277,-0.021428571428571352,1.198733317705214e-06,-0.023809523809523947,0.00010411111225761661,-0.02619047619047632,0.00011443098365301642,-0.02857142857142858,0.00025689802743180317,-0.030952380952380953,0.000291521229729291,-0.01904761904761909,7.369304597792709e-05,-0.01666666666666672,5.969240177248095e-05,-0.014285714285714457,6.260282304472884e-05,-0.011904761904761862,0.00010048051417003069,-0.00952380952380949,8.482861582523902e-05,1.0,1.0,1.0,1.0,1.0
42,13:38:54,1,-0.021428571428571352,0.0,-0.020238095238095277,-0.021428571428571352,1.198733317705214e-06,-0.023809523809523947,0.00010411111225761661,-0.02619047619047632,0.00011443098365301642,-0.02857142857142858,0.00025689802743180317,-0.030952380952380953,0.000291521229729291,-0.01904761904761909,7.369304597792709e-05,-0.01666666666666672,5.969240177248095e-05,-0.014285714285714457,6.260282304472884e-05,-0.011904761904761862,0.00010048051417003069,-0.00952380952380949,8.482861582523902e-05,1.0,1.0,1.0,1.0,1.0
42,13:38:57,1,-0.021428571428571352,0.0,-0.020238095238095277,-0.021428571428571352,1.198733317705214e-06,-0.023809523809523947,0.00010411111225761661,-0.02619047619047632,0.00011443098365301642,-0.02857142857142858,0.00025689802743180317,-0.030952380952380953,0.000291521229729291,-0.01904761904761909,7.369304597792709e-05,-0.01666666666666672,5.969240177248095e-05,-0.014285714285714457,6.260282304472884e-05,-0.011904761904761862,0.00010048051417003069,-0.00952380952380949,8.482861582523902e-05,1.0,1.0,1.0,1.0,1.0
42,13:39:00,1,-0.021428571428571352,0.0,-0.020238095238095277,-0.021428571428571352,1.198733317705214e-06,-0.023809523809523947,0.00010411111225761661,-0.02619047619047632,0.00011443098365301642,-0.02857142857142858,0.00025689802743180317,-0.030952380952380953,0.000291521229729291,-0.01904761904761909,7.369304597792709e-05,-0.01666666666666672,5.969240177248095e-05,-0.014285714285714457,6.260282304472884e-05,-0.011904761904761862,0.00010048051417003069,-0.00952380952380949,8.482861582523902e-05,1.0,1.0,1.0,1.0,1.0
42,13:39:03,1,-0.021428571428571352,0.0,-0.020238095238095277,-0.021428571428571352,1.198733317705214e-06,-0.023809523809523947,0.00010411111225761661,-0.02619047619047632,0.00011443098365301642,-0.02857142857142858,0.00025689802743180317,-0.030952380952380953,0.000291521229729291,-0.01904761904761909,7.369304597792709e-05,-0.01666666666666672,5.969240177248095e-05,-0.014285714285714457,6.260282304472884e-05,-0.011904761904761862,0.00010048051417003069,-0.00952380952380949,8.482861582523902e-05,1.0,1.0,1.0,1.0,1.0
42,13:39:06,1,-0.021428571428571352,0.0,-0.020238095238095277,-0.021428571428571352,1.198733317705214e-06,-0.023809523809523947,0.00010411111225761661,-0.02619047619047632,0.00011443098365301642,-0.02857142857142858,0.00025689802743180317,-0.030952380952380953,0.000291521229729291,-0.01904761904761909,7.369304597792709e-05,-0.01666666666666672,5.969240177248095e-05,-0.014285714285714457,6.260282304472884e-05,-0.011904761904761862,0.00010048051417003069,-0.00952380952380949,8.482861582523902e-05,1.0,1.0,1.0,1.0,1.0
42,13:39:09,1,-0.021428571428571352,0.0,-0.020238095238095277,-0.021428571428571352,1.198733317705214e-06,-0.023809523809523947,0.00010411111225761661,-0.02619047619047632,0.00011443098365301642,-0.02857142857142858,0.00025689802743180317,-0.030952380952380953,0.000291521229729291,-0.01904761904761909,7.369304597792709e-05,-0.01666666666666672,5.969240177248095e-05,-0.014285714285714457,6.260282304472884e-05,-0.011904761904761862,0.00010048051417003069,-0.00952380952380949,8.482861582523902e-05,1.0,1.0,1.0,1.0,1.0
42,13:39:12,1,-0.021428571428571352,0.0,-0.020238095238095277,-0.021428571428571352,1.198733317705214e-06,-0.023809523809523947,0.00010411111225761661,-0.02619047619047632,0.00011443098365301642,-0.02857142857142858,0.00025689802743180317,-0.030952380952380953,0.000291521229729291,-0.01904761904761909,7.369304597792709e-05,-0.01666666666666672,5.969240177248095e-05,-0.014285714285714457,6.260282304472884e-05,-0.011904761904761862,0.00010048051417003069,-0.00952380952380949,8.482861582523902e-05,1.0,1.0,1.0,1.0,1.0
42,13:39:15,1,-0.021428571428571352,0.0,-0.020238095238095277,-0.021428571428571352,1.198733317705214e-06,-0.023809523809523947,0.00010411111225761661,-0.02619047619047632,0.00011443098365301642,-0.02857142857142858,0.00025689802743180317,-0.030952380952380953,0.000291521229729291,-0.01904761904761909,7.369304597792709e-05,-0.01666666666666672,5.969240177248095e-05,-0.014285714285714457,6.260282304472884e-05,-0.011904761904761862,0.00010048051417003069,-0.00952380952380949,8.482861582523902e-05,1.0,1.0,1.0,1.0,1.0
42,13:39:18,1,-0.021428571428571352,0.0,-0.020238095238095277,-0.021428571428571352,1.198733317705214e-06,-0.023809523809523947,0.00010411111225761661,-0.02619047619047632,0.00011443098365301642,-0.02857142857142858,0.00025689802743180317,-0.030952380952380953,0.000291521229729291,-0.01904761904761909,7.369304597792709e-05,-0.01666666666666672,5.969240177248095e-05,-0.014285714285714457,6.260282304472884e-05,-0.011904761904761862,0.00010048051417003069,-0.00952380952380949,8.482861582523902e-05,1.0,1.0,1.0,1.0,1.0
42,13:39:21,1,-0.021428571428571352,0.0,-0.020238095238095277,-0.021428571428571352,1.198733317705214e-06,-0.023809523809523947,0.00010411111225761661,-0.02619047619047632,0.00011443098365301642,-0.02857142857142858,0.00025689802743180317,-0.030952380952380953,0.000291521229729291,-0.01904761904761909,7.369304597792709e-05,-0.01666666666666672,5.969240177248095e-05,-0.014285714285714457,6.260282304472884e-05,-0.011904761904761862,0.00010048051417003069,-0.00952380952380949,8.482861582523902e-05,1.0,1.0,1.0,1.0,1.0
42,13:39:24,1,-0.021428571428571352,0.0,-0.020238095238095277,-0.021428571428571352,1.198733317705214e-06,-0.023809523809523947,0.00010411111225761661,-0.02619047619047632,0.00011443098365301642,-0.02857142857142858,0.00025689802743180317,-0.030952380952380953,0.000291521229729291,-0.01904761904761909,7.369304597792709e-05,-0.01666666666666672,5.969240177248095e-05,-0.014285714285714457,6.260282304472884e-05,-0.011904761904761862,0.00010048051417003069,-0.00952380952380949,8.482861582523902e-05,1.0,1.0,1.0,1.0,1.0
42,13:39:27,1,-0.021428571428571352,0.0,-0.020238095238095277,-0.021428571428571352,1.198733317705214e-06,-0.023809523809523947,0.00010411111225761661,-0.02619047619047632,0.00011443098365301642,-0.02857142857142858,0.00025689802743180317,-0.030952380952380953,0.000291521229729291,-0.01904761904761909,7.369304597792709e-05,-0.01666666666666672,5.969240177248095e-05,-0.014285714285714457,6.260282304472884e-05,-0.011904761904761862,0.00010048051417003069,-0.00952380952380949,8.482861582523902e-05,1.0,1.0,1.0,1.0,1.0
42,13:39:30,1,-0.021428571428571352,0.0,-0.020238095238095277,-0.021428571428571352,1.198733317705214e-06,-0.023809523809523947,0.00010411111225761661,-0.02619047619047632,0.00011443098365301642,-0.02857142857142858,0.00025689802743180317,-0.030952380952380953,0.000291521229729291,-0.01904761904761909,7.369304597792709e-05,-0.01666666666666672,5.969240177248095e-05,-0.014285714285714457,6.260282304472884e-05,-0.011904761904761862,0.00010048051417003069,-0.00952380952380949,8.482861582523902e-05,1.0,1.0,1.0,1.0,1.0
42,13:39:33,1,-0.021428571428571352,0.0,-0.020238095238095277,-0.021428571428571352,1.198733317705214e-06,-0.023809523809523947,0.00010411111225761661,-0.02619047619047632,0.00011443098365301642,-0.02857142857142858,0.00025689802743180317,-0.030952380952380953,0.000291521229729291,-0.01904761904761909,7.369304597792709e-05,-0.01666666666666672,5.969240177248095e-05,-0.014285714285714457,6.260282304472884e-05,-0.011904761904761862,0.00010048051417003069,-0.00952380952380949,8.482861582523902e-05,1.0,1.0,1.0,1.0,1.0
42,13:39:36,1,-0.021428571428571352,0.0,-0.020238095238095277,-0.021428571428571352,1.198733317705214e-06,-0.023809523809523947,0.00010411111225761661,-0.02619047619047632,0.00011443098365301642,-0.02857142857142858,0.00025689802743180317,-0.030952380952380953,0.000291521229729291,-0.01904761904761909,7.369304597792709e-05,-0.01666666666666672,5.969240177248095e-05,-0.014285714285714457,6.260282304472884e-05,-0.011904761904761862,0.00010048051417003069,-0.00952380952380949,8.482861582523902e-05,1.0,1.0,1.0,1.0,1.0
42,13:39:39,1,-0.021428571428571352,0.0,-0.020238095238095277,-0.021428571428571352,1.198733317705214e-06,-0.023809523809523947,0.00010411111225761661,-0.02619047619047632,0.00011443098365301642,-0.02857142857142858,0.00025689802743180317,-0.030952380952380953,0.000291521229729291,-0.01904761904761909,7.369304597792709e-05,-0.01666666666666672,5.969240177248095e-05,-0.014285714285714457,6.260282304472884e-05,-0.011904761904761862,0.00010048051417003069,-0.00952380952380949,8.482861582523902e-05,1.0,1.0,1.0,1.0,1.0
42,13:39:42,1,-0.021428571428571352,0.0,-0.020238095238095277,-0.021428571428571352,1.198733317705214e-06,-0.023809523809523947,0.00010411111225761661,-0.02619047619047632,0.00011443098365301642,-0.02857142857142858,0.00025689802743180317,-0.030952380952380953,0.000291521229729291,-0.01904761904761909,7.369304597792709e-05,-0.01666666666666672,5.969240177248095e-05,-0.014285714285714457,6.260282304472884e-05,-0.011904761904761862,0.00010048051417003069,-0.00952380952380949,8.482861582523902e-05,1.0,1.0,1.0,1.0,1.0
42,13:39:45,1,-0.021428571428571352,0.0,-0.020238095238095277,-0.021428571428571352,1.198733317705214e-06,-0.023809523809523947,0.00010411111225761661,-0.02619047619047632,0.00011443098365301642,-0.02857142857142858,0.00025689802743180317,-0.030952380952380953,0.000291521229729291,-0.01904761904761909,7.369304597792709e-05,-0.01666666666666672,5.969240177248095e-05,-0.014285714285714457,6.260282304472884e-05,-0.011904761904761862,0.00010048051417003069,-0.00952380952380949,8.482861582523902e-05,1.0,1.0,1.0,1.0,1.0
42,13:39:48,1,-0.021428571428571352,0.0,-0.020238095238095277,-0.021428571428571352,1.198733317705214e-06,-0.023809523809523947,0.00010411111225761661,-0.02619047619047632,0.00011443098365301642,-0.02857142857142858,0.00025689802743180317,-0.030952380952380953,0.000291521229729291,-0.01904761904761909,7.369304597792709e-05,-0.01666666666666672,5.969240177248095e-05,-0.014285714285714457,6.260282304472884e-05,-0.011904761904761862,0.00010048051417003069,-0.00952380952380949,8.482861582523902e-05,1.0,1.0,1.0,1.0,1.0
42,13:39:51,1,-0.021428571428571352,0.0,-0.020238095238095277,-0.021428571428571352,1.198733317705214e-06,-0.023809523809523947,0.00010411111225761661,-0.02619047619047632,0.00011443098365301642,-0.02857142857142858,0.00025689802743180317,-0.030952380952380953,0.000291521229729291,-0.01904761904761909,7.369304597792709e-05,-0.01666666666666672,5.969240177248095e-05,-0.014285714285714457,6.260282304472884e-05,-0.011904761904761862,0.00010048051417003069,-0.00952380952380949,8.482861582523902e-05,1.0,1.0,1.0,1.0,1.0
42,13:39:54,1,-0.021428571428571352,0.0,-0.020238095238095277,-0.021428571428571352,1.198733317705214e-06,-0.023809523809523947,0.00010411111225761661,-0.02619047619047632,0.00011443098365301642,-0.02857142857142858,0.00025689802743180317,-0.030952380952380953,0.000291521229729291,-0.01904761904761909,7.369304597792709e-05,-0.01666666666666672,5.969240177248095e-05,-0.014285714285714457,6.260282304472884e-05,-0.011904761904761862,0.00010048051417003069,-0.00952380952380949,8.482861582523902e-05,1.0,1.0,1.0,1.0,1.0
42,13:39:57,1,-0.021428571428571352,0.0,-0.020238095238095277,-0.021428571428571352,1.198733317705214e-06,-0.023809523809523947,0.00010411111225761661,-0.02619047619047632,0.00011443098365301642,-0.02857142857142858,0.00025689802743180317,-0.030952380952380953,0.000291521229729291,-0.01904761904761909,7.369304597792709e-05,-0.01666666666666672,5.969240177248095e-05,-0.014285714285714457,6.260282304472884e-05,-0.011904761904761862,0.00010048051417003069,-0.00952380952380949,8.482861582523902e-05,1.0,1.0,1.0,1.0,1.0
42,13:40:00,1,-0.021428571428571352,0.0,-0.020238095238095277,-0.021428571428571352,1.198733317705214e-06,-0.023809523809523947,0.00010411111225761661,-0.02619047619047632,0.00011443098365301642,-0.02857142857142858,0.00025689802743180317,-0.030952380952380953,0.000291521229729291,-0.01904761904761909,7.369304597792709e-05,-0.01666666666666672,5.969240177248095e-05,-0.014285714285714457,6.260282304472884e-05,-0.011904761904761862,0.00010048051417003069,-0.00952380952380949,8.482861582523902e-05,1.0,1.0,1.0,1.0,1.0
42,13:40:03,1,-0.021428571428571352,0.0,-0.020238095238095277,-0.021428571428571352,1.198733317705214e-06,-0.023809523809523947,0.00010411111225761661,-0.02619047619047632,0.00011443098365301642,-0.02857142857142858,0.00025689802743180317,-0.030952380952380953,0.000291521229729291,-0.01904761904761909,7.369304597792709e-05,-0.01666666666666672,5.969240177248095e-05,-0.014285714285714457,6.260282304472884e-05,-0.011904761904761862,0.00010048051417003069,-0.00952380952380949,8.482861582523902e-05,1.0,1.0,1.0,1.0,1.0
42,13:40:06,1,-0.021428571428571352,0.0,-0.020238095238095277,-0.021428571428571352,1.198733317705214e-06,-0.023809523809523947,0.00010411111225761661,-0.02619047619047632,0.00011443098365301642,-0.02857142857142858,0.00025689802743180317,-0.030952380952380953,0.000291521229729291,-0.01904761904761909,7.369304597792709e-05,-0.01666666666666672,5.969240177248095e-05,-0.014285714285714457,6.260282304472884e-05,-0.011904761904761862,0.00010048051417003069,-0.00952380952380949,8.482861582523902e-05,1.0,1.0,1.0,1.0,1.0
42,13:40:09,1,-0.021428571428571352,0.0,-0.020238095238095277,-0.021428571428571352,1.198733317705214e-06,-0.023809523809523947,0.00010411111225761661,-0.02619047619047632,0.00011443098365301642,-0.02857142857142858,0.00025689802743180317,-0.030952380952380953,0.000291521229729291,-0.01904761904761909,7.369304597792709e-05,-0.01666666666666672,5.969240177248095e-05,-0.014285714285714457,6.260282304472884e-05,-0.011904761904761862,0.00010048051417003069,-0.00952380952380949,8.482861582523902e-05,1.0,1.0,1.0,1.0,1.0
42,13:40:12,1,-0.021428571428571352,0.0,-0.020238095238095277,-0.021428571428571352,1.198733317705214e-06,-0.023809523809523947,0.00010411111225761661,-0.02619047619047632,0.00011443098365301642,-0.02857142857142858,0.00025689802743180317,-0.030952380952380953,0.000291521229729291,-0.01904761904761909,7.369304597792709e-05,-0.01666666666666672,5.969240177248095e-05,-0.014285714285714457,6.260282304472884e-05,-0.011904761904761862,0.00010048051417003069,-0.00952380952380949,8.482861582523902e-05,1.0,1.0,1.0,1.0,1.0
42,13:40:15,1,-0.021428571428571352,0.0,-0.020238095238095277,-0.021428571428571352,1.198733317705214e-06,-0.023809523809523947,0.00010411111225761661,-0.02619047619047632,0.00011443098365301642,-0.02857142857142858,0.00025689802743180317,-0.030952380952380953,0.000291521229729291,-0.01904761904761909,7.369304597792709e-05,-0.01666666666666672,5.969240177248095e-05,-0.014285714285714457,6.260282304472884e-05,-0.011904761904761862,0.00010048051417003069,-0.00952380952380949,8.482861582523902e-05,1.0,1.0,1.0,1.0,1.0
42,13:40:18,1,-0.021428571428571352,0.0,-0.020238095238095277,-0.021428571428571352,1.198733317705214e-06,-0.023809523809523947,0.00010411111225761661,-0.02619047619047632,0.00011443098365301642,-0.02857142857142858,0.00025689802743180317,-0.030952380952380953,0.000291521229729291,-0.01904761904761909,7.369304597792709e-05,-0.01666666666666672,5.969240177248095e-05,-0.014285714285714457,6.260282304472884e-05,-0.011904761904761862,0.00010048051417003069,-0.00952380952380949,8.482861582523902e-05,1.0,1.0,1.0,1.0,1.0
42,13:40:21,1,-0.021428571428571352,0.0,-0.020238095238095277,-0.021428571428571352,1.198733317705214e-06,-0.023809523809523947,0.00010411111225761661,-0.02619047619047632,0.00011443098365301642,-0.02857142857142858,0.00025689802743180317,-0.030952380952380953,0.000291521229729291,-0.01904761904761909,7.369304597792709e-05,-0.01666666666666672,5.969240177248095e-05,-0.014285714285714457,6.260282304472884e-05,-0.011904761904761862,0.00010048051417003069,-0.00952380952380949,8.482861582523902e-05,1.0,1.0,1.0,1.0,1.0
42,13:40:24,1,-0.021428571428571352,0.0,-0.020238095238095277,-0.021428571428571352,1.198733317705214e-06,-0.023809523809523947,0.00010411111225761661,-0.02619047619047632,0.00011443098365301642,-0.02857142857142858,0.00025689802743180317,-0.030952380952380953,0.000291521229729291,-0.01904761904761909,7.369304597792709e-05,-0.01666666666666672,5.969240177248095e-05,-0.014285714285714457,6.260282304472884e-05,-0.011904761904761862,0.00010048051417003069,-0.00952380952380949,8.482861582523902e-05,1.0,1.0,1.0,1.0,1.0
42,13:40:27,1,-0.021428571428571352,0.0,-0.020238095238095277,-0.021428571428571352,1.198733317705214e-06,-0.023809523809523947,0.00010411111225761661,-0.02619047619047632,0.00011443098365301642,-0.02857142857142858,0.00025689802743180317,-0.030952380952380953,0.000291521229729291,-0.01904761904761909,7.369304597792709e-05,-0.01666666666666672,5.969240177248095e-05,-0.014285714285714457,6.260282304472884e-05,-0.011904761904761862,0.00010048051417003069,-0.00952380952380949,8.482861582523902e-05,1.0,1.0,1.0,1.0,1.0
42,13:40:30,1,-0.021428571428571352,0.0,-0.020238095238095277,-0.021428571428571352,1.198733317705214e-06,-0.023809523809523947,0.00010411111225761661,-0.02619047619047632,0.00011443098365301642,-0.02857142857142858,0.00025689802743180317,-0.030952380952380953,0.000291521229729291,-0.01904761904761909,7.369304597792709e-05,-0.01666666666666672,5.969240177248095e-05,-0.014285714285714457,6.260282304472884e-05,-0.011904761904761862,0.00010048051417003069,-0.00952380952380949,8.482861582523902e-05,1.0,1.0,1.0,1.0,1.0
42,13:40:33,1,-0.021428571428571352,0.0,-0.020238095238095277,-0.021428571428571352,1.198733317705214e-06,-0.023809523809523947,0.00010411111225761661,-0.02619047619047632,0.00011443098365301642,-0.02857142857142858,0.00025689802743180317,-0.030952380952380953,0.000291521229729291,-0.01904761904761909,7.369304597792709e-05,-0.01666666666666672,5.969240177248095e-05,-0.014285714285714457,6.260282304472884e-05,-0.011904761904761862,0.00010048051417003069,-0.00952380952380949,8.482861582523902e-05,1.0,1.0,1.0,1.0,1.0
42,13:40:36,1,-0.021428571428571352,0.0,-0.020238095238095277,-0.021428571428571352,1.198733317705214e-06,-0.023809523809523947,0.00010411111225761661,-0.02619047619047632,0.00011443098365301642,-0.02857142857142858,0.00025689802743180317,-0.030952380952380953,0.000291521229729291,-0.01904761904761909,7.369304597792709e-05,-0.01666666666666672,5.969240177248095e-05,-0.014285714285714457,6.260282304472884e-05,-0.011904761904761862,0.00010048051417003069,-0.00952380952380949,8.482861582523902e-05,1.0,1.0,1.0,1.0,1.0
42,13:40:39,1,-0.021428571428571352,0.0,-0.020238095238095277,-0.021428571428571352,1.198733317705214e-06,-0.023809523809523947,0.00010411111225761661,-0.02619047619047632,0.00011443098365301642,-0.02857142857142858,0.00025689802743180317,-0.030952380952380953,0.000291521229729291,-0.01904761904761909,7.369304597792709e-05,-0.01666666666666672,5.969240177248095e-05,-0.014285714285714457,6.260282304472884e-05,-0.011904761904761862,0.00010048051417003069,-0.00952380952380949,8.482861582523902e-05,1.0,1.0,1.0,1.0,1.0
42,13:40:42,1,-0.021428571428571352,0.0,-0.020238095238095277,-0.021428571428571352,1.198733317705214e-06,-0.023809523809523947,0.00010411111225761661,-0.02619047619047632,0.00011443098365301642,-0.02857142857142858,0.00025689802743180317,-0.030952380952380953,0.000291521229729291,-0.01904761904761909,7.369304597792709e-05,-0.01666666666666672,5.969240177248095e-05,-0.014285714285714457,6.260282304472884e-05,-0.011904761904761862,0.00010048051417003069,-0.00952380952380949,8.482861582523902e-05,1.0,1.0,1.0,1.0,1.0
42,13:40:45,1,-0.021428571428571352,0.0,-0.020238095238095277,-0.021428571428571352,1.198733317705214e-06,-0.023809523809523947,0.00010411111225761661,-0.02619047619047632,0.00011443098365301642,-0.02857142857142858,0.00025689802743180317,-0.030952380952380953,0.000291521229729291,-0.01904761904761909,7.369304597792709e-05,-0.01666666666666672,5.969240177248095e-05,-0.014285714285714457,6.260282304472884e-05,-0.011904761904761862,0.00010048051417003069,-0.00952380952380949,8.482861582523902e-05,1.0,1.0,1.0,1.0,1.0
42,13:40:48,1,-0.021428571428571352,0.0,-0.020238095238095277,-0.021428571428571352,1.198733317705214e-06,-0.023809523809523947,0.00010411111225761661,-0.02619047619047632,0.00011443098365301642,-0.02857142857142858,0.00025689802743180317,-0.030952380952380953,0.000291521229729291,-0.01904761904761909,7.369304597792709e-05,-0.01666666666666672,5.969240177248095e-05,-0.014285714285714457,6.260282304472884e-05,-0.011904761904761862,0.00010048051417003069,-0.00952380952380949,8.482861582523902e-05,1.0,1.0,1.0,1.0,1.0
42,13:40:51,1,-0.021428571428571352,0.0,-0.020238095238095277,-0.021428571428571352,1.198733317705214e-06,-0.023809523809523947,0.00010411111225761661,-0.02619047619047632,0.00011443098365301642,-0.02857142857142858,0.00025689802743180317,-0.030952380952380953,0.000291521229729291,-0.01904761904761909,7.369304597792709e-05,-0.01666666666666672,5.969240177248095e-05,-0.014285714285714457,6.260282304472884e-05,-0.011904761904761862,0.00010048051417003069,-0.00952380952380949,8.482861582523902e-05,1.0,1.0,1.0,1.0,1.0
42,13:40:54,1,-0.021428571428571352,0.0,-0.020238095238095277,-0.021428571428571352,1.198733317705214e-06,-0.023809523809523947,0.00010411111225761661,-0.02619047619047632,0.00011443098365301642,-0.02857142857142858,0.00025689802743180317,-0.030952380952380953,0.000291521229729291,-0.01904761904761909,7.369304597792709e-05,-0.01666666666666672,5.969240177248095e-05,-0.014285714285714457,6.260282304472884e-05,-0.011904761904761862,0.00010048051417003069,-0.00952380952380949,8.482861582523902e-05,1.0,1.0,1.0,1.0,1.0
42,13:40:57,1,-0.021428571428571352,0.0,-0.020238095238095277,-0.021428571428571352,1.198733317705214e-06,-0.023809523809523947,0.00010411111225761661,-0.02619047619047632,0.00011443098365301642,-0.02857142857142858,0.00025689802743180317,-0.030952380952380953,0.000291521229729291,-0.01904761904761909,7.369304597792709e-05,-0.01666666666666672,5.969240177248095e-05,-0.014285714285714457,6.260282304472884e-05,-0.011904761904761862,0.00010048051417003069,-0.00952380952380949,8.482861582523902e-05,1.0,1.0,1.0,1.0,1.0
42,13:41:00,1,-0.021428571428571352,0.0,-0.020238095238095277,-0.021428571428571352,1.198733317705214e-06,-0.023809523809523947,0.00010411111225761661,-0.02619047619047632,0.00011443098365301642,-0.02857142857142858,0.00025689802743180317,-0.030952380952380953,0.000291521229729291,-0.01904761904761909,7.369304597792709e-05,-0.01666666666666672,5.969240177248095e-05,-0.014285714285714457,6.260282304472884e-05,-0.011904761904761862,0.00010048051417003069,-0.00952380952380949,8.482861582523902e-05,1.0,1.0,1.0,1.0,1.0
42,13:41:03,1,-0.021428571428571352,0.0,-0.020238095238095277,-0.021428571428571352,1.198733317705214e-06,-0.023809523809523947,0.00010411111225761661,-0.02619047619047632,0.00011443098365301642,-0.02857142857142858,0.00025689802743180317,-0.030952380952380953,0.000291521229729291,-0.01904761904761909,7.369304597792709e-05,-0.01666666666666672,5.969240177248095e-05,-0.014285714285714457,6.260282304472884e-05,-0.011904761904761862,0.00010048051417003069,-0.00952380952380949,8.482861582523902e-05,1.0,1.0,1.0,1.0,1.0
42,13:41:06,1,-0.021428571428571352,0.0,-0.020238095238095277,-0.021428571428571352,1.198733317705214e-06,-0.023809523809523947,0.00010411111225761661,-0.02619047619047632,0.00011443098365301642,-0.02857142857142858,0.00025689802743180317,-0.030952380952380953,0.000291521229729291,-0.01904761904761909,7.369304597792709e-05,-0.01666666666666672,5.969240177248095e-05,-0.014285714285714457,6.260282304472884e-05,-0.011904761904761862,0.00010048051417003069,-0.00952380952380949,8.482861582523902e-05,1.0,1.0,1.0,1.0,1.0
42,13:41:09,1,-0.021428571428571352,0.0,-0.020238095238095277,-0.021428571428571352,1.198733317705214e-06,-0.023809523809523947,0.00010411111225761661,-0.02619047619047632,0.00011443098365301642,-0.02857142857142858,0.00025689802743180317,-0.030952380952380953,0.000291521229729291,-0.01904761904761909,7.369304597792709e-05,-0.01666666666666672,5.969240177248095e-05,-0.014285714285714457,6.260282304472884e-05,-0.011904761904761862,0.00010048051417003069,-0.00952380952380949,8.482861582523902e-05,1.0,1.0,1.0,1.0,1.0
42,13:41:12,1,-0.021428571428571352,0.0,-0.020238095238095277,-0.021428571428571352,1.198733317705214e-06,-0.023809523809523947,0.00010411111225761661,-0.02619047619047632,0.00011443098365301642,-0.02857142857142858,0.00025689802743180317,-0.030952380952380953,0.000291521229729291,-0.01904761904761909,7.369304597792709e-05,-0.01666666666666672,5.969240177248095e-05,-0.014285714285714457,6.260282304472884e-05,-0.011904761904761862,0.00010048051417003069,-0.00952380952380949,8.482861582523902e-05,1.0,1.0,1.0,1.0,1.0
42,13:41:15,1,-0.021428571428571352,0.0,-0.020238095238095277,-0.021428571428571352,1.198733317705214e-06,-0.023809523809523947,0.00010411111225761661,-0.02619047619047632,0.00011443098365301642,-0.02857142857142858,0.00025689802743180317,-0.030952380952380953,0.000291521229729291,-0.01904761904761909,7.369304597792709e-05,-0.01666666666666672,5.969240177248095e-05,-0.014285714285714457,6.260282304472884e-05,-0.011904761904761862,0.00010048051417003069,-0.00952380952380949,8.482861582523902e-05,1.0,1.0,1.0,1.0,1.0
42,13:41:18,1,-0.021428571428571352,0.0,-0.020238095238095277,-0.021428571428571352,1.198733317705214e-06,-0.023809523809523947,0.00010411111225761661,-0.02619047619047632,0.00011443098365301642,-0.02857142857142858,0.00025689802743180317,-0.030952380952380953,0.000291521229729291,-0.01904761904761909,7.369304597792709e-05,-0.01666666666666672,5.969240177248095e-05,-0.014285714285714457,6.260282304472884e-05,-0.011904761904761862,0.00010048051417003069,-0.00952380952380949,8.482861582523902e-05,1.0,1.0,1.0,1.0,1.0
42,13:41:21,1,-0.021428571428571352,0.0,-0.020238095238095277,-0.021428571428571352,1.198733317705214e-06,-0.023809523809523947,0.00010411111225761661,-0.02619047619047632,0.00011443098365301642,-0.02857142857142858,0.00025689802743180317,-0.030952380952380953,0.000291521229729291,-0.01904761904761909,7.369304597792709e-05,-0.01666666666666672,5.969240177248095e-05,-0.014285714285714457,6.260282304472884e-05,-0.011904761904761862,0.00010048051417003069,-0.00952380952380949,8.482861582523902e-05,1.0,1.0,1.0,1.0,1.0
42,13:41:24,1,-0.021428571428571352,0.0,-0.020238095238095277,-0.021428571428571352,1.198733317705214e-06,-0.023809523809523947,0.00010411111225761661,-0.02619047619047632,0.00011443098365301642,-0.02857142857142858,0.00025689802743180317,-0.030952380952380953,0.000291521229729291,-0.01904761904761909,7.369304597792709e-05,-0.01666666666666672,5.969240177248095e-05,-0.014285714285714457,6.260282304472884e-05,-0.011904761904761862,0.00010048051417003069,-0.00952380952380949,8.482861582523902e-05,1.0,1.0,1.0,1.0,1.0
42,13:41:27,1,-0.021428571428571352,0.0,-0.020238095238095277,-0.021428571428571352,1.198733317705214e-06,-0.023809523809523947,0.00010411111225761661,-0.02619047619047632,0.00011443098365301642,-0.02857142857142858,0.00025689802743180317,-0.030952380952380953,0.000291521229729291,-0.01904761904761909,7.369304597792709e-05,-0.01666666666666672,5.969240177248095e-05,-0.014285714285714457,6.260282304472884e-05,-0.011904761904761862,0.00010048051417003069,-0.00952380952380949,8.482861582523902e-05,1.0,1.0,1.0,1.0,1.0
42,13:41:30,1,-0.021428571428571352,0.0,-0.020238095238095277,-0.021428571428571352,1.198733317705214e-06,-0.023809523809523947,0.00010411111225761661,-0.02619047619047632,0.00011443098365301642,-0.02857142857142858,0.00025689802743180317,-0.030952380952380953,0.000291521229729291,-0.01904761904761909,7.369304597792709e-05,-0.01666666666666672,5.969240177248095e-05,-0.014285714285714457,6.260282304472884e-05,-0.011904761904761862,0.00010048051417003069,-0.00952380952380949,8.482861582523902e-05,1.0,1.0,1.0,1.0,1.0
42,13:41:33,1,-0.021428571428571352,0.0,-0.020238095238095277,-0.021428571428571352,1.198733317705214e-06,-0.023809523809523947,0.00010411111225761661,-0.02619047619047632,0.00011443098365301642,-0.02857142857142858,0.00025689802743180317,-0.030952380952380953,0.000291521229729291,-0.01904761904761909,7.369304597792709e-05,-0.01666666666666672,5.969240177248095e-05,-0.014285714285714457,6.260282304472884e-05,-0.011904761904761862,0.00010048051417003069,-0.00952380952380949,8.482861582523902e-05,1.0,1.0,1.0,1.0,1.0
42,13:41:36,1,-0.021428571428571352,0.0,-0.020238095238095277,-0.021428571428571352,1.198733317705214e-06,-0.023809523809523947,0.00010411111225761661,-0.02619047619047632,0.00011443098365301642,-0.02857142857142858,0.00025689802743180317,-0.030952380952380953,0.000291521229729291,-0.01904761904761909,7.369304597792709e-05,-0.01666666666666672,5.969240177248095e-05,-0.014285714285714457,6.260282304472884e-05,-0.011904761904761862,0.00010048051417003069,-0.00952380952380949,8.482861582523902e-05,1.0,1.0,1.0,1.0,1.0
42,13:41:39,1,-0.021428571428571352,0.0,-0.020238095238095277,-0.021428571428571352,1.198733317705214e-06,-0.023809523809523947,0.00010411111225761661,-0.02619047619047632,0.00011443098365301642,-0.02857142857142858,0.00025689802743180317,-0.030952380952380953,0.000291521229729291,-0.01904761904761909,7.369304597792709e-05,-0.01666666666666672,5.969240177248095e-05,-0.014285714285714457,6.260282304472884e-05,-0.011904761904761862,0.00010048051417003069,-0.00952380952380949,8.482861582523902e-05,1.0,1.0,1.0,1.0,1.0
42,13:41:42,1,-0.021428571428571352,0.0,-0.020238095238095277,-0.021428571428571352,1.198733317705214e-06,-0.023809523809523947,0.00010411111225761661,-0.02619047619047632,0.00011443098365301642,-0.02857142857142858,0.00025689802743180317,-0.030952380952380953,0.000291521229729291,-0.01904761904761909,7.369304597792709e-05,-0.01666666666666672,5.969240177248095e-05,-0.014285714285714457,6.260282304472884e-05,-0.011904761904761862,0.00010048051417003069,-0.00952380952380949,8.482861582523902e-05,1.0,1.0,1.0,1.0,1.0
42,13:41:45,1,-0.021428571428571352,0.0,-0.020238095238095277,-0.021428571428571352,1.198733317705214e-06,-0.023809523809523947,0.00010411111225761661,-0.02619047619047632,0.00011443098365301642,-0.02857142857142858,0.00025689802743180317,-0.030952380952380953,0.000291521229729291,-0.01904761904761909,7.369304597792709e-05,-0.01666666666666672,5.969240177248095e-05,-0.014285714285714457,6.260282304472884e-05,-0.011904761904761862,0.00010048051417003069,-0.00952380952380949,8.482861582523902e-05,1.0,1.0,1.0,1.0,1.0
42,13:41:48,1,-0.021428571428571352,0.0,-0.020238095238095277,-0.021428571428571352,1.198733317705214e-06,-0.023809523809523947,0.00010411111225761661,-0.02619047619047632,0.00011443098365301642,-0.02857142857142858,0.00025689802743180317,-0.030952380952380953,0.000291521229729291,-0.01904761904761909,7.369304597792709e-05,-0.01666666666666672,5.969240177248095e-05,-0.014285714285714457,6.260282304472884e-05,-0.011904761904761862,0.00010048051417003069,-0.00952380952380949,8.482861582523902e-05,1.0,1.0,1.0,1.0,1.0
42,13:41:51,1,-0.021428571428571352,0.0,-0.020238095238095277,-0.021428571428571352,1.198733317705214e-06,-0.023809523809523947,0.00010411111225761661,-0.02619047619047632,0.00011443098365301642,-0.02857142857142858,0.00025689802743180317,-0.030952380952380953,0.000291521229729291,-0.01904761904761909,7.369304597792709e-05,-0.01666666666666672,5.969240177248095e-05,-0.014285714285714457,6.260282304472884e-05,-0.011904761904761862,0.00010048051417003069,-0.00952380952380949,8.482861582523902e-05,1.0,1.0,1.0,1.0,1.0
42,13:41:54,1,-0.021428571428571352,0.0,-0.020238095238095277,-0.021428571428571352,1.198733317705214e-06,-0.023809523809523947,0.00010411111225761661,-0.02619047619047632,0.00011443098365301642,-0.02857142857142858,0.00025689802743180317,-0.030952380952380953,0.000291521229729291,-0.01904761904761909,7.369304597792709e-05,-0.01666666666666672,5.969240177248095e-05,-0.014285714285714457,6.260282304472884e-05,-0.011904761904761862,0.00010048051417003069,-0.00952380952380949,8.482861582523902e-05,1.0,1.0,1.0,1.0,1.0
42,13:41:57,1,-0.021428571428571352,0.0,-0.020238095238095277,-0.021428571428571352,1.198733317705214e-06,-0.023809523809523947,0.00010411111225761661,-0.02619047619047632,0.00011443098365301642,-0.02857142857142858,0.00025689802743180317,-0.030952380952380953,0.000291521229729291,-0.01904761904761909,7.369304597792709e-05,-0.01666666666666672,5.969240177248095e-05,-0.014285714285714457,6.260282304472884e-05,-0.011904761904761862,0.00010048051417003069,-0.00952380952380949,8.482861582523902e-05,1.0,1.0,1.0,1.0,1.0
42,13:42:00,1,-0.021428571428571352,0.0,-0.020238095238095277,-0.021428571428571352,1.198733317705214e-06,-0.023809523809523947,0.00010411111225761661,-0.02619047619047632,0.00011443098365301642,-0.02857142857142858,0.00025689802743180317,-0.030952380952380953,0.000291521229729291,-0.01904761904761909,7.369304597792709e-05,-0.01666666666666672,5.969240177248095e-05,-0.014285714285714457,6.260282304472884e-05,-0.011904761904761862,0.00010048051417003069,-0.00952380952380949,8.482861582523902e-05,1.0,1.0,1.0,1.0,1.0
42,13:42:03,1,-0.021428571428571352,0.0,-0.020238095238095277,-0.021428571428571352,1.198733317705214e-06,-0.023809523809523947,0.00010411111225761661,-0.02619047619047632,0.00011443098365301642,-0.02857142857142858,0.00025689802743180317,-0.030952380952380953,0.000291521229729291,-0.01904761904761909,7.369304597792709e-05,-0.01666666666666672,5.969240177248095e-05,-0.014285714285714457,6.260282304472884e-05,-0.011904761904761862,0.00010048051417003069,-0.00952380952380949,8.482861582523902e-05,1.0,1.0,1.0,1.0,1.0
42,13:42:06,1,-0.021428571428571352,0.0,-0.020238095238095277,-0.021428571428571352,1.198733317705214e-06,-0.023809523809523947,0.00010411111225761661,-0.02619047619047632,0.00011443098365301642,-0.02857142857142858,0.00025689802743180317,-0.030952380952380953,0.000291521229729291,-0.01904761904761909,7.369304597792709e-05,-0.01666666666666672,5.969240177248095e-05,-0.014285714285714457,6.260282304472884e-05,-0.011904761904761862,0.00010048051417003069,-0.00952380952380949,8.482861582523902e-05,1.0,1.0,1.0,1.0,1.0
42,13:42:09,1,-0.021428571428571352,0.0,-0.020238095238095277,-0.021428571428571352,1.198733317705214e-06,-0.023809523809523947,0.00010411111225761661,-0.02619047619047632,0.00011443098365301642,-0.02857142857142858,0.00025689802743180317,-0.030952380952380953,0.000291521229729291,-0.01904761904761909,7.369304597792709e-05,-0.01666666666666672,5.969240177248095e-05,-0.014285714285714457,6.260282304472884e-05,-0.011904761904761862,0.00010048051417003069,-0.00952380952380949,8.482861582523902e-05,1.0,1.0,1.0,1.0,1.0
42,13:42:12,1,-0.021428571428571352,0.0,-0.020238095238095277,-0.021428571428571352,1.198733317705214e-06,-0.023809523809523947,0.00010411111225761661,-0.02619047619047632,0.00011443098365301642,-0.02857142857142858,0.00025689802743180317,-0.030952380952380953,0.000291521229729291,-0.01904761904761909,7.369304597792709e-05,-0.01666666666666672,5.969240177248095e-05,-0.014285714285714457,6.260282304472884e-05,-0.011904761904761862,0.00010048051417003069,-0.00952380952380949,8.482861582523902e-05,1.0,1.0,1.0,1.0,1.0
42,13:42:15,1,-0.021428571428571352,0.0,-0.020238095238095277,-0.021428571428571352,1.198733317705214e-06,-0.023809523809523947,0.00010411111225761661,-0.02619047619047632,0.00011443098365301642,-0.02857142857142858,0.00025689802743180317,-0.030952380952380953,0.000291521229729291,-0.01904761904761909,7.369304597792709e-05,-0.01666666666666672,5.969240177248095e-05,-0.014285714285714457,6.260282304472884e-05,-0.011904761904761862,0.00010048051417003069,-0.00952380952380949,8.482861582523902e-05,1.0,1.0,1.0,1.0,1.0
42,13:42:18,1,-0.021428571428571352,0.0,-0.020238095238095277,-0.021428571428571352,1.198733317705214e-06,-0.023809523809523947,0.00010411111225761661,-0.02619047619047632,0.00011443098365301642,-0.02857142857142858,0.00025689802743180317,-0.030952380952380953,0.000291521229729291,-0.01904761904761909,7.369304597792709e-05,-0.01666666666666672,5.969240177248095e-05,-0.014285714285714457,6.260282304472884e-05,-0.011904761904761862,0.00010048051417003069,-0.00952380952380949,8.482861582523902e-05,1.0,1.0,1.0,1.0,1.0
42,13:42:21,1,-0.021428571428571352,0.0,-0.020238095238095277,-0.021428571428571352,1.198733317705214e-06,-0.023809523809523947,0.00010411111225761661,-0.02619047619047632,0.00011443098365301642,-0.02857142857142858,0.00025689802743180317,-0.030952380952380953,0.000291521229729291,-0.01904761904761909,7.369304597792709e-05,-0.01666666666666672,5.969240177248095e-05,-0.014285714285714457,6.260282304472884e-05,-0.011904761904761862,0.00010048051417003069,-0.00952380952380949,8.482861582523902e-05,1.0,1.0,1.0,1.0,1.0
42,13:42:24,1,-0.021428571428571352,0.0,-0.020238095238095277,-0.021428571428571352,1.198733317705214e-06,-0.023809523809523947,0.00010411111225761661,-0.02619047619047632,0.00011443098365301642,-0.02857142857142858,0.00025689802743180317,-0.030952380952380953,0.000291521229729291,-0.01904761904761909,7.369304597792709e-05,-0.01666666666666672,5.969240177248095e-05,-0.014285714285714457,6.260282304472884e-05,-0.011904761904761862,0.00010048051417003069,-0.00952380952380949,8.482861582523902e-05,1.0,1.0,1.0,1.0,1.0
42,13:42:27,1,-0.021428571428571352,0.0,-0.020238095238095277,-0.021428571428571352,1.198733317705214e-06,-0.023809523809523947,0.00010411111225761661,-0.02619047619047632,0.00011443098365301642,-0.02857142857142858,0.00025689802743180317,-0.030952380952380953,0.000291521229729291,-0.01904761904761909,7.369304597792709e-05,-0.01666666666666672,5.969240177248095e-05,-0.014285714285714457,6.260282304472884e-05,-0.011904761904761862,0.00010048051417003069,-0.00952380952380949,8.482861582523902e-05,1.0,1.0,1.0,1.0,1.0
42,13:42:30,1,-0.021428571428571352,0.0,-0.020238095238095277,-0.021428571428571352,1.198733317705214e-06,-0.023809523809523947,0.00010411111225761661,-0.02619047619047632,0.00011443098365301642,-0.02857142857142858,0.00025689802743180317,-0.030952380952380953,0.000291521229729291,-0.01904761904761909,7.369304597792709e-05,-0.01666666666666672,5.969240177248095e-05,-0.014285714285714457,6.260282304472884e-05,-0.011904761904761862,0.00010048051417003069,-0.00952380952380949,8.482861582523902e-05,1.0,1.0,1.0,1.0,1.0
42,13:42:33,1,-0.021428571428571352,0.0,-0.020238095238095277,-0.021428571428571352,1.198733317705214e-06,-0.023809523809523947,0.00010411111225761661,-0.02619047619047632,0.00011443098365301642,-0.02857142857142858,0.00025689802743180317,-0.030952380952380953,0.000291521229729291,-0.01904761904761909,7.369304597792709e-05,-0.01666666666666672,5.969240177248095e-05,-0.014285714285714457,6.260282304472884e-05,-0.011904761904761862,0.00010048051417003069,-0.00952380952380949,8.482861582523902e-05,1.0,1.0,1.0,1.0,1.0
42,13:42:36,1,-0.021428571428571352,0.0,-0.020238095238095277,-0.021428571428571352,1.198733317705214e-06,-0.023809523809523947,0.00010411111225761661,-0.02619047619047632,0.00011443098365301642,-0.02857142857142858,0.00025689802743180317,-0.030952380952380953,0.000291521229729291,-0.01904761904761909,7.369304597792709e-05,-0.01666666666666672,5.969240177248095e-05,-0.014285714285714457,6.260282304472884e-05,-0.011904761904761862,0.00010048051417003069,-0.00952380952380949,8.482861582523902e-05,1.0,1.0,1.0,1.0,1.0
42,13:42:39,1,-0.021428571428571352,0.0,-0.020238095238095277,-0.021428571428571352,1.198733317705214e-06,-0.023809523809523947,0.00010411111225761661,-0.02619047619047632,0.00011443098365301642,-0.02857142857142858,0.00025689802743180317,-0.030952380952380953,0.000291521229729291,-0.01904761904761909,7.369304597792709e-05,-0.01666666666666672,5.969240177248095e-05,-0.014285714285714457,6.260282304472884e-05,-0.011904761904761862,0.00010048051417003069,-0.00952380952380949,8.482861582523902e-05,1.0,1.0,1.0,1.0,1.0
42,13:42:42,1,-0.021428571428571352,0.0,-0.020238095238095277,-0.021428571428571352,1.198733317705214e-06,-0.023809523809523947,0.00010411111225761661,-0.02619047619047632,0.00011443098365301642,-0.02857142857142858,0.00025689802743180317,-0.030952380952380953,0.000291521229729291,-0.01904761904761909,7.369304597792709e-05,-0.01666666666666672,5.969240177248095e-05,-0.014285714285714457,6.260282304472884e-05,-0.011904761904761862,0.00010048051417003069,-0.00952380952380949,8.482861582523902e-05,1.0,1.0,1.0,1.0,1.0
42,13:42:45,1,-0.021428571428571352,0.0,-0.020238095238095277,-0.021428571428571352,1.198733317705214e-06,-0.023809523809523947,0.00010411111225761661,-0.02619047619047632,0.00011443098365301642,-0.02857142857142858,0.00025689802743180317,-0.030952380952380953,0.000291521229729291,-0.01904761904761909,7.369304597792709e-05,-0.01666666666666672,5.969240177248095e-05,-0.014285714285714457,6.260282304472884e-05,-0.011904761904761862,0.00010048051417003069,-0.00952380952380949,8.482861582523902e-05,1.0,1.0,1.0,1.0,1.0
42,13:42:48,1,-0.021428571428571352,0.0,-0.020238095238095277,-0.021428571428571352,1.198733317705214e-06,-0.023809523809523947,0.00010411111225761661,-0.02619047619047632,0.00011443098365301642,-0.02857142857142858,0.00025689802743180317,-0.030952380952380953,0.000291521229729291,-0.01904761904761909,7.369304597792709e-05,-0.01666666666666672,5.969240177248095e-05,-0.014285714285714457,6.260282304472884e-05,-0.011904761904761862,0.00010048051417003069,-0.00952380952380949,8.482861582523902e-05,1.0,1.0,1.0,1.0,1.0
42,13:42:51,1,-0.021428571428571352,0.0,-0.020238095238095277,-0.021428571428571352,1.198733317705214e-06,-0.023809523809523947,0.00010411111225761661,-0.02619047619047632,0.00011443098365301642,-0.02857142857142858,0.00025689802743180317,-0.030952380952380953,0.000291521229729291,-0.01904761904761909,7.369304597792709e-05,-0.01666666666666672,5.969240177248095e-05,-0.014285714285714457,6.260282304472884e-05,-0.011904761904761862,0.00010048051417003069,-0.00952380952380949,8.482861582523902e-05,1.0,1.0,1.0,1.0,1.0
42,13:42:54,1,-0.021428571428571352,0.0,-0.020238095238095277,-0.021428571428571352,1.198733317705214e-06,-0.023809523809523947,0.00010411111225761661,-0.02619047619047632,0.00011443098365301642,-0.02857142857142858,0.00025689802743180317,-0.030952380952380953,0.000291521229729291,-0.01904761904761909,7.369304597792709e-05,-0.01666666666666672,5.969240177248095e-05,-0.014285714285714457,6.260282304472884e-05,-0.011904761904761862,0.00010048051417003069,-0.00952380952380949,8.482861582523902e-05,1.0,1.0,1.0,1.0,1.0
42,13:42:57,1,-0.021428571428571352,0.0,-0.020238095238095277,-0.021428571428571352,1.198733317705214e-06,-0.023809523809523947,0.00010411111225761661,-0.02619047619047632,0.00011443098365301642,-0.02857142857142858,0.00025689802743180317,-0.030952380952380953,0.000291521229729291,-0.01904761904761909,7.369304597792709e-05,-0.01666666666666672,5.969240177248095e-05,-0.014285714285714457,6.260282304472884e-05,-0.011904761904761862,0.00010048051417003069,-0.00952380952380949,8.482861582523902e-05,1.0,1.0,1.0,1.0,1.0
42,13:43:00,1,-0.021428571428571352,0.0,-0.020238095238095277,-0.021428571428571352,1.198733317705214e-06,-0.023809523809523947,0.00010411111225761661,-0.02619047619047632,0.00011443098365301642,-0.02857142857142858,0.00025689802743180317,-0.030952380952380953,0.000291521229729291,-0.01904761904761909,7.369304597792709e-05,-0.01666666666666672,5.969240177248095e-05,-0.014285714285714457,6.260282304472884e-05,-0.011904761904761862,0.00010048051417003069,-0.00952380952380949,8.482861582523902e-05,1.0,1.0,1.0,1.0,1.0
42,13:43:03,1,-0.021428571428571352,0.0,-0.020238095238095277,-0.021428571428571352,1.198733317705214e-06,-0.023809523809523947,0.00010411111225761661,-0.02619047619047632,0.00011443098365301642,-0.02857142857142858,0.00025689802743180317,-0.030952380952380953,0.000291521229729291,-0.01904761904761909,7.369304597792709e-05,-0.01666666666666672,5.969240177248095e-05,-0.014285714285714457,6.260282304472884e-05,-0.011904761904761862,0.00010048051417003069,-0.00952380952380949,8.482861582523902e-05,1.0,1.0,1.0,1.0,1.0
42,13:43:06,1,-0.021428571428571352,0.0,-0.020238095238095277,-0.021428571428571352,1.198733317705214e-06,-0.023809523809523947,0.00010411111225761661,-0.02619047619047632,0.00011443098365301642,-0.02857142857142858,0.00025689802743180317,-0.030952380952380953,0.000291521229729291,-0.01904761904761909,7.369304597792709e-05,-0.01666666666666672,5.969240177248095e-05,-0.014285714285714457,6.260282304472884e-05,-0.011904761904761862,0.00010048051417003069,-0.00952380952380949,8.482861582523902e-05,1.0,1.0,1.0,1.0,1.0
42,13:43:09,1,-0.021428571428571352,0.0,-0.020238095238095277,-0.021428571428571352,1.198733317705214e-06,-0.023809523809523947,0.00010411111225761661,-0.02619047619047632,0.00011443098365301642,-0.02857142857142858,0.00025689802743180317,-0.030952380952380953,0.000291521229729291,-0.01904761904761909,7.369304597792709e-05,-0.01666666666666672,5.969240177248095e-05,-0.014285714285714457,6.260282304472884e-05,-0.011904761904761862,0.00010048051417003069,-0.00952380952380949,8.482861582523902e-05,1.0,1.0,1.0,1.0,1.0
42,13:43:12,1,-0.021428571428571352,0.0,-0.020238095238095277,-0.021428571428571352,1.198733317705214e-06,-0.023809523809523947,0.00010411111225761661,-0.02619047619047632,0.00011443098365301642,-0.02857142857142858,0.00025689802743180317,-0.030952380952380953,0.000291521229729291,-0.01904761904761909,7.369304597792709e-05,-0.01666666666666672,5.969240177248095e-05,-0.014285714285714457,6.260282304472884e-05,-0.011904761904761862,0.00010048051417003069,-0.00952380952380949,8.482861582523902e-05,1.0,1.0,1.0,1.0,1.0
42,13:43:15,1,-0.021428571428571352,0.0,-0.020238095238095277,-0.021428571428571352,1.198733317705214e-06,-0.023809523809523947,0.00010411111225761661,-0.02619047619047632,0.00011443098365301642,-0.02857142857142858,0.00025689802743180317,-0.030952380952380953,0.000291521229729291,-0.01904761904761909,7.369304597792709e-05,-0.01666666666666672,5.969240177248095e-05,-0.014285714285714457,6.260282304472884e-05,-0.011904761904761862,0.00010048051417003069,-0.00952380952380949,8.482861582523902e-05,1.0,1.0,1.0,1.0,1.0
42,13:43:18,1,-0.021428571428571352,0.0,-0.020238095238095277,-0.021428571428571352,1.198733317705214e-06,-0.023809523809523947,0.00010411111225761661,-0.02619047619047632,0.00011443098365301642,-0.02857142857142858,0.00025689802743180317,-0.030952380952380953,0.000291521229729291,-0.01904761904761909,7.369304597792709e-05,-0.01666666666666672,5.969240177248095e-05,-0.014285714285714457,6.260282304472884e-05,-0.011904761904761862,0.00010048051417003069,-0.00952380952380949,8.482861582523902e-05,1.0,1.0,1.0,1.0,1.0
42,13:43:21,1,-0.021428571428571352,0.0,-0.020238095238095277,-0.021428571428571352,1.198733317705214e-06,-0.023809523809523947,0.00010411111225761661,-0.02619047619047632,0.00011443098365301642,-0.02857142857142858,0.00025689802743180317,-0.030952380952380953,0.000291521229729291,-0.01904761904761909,7.369304597792709e-05,-0.01666666666666672,5.969240177248095e-05,-0.014285714285714457,6.260282304472884e-05,-0.011904761904761862,0.00010048051417003069,-0.00952380952380949,8.482861582523902e-05,1.0,1.0,1.0,1.0,1.0
42,13:43:24,1,-0.021428571428571352,0.0,-0.020238095238095277,-0.021428571428571352,1.198733317705214e-06,-0.023809523809523947,0.00010411111225761661,-0.02619047619047632,0.00011443098365301642,-0.02857142857142858,0.00025689802743180317,-0.030952380952380953,0.000291521229729291,-0.01904761904761909,7.369304597792709e-05,-0.01666666666666672,5.969240177248095e-05,-0.014285714285714457,6.260282304472884e-05,-0.011904761904761862,0.00010048051417003069,-0.00952380952380949,8.482861582523902e-05,1.0,1.0,1.0,1.0,1.0
42,13:43:27,1,-0.021428571428571352,0.0,-0.020238095238095277,-0.021428571428571352,1.198733317705214e-06,-0.023809523809523947,0.00010411111225761661,-0.02619047619047632,0.00011443098365301642,-0.02857142857142858,0.00025689802743180317,-0.030952380952380953,0.000291521229729291,-0.01904761904761909,7.369304597792709e-05,-0.01666666666666672,5.969240177248095e-05,-0.014285714285714457,6.260282304472884e-05,-0.011904761904761862,0.00010048051417003069,-0.00952380952380949,8.482861582523902e-05,1.0,1.0,1.0,1.0,1.0
42,13:43:30,1,-0.021428571428571352,0.0,-0.020238095238095277,-0.021428571428571352,1.198733317705214e-06,-0.023809523809523947,0.00010411111225761661,-0.02619047619047632,0.00011443098365301642,-0.02857142857142858,0.00025689802743180317,-0.030952380952380953,0.000291521229729291,-0.01904761904761909,7.369304597792709e-05,-0.01666666666666672,5.969240177248095e-05,-0.014285714285714457,6.260282304472884e-05,-0.011904761904761862,0.00010048051417003069,-0.00952380952380949,8.482861582523902e-05,1.0,1.0,1.0,1.0,1.0
42,13:43:33,1,-0.021428571428571352,0.0,-0.020238095238095277,-0.021428571428571352,1.198733317705214e-06,-0.023809523809523947,0.00010411111225761661,-0.02619047619047632,0.00011443098365301642,-0.02857142857142858,0.00025689802743180317,-0.030952380952380953,0.000291521229729291,-0.01904761904761909,7.369304597792709e-05,-0.01666666666666672,5.969240177248095e-05,-0.014285714285714457,6.260282304472884e-05,-0.011904761904761862,0.00010048051417003069,-0.00952380952380949,8.482861582523902e-05,1.0,1.0,1.0,1.0,1.0
42,13:43:36,1,-0.021428571428571352,0.0,-0.020238095238095277,-0.021428571428571352,1.198733317705214e-06,-0.023809523809523947,0.00010411111225761661,-0.02619047619047632,0.00011443098365301642,-0.02857142857142858,0.00025689802743180317,-0.030952380952380953,0.000291521229729291,-0.01904761904761909,7.369304597792709e-05,-0.01666666666666672,5.969240177248095e-05,-0.014285714285714457,6.260282304472884e-05,-0.011904761904761862,0.00010048051417003069,-0.00952380952380949,8.482861582523902e-05,1.0,1.0,1.0,1.0,1.0
42,13:43:39,1,-0.021428571428571352,0.0,-0.020238095238095277,-0.021428571428571352,1.198733317705214e-06,-0.023809523809523947,0.00010411111225761661,-0.02619047619047632,0.00011443098365301642,-0.02857142857142858,0.00025689802743180317,-0.030952380952380953,0.000291521229729291,-0.01904761904761909,7.369304597792709e-05,-0.01666666666666672,5.969240177248095e-05,-0.014285714285714457,6.260282304472884e-05,-0.011904761904761862,0.00010048051417003069,-0.00952380952380949,8.482861582523902e-05,1.0,1.0,1.0,1.0,1.0
42,13:43:42,1,-0.021428571428571352,0.0,-0.020238095238095277,-0.021428571428571352,1.198733317705214e-06,-0.023809523809523947,0.00010411111225761661,-0.02619047619047632,0.00011443098365301642,-0.02857142857142858,0.00025689802743180317,-0.030952380952380953,0.000291521229729291,-0.01904761904761909,7.369304597792709e-05,-0.01666666666666672,5.969240177248095e-05,-0.014285714285714457,6.260282304472884e-05,-0.011904761904761862,0.00010048051417003069,-0.00952380952380949,8.482861582523902e-05,1.0,1.0,1.0,1.0,1.0
42,13:43:45,1,-0.021428571428571352,0.0,-0.020238095238095277,-0.021428571428571352,1.198733317705214e-06,-0.023809523809523947,0.00010411111225761661,-0.02619047619047632,0.00011443098365301642,-0.02857142857142858,0.00025689802743180317,-0.030952380952380953,0.000291521229729291,-0.01904761904761909,7.369304597792709e-05,-0.01666666666666672,5.969240177248095e-05,-0.014285714285714457,6.260282304472884e-05,-0.011904761904761862,0.00010048051417003069,-0.00952380952380949,8.482861582523902e-05,1.0,1.0,1.0,1.0,1.0
42,13:43:48,1,-0.021428571428571352,0.0,-0.020238095238095277,-0.021428571428571352,1.198733317705214e-06,-0.023809523809523947,0.00010411111225761661,-0.02619047619047632,0.00011443098365301642,-0.02857142857142858,0.00025689802743180317,-0.030952380952380953,0.000291521229729291,-0.01904761904761909,7.369304597792709e-05,-0.01666666666666672,5.969240177248095e-05,-0.014285714285714457,6.260282304472884e-05,-0.011904761904761862,0.00010048051417003069,-0.00952380952380949,8.482861582523902e-05,1.0,1.0,1.0,1.0,1.0
42,13:43:51,1,-0.021428571428571352,0.0,-0.020238095238095277,-0.021428571428571352,1.198733317705214e-06,-0.023809523809523947,0.00010411111225761661,-0.02619047619047632,0.00011443098365301642,-0.02857142857142858,0.00025689802743180317,-0.030952380952380953,0.000291521229729291,-0.01904761904761909,7.369304597792709e-05,-0.01666666666666672,5.969240177248095e-05,-0.014285714285714457,6.260282304472884e-05,-0.011904761904761862,0.00010048051417003069,-0.00952380952380949,8.482861582523902e-05,1.0,1.0,1.0,1.0,1.0
42,13:43:54,1,-0.021428571428571352,0.0,-0.020238095238095277,-0.021428571428571352,1.198733317705214e-06,-0.023809523809523947,0.00010411111225761661,-0.02619047619047632,0.00011443098365301642,-0.02857142857142858,0.00025689802743180317,-0.030952380952380953,0.000291521229729291,-0.01904761904761909,7.369304597792709e-05,-0.01666666666666672,5.969240177248095e-05,-0.014285714285714457,6.260282304472884e-05,-0.011904761904761862,0.00010048051417003069,-0.00952380952380949,8.482861582523902e-05,1.0,1.0,1.0,1.0,1.0
42,13:43:57,1,-0.021428571428571352,0.0,-0.020238095238095277,-0.021428571428571352,1.198733317705214e-06,-0.023809523809523947,0.00010411111225761661,-0.02619047619047632,0.00011443098365301642,-0.02857142857142858,0.00025689802743180317,-0.030952380952380953,0.000291521229729291,-0.01904761904761909,7.369304597792709e-05,-0.01666666666666672,5.969240177248095e-05,-0.014285714285714457,6.260282304472884e-05,-0.011904761904761862,0.00010048051417003069,-0.00952380952380949,8.482861582523902e-05,1.0,1.0,1.0,1.0,1.0
42,13:44:00,1,-0.021428571428571352,0.0,-0.020238095238095277,-0.021428571428571352,1.198733317705214e-06,-0.023809523809523947,0.00010411111225761661,-0.02619047619047632,0.00011443098365301642,-0.02857142857142858,0.00025689802743180317,-0.030952380952380953,0.000291521229729291,-0.01904761904761909,7.369304597792709e-05,-0.01666666666666672,5.969240177248095e-05,-0.014285714285714457,6.260282304472884e-05,-0.011904761904761862,0.00010048051417003069,-0.00952380952380949,8.482861582523902e-05,1.0,1.0,1.0,1.0,1.0
42,13:44:03,1,-0.021428571428571352,0.0,-0.020238095238095277,-0.021428571428571352,1.198733317705214e-06,-0.023809523809523947,0.00010411111225761661,-0.02619047619047632,0.00011443098365301642,-0.02857142857142858,0.00025689802743180317,-0.030952380952380953,0.000291521229729291,-0.01904761904761909,7.369304597792709e-05,-0.01666666666666672,5.969240177248095e-05,-0.014285714285714457,6.260282304472884e-05,-0.011904761904761862,0.00010048051417003069,-0.00952380952380949,8.482861582523902e-05,1.0,1.0,1.0,1.0,1.0
42,13:44:06,1,-0.021428571428571352,0.0,-0.020238095238095277,-0.021428571428571352,1.198733317705214e-06,-0.023809523809523947,0.00010411111225761661,-0.02619047619047632,0.00011443098365301642,-0.02857142857142858,0.00025689802743180317,-0.030952380952380953,0.000291521229729291,-0.01904761904761909,7.369304597792709e-05,-0.01666666666666672,5.969240177248095e-05,-0.014285714285714457,6.260282304472884e-05,-0.011904761904761862,0.00010048051417003069,-0.00952380952380949,8.482861582523902e-05,1.0,1.0,1.0,1.0,1.0
42,13:44:09,1,-0.021428571428571352,0.0,-0.020238095238095277,-0.021428571428571352,1.198733317705214e-06,-0.023809523809523947,0.00010411111225761661,-0.02619047619047632,0.00011443098365301642,-0.02857142857142858,0.00025689802743180317,-0.030952380952380953,0.000291521229729291,-0.01904761904761909,7.369304597792709e-05,-0.01666666666666672,5.969240177248095e-05,-0.014285714285714457,6.260282304472884e-05,-0.011904761904761862,0.00010048051417003069,-0.00952380952380949,8.482861582523902e-05,1.0,1.0,1.0,1.0,1.0
42,13:44:12,1,-0.021428571428571352,0.0,-0.020238095238095277,-0.021428571428571352,1.198733317705214e-06,-0.023809523809523947,0.00010411111225761661,-0.02619047619047632,0.00011443098365301642,-0.02857142857142858,0.00025689802743180317,-0.030952380952380953,0.000291521229729291,-0.01904761904761909,7.369304597792709e-05,-0.01666666666666672,5.969240177248095e-05,-0.014285714285714457,6.260282304472884e-05,-0.011904761904761862,0.00010048051417003069,-0.00952380952380949,8.482861582523902e-05,1.0,1.0,1.0,1.0,1.0
42,13:44:15,1,-0.021428571428571352,0.0,-0.020238095238095277,-0.021428571428571352,1.198733317705214e-06,-0.023809523809523947,0.00010411111225761661,-0.02619047619047632,0.00011443098365301642,-0.02857142857142858,0.00025689802743180317,-0.030952380952380953,0.000291521229729291,-0.01904761904761909,7.369304597792709e-05,-0.01666666666666672,5.969240177248095e-05,-0.014285714285714457,6.260282304472884e-05,-0.011904761904761862,0.00010048051417003069,-0.00952380952380949,8.482861582523902e-05,1.0,1.0,1.0,1.0,1.0
42,13:44:18,1,-0.021428571428571352,0.0,-0.020238095238095277,-0.021428571428571352,1.198733317705214e-06,-0.023809523809523947,0.00010411111225761661,-0.02619047619047632,0.00011443098365301642,-0.02857142857142858,0.00025689802743180317,-0.030952380952380953,0.000291521229729291,-0.01904761904761909,7.369304597792709e-05,-0.01666666666666672,5.969240177248095e-05,-0.014285714285714457,6.260282304472884e-05,-0.011904761904761862,0.00010048051417003069,-0.00952380952380949,8.482861582523902e-05,1.0,1.0,1.0,1.0,1.0
42,13:44:21,1,-0.021428571428571352,0.0,-0.020238095238095277,-0.021428571428571352,1.198733317705214e-06,-0.023809523809523947,0.00010411111225761661,-0.02619047619047632,0.00011443098365301642,-0.02857142857142858,0.00025689802743180317,-0.030952380952380953,0.000291521229729291,-0.01904761904761909,7.369304597792709e-05,-0.01666666666666672,5.969240177248095e-05,-0.014285714285714457,6.260282304472884e-05,-0.011904761904761862,0.00010048051417003069,-0.00952380952380949,8.482861582523902e-05,1.0,1.0,1.0,1.0,1.0
42,13:44:24,1,-0.021428571428571352,0.0,-0.020238095238095277,-0.021428571428571352,1.198733317705214e-06,-0.023809523809523947,0.00010411111225761661,-0.02619047619047632,0.00011443098365301642,-0.02857142857142858,0.00025689802743180317,-0.030952380952380953,0.000291521229729291,-0.01904761904761909,7.369304597792709e-05,-0.01666666666666672,5.969240177248095e-05,-0.014285714285714457,6.260282304472884e-05,-0.011904761904761862,0.00010048051417003069,-0.00952380952380949,8.482861582523902e-05,1.0,1.0,1.0,1.0,1.0
42,13:44:27,1,-0.021428571428571352,0.0,-0.020238095238095277,-0.021428571428571352,1.198733317705214e-06,-0.023809523809523947,0.00010411111225761661,-0.02619047619047632,0.00011443098365301642,-0.02857142857142858,0.00025689802743180317,-0.030952380952380953,0.000291521229729291,-0.01904761904761909,7.369304597792709e-05,-0.01666666666666672,5.969240177248095e-05,-0.014285714285714457,6.260282304472884e-05,-0.011904761904761862,0.00010048051417003069,-0.00952380952380949,8.482861582523902e-05,1.0,1.0,1.0,1.0,1.0
42,13:44:30,1,-0.021428571428571352,0.0,-0.020238095238095277,-0.021428571428571352,1.198733317705214e-06,-0.023809523809523947,0.00010411111225761661,-0.02619047619047632,0.00011443098365301642,-0.02857142857142858,0.00025689802743180317,-0.030952380952380953,0.000291521229729291,-0.01904761904761909,7.369304597792709e-05,-0.01666666666666672,5.969240177248095e-05,-0.014285714285714457,6.260282304472884e-05,-0.011904761904761862,0.00010048051417003069,-0.00952380952380949,8.482861582523902e-05,1.0,1.0,1.0,1.0,1.0
42,13:44:33,1,-0.021428571428571352,0.0,-0.020238095238095277,-0.021428571428571352,1.198733317705214e-06,-0.023809523809523947,0.00010411111225761661,-0.02619047619047632,0.00011443098365301642,-0.02857142857142858,0.00025689802743180317,-0.030952380952380953,0.000291521229729291,-0.01904761904761909,7.369304597792709e-05,-0.01666666666666672,5.969240177248095e-05,-0.014285714285714457,6.260282304472884e-05,-0.011904761904761862,0.00010048051417003069,-0.00952380952380949,8.482861582523902e-05,1.0,1.0,1.0,1.0,1.0
42,13:44:36,1,-0.021428571428571352,0.0,-0.020238095238095277,-0.021428571428571352,1.198733317705214e-06,-0.023809523809523947,0.00010411111225761661,-0.02619047619047632,0.00011443098365301642,-0.02857142857142858,0.00025689802743180317,-0.030952380952380953,0.000291521229729291,-0.01904761904761909,7.369304597792709e-05,-0.01666666666666672,5.969240177248095e-05,-0.014285714285714457,6.260282304472884e-05,-0.011904761904761862,0.00010048051417003069,-0.00952380952380949,8.482861582523902e-05,1.0,1.0,1.0,1.0,1.0
42,13:44:39,1,-0.021428571428571352,0.0,-0.020238095238095277,-0.021428571428571352,1.198733317705214e-06,-0.023809523809523947,0.00010411111225761661,-0.02619047619047632,0.00011443098365301642,-0.02857142857142858,0.00025689802743180317,-0.030952380952380953,0.000291521229729291,-0.01904761904761909,7.369304597792709e-05,-0.01666666666666672,5.969240177248095e-05,-0.014285714285714457,6.260282304472884e-05,-0.011904761904761862,0.00010048051417003069,-0.00952380952380949,8.482861582523902e-05,1.0,1.0,1.0,1.0,1.0
42,13:44:42,1,-0.021428571428571352,0.0,-0.020238095238095277,-0.021428571428571352,1.198733317705214e-06,-0.023809523809523947,0.00010411111225761661,-0.02619047619047632,0.00011443098365301642,-0.02857142857142858,0.00025689802743180317,-0.030952380952380953,0.000291521229729291,-0.01904761904761909,7.369304597792709e-05,-0.01666666666666672,5.969240177248095e-05,-0.014285714285714457,6.260282304472884e-05,-0.011904761904761862,0.00010048051417003069,-0.00952380952380949,8.482861582523902e-05,1.0,1.0,1.0,1.0,1.0
42,13:44:45,1,-0.021428571428571352,0.0,-0.020238095238095277,-0.021428571428571352,1.198733317705214e-06,-0.023809523809523947,0.00010411111225761661,-0.02619047619047632,0.00011443098365301642,-0.02857142857142858,0.00025689802743180317,-0.030952380952380953,0.000291521229729291,-0.01904761904761909,7.369304597792709e-05,-0.01666666666666672,5.969240177248095e-05,-0.014285714285714457,6.260282304472884e-05,-0.011904761904761862,0.00010048051417003069,-0.00952380952380949,8.482861582523902e-05,1.0,1.0,1.0,1.0,1.0
42,13:44:48,1,-0.021428571428571352,0.0,-0.020238095238095277,-0.021428571428571352,1.198733317705214e-06,-0.023809523809523947,0.00010411111225761661,-0.02619047619047632,0.00011443098365301642,-0.02857142857142858,0.00025689802743180317,-0.030952380952380953,0.000291521229729291,-0.01904761904761909,7.369304597792709e-05,-0.01666666666666672,5.969240177248095e-05,-0.014285714285714457,6.260282304472884e-05,-0.011904761904761862,0.00010048051417003069,-0.00952380952380949,8.482861582523902e-05,1.0,1.0,1.0,1.0,1.0
42,13:44:51,1,-0.021428571428571352,0.0,-0.020238095238095277,-0.021428571428571352,1.198733317705214e-06,-0.023809523809523947,0.00010411111225761661,-0.02619047619047632,0.00011443098365301642,-0.02857142857142858,0.00025689802743180317,-0.030952380952380953,0.000291521229729291,-0.01904761904761909,7.369304597792709e-05,-0.01666666666666672,5.969240177248095e-05,-0.014285714285714457,6.260282304472884e-05,-0.011904761904761862,0.00010048051417003069,-0.00952380952380949,8.482861582523902e-05,1.0,1.0,1.0,1.0,1.0
42,13:44:54,1,-0.021428571428571352,0.0,-0.020238095238095277,-0.021428571428571352,1.198733317705214e-06,-0.023809523809523947,0.00010411111225761661,-0.02619047619047632,0.00011443098365301642,-0.02857142857142858,0.00025689802743180317,-0.030952380952380953,0.000291521229729291,-0.01904761904761909,7.369304597792709e-05,-0.01666666666666672,5.969240177248095e-05,-0.014285714285714457,6.260282304472884e-05,-0.011904761904761862,0.00010048051417003069,-0.00952380952380949,8.482861582523902e-05,1.0,1.0,1.0,1.0,1.0
42,13:44:57,1,-0.021428571428571352,0.0,-0.020238095238095277,-0.021428571428571352,1.198733317705214e-06,-0.023809523809523947,0.00010411111225761661,-0.02619047619047632,0.00011443098365301642,-0.02857142857142858,0.00025689802743180317,-0.030952380952380953,0.000291521229729291,-0.01904761904761909,7.369304597792709e-05,-0.01666666666666672,5.969240177248095e-05,-0.014285714285714457,6.260282304472884e-05,-0.011904761904761862,0.00010048051417003069,-0.00952380952380949,8.482861582523902e-05,1.0,1.0,1.0,1.0,1.0
42,13:45:00,1,-0.021428571428571352,0.0,-0.020238095238095277,-0.021428571428571352,1.198733317705214e-06,-0.023809523809523947,0.00010411111225761661,-0.02619047619047632,0.00011443098365301642,-0.02857142857142858,0.00025689802743180317,-0.030952380952380953,0.000291521229729291,-0.01904761904761909,7.369304597792709e-05,-0.01666666666666672,5.969240177248095e-05,-0.014285714285714457,6.260282304472884e-05,-0.011904761904761862,0.00010048051417003069,-0.00952380952380949,8.482861582523902e-05,1.0,1.0,1.0,1.0,1.0
42,13:45:03,1,-0.021428571428571352,0.0,-0.020238095238095277,-0.021428571428571352,1.198733317705214e-06,-0.023809523809523947,0.00010411111225761661,-0.02619047619047632,0.00011443098365301642,-0.02857142857142858,0.00025689802743180317,-0.030952380952380953,0.000291521229729291,-0.01904761904761909,7.369304597792709e-05,-0.01666666666666672,5.969240177248095e-05,-0.014285714285714457,6.260282304472884e-05,-0.011904761904761862,0.00010048051417003069,-0.00952380952380949,8.482861582523902e-05,1.0,1.0,1.0,1.0,1.0
42,13:45:06,1,-0.021428571428571352,0.0,-0.020238095238095277,-0.021428571428571352,1.198733317705214e-06,-0.023809523809523947,0.00010411111225761661,-0.02619047619047632,0.00011443098365301642,-0.02857142857142858,0.00025689802743180317,-0.030952380952380953,0.000291521229729291,-0.01904761904761909,7.369304597792709e-05,-0.01666666666666672,5.969240177248095e-05,-0.014285714285714457,6.260282304472884e-05,-0.011904761904761862,0.00010048051417003069,-0.00952380952380949,8.482861582523902e-05,1.0,1.0,1.0,1.0,1.0
42,13:45:09,1,-0.021428571428571352,0.0,-0.020238095238095277,-0.021428571428571352,1.198733317705214e-06,-0.023809523809523947,0.00010411111225761661,-0.02619047619047632,0.00011443098365301642,-0.02857142857142858,0.00025689802743180317,-0.030952380952380953,0.000291521229729291,-0.01904761904761909,7.369304597792709e-05,-0.01666666666666672,5.969240177248095e-05,-0.014285714285714457,6.260282304472884e-05,-0.011904761904761862,0.00010048051417003069,-0.00952380952380949,8.482861582523902e-05,1.0,1.0,1.0,1.0,1.0
42,13:45:12,1,-0.021428571428571352,0.0,-0.020238095238095277,-0.021428571428571352,1.198733317705214e-06,-0.023809523809523947,0.00010411111225761661,-0.02619047619047632,0.00011443098365301642,-0.02857142857142858,0.00025689802743180317,-0.030952380952380953,0.000291521229729291,-0.01904761904761909,7.369304597792709e-05,-0.01666666666666672,5.969240177248095e-05,-0.014285714285714457,6.260282304472884e-05,-0.011904761904761862,0.00010048051417003069,-0.00952380952380949,8.482861582523902e-05,1.0,1.0,1.0,1.0,1.0
42,13:45:15,1,-0.021428571428571352,0.0,-0.020238095238095277,-0.021428571428571352,1.198733317705214e-06,-0.023809523809523947,0.00010411111225761661,-0.02619047619047632,0.00011443098365301642,-0.02857142857142858,0.00025689802743180317,-0.030952380952380953,0.000291521229729291,-0.01904761904761909,7.369304597792709e-05,-0.01666666666666672,5.969240177248095e-05,-0.014285714285714457,6.260282304472884e-05,-0.011904761904761862,0.00010048051417003069,-0.00952380952380949,8.482861582523902e-05,1.0,1.0,1.0,1.0,1.0
42,13:45:18,1,-0.021428571428571352,0.0,-0.020238095238095277,-0.021428571428571352,1.198733317705214e-06,-0.023809523809523947,0.00010411111225761661,-0.02619047619047632,0.00011443098365301642,-0.02857142857142858,0.00025689802743180317,-0.030952380952380953,0.000291521229729291,-0.01904761904761909,7.369304597792709e-05,-0.01666666666666672,5.969240177248095e-05,-0.014285714285714457,6.260282304472884e-05,-0.011904761904761862,0.00010048051417003069,-0.00952380952380949,8.482861582523902e-05,1.0,1.0,1.0,1.0,1.0
42,13:45:21,1,-0.021428571428571352,0.0,-0.020238095238095277,-0.021428571428571352,1.198733317705214e-06,-0.023809523809523947,0.00010411111225761661,-0.02619047619047632,0.00011443098365301642,-0.02857142857142858,0.00025689802743180317,-0.030952380952380953,0.000291521229729291,-0.01904761904761909,7.369304597792709e-05,-0.01666666666666672,5.969240177248095e-05,-0.014285714285714457,6.260282304472884e-05,-0.011904761904761862,0.00010048051417003069,-0.00952380952380949,8.482861582523902e-05,1.0,1.0,1.0,1.0,1.0
42,13:45:24,1,-0.021428571428571352,0.0,-0.020238095238095277,-0.021428571428571352,1.198733317705214e-06,-0.023809523809523947,0.00010411111225761661,-0.02619047619047632,0.00011443098365301642,-0.02857142857142858,0.00025689802743180317,-0.030952380952380953,0.000291521229729291,-0.01904761904761909,7.369304597792709e-05,-0.01666666666666672,5.969240177248095e-05,-0.014285714285714457,6.260282304472884e-05,-0.011904761904761862,0.00010048051417003069,-0.00952380952380949,8.482861582523902e-05,1.0,1.0,1.0,1.0,1.0
42,13:45:27,1,-0.021428571428571352,0.0,-0.020238095238095277,-0.021428571428571352,1.198733317705214e-06,-0.023809523809523947,0.00010411111225761661,-0.02619047619047632,0.00011443098365301642,-0.02857142857142858,0.00025689802743180317,-0.030952380952380953,0.000291521229729291,-0.01904761904761909,7.369304597792709e-05,-0.01666666666666672,5.969240177248095e-05,-0.014285714285714457,6.260282304472884e-05,-0.011904761904761862,0.00010048051417003069,-0.00952380952380949,8.482861582523902e-05,1.0,1.0,1.0,1.0,1.0
42,13:45:30,1,-0.021428571428571352,0.0,-0.020238095238095277,-0.021428571428571352,1.198733317705214e-06,-0.023809523809523947,0.00010411111225761661,-0.02619047619047632,0.00011443098365301642,-0.02857142857142858,0.00025689802743180317,-0.030952380952380953,0.000291521229729291,-0.01904761904761909,7.369304597792709e-05,-0.01666666666666672,5.969240177248095e-05,-0.014285714285714457,6.260282304472884e-05,-0.011904761904761862,0.00010048051417003069,-0.00952380952380949,8.482861582523902e-05,1.0,1.0,1.0,1.0,1.0
42,13:45:33,1,-0.021428571428571352,0.0,-0.020238095238095277,-0.021428571428571352,1.198733317705214e-06,-0.023809523809523947,0.00010411111225761661,-0.02619047619047632,0.00011443098365301642,-0.02857142857142858,0.00025689802743180317,-0.030952380952380953,0.000291521229729291,-0.01904761904761909,7.369304597792709e-05,-0.01666666666666672,5.969240177248095e-05,-0.014285714285714457,6.260282304472884e-05,-0.011904761904761862,0.00010048051417003069,-0.00952380952380949,8.482861582523902e-05,1.0,1.0,1.0,1.0,1.0
42,13:45:36,1,-0.021428571428571352,0.0,-0.020238095238095277,-0.021428571428571352,1.198733317705214e-06,-0.023809523809523947,0.00010411111225761661,-0.02619047619047632,0.00011443098365301642,-0.02857142857142858,0.00025689802743180317,-0.030952380952380953,0.000291521229729291,-0.01904761904761909,7.369304597792709e-05,-0.01666666666666672,5.969240177248095e-05,-0.014285714285714457,6.260282304472884e-05,-0.011904761904761862,0.00010048051417003069,-0.00952380952380949,8.482861582523902e-05,1.0,1.0,1.0,1.0,1.0
42,13:45:39,1,-0.021428571428571352,0.0,-0.020238095238095277,-0.021428571428571352,1.198733317705214e-06,-0.023809523809523947,0.00010411111225761661,-0.02619047619047632,0.00011443098365301642,-0.02857142857142858,0.00025689802743180317,-0.030952380952380953,0.000291521229729291,-0.01904761904761909,7.369304597792709e-05,-0.01666666666666672,5.969240177248095e-05,-0.014285714285714457,6.260282304472884e-05,-0.011904761904761862,0.00010048051417003069,-0.00952380952380949,8.482861582523902e-05,1.0,1.0,1.0,1.0,1.0
42,13:45:42,1,-0.021428571428571352,0.0,-0.020238095238095277,-0.021428571428571352,1.198733317705214e-06,-0.023809523809523947,0.00010411111225761661,-0.02619047619047632,0.00011443098365301642,-0.02857142857142858,0.00025689802743180317,-0.030952380952380953,0.000291521229729291,-0.01904761904761909,7.369304597792709e-05,-0.01666666666666672,5.969240177248095e-05,-0.014285714285714457,6.260282304472884e-05,-0.011904761904761862,0.00010048051417003069,-0.00952380952380949,8.482861582523902e-05,1.0,1.0,1.0,1.0,1.0
42,13:45:45,1,-0.021428571428571352,0.0,-0.020238095238095277,-0.021428571428571352,1.198733317705214e-06,-0.023809523809523947,0.00010411111225761661,-0.02619047619047632,0.00011443098365301642,-0.02857142857142858,0.00025689802743180317,-0.030952380952380953,0.000291521229729291,-0.01904761904761909,7.369304597792709e-05,-0.01666666666666672,5.969240177248095e-05,-0.014285714285714457,6.260282304472884e-05,-0.011904761904761862,0.00010048051417003069,-0.00952380952380949,8.482861582523902e-05,1.0,1.0,1.0,1.0,1.0
42,13:45:48,1,-0.021428571428571352,0.0,-0.020238095238095277,-0.021428571428571352,1.198733317705214e-06,-0.023809523809523947,0.00010411111225761661,-0.02619047619047632,0.00011443098365301642,-0.02857142857142858,0.00025689802743180317,-0.030952380952380953,0.000291521229729291,-0.01904761904761909,7.369304597792709e-05,-0.01666666666666672,5.969240177248095e-05,-0.014285714285714457,6.260282304472884e-05,-0.011904761904761862,0.00010048051417003069,-0.00952380952380949,8.482861582523902e-05,1.0,1.0,1.0,1.0,1.0
42,13:45:51,1,-0.021428571428571352,0.0,-0.020238095238095277,-0.021428571428571352,1.198733317705214e-06,-0.023809523809523947,0.00010411111225761661,-0.02619047619047632,0.00011443098365301642,-0.02857142857142858,0.00025689802743180317,-0.030952380952380953,0.000291521229729291,-0.01904761904761909,7.369304597792709e-05,-0.01666666666666672,5.969240177248095e-05,-0.014285714285714457,6.260282304472884e-05,-0.011904761904761862,0.00010048051417003069,-0.00952380952380949,8.482861582523902e-05,1.0,1.0,1.0,1.0,1.0
42,13:45:54,1,-0.021428571428571352,0.0,-0.020238095238095277,-0.021428571428571352,1.198733317705214e-06,-0.023809523809523947,0.00010411111225761661,-0.02619047619047632,0.00011443098365301642,-0.02857142857142858,0.00025689802743180317,-0.030952380952380953,0.000291521229729291,-0.01904761904761909,7.369304597792709e-05,-0.01666666666666672,5.969240177248095e-05,-0.014285714285714457,6.260282304472884e-05,-0.011904761904761862,0.00010048051417003069,-0.00952380952380949,8.482861582523902e-05,1.0,1.0,1.0,1.0,1.0
42,13:45:57,1,-0.021428571428571352,0.0,-0.020238095238095277,-0.021428571428571352,1.198733317705214e-06,-0.023809523809523947,0.00010411111225761661,-0.02619047619047632,0.00011443098365301642,-0.02857142857142858,0.00025689802743180317,-0.030952380952380953,0.000291521229729291,-0.01904761904761909,7.369304597792709e-05,-0.01666666666666672,5.969240177248095e-05,-0.014285714285714457,6.260282304472884e-05,-0.011904761904761862,0.00010048051417003069,-0.00952380952380949,8.482861582523902e-05,1.0,1.0,1.0,1.0,1.0
42,13:46:00,1,-0.021428571428571352,0.0,-0.020238095238095277,-0.021428571428571352,1.198733317705214e-06,-0.023809523809523947,0.00010411111225761661,-0.02619047619047632,0.00011443098365301642,-0.02857142857142858,0.00025689802743180317,-0.030952380952380953,0.000291521229729291,-0.01904761904761909,7.369304597792709e-05,-0.01666666666666672,5.969240177248095e-05,-0.014285714285714457,6.260282304472884e-05,-0.011904761904761862,0.00010048051417003069,-0.00952380952380949,8.482861582523902e-05,1.0,1.0,1.0,1.0,1.0
42,13:46:03,1,-0.021428571428571352,0.0,-0.020238095238095277,-0.021428571428571352,1.198733317705214e-06,-0.023809523809523947,0.00010411111225761661,-0.02619047619047632,0.00011443098365301642,-0.02857142857142858,0.00025689802743180317,-0.030952380952380953,0.000291521229729291,-0.01904761904761909,7.369304597792709e-05,-0.01666666666666672,5.969240177248095e-05,-0.014285714285714457,6.260282304472884e-05,-0.011904761904761862,0.00010048051417003069,-0.00952380952380949,8.482861582523902e-05,1.0,1.0,1.0,1.0,1.0
42,13:46:06,1,-0.021428571428571352,0.0,-0.020238095238095277,-0.021428571428571352,1.198733317705214e-06,-0.023809523809523947,0.00010411111225761661,-0.02619047619047632,0.00011443098365301642,-0.02857142857142858,0.00025689802743180317,-0.030952380952380953,0.000291521229729291,-0.01904761904761909,7.369304597792709e-05,-0.01666666666666672,5.969240177248095e-05,-0.014285714285714457,6.260282304472884e-05,-0.011904761904761862,0.00010048051417003069,-0.00952380952380949,8.482861582523902e-05,1.0,1.0,1.0,1.0,1.0
42,13:46:09,1,-0.021428571428571352,0.0,-0.020238095238095277,-0.021428571428571352,1.198733317705214e-06,-0.023809523809523947,0.00010411111225761661,-0.02619047619047632,0.00011443098365301642,-0.02857142857142858,0.00025689802743180317,-0.030952380952380953,0.000291521229729291,-0.01904761904761909,7.369304597792709e-05,-0.01666666666666672,5.969240177248095e-05,-0.014285714285714457,6.260282304472884e-05,-0.011904761904761862,0.00010048051417003069,-0.00952380952380949,8.482861582523902e-05,1.0,1.0,1.0,1.0,1.0
42,13:46:12,1,-0.021428571428571352,0.0,-0.020238095238095277,-0.021428571428571352,1.198733317705214e-06,-0.023809523809523947,0.00010411111225761661,-0.02619047619047632,0.00011443098365301642,-0.02857142857142858,0.00025689802743180317,-0.030952380952380953,0.000291521229729291,-0.01904761904761909,7.369304597792709e-05,-0.01666666666666672,5.969240177248095e-05,-0.014285714285714457,6.260282304472884e-05,-0.011904761904761862,0.00010048051417003069,-0.00952380952380949,8.482861582523902e-05,1.0,1.0,1.0,1.0,1.0
42,13:46:15,1,-0.021428571428571352,0.0,-0.020238095238095277,-0.021428571428571352,1.198733317705214e-06,-0.023809523809523947,0.00010411111225761661,-0.02619047619047632,0.00011443098365301642,-0.02857142857142858,0.00025689802743180317,-0.030952380952380953,0.000291521229729291,-0.01904761904761909,7.369304597792709e-05,-0.01666666666666672,5.969240177248095e-05,-0.014285714285714457,6.260282304472884e-05,-0.011904761904761862,0.00010048051417003069,-0.00952380952380949,8.482861582523902e-05,1.0,1.0,1.0,1.0,1.0
42,13:46:18,1,-0.021428571428571352,0.0,-0.020238095238095277,-0.021428571428571352,1.198733317705214e-06,-0.023809523809523947,0.00010411111225761661,-0.02619047619047632,0.00011443098365301642,-0.02857142857142858,0.00025689802743180317,-0.030952380952380953,0.000291521229729291,-0.01904761904761909,7.369304597792709e-05,-0.01666666666666672,5.969240177248095e-05,-0.014285714285714457,6.260282304472884e-05,-0.011904761904761862,0.00010048051417003069,-0.00952380952380949,8.482861582523902e-05,1.0,1.0,1.0,1.0,1.0
42,13:46:21,1,-0.021428571428571352,0.0,-0.020238095238095277,-0.021428571428571352,1.198733317705214e-06,-0.023809523809523947,0.00010411111225761661,-0.02619047619047632,0.00011443098365301642,-0.02857142857142858,0.00025689802743180317,-0.030952380952380953,0.000291521229729291,-0.01904761904761909,7.369304597792709e-05,-0.01666666666666672,5.969240177248095e-05,-0.014285714285714457,6.260282304472884e-05,-0.011904761904761862,0.00010048051417003069,-0.00952380952380949,8.482861582523902e-05,1.0,1.0,1.0,1.0,1.0
42,13:46:24,1,-0.021428571428571352,0.0,-0.020238095238095277,-0.021428571428571352,1.198733317705214e-06,-0.023809523809523947,0.00010411111225761661,-0.02619047619047632,0.00011443098365301642,-0.02857142857142858,0.00025689802743180317,-0.030952380952380953,0.000291521229729291,-0.01904761904761909,7.369304597792709e-05,-0.01666666666666672,5.969240177248095e-05,-0.014285714285714457,6.260282304472884e-05,-0.011904761904761862,0.00010048051417003069,-0.00952380952380949,8.482861582523902e-05,1.0,1.0,1.0,1.0,1.0
42,13:46:27,1,-0.021428571428571352,0.0,-0.020238095238095277,-0.021428571428571352,1.198733317705214e-06,-0.023809523809523947,0.00010411111225761661,-0.02619047619047632,0.00011443098365301642,-0.02857142857142858,0.00025689802743180317,-0.030952380952380953,0.000291521229729291,-0.01904761904761909,7.369304597792709e-05,-0.01666666666666672,5.969240177248095e-05,-0.014285714285714457,6.260282304472884e-05,-0.011904761904761862,0.00010048051417003069,-0.00952380952380949,8.482861582523902e-05,1.0,1.0,1.0,1.0,1.0
42,13:46:30,1,-0.021428571428571352,0.0,-0.020238095238095277,-0.021428571428571352,1.198733317705214e-06,-0.023809523809523947,0.00010411111225761661,-0.02619047619047632,0.00011443098365301642,-0.02857142857142858,0.00025689802743180317,-0.030952380952380953,0.000291521229729291,-0.01904761904761909,7.369304597792709e-05,-0.01666666666666672,5.969240177248095e-05,-0.014285714285714457,6.260282304472884e-05,-0.011904761904761862,0.00010048051417003069,-0.00952380952380949,8.482861582523902e-05,1.0,1.0,1.0,1.0,1.0
42,13:46:33,1,-0.021428571428571352,0.0,-0.020238095238095277,-0.021428571428571352,1.198733317705214e-06,-0.023809523809523947,0.00010411111225761661,-0.02619047619047632,0.00011443098365301642,-0.02857142857142858,0.00025689802743180317,-0.030952380952380953,0.000291521229729291,-0.01904761904761909,7.369304597792709e-05,-0.01666666666666672,5.969240177248095e-05,-0.014285714285714457,6.260282304472884e-05,-0.011904761904761862,0.00010048051417003069,-0.00952380952380949,8.482861582523902e-05,1.0,1.0,1.0,1.0,1.0
42,13:46:36,1,-0.021428571428571352,0.0,-0.020238095238095277,-0.021428571428571352,1.198733317705214e-06,-0.023809523809523947,0.00010411111225761661,-0.02619047619047632,0.00011443098365301642,-0.02857142857142858,0.00025689802743180317,-0.030952380952380953,0.000291521229729291,-0.01904761904761909,7.369304597792709e-05,-0.01666666666666672,5.969240177248095e-05,-0.014285714285714457,6.260282304472884e-05,-0.011904761904761862,0.00010048051417003069,-0.00952380952380949,8.482861582523902e-05,1.0,1.0,1.0,1.0,1.0
42,13:46:39,1,-0.021428571428571352,0.0,-0.020238095238095277,-0.021428571428571352,1.198733317705214e-06,-0.023809523809523947,0.00010411111225761661,-0.02619047619047632,0.00011443098365301642,-0.02857142857142858,0.00025689802743180317,-0.030952380952380953,0.000291521229729291,-0.01904761904761909,7.369304597792709e-05,-0.01666666666666672,5.969240177248095e-05,-0.014285714285714457,6.260282304472884e-05,-0.011904761904761862,0.00010048051417003069,-0.00952380952380949,8.482861582523902e-05,1.0,1.0,1.0,1.0,1.0
42,13:46:42,1,-0.021428571428571352,0.0,-0.020238095238095277,-0.021428571428571352,1.198733317705214e-06,-0.023809523809523947,0.00010411111225761661,-0.02619047619047632,0.00011443098365301642,-0.02857142857142858,0.00025689802743180317,-0.030952380952380953,0.000291521229729291,-0.01904761904761909,7.369304597792709e-05,-0.01666666666666672,5.969240177248095e-05,-0.014285714285714457,6.260282304472884e-05,-0.011904761904761862,0.00010048051417003069,-0.00952380952380949,8.482861582523902e-05,1.0,1.0,1.0,1.0,1.0
42,13:46:45,1,-0.021428571428571352,0.0,-0.020238095238095277,-0.021428571428571352,1.198733317705214e-06,-0.023809523809523947,0.00010411111225761661,-0.02619047619047632,0.00011443098365301642,-0.02857142857142858,0.00025689802743180317,-0.030952380952380953,0.000291521229729291,-0.01904761904761909,7.369304597792709e-05,-0.01666666666666672,5.969240177248095e-05,-0.014285714285714457,6.260282304472884e-05,-0.011904761904761862,0.00010048051417003069,-0.00952380952380949,8.482861582523902e-05,1.0,1.0,1.0,1.0,1.0
42,13:46:48,1,-0.021428571428571352,0.0,-0.020238095238095277,-0.021428571428571352,1.198733317705214e-06,-0.023809523809523947,0.00010411111225761661,-0.02619047619047632,0.00011443098365301642,-0.02857142857142858,0.00025689802743180317,-0.030952380952380953,0.000291521229729291,-0.01904761904761909,7.369304597792709e-05,-0.01666666666666672,5.969240177248095e-05,-0.014285714285714457,6.260282304472884e-05,-0.011904761904761862,0.00010048051417003069,-0.00952380952380949,8.482861582523902e-05,1.0,1.0,1.0,1.0,1.0
42,13:46:51,1,-0.021428571428571352,0.0,-0.020238095238095277,-0.021428571428571352,1.198733317705214e-06,-0.023809523809523947,0.00010411111225761661,-0.02619047619047632,0.00011443098365301642,-0.02857142857142858,0.00025689802743180317,-0.030952380952380953,0.000291521229729291,-0.01904761904761909,7.369304597792709e-05,-0.01666666666666672,5.969240177248095e-05,-0.014285714285714457,6.260282304472884e-05,-0.011904761904761862,0.00010048051417003069,-0.00952380952380949,8.482861582523902e-05,1.0,1.0,1.0,1.0,1.0
42,13:46:54,1,-0.021428571428571352,0.0,-0.020238095238095277,-0.021428571428571352,1.198733317705214e-06,-0.023809523809523947,0.00010411111225761661,-0.02619047619047632,0.00011443098365301642,-0.02857142857142858,0.00025689802743180317,-0.030952380952380953,0.000291521229729291,-0.01904761904761909,7.369304597792709e-05,-0.01666666666666672,5.969240177248095e-05,-0.014285714285714457,6.260282304472884e-05,-0.011904761904761862,0.00010048051417003069,-0.00952380952380949,8.482861582523902e-05,1.0,1.0,1.0,1.0,1.0
42,13:46:57,1,-0.021428571428571352,0.0,-0.020238095238095277,-0.021428571428571352,1.198733317705214e-06,-0.023809523809523947,0.00010411111225761661,-0.02619047619047632,0.00011443098365301642,-0.02857142857142858,0.00025689802743180317,-0.030952380952380953,0.000291521229729291,-0.01904761904761909,7.369304597792709e-05,-0.01666666666666672,5.969240177248095e-05,-0.014285714285714457,6.260282304472884e-05,-0.011904761904761862,0.00010048051417003069,-0.00952380952380949,8.482861582523902e-05,1.0,1.0,1.0,1.0,1.0
42,13:47:00,1,-0.021428571428571352,0.0,-0.020238095238095277,-0.021428571428571352,1.198733317705214e-06,-0.023809523809523947,0.00010411111225761661,-0.02619047619047632,0.00011443098365301642,-0.02857142857142858,0.00025689802743180317,-0.030952380952380953,0.000291521229729291,-0.01904761904761909,7.369304597792709e-05,-0.01666666666666672,5.969240177248095e-05,-0.014285714285714457,6.260282304472884e-05,-0.011904761904761862,0.00010048051417003069,-0.00952380952380949,8.482861582523902e-05,1.0,1.0,1.0,1.0,1.0
42,13:47:03,1,-0.021428571428571352,0.0,-0.020238095238095277,-0.021428571428571352,1.198733317705214e-06,-0.023809523809523947,0.00010411111225761661,-0.02619047619047632,0.00011443098365301642,-0.02857142857142858,0.00025689802743180317,-0.030952380952380953,0.000291521229729291,-0.01904761904761909,7.369304597792709e-05,-0.01666666666666672,5.969240177248095e-05,-0.014285714285714457,6.260282304472884e-05,-0.011904761904761862,0.00010048051417003069,-0.00952380952380949,8.482861582523902e-05,1.0,1.0,1.0,1.0,1.0
42,13:47:06,1,-0.021428571428571352,0.0,-0.020238095238095277,-0.021428571428571352,1.198733317705214e-06,-0.023809523809523947,0.00010411111225761661,-0.02619047619047632,0.00011443098365301642,-0.02857142857142858,0.00025689802743180317,-0.030952380952380953,0.000291521229729291,-0.01904761904761909,7.369304597792709e-05,-0.01666666666666672,5.969240177248095e-05,-0.014285714285714457,6.260282304472884e-05,-0.011904761904761862,0.00010048051417003069,-0.00952380952380949,8.482861582523902e-05,1.0,1.0,1.0,1.0,1.0
42,13:47:09,1,-0.021428571428571352,0.0,-0.020238095238095277,-0.021428571428571352,1.198733317705214e-06,-0.023809523809523947,0.00010411111225761661,-0.02619047619047632,0.00011443098365301642,-0.02857142857142858,0.00025689802743180317,-0.030952380952380953,0.000291521229729291,-0.01904761904761909,7.369304597792709e-05,-0.01666666666666672,5.969240177248095e-05,-0.014285714285714457,6.260282304472884e-05,-0.011904761904761862,0.00010048051417003069,-0.00952380952380949,8.482861582523902e-05,1.0,1.0,1.0,1.0,1.0
42,13:47:12,1,-0.021428571428571352,0.0,-0.020238095238095277,-0.021428571428571352,1.198733317705214e-06,-0.023809523809523947,0.00010411111225761661,-0.02619047619047632,0.00011443098365301642,-0.02857142857142858,0.00025689802743180317,-0.030952380952380953,0.000291521229729291,-0.01904761904761909,7.369304597792709e-05,-0.01666666666666672,5.969240177248095e-05,-0.014285714285714457,6.260282304472884e-05,-0.011904761904761862,0.00010048051417003069,-0.00952380952380949,8.482861582523902e-05,1.0,1.0,1.0,1.0,1.0
42,13:47:15,1,-0.021428571428571352,0.0,-0.020238095238095277,-0.021428571428571352,1.198733317705214e-06,-0.023809523809523947,0.00010411111225761661,-0.02619047619047632,0.00011443098365301642,-0.02857142857142858,0.00025689802743180317,-0.030952380952380953,0.000291521229729291,-0.01904761904761909,7.369304597792709e-05,-0.01666666666666672,5.969240177248095e-05,-0.014285714285714457,6.260282304472884e-05,-0.011904761904761862,0.00010048051417003069,-0.00952380952380949,8.482861582523902e-05,1.0,1.0,1.0,1.0,1.0
42,13:47:18,1,-0.021428571428571352,0.0,-0.020238095238095277,-0.021428571428571352,1.198733317705214e-06,-0.023809523809523947,0.00010411111225761661,-0.02619047619047632,0.00011443098365301642,-0.02857142857142858,0.00025689802743180317,-0.030952380952380953,0.000291521229729291,-0.01904761904761909,7.369304597792709e-05,-0.01666666666666672,5.969240177248095e-05,-0.014285714285714457,6.260282304472884e-05,-0.011904761904761862,0.00010048051417003069,-0.00952380952380949,8.482861582523902e-05,1.0,1.0,1.0,1.0,1.0
42,13:47:21,1,-0.021428571428571352,0.0,-0.020238095238095277,-0.021428571428571352,1.198733317705214e-06,-0.023809523809523947,0.00010411111225761661,-0.02619047619047632,0.00011443098365301642,-0.02857142857142858,0.00025689802743180317,-0.030952380952380953,0.000291521229729291,-0.01904761904761909,7.369304597792709e-05,-0.01666666666666672,5.969240177248095e-05,-0.014285714285714457,6.260282304472884e-05,-0.011904761904761862,0.00010048051417003069,-0.00952380952380949,8.482861582523902e-05,1.0,1.0,1.0,1.0,1.0
42,13:47:24,1,-0.021428571428571352,0.0,-0.020238095238095277,-0.021428571428571352,1.198733317705214e-06,-0.023809523809523947,0.00010411111225761661,-0.02619047619047632,0.00011443098365301642,-0.02857142857142858,0.00025689802743180317,-0.030952380952380953,0.000291521229729291,-0.01904761904761909,7.369304597792709e-05,-0.01666666666666672,5.969240177248095e-05,-0.014285714285714457,6.260282304472884e-05,-0.011904761904761862,0.00010048051417003069,-0.00952380952380949,8.482861582523902e-05,1.0,1.0,1.0,1.0,1.0
42,13:47:27,1,-0.021428571428571352,0.0,-0.020238095238095277,-0.021428571428571352,1.198733317705214e-06,-0.023809523809523947,0.00010411111225761661,-0.02619047619047632,0.00011443098365301642,-0.02857142857142858,0.00025689802743180317,-0.030952380952380953,0.000291521229729291,-0.01904761904761909,7.369304597792709e-05,-0.01666666666666672,5.969240177248095e-05,-0.014285714285714457,6.260282304472884e-05,-0.011904761904761862,0.00010048051417003069,-0.00952380952380949,8.482861582523902e-05,1.0,1.0,1.0,1.0,1.0
42,13:47:30,1,-0.021428571428571352,0.0,-0.020238095238095277,-0.021428571428571352,1.198733317705214e-06,-0.023809523809523947,0.00010411111225761661,-0.02619047619047632,0.00011443098365301642,-0.02857142857142858,0.00025689802743180317,-0.030952380952380953,0.000291521229729291,-0.01904761904761909,7.369304597792709e-05,-0.01666666666666672,5.969240177248095e-05,-0.014285714285714457,6.260282304472884e-05,-0.011904761904761862,0.00010048051417003069,-0.00952380952380949,8.482861582523902e-05,1.0,1.0,1.0,1.0,1.0
42,13:47:33,1,-0.021428571428571352,0.0,-0.020238095238095277,-0.021428571428571352,1.198733317705214e-06,-0.023809523809523947,0.00010411111225761661,-0.02619047619047632,0.00011443098365301642,-0.02857142857142858,0.00025689802743180317,-0.030952380952380953,0.000291521229729291,-0.01904761904761909,7.369304597792709e-05,-0.01666666666666672,5.969240177248095e-05,-0.014285714285714457,6.260282304472884e-05,-0.011904761904761862,0.00010048051417003069,-0.00952380952380949,8.482861582523902e-05,1.0,1.0,1.0,1.0,1.0
42,13:47:36,1,-0.021428571428571352,0.0,-0.020238095238095277,-0.021428571428571352,1.198733317705214e-06,-0.023809523809523947,0.00010411111225761661,-0.02619047619047632,0.00011443098365301642,-0.02857142857142858,0.00025689802743180317,-0.030952380952380953,0.000291521229729291,-0.01904761904761909,7.369304597792709e-05,-0.01666666666666672,5.969240177248095e-05,-0.014285714285714457,6.260282304472884e-05,-0.011904761904761862,0.00010048051417003069,-0.00952380952380949,8.482861582523902e-05,1.0,1.0,1.0,1.0,1.0
42,13:47:39,1,-0.021428571428571352,0.0,-0.020238095238095277,-0.021428571428571352,1.198733317705214e-06,-0.023809523809523947,0.00010411111225761661,-0.02619047619047632,0.00011443098365301642,-0.02857142857142858,0.00025689802743180317,-0.030952380952380953,0.000291521229729291,-0.01904761904761909,7.369304597792709e-05,-0.01666666666666672,5.969240177248095e-05,-0.014285714285714457,6.260282304472884e-05,-0.011904761904761862,0.00010048051417003069,-0.00952380952380949,8.482861582523902e-05,1.0,1.0,1.0,1.0,1.0
42,13:47:42,1,-0.021428571428571352,0.0,-0.020238095238095277,-0.021428571428571352,1.198733317705214e-06,-0.023809523809523947,0.00010411111225761661,-0.02619047619047632,0.00011443098365301642,-0.02857142857142858,0.00025689802743180317,-0.030952380952380953,0.000291521229729291,-0.01904761904761909,7.369304597792709e-05,-0.01666666666666672,5.969240177248095e-05,-0.014285714285714457,6.260282304472884e-05,-0.011904761904761862,0.00010048051417003069,-0.00952380952380949,8.482861582523902e-05,1.0,1.0,1.0,1.0,1.0
42,13:47:45,1,-0.021428571428571352,0.0,-0.020238095238095277,-0.021428571428571352,1.198733317705214e-06,-0.023809523809523947,0.00010411111225761661,-0.02619047619047632,0.00011443098365301642,-0.02857142857142858,0.00025689802743180317,-0.030952380952380953,0.000291521229729291,-0.01904761904761909,7.369304597792709e-05,-0.01666666666666672,5.969240177248095e-05,-0.014285714285714457,6.260282304472884e-05,-0.011904761904761862,0.00010048051417003069,-0.00952380952380949,8.482861582523902e-05,1.0,1.0,1.0,1.0,1.0
42,13:47:48,1,-0.021428571428571352,0.0,-0.020238095238095277,-0.021428571428571352,1.198733317705214e-06,-0.023809523809523947,0.00010411111225761661,-0.02619047619047632,0.00011443098365301642,-0.02857142857142858,0.00025689802743180317,-0.030952380952380953,0.000291521229729291,-0.01904761904761909,7.369304597792709e-05,-0.01666666666666672,5.969240177248095e-05,-0.014285714285714457,6.260282304472884e-05,-0.011904761904761862,0.00010048051417003069,-0.00952380952380949,8.482861582523902e-05,1.0,1.0,1.0,1.0,1.0
42,13:47:51,1,-0.021428571428571352,0.0,-0.020238095238095277,-0.021428571428571352,1.198733317705214e-06,-0.023809523809523947,0.00010411111225761661,-0.02619047619047632,0.00011443098365301642,-0.02857142857142858,0.00025689802743180317,-0.030952380952380953,0.000291521229729291,-0.01904761904761909,7.369304597792709e-05,-0.01666666666666672,5.969240177248095e-05,-0.014285714285714457,6.260282304472884e-05,-0.011904761904761862,0.00010048051417003069,-0.00952380952380949,8.482861582523902e-05,1.0,1.0,1.0,1.0,1.0
42,13:47:54,1,-0.021428571428571352,0.0,-0.020238095238095277,-0.021428571428571352,1.198733317705214e-06,-0.023809523809523947,0.00010411111225761661,-0.02619047619047632,0.00011443098365301642,-0.02857142857142858,0.00025689802743180317,-0.030952380952380953,0.000291521229729291,-0.01904761904761909,7.369304597792709e-05,-0.01666666666666672,5.969240177248095e-05,-0.014285714285714457,6.260282304472884e-05,-0.011904761904761862,0.00010048051417003069,-0.00952380952380949,8.482861582523902e-05,1.0,1.0,1.0,1.0,1.0
42,13:47:57,1,-0.021428571428571352,0.0,-0.020238095238095277,-0.021428571428571352,1.198733317705214e-06,-0.023809523809523947,0.00010411111225761661,-0.02619047619047632,0.00011443098365301642,-0.02857142857142858,0.00025689802743180317,-0.030952380952380953,0.000291521229729291,-0.01904761904761909,7.369304597792709e-05,-0.01666666666666672,5.969240177248095e-05,-0.014285714285714457,6.260282304472884e-05,-0.011904761904761862,0.00010048051417003069,-0.00952380952380949,8.482861582523902e-05,1.0,1.0,1.0,1.0,1.0
42,13:48:00,1,-0.021428571428571352,0.0,-0.020238095238095277,-0.021428571428571352,1.198733317705214e-06,-0.023809523809523947,0.00010411111225761661,-0.02619047619047632,0.00011443098365301642,-0.02857142857142858,0.00025689802743180317,-0.030952380952380953,0.000291521229729291,-0.01904761904761909,7.369304597792709e-05,-0.01666666666666672,5.969240177248095e-05,-0.014285714285714457,6.260282304472884e-05,-0.011904761904761862,0.00010048051417003069,-0.00952380952380949,8.482861582523902e-05,1.0,1.0,1.0,1.0,1.0
42,13:48:03,1,-0.021428571428571352,0.0,-0.020238095238095277,-0.021428571428571352,1.198733317705214e-06,-0.023809523809523947,0.00010411111225761661,-0.02619047619047632,0.00011443098365301642,-0.02857142857142858,0.00025689802743180317,-0.030952380952380953,0.000291521229729291,-0.01904761904761909,7.369304597792709e-05,-0.01666666666666672,5.969240177248095e-05,-0.014285714285714457,6.260282304472884e-05,-0.011904761904761862,0.00010048051417003069,-0.00952380952380949,8.482861582523902e-05,1.0,1.0,1.0,1.0,1.0
42,13:48:06,1,-0.021428571428571352,0.0,-0.020238095238095277,-0.021428571428571352,1.198733317705214e-06,-0.023809523809523947,0.00010411111225761661,-0.02619047619047632,0.00011443098365301642,-0.02857142857142858,0.00025689802743180317,-0.030952380952380953,0.000291521229729291,-0.01904761904761909,7.369304597792709e-05,-0.01666666666666672,5.969240177248095e-05,-0.014285714285714457,6.260282304472884e-05,-0.011904761904761862,0.00010048051417003069,-0.00952380952380949,8.482861582523902e-05,1.0,1.0,1.0,1.0,1.0
42,13:48:09,1,-0.021428571428571352,0.0,-0.020238095238095277,-0.021428571428571352,1.198733317705214e-06,-0.023809523809523947,0.00010411111225761661,-0.02619047619047632,0.00011443098365301642,-0.02857142857142858,0.00025689802743180317,-0.030952380952380953,0.000291521229729291,-0.01904761904761909,7.369304597792709e-05,-0.01666666666666672,5.969240177248095e-05,-0.014285714285714457,6.260282304472884e-05,-0.011904761904761862,0.00010048051417003069,-0.00952380952380949,8.482861582523902e-05,1.0,1.0,1.0,1.0,1.0
42,13:48:12,1,-0.021428571428571352,0.0,-0.020238095238095277,-0.021428571428571352,1.198733317705214e-06,-0.023809523809523947,0.00010411111225761661,-0.02619047619047632,0.00011443098365301642,-0.02857142857142858,0.00025689802743180317,-0.030952380952380953,0.000291521229729291,-0.01904761904761909,7.369304597792709e-05,-0.01666666666666672,5.969240177248095e-05,-0.014285714285714457,6.260282304472884e-05,-0.011904761904761862,0.00010048051417003069,-0.00952380952380949,8.482861582523902e-05,1.0,1.0,1.0,1.0,1.0
42,13:48:15,1,-0.021428571428571352,0.0,-0.020238095238095277,-0.021428571428571352,1.198733317705214e-06,-0.023809523809523947,0.00010411111225761661,-0.02619047619047632,0.00011443098365301642,-0.02857142857142858,0.00025689802743180317,-0.030952380952380953,0.000291521229729291,-0.01904761904761909,7.369304597792709e-05,-0.01666666666666672,5.969240177248095e-05,-0.014285714285714457,6.260282304472884e-05,-0.011904761904761862,0.00010048051417003069,-0.00952380952380949,8.482861582523902e-05,1.0,1.0,1.0,1.0,1.0
42,13:48:18,1,-0.021428571428571352,0.0,-0.020238095238095277,-0.021428571428571352,1.198733317705214e-06,-0.023809523809523947,0.00010411111225761661,-0.02619047619047632,0.00011443098365301642,-0.02857142857142858,0.00025689802743180317,-0.030952380952380953,0.000291521229729291,-0.01904761904761909,7.369304597792709e-05,-0.01666666666666672,5.969240177248095e-05,-0.014285714285714457,6.260282304472884e-05,-0.011904761904761862,0.00010048051417003069,-0.00952380952380949,8.482861582523902e-05,1.0,1.0,1.0,1.0,1.0
42,13:48:21,1,-0.021428571428571352,0.0,-0.020238095238095277,-0.021428571428571352,1.198733317705214e-06,-0.023809523809523947,0.00010411111225761661,-0.02619047619047632,0.00011443098365301642,-0.02857142857142858,0.00025689802743180317,-0.030952380952380953,0.000291521229729291,-0.01904761904761909,7.369304597792709e-05,-0.01666666666666672,5.969240177248095e-05,-0.014285714285714457,6.260282304472884e-05,-0.011904761904761862,0.00010048051417003069,-0.00952380952380949,8.482861582523902e-05,1.0,1.0,1.0,1.0,1.0
42,13:48:24,1,-0.021428571428571352,0.0,-0.020238095238095277,-0.021428571428571352,1.198733317705214e-06,-0.023809523809523947,0.00010411111225761661,-0.02619047619047632,0.00011443098365301642,-0.02857142857142858,0.00025689802743180317,-0.030952380952380953,0.000291521229729291,-0.01904761904761909,7.369304597792709e-05,-0.01666666666666672,5.969240177248095e-05,-0.014285714285714457,6.260282304472884e-05,-0.011904761904761862,0.00010048051417003069,-0.00952380952380949,8.482861582523902e-05,1.0,1.0,1.0,1.0,1.0
42,13:48:27,1,-0.021428571428571352,0.0,-0.020238095238095277,-0.021428571428571352,1.198733317705214e-06,-0.023809523809523947,0.00010411111225761661,-0.02619047619047632,0.00011443098365301642,-0.02857142857142858,0.00025689802743180317,-0.030952380952380953,0.000291521229729291,-0.01904761904761909,7.369304597792709e-05,-0.01666666666666672,5.969240177248095e-05,-0.014285714285714457,6.260282304472884e-05,-0.011904761904761862,0.00010048051417003069,-0.00952380952380949,8.482861582523902e-05,1.0,1.0,1.0,1.0,1.0
42,13:48:30,1,-0.021428571428571352,0.0,-0.020238095238095277,-0.021428571428571352,1.198733317705214e-06,-0.023809523809523947,0.00010411111225761661,-0.02619047619047632,0.00011443098365301642,-0.02857142857142858,0.00025689802743180317,-0.030952380952380953,0.000291521229729291,-0.01904761904761909,7.369304597792709e-05,-0.01666666666666672,5.969240177248095e-05,-0.014285714285714457,6.260282304472884e-05,-0.011904761904761862,0.00010048051417003069,-0.00952380952380949,8.482861582523902e-05,1.0,1.0,1.0,1.0,1.0
42,13:48:33,1,-0.021428571428571352,0.0,-0.020238095238095277,-0.021428571428571352,1.198733317705214e-06,-0.023809523809523947,0.00010411111225761661,-0.02619047619047632,0.00011443098365301642,-0.02857142857142858,0.00025689802743180317,-0.030952380952380953,0.000291521229729291,-0.01904761904761909,7.369304597792709e-05,-0.01666666666666672,5.969240177248095e-05,-0.014285714285714457,6.260282304472884e-05,-0.011904761904761862,0.00010048051417003069,-0.00952380952380949,8.482861582523902e-05,1.0,1.0,1.0,1.0,1.0
42,13:48:36,1,-0.021428571428571352,0.0,-0.020238095238095277,-0.021428571428571352,1.198733317705214e-06,-0.023809523809523947,0.00010411111225761661,-0.02619047619047632,0.00011443098365301642,-0.02857142857142858,0.00025689802743180317,-0.030952380952380953,0.000291521229729291,-0.01904761904761909,7.369304597792709e-05,-0.01666666666666672,5.969240177248095e-05,-0.014285714285714457,6.260282304472884e-05,-0.011904761904761862,0.00010048051417003069,-0.00952380952380949,8.482861582523902e-05,1.0,1.0,1.0,1.0,1.0
42,13:48:39,1,-0.021428571428571352,0.0,-0.020238095238095277,-0.021428571428571352,1.198733317705214e-06,-0.023809523809523947,0.00010411111225761661,-0.02619047619047632,0.00011443098365301642,-0.02857142857142858,0.00025689802743180317,-0.030952380952380953,0.000291521229729291,-0.01904761904761909,7.369304597792709e-05,-0.01666666666666672,5.969240177248095e-05,-0.014285714285714457,6.260282304472884e-05,-0.011904761904761862,0.00010048051417003069,-0.00952380952380949,8.482861582523902e-05,1.0,1.0,1.0,1.0,1.0
42,13:48:42,1,-0.021428571428571352,0.0,-0.020238095238095277,-0.021428571428571352,1.198733317705214e-06,-0.023809523809523947,0.00010411111225761661,-0.02619047619047632,0.00011443098365301642,-0.02857142857142858,0.00025689802743180317,-0.030952380952380953,0.000291521229729291,-0.01904761904761909,7.369304597792709e-05,-0.01666666666666672,5.969240177248095e-05,-0.014285714285714457,6.260282304472884e-05,-0.011904761904761862,0.00010048051417003069,-0.00952380952380949,8.482861582523902e-05,1.0,1.0,1.0,1.0,1.0
42,13:48:45,1,-0.021428571428571352,0.0,-0.020238095238095277,-0.021428571428571352,1.198733317705214e-06,-0.023809523809523947,0.00010411111225761661,-0.02619047619047632,0.00011443098365301642,-0.02857142857142858,0.00025689802743180317,-0.030952380952380953,0.000291521229729291,-0.01904761904761909,7.369304597792709e-05,-0.01666666666666672,5.969240177248095e-05,-0.014285714285714457,6.260282304472884e-05,-0.011904761904761862,0.00010048051417003069,-0.00952380952380949,8.482861582523902e-05,1.0,1.0,1.0,1.0,1.0
42,13:48:48,1,-0.021428571428571352,0.0,-0.020238095238095277,-0.021428571428571352,1.198733317705214e-06,-0.023809523809523947,0.00010411111225761661,-0.02619047619047632,0.00011443098365301642,-0.02857142857142858,0.00025689802743180317,-0.030952380952380953,0.000291521229729291,-0.01904761904761909,7.369304597792709e-05,-0.01666666666666672,5.969240177248095e-05,-0.014285714285714457,6.260282304472884e-05,-0.011904761904761862,0.00010048051417003069,-0.00952380952380949,8.482861582523902e-05,1.0,1.0,1.0,1.0,1.0
42,13:48:51,1,-0.021428571428571352,0.0,-0.020238095238095277,-0.021428571428571352,1.198733317705214e-06,-0.023809523809523947,0.00010411111225761661,-0.02619047619047632,0.00011443098365301642,-0.02857142857142858,0.00025689802743180317,-0.030952380952380953,0.000291521229729291,-0.01904761904761909,7.369304597792709e-05,-0.01666666666666672,5.969240177248095e-05,-0.014285714285714457,6.260282304472884e-05,-0.011904761904761862,0.00010048051417003069,-0.00952380952380949,8.482861582523902e-05,1.0,1.0,1.0,1.0,1.0
42,13:48:54,1,-0.021428571428571352,0.0,-0.020238095238095277,-0.021428571428571352,1.198733317705214e-06,-0.023809523809523947,0.00010411111225761661,-0.02619047619047632,0.00011443098365301642,-0.02857142857142858,0.00025689802743180317,-0.030952380952380953,0.000291521229729291,-0.01904761904761909,7.369304597792709e-05,-0.01666666666666672,5.969240177248095e-05,-0.014285714285714457,6.260282304472884e-05,-0.011904761904761862,0.00010048051417003069,-0.00952380952380949,8.482861582523902e-05,1.0,1.0,1.0,1.0,1.0
42,13:48:57,1,-0.021428571428571352,0.0,-0.020238095238095277,-0.021428571428571352,1.198733317705214e-06,-0.023809523809523947,0.00010411111225761661,-0.02619047619047632,0.00011443098365301642,-0.02857142857142858,0.00025689802743180317,-0.030952380952380953,0.000291521229729291,-0.01904761904761909,7.369304597792709e-05,-0.01666666666666672,5.969240177248095e-05,-0.014285714285714457,6.260282304472884e-05,-0.011904761904761862,0.00010048051417003069,-0.00952380952380949,8.482861582523902e-05,1.0,1.0,1.0,1.0,1.0
42,13:49:00,1,-0.021428571428571352,0.0,-0.020238095238095277,-0.021428571428571352,1.198733317705214e-06,-0.023809523809523947,0.00010411111225761661,-0.02619047619047632,0.00011443098365301642,-0.02857142857142858,0.00025689802743180317,-0.030952380952380953,0.000291521229729291,-0.01904761904761909,7.369304597792709e-05,-0.01666666666666672,5.969240177248095e-05,-0.014285714285714457,6.260282304472884e-05,-0.011904761904761862,0.00010048051417003069,-0.00952380952380949,8.482861582523902e-05,1.0,1.0,1.0,1.0,1.0
42,13:49:03,1,-0.021428571428571352,0.0,-0.020238095238095277,-0.021428571428571352,1.198733317705214e-06,-0.023809523809523947,0.00010411111225761661,-0.02619047619047632,0.00011443098365301642,-0.02857142857142858,0.00025689802743180317,-0.030952380952380953,0.000291521229729291,-0.01904761904761909,7.369304597792709e-05,-0.01666666666666672,5.969240177248095e-05,-0.014285714285714457,6.260282304472884e-05,-0.011904761904761862,0.00010048051417003069,-0.00952380952380949,8.482861582523902e-05,1.0,1.0,1.0,1.0,1.0
42,13:49:06,1,-0.021428571428571352,0.0,-0.020238095238095277,-0.021428571428571352,1.198733317705214e-06,-0.023809523809523947,0.00010411111225761661,-0.02619047619047632,0.00011443098365301642,-0.02857142857142858,0.00025689802743180317,-0.030952380952380953,0.000291521229729291,-0.01904761904761909,7.369304597792709e-05,-0.01666666666666672,5.969240177248095e-05,-0.014285714285714457,6.260282304472884e-05,-0.011904761904761862,0.00010048051417003069,-0.00952380952380949,8.482861582523902e-05,1.0,1.0,1.0,1.0,1.0
42,13:49:09,1,-0.021428571428571352,0.0,-0.020238095238095277,-0.021428571428571352,1.198733317705214e-06,-0.023809523809523947,0.00010411111225761661,-0.02619047619047632,0.00011443098365301642,-0.02857142857142858,0.00025689802743180317,-0.030952380952380953,0.000291521229729291,-0.01904761904761909,7.369304597792709e-05,-0.01666666666666672,5.969240177248095e-05,-0.014285714285714457,6.260282304472884e-05,-0.011904761904761862,0.00010048051417003069,-0.00952380952380949,8.482861582523902e-05,1.0,1.0,1.0,1.0,1.0
42,13:49:12,1,-0.021428571428571352,0.0,-0.020238095238095277,-0.021428571428571352,1.198733317705214e-06,-0.023809523809523947,0.00010411111225761661,-0.02619047619047632,0.00011443098365301642,-0.02857142857142858,0.00025689802743180317,-0.030952380952380953,0.000291521229729291,-0.01904761904761909,7.369304597792709e-05,-0.01666666666666672,5.969240177248095e-05,-0.014285714285714457,6.260282304472884e-05,-0.011904761904761862,0.00010048051417003069,-0.00952380952380949,8.482861582523902e-05,1.0,1.0,1.0,1.0,1.0
42,13:49:15,1,-0.021428571428571352,0.0,-0.020238095238095277,-0.021428571428571352,1.198733317705214e-06,-0.023809523809523947,0.00010411111225761661,-0.02619047619047632,0.00011443098365301642,-0.02857142857142858,0.00025689802743180317,-0.030952380952380953,0.000291521229729291,-0.01904761904761909,7.369304597792709e-05,-0.01666666666666672,5.969240177248095e-05,-0.014285714285714457,6.260282304472884e-05,-0.011904761904761862,0.00010048051417003069,-0.00952380952380949,8.482861582523902e-05,1.0,1.0,1.0,1.0,1.0
42,13:49:18,1,-0.021428571428571352,0.0,-0.020238095238095277,-0.021428571428571352,1.198733317705214e-06,-0.023809523809523947,0.00010411111225761661,-0.02619047619047632,0.00011443098365301642,-0.02857142857142858,0.00025689802743180317,-0.030952380952380953,0.000291521229729291,-0.01904761904761909,7.369304597792709e-05,-0.01666666666666672,5.969240177248095e-05,-0.014285714285714457,6.260282304472884e-05,-0.011904761904761862,0.00010048051417003069,-0.00952380952380949,8.482861582523902e-05,1.0,1.0,1.0,1.0,1.0
42,13:49:21,1,-0.021428571428571352,0.0,-0.020238095238095277,-0.021428571428571352,1.198733317705214e-06,-0.023809523809523947,0.00010411111225761661,-0.02619047619047632,0.00011443098365301642,-0.02857142857142858,0.00025689802743180317,-0.030952380952380953,0.000291521229729291,-0.01904761904761909,7.369304597792709e-05,-0.01666666666666672,5.969240177248095e-05,-0.014285714285714457,6.260282304472884e-05,-0.011904761904761862,0.00010048051417003069,-0.00952380952380949,8.482861582523902e-05,1.0,1.0,1.0,1.0,1.0
42,13:49:24,1,-0.021428571428571352,0.0,-0.020238095238095277,-0.021428571428571352,1.198733317705214e-06,-0.023809523809523947,0.00010411111225761661,-0.02619047619047632,0.00011443098365301642,-0.02857142857142858,0.00025689802743180317,-0.030952380952380953,0.000291521229729291,-0.01904761904761909,7.369304597792709e-05,-0.01666666666666672,5.969240177248095e-05,-0.014285714285714457,6.260282304472884e-05,-0.011904761904761862,0.00010048051417003069,-0.00952380952380949,8.482861582523902e-05,1.0,1.0,1.0,1.0,1.0
42,13:49:27,1,-0.021428571428571352,0.0,-0.020238095238095277,-0.021428571428571352,1.198733317705214e-06,-0.023809523809523947,0.00010411111225761661,-0.02619047619047632,0.00011443098365301642,-0.02857142857142858,0.00025689802743180317,-0.030952380952380953,0.000291521229729291,-0.01904761904761909,7.369304597792709e-05,-0.01666666666666672,5.969240177248095e-05,-0.014285714285714457,6.260282304472884e-05,-0.011904761904761862,0.00010048051417003069,-0.00952380952380949,8.482861582523902e-05,1.0,1.0,1.0,1.0,1.0
42,13:49:30,1,-0.021428571428571352,0.0,-0.020238095238095277,-0.021428571428571352,1.198733317705214e-06,-0.023809523809523947,0.00010411111225761661,-0.02619047619047632,0.00011443098365301642,-0.02857142857142858,0.00025689802743180317,-0.030952380952380953,0.000291521229729291,-0.01904761904761909,7.369304597792709e-05,-0.01666666666666672,5.969240177248095e-05,-0.014285714285714457,6.260282304472884e-05,-0.011904761904761862,0.00010048051417003069,-0.00952380952380949,8.482861582523902e-05,1.0,1.0,1.0,1.0,1.0
42,13:49:33,1,-0.021428571428571352,0.0,-0.020238095238095277,-0.021428571428571352,1.198733317705214e-06,-0.023809523809523947,0.00010411111225761661,-0.02619047619047632,0.00011443098365301642,-0.02857142857142858,0.00025689802743180317,-0.030952380952380953,0.000291521229729291,-0.01904761904761909,7.369304597792709e-05,-0.01666666666666672,5.969240177248095e-05,-0.014285714285714457,6.260282304472884e-05,-0.011904761904761862,0.00010048051417003069,-0.00952380952380949,8.482861582523902e-05,1.0,1.0,1.0,1.0,1.0
42,13:49:36,1,-0.021428571428571352,0.0,-0.020238095238095277,-0.021428571428571352,1.198733317705214e-06,-0.023809523809523947,0.00010411111225761661,-0.02619047619047632,0.00011443098365301642,-0.02857142857142858,0.00025689802743180317,-0.030952380952380953,0.000291521229729291,-0.01904761904761909,7.369304597792709e-05,-0.01666666666666672,5.969240177248095e-05,-0.014285714285714457,6.260282304472884e-05,-0.011904761904761862,0.00010048051417003069,-0.00952380952380949,8.482861582523902e-05,1.0,1.0,1.0,1.0,1.0
42,13:49:39,1,-0.021428571428571352,0.0,-0.020238095238095277,-0.021428571428571352,1.198733317705214e-06,-0.023809523809523947,0.00010411111225761661,-0.02619047619047632,0.00011443098365301642,-0.02857142857142858,0.00025689802743180317,-0.030952380952380953,0.000291521229729291,-0.01904761904761909,7.369304597792709e-05,-0.01666666666666672,5.969240177248095e-05,-0.014285714285714457,6.260282304472884e-05,-0.011904761904761862,0.00010048051417003069,-0.00952380952380949,8.482861582523902e-05,1.0,1.0,1.0,1.0,1.0
42,13:49:42,1,-0.021428571428571352,0.0,-0.020238095238095277,-0.021428571428571352,1.198733317705214e-06,-0.023809523809523947,0.00010411111225761661,-0.02619047619047632,0.00011443098365301642,-0.02857142857142858,0.00025689802743180317,-0.030952380952380953,0.000291521229729291,-0.01904761904761909,7.369304597792709e-05,-0.01666666666666672,5.969240177248095e-05,-0.014285714285714457,6.260282304472884e-05,-0.011904761904761862,0.00010048051417003069,-0.00952380952380949,8.482861582523902e-05,1.0,1.0,1.0,1.0,1.0
42,13:49:45,1,-0.021428571428571352,0.0,-0.020238095238095277,-0.021428571428571352,1.198733317705214e-06,-0.023809523809523947,0.00010411111225761661,-0.02619047619047632,0.00011443098365301642,-0.02857142857142858,0.00025689802743180317,-0.030952380952380953,0.000291521229729291,-0.01904761904761909,7.369304597792709e-05,-0.01666666666666672,5.969240177248095e-05,-0.014285714285714457,6.260282304472884e-05,-0.011904761904761862,0.00010048051417003069,-0.00952380952380949,8.482861582523902e-05,1.0,1.0,1.0,1.0,1.0
42,13:49:48,1,-0.021428571428571352,0.0,-0.020238095238095277,-0.021428571428571352,1.198733317705214e-06,-0.023809523809523947,0.00010411111225761661,-0.02619047619047632,0.00011443098365301642,-0.02857142857142858,0.00025689802743180317,-0.030952380952380953,0.000291521229729291,-0.01904761904761909,7.369304597792709e-05,-0.01666666666666672,5.969240177248095e-05,-0.014285714285714457,6.260282304472884e-05,-0.011904761904761862,0.00010048051417003069,-0.00952380952380949,8.482861582523902e-05,1.0,1.0,1.0,1.0,1.0
42,13:49:51,1,-0.021428571428571352,0.0,-0.020238095238095277,-0.021428571428571352,1.198733317705214e-06,-0.023809523809523947,0.00010411111225761661,-0.02619047619047632,0.00011443098365301642,-0.02857142857142858,0.00025689802743180317,-0.030952380952380953,0.000291521229729291,-0.01904761904761909,7.369304597792709e-05,-0.01666666666666672,5.969240177248095e-05,-0.014285714285714457,6.260282304472884e-05,-0.011904761904761862,0.00010048051417003069,-0.00952380952380949,8.482861582523902e-05,1.0,1.0,1.0,1.0,1.0
42,13:49:54,1,-0.021428571428571352,0.0,-0.020238095238095277,-0.021428571428571352,1.198733317705214e-06,-0.023809523809523947,0.00010411111225761661,-0.02619047619047632,0.00011443098365301642,-0.02857142857142858,0.00025689802743180317,-0.030952380952380953,0.000291521229729291,-0.01904761904761909,7.369304597792709e-05,-0.01666666666666672,5.969240177248095e-05,-0.014285714285714457,6.260282304472884e-05,-0.011904761904761862,0.00010048051417003069,-0.00952380952380949,8.482861582523902e-05,1.0,1.0,1.0,1.0,1.0
42,13:49:57,1,-0.021428571428571352,0.0,-0.020238095238095277,-0.021428571428571352,1.198733317705214e-06,-0.023809523809523947,0.00010411111225761661,-0.02619047619047632,0.00011443098365301642,-0.02857142857142858,0.00025689802743180317,-0.030952380952380953,0.000291521229729291,-0.01904761904761909,7.369304597792709e-05,-0.01666666666666672,5.969240177248095e-05,-0.014285714285714457,6.260282304472884e-05,-0.011904761904761862,0.00010048051417003069,-0.00952380952380949,8.482861582523902e-05,1.0,1.0,1.0,1.0,1.0
42,13:50:00,1,-0.021428571428571352,0.0,-0.020238095238095277,-0.021428571428571352,1.198733317705214e-06,-0.023809523809523947,0.00010411111225761661,-0.02619047619047632,0.00011443098365301642,-0.02857142857142858,0.00025689802743180317,-0.030952380952380953,0.000291521229729291,-0.01904761904761909,7.369304597792709e-05,-0.01666666666666672,5.969240177248095e-05,-0.014285714285714457,6.260282304472884e-05,-0.011904761904761862,0.00010048051417003069,-0.00952380952380949,8.482861582523902e-05,1.0,1.0,1.0,1.0,1.0
42,13:50:03,1,-0.021428571428571352,0.0,-0.020238095238095277,-0.021428571428571352,1.198733317705214e-06,-0.023809523809523947,0.00010411111225761661,-0.02619047619047632,0.00011443098365301642,-0.02857142857142858,0.00025689802743180317,-0.030952380952380953,0.000291521229729291,-0.01904761904761909,7.369304597792709e-05,-0.01666666666666672,5.969240177248095e-05,-0.014285714285714457,6.260282304472884e-05,-0.011904761904761862,0.00010048051417003069,-0.00952380952380949,8.482861582523902e-05,1.0,1.0,1.0,1.0,1.0
42,13:50:06,1,-0.021428571428571352,0.0,-0.020238095238095277,-0.021428571428571352,1.198733317705214e-06,-0.023809523809523947,0.00010411111225761661,-0.02619047619047632,0.00011443098365301642,-0.02857142857142858,0.00025689802743180317,-0.030952380952380953,0.000291521229729291,-0.01904761904761909,7.369304597792709e-05,-0.01666666666666672,5.969240177248095e-05,-0.014285714285714457,6.260282304472884e-05,-0.011904761904761862,0.00010048051417003069,-0.00952380952380949,8.482861582523902e-05,1.0,1.0,1.0,1.0,1.0
42,13:50:09,1,-0.021428571428571352,0.0,-0.020238095238095277,-0.021428571428571352,1.198733317705214e-06,-0.023809523809523947,0.00010411111225761661,-0.02619047619047632,0.00011443098365301642,-0.02857142857142858,0.00025689802743180317,-0.030952380952380953,0.000291521229729291,-0.01904761904761909,7.369304597792709e-05,-0.01666666666666672,5.969240177248095e-05,-0.014285714285714457,6.260282304472884e-05,-0.011904761904761862,0.00010048051417003069,-0.00952380952380949,8.482861582523902e-05,1.0,1.0,1.0,1.0,1.0
42,13:50:12,1,-0.021428571428571352,0.0,-0.020238095238095277,-0.021428571428571352,1.198733317705214e-06,-0.023809523809523947,0.00010411111225761661,-0.02619047619047632,0.00011443098365301642,-0.02857142857142858,0.00025689802743180317,-0.030952380952380953,0.000291521229729291,-0.01904761904761909,7.369304597792709e-05,-0.01666666666666672,5.969240177248095e-05,-0.014285714285714457,6.260282304472884e-05,-0.011904761904761862,0.00010048051417003069,-0.00952380952380949,8.482861582523902e-05,1.0,1.0,1.0,1.0,1.0
42,13:50:15,1,-0.021428571428571352,0.0,-0.020238095238095277,-0.021428571428571352,1.198733317705214e-06,-0.023809523809523947,0.00010411111225761661,-0.02619047619047632,0.00011443098365301642,-0.02857142857142858,0.00025689802743180317,-0.030952380952380953,0.000291521229729291,-0.01904761904761909,7.369304597792709e-05,-0.01666666666666672,5.969240177248095e-05,-0.014285714285714457,6.260282304472884e-05,-0.011904761904761862,0.00010048051417003069,-0.00952380952380949,8.482861582523902e-05,1.0,1.0,1.0,1.0,1.0
42,13:50:18,1,-0.021428571428571352,0.0,-0.020238095238095277,-0.021428571428571352,1.198733317705214e-06,-0.023809523809523947,0.00010411111225761661,-0.02619047619047632,0.00011443098365301642,-0.02857142857142858,0.00025689802743180317,-0.030952380952380953,0.000291521229729291,-0.01904761904761909,7.369304597792709e-05,-0.01666666666666672,5.969240177248095e-05,-0.014285714285714457,6.260282304472884e-05,-0.011904761904761862,0.00010048051417003069,-0.00952380952380949,8.482861582523902e-05,1.0,1.0,1.0,1.0,1.0
42,13:50:21,1,-0.021428571428571352,0.0,-0.020238095238095277,-0.021428571428571352,1.198733317705214e-06,-0.023809523809523947,0.00010411111225761661,-0.02619047619047632,0.00011443098365301642,-0.02857142857142858,0.00025689802743180317,-0.030952380952380953,0.000291521229729291,-0.01904761904761909,7.369304597792709e-05,-0.01666666666666672,5.969240177248095e-05,-0.014285714285714457,6.260282304472884e-05,-0.011904761904761862,0.00010048051417003069,-0.00952380952380949,8.482861582523902e-05,1.0,1.0,1.0,1.0,1.0
42,13:50:24,1,-0.021428571428571352,0.0,-0.020238095238095277,-0.021428571428571352,1.198733317705214e-06,-0.023809523809523947,0.00010411111225761661,-0.02619047619047632,0.00011443098365301642,-0.02857142857142858,0.00025689802743180317,-0.030952380952380953,0.000291521229729291,-0.01904761904761909,7.369304597792709e-05,-0.01666666666666672,5.969240177248095e-05,-0.014285714285714457,6.260282304472884e-05,-0.011904761904761862,0.00010048051417003069,-0.00952380952380949,8.482861582523902e-05,1.0,1.0,1.0,1.0,1.0
42,13:50:27,1,-0.021428571428571352,0.0,-0.020238095238095277,-0.021428571428571352,1.198733317705214e-06,-0.023809523809523947,0.00010411111225761661,-0.02619047619047632,0.00011443098365301642,-0.02857142857142858,0.00025689802743180317,-0.030952380952380953,0.000291521229729291,-0.01904761904761909,7.369304597792709e-05,-0.01666666666666672,5.969240177248095e-05,-0.014285714285714457,6.260282304472884e-05,-0.011904761904761862,0.00010048051417003069,-0.00952380952380949,8.482861582523902e-05,1.0,1.0,1.0,1.0,1.0
42,13:50:30,1,-0.021428571428571352,0.0,-0.020238095238095277,-0.021428571428571352,1.198733317705214e-06,-0.023809523809523947,0.00010411111225761661,-0.02619047619047632,0.00011443098365301642,-0.02857142857142858,0.00025689802743180317,-0.030952380952380953,0.000291521229729291,-0.01904761904761909,7.369304597792709e-05,-0.01666666666666672,5.969240177248095e-05,-0.014285714285714457,6.260282304472884e-05,-0.011904761904761862,0.00010048051417003069,-0.00952380952380949,8.482861582523902e-05,1.0,1.0,1.0,1.0,1.0
42,13:50:33,1,-0.021428571428571352,0.0,-0.020238095238095277,-0.021428571428571352,1.198733317705214e-06,-0.023809523809523947,0.00010411111225761661,-0.02619047619047632,0.00011443098365301642,-0.02857142857142858,0.00025689802743180317,-0.030952380952380953,0.000291521229729291,-0.01904761904761909,7.369304597792709e-05,-0.01666666666666672,5.969240177248095e-05,-0.014285714285714457,6.260282304472884e-05,-0.011904761904761862,0.00010048051417003069,-0.00952380952380949,8.482861582523902e-05,1.0,1.0,1.0,1.0,1.0
42,13:50:36,1,-0.021428571428571352,0.0,-0.020238095238095277,-0.021428571428571352,1.198733317705214e-06,-0.023809523809523947,0.00010411111225761661,-0.02619047619047632,0.00011443098365301642,-0.02857142857142858,0.00025689802743180317,-0.030952380952380953,0.000291521229729291,-0.01904761904761909,7.369304597792709e-05,-0.01666666666666672,5.969240177248095e-05,-0.014285714285714457,6.260282304472884e-05,-0.011904761904761862,0.00010048051417003069,-0.00952380952380949,8.482861582523902e-05,1.0,1.0,1.0,1.0,1.0
42,13:50:39,1,-0.021428571428571352,0.0,-0.020238095238095277,-0.021428571428571352,1.198733317705214e-06,-0.023809523809523947,0.00010411111225761661,-0.02619047619047632,0.00011443098365301642,-0.02857142857142858,0.00025689802743180317,-0.030952380952380953,0.000291521229729291,-0.01904761904761909,7.369304597792709e-05,-0.01666666666666672,5.969240177248095e-05,-0.014285714285714457,6.260282304472884e-05,-0.011904761904761862,0.00010048051417003069,-0.00952380952380949,8.482861582523902e-05,1.0,1.0,1.0,1.0,1.0
42,13:50:42,1,-0.021428571428571352,0.0,-0.020238095238095277,-0.021428571428571352,1.198733317705214e-06,-0.023809523809523947,0.00010411111225761661,-0.02619047619047632,0.00011443098365301642,-0.02857142857142858,0.00025689802743180317,-0.030952380952380953,0.000291521229729291,-0.01904761904761909,7.369304597792709e-05,-0.01666666666666672,5.969240177248095e-05,-0.014285714285714457,6.260282304472884e-05,-0.011904761904761862,0.00010048051417003069,-0.00952380952380949,8.482861582523902e-05,1.0,1.0,1.0,1.0,1.0
42,13:50:45,1,-0.021428571428571352,0.0,-0.020238095238095277,-0.021428571428571352,1.198733317705214e-06,-0.023809523809523947,0.00010411111225761661,-0.02619047619047632,0.00011443098365301642,-0.02857142857142858,0.00025689802743180317,-0.030952380952380953,0.000291521229729291,-0.01904761904761909,7.369304597792709e-05,-0.01666666666666672,5.969240177248095e-05,-0.014285714285714457,6.260282304472884e-05,-0.011904761904761862,0.00010048051417003069,-0.00952380952380949,8.482861582523902e-05,1.0,1.0,1.0,1.0,0.0
42,13:50:48,1,-0.021428571428571352,0.0,-0.020238095238095277,-0.021428571428571352,1.198733317705214e-06,-0.023809523809523947,0.00010411111225761661,-0.02619047619047632,0.00011443098365301642,-0.02857142857142858,0.00025689802743180317,-0.030952380952380953,0.000291521229729291,-0.01904761904761909,7.369304597792709e-05,-0.01666666666666672,5.969240177248095e-05,-0.014285714285714457,6.260282304472884e-05,-0.011904761904761862,0.00010048051417003069,-0.00952380952380949,8.482861582523902e-05,1.0,1.0,1.0,1.0,0.0
42,13:50:51,1,-0.021428571428571352,0.0,-0.020238095238095277,-0.021428571428571352,1.198733317705214e-06,-0.023809523809523947,0.00010411111225761661,-0.02619047619047632,0.00011443098365301642,-0.02857142857142858,0.00025689802743180317,-0.030952380952380953,0.000291521229729291,-0.01904761904761909,7.369304597792709e-05,-0.01666666666666672,5.969240177248095e-05,-0.014285714285714457,6.260282304472884e-05,-0.011904761904761862,0.00010048051417003069,-0.00952380952380949,8.482861582523902e-05,1.0,1.0,1.0,1.0,0.0
42,13:50:54,1,-0.021428571428571352,0.0,-0.020238095238095277,-0.021428571428571352,1.198733317705214e-06,-0.023809523809523947,0.00010411111225761661,-0.02619047619047632,0.00011443098365301642,-0.02857142857142858,0.00025689802743180317,-0.030952380952380953,0.000291521229729291,-0.01904761904761909,7.369304597792709e-05,-0.01666666666666672,5.969240177248095e-05,-0.014285714285714457,6.260282304472884e-05,-0.011904761904761862,0.00010048051417003069,-0.00952380952380949,8.482861582523902e-05,1.0,1.0,1.0,1.0,0.0
42,13:50:57,1,-0.021428571428571352,0.0,-0.020238095238095277,-0.021428571428571352,1.198733317705214e-06,-0.023809523809523947,0.00010411111225761661,-0.02619047619047632,0.00011443098365301642,-0.02857142857142858,0.00025689802743180317,-0.030952380952380953,0.000291521229729291,-0.01904761904761909,7.369304597792709e-05,-0.01666666666666672,5.969240177248095e-05,-0.014285714285714457,6.260282304472884e-05,-0.011904761904761862,0.00010048051417003069,-0.00952380952380949,8.482861582523902e-05,1.0,1.0,1.0,1.0,0.0
42,13:51:00,1,-0.021428571428571352,0.0,-0.020238095238095277,-0.021428571428571352,1.198733317705214e-06,-0.023809523809523947,0.00010411111225761661,-0.02619047619047632,0.00011443098365301642,-0.02857142857142858,0.00025689802743180317,-0.030952380952380953,0.000291521229729291,-0.01904761904761909,7.369304597792709e-05,-0.01666666666666672,5.969240177248095e-05,-0.014285714285714457,6.260282304472884e-05,-0.011904761904761862,0.00010048051417003069,-0.00952380952380949,8.482861582523902e-05,1.0,1.0,1.0,1.0,0.0
42,13:51:03,1,-0.021428571428571352,0.0,-0.020238095238095277,-0.021428571428571352,1.198733317705214e-06,-0.023809523809523947,0.00010411111225761661,-0.02619047619047632,0.00011443098365301642,-0.02857142857142858,0.00025689802743180317,-0.030952380952380953,0.000291521229729291,-0.01904761904761909,7.369304597792709e-05,-0.01666666666666672,5.969240177248095e-05,-0.014285714285714457,6.260282304472884e-05,-0.011904761904761862,0.00010048051417003069,-0.00952380952380949,8.482861582523902e-05,1.0,1.0,1.0,1.0,0.0
42,13:51:06,1,-0.021428571428571352,0.0,-0.020238095238095277,-0.021428571428571352,1.198733317705214e-06,-0.023809523809523947,0.00010411111225761661,-0.02619047619047632,0.00011443098365301642,-0.02857142857142858,0.00025689802743180317,-0.030952380952380953,0.000291521229729291,-0.01904761904761909,7.369304597792709e-05,-0.01666666666666672,5.969240177248095e-05,-0.014285714285714457,6.260282304472884e-05,-0.011904761904761862,0.00010048051417003069,-0.00952380952380949,8.482861582523902e-05,1.0,1.0,1.0,1.0,0.0
42,13:51:09,1,-0.021428571428571352,0.0,-0.020238095238095277,-0.021428571428571352,1.198733317705214e-06,-0.023809523809523947,0.00010411111225761661,-0.02619047619047632,0.00011443098365301642,-0.02857142857142858,0.00025689802743180317,-0.030952380952380953,0.000291521229729291,-0.01904761904761909,7.369304597792709e-05,-0.01666666666666672,5.969240177248095e-05,-0.014285714285714457,6.260282304472884e-05,-0.011904761904761862,0.00010048051417003069,-0.00952380952380949,8.482861582523902e-05,1.0,1.0,1.0,1.0,0.0
42,13:51:12,1,-0.021428571428571352,0.0,-0.020238095238095277,-0.021428571428571352,1.198733317705214e-06,-0.023809523809523947,0.00010411111225761661,-0.02619047619047632,0.00011443098365301642,-0.02857142857142858,0.00025689802743180317,-0.030952380952380953,0.000291521229729291,-0.01904761904761909,7.369304597792709e-05,-0.01666666666666672,5.969240177248095e-05,-0.014285714285714457,6.260282304472884e-05,-0.011904761904761862,0.00010048051417003069,-0.00952380952380949,8.482861582523902e-05,1.0,1.0,1.0,1.0,0.0
42,13:51:15,1,-0.021428571428571352,0.0,-0.020238095238095277,-0.021428571428571352,1.198733317705214e-06,-0.023809523809523947,0.00010411111225761661,-0.02619047619047632,0.00011443098365301642,-0.02857142857142858,0.00025689802743180317,-0.030952380952380953,0.000291521229729291,-0.01904761904761909,7.369304597792709e-05,-0.01666666666666672,5.969240177248095e-05,-0.014285714285714457,6.260282304472884e-05,-0.011904761904761862,0.00010048051417003069,-0.00952380952380949,8.482861582523902e-05,1.0,1.0,1.0,1.0,0.0
42,13:51:18,1,-0.021428571428571352,0.0,-0.020238095238095277,-0.021428571428571352,1.198733317705214e-06,-0.023809523809523947,0.00010411111225761661,-0.02619047619047632,0.00011443098365301642,-0.02857142857142858,0.00025689802743180317,-0.030952380952380953,0.000291521229729291,-0.01904761904761909,7.369304597792709e-05,-0.01666666666666672,5.969240177248095e-05,-0.014285714285714457,6.260282304472884e-05,-0.011904761904761862,0.00010048051417003069,-0.00952380952380949,8.482861582523902e-05,1.0,1.0,1.0,1.0,0.0
42,13:51:21,1,-0.021428571428571352,0.0,-0.020238095238095277,-0.021428571428571352,1.198733317705214e-06,-0.023809523809523947,0.00010411111225761661,-0.02619047619047632,0.00011443098365301642,-0.02857142857142858,0.00025689802743180317,-0.030952380952380953,0.000291521229729291,-0.01904761904761909,7.369304597792709e-05,-0.01666666666666672,5.969240177248095e-05,-0.014285714285714457,6.260282304472884e-05,-0.011904761904761862,0.00010048051417003069,-0.00952380952380949,8.482861582523902e-05,1.0,1.0,1.0,1.0,0.0
42,13:51:24,1,-0.021428571428571352,0.0,-0.020238095238095277,-0.021428571428571352,1.198733317705214e-06,-0.023809523809523947,0.00010411111225761661,-0.02619047619047632,0.00011443098365301642,-0.02857142857142858,0.00025689802743180317,-0.030952380952380953,0.000291521229729291,-0.01904761904761909,7.369304597792709e-05,-0.01666666666666672,5.969240177248095e-05,-0.014285714285714457,6.260282304472884e-05,-0.011904761904761862,0.00010048051417003069,-0.00952380952380949,8.482861582523902e-05,1.0,1.0,1.0,1.0,0.0
42,13:51:27,1,-0.021428571428571352,0.0,-0.020238095238095277,-0.021428571428571352,1.198733317705214e-06,-0.023809523809523947,0.00010411111225761661,-0.02619047619047632,0.00011443098365301642,-0.02857142857142858,0.00025689802743180317,-0.030952380952380953,0.000291521229729291,-0.01904761904761909,7.369304597792709e-05,-0.01666666666666672,5.969240177248095e-05,-0.014285714285714457,6.260282304472884e-05,-0.011904761904761862,0.00010048051417003069,-0.00952380952380949,8.482861582523902e-05,1.0,1.0,1.0,1.0,0.0
42,13:51:30,1,-0.021428571428571352,0.0,-0.020238095238095277,-0.021428571428571352,1.198733317705214e-06,-0.023809523809523947,0.00010411111225761661,-0.02619047619047632,0.00011443098365301642,-0.02857142857142858,0.00025689802743180317,-0.030952380952380953,0.000291521229729291,-0.01904761904761909,7.369304597792709e-05,-0.01666666666666672,5.969240177248095e-05,-0.014285714285714457,6.260282304472884e-05,-0.011904761904761862,0.00010048051417003069,-0.00952380952380949,8.482861582523902e-05,1.0,1.0,1.0,1.0,0.0
42,13:51:33,1,-0.021428571428571352,0.0,-0.020238095238095277,-0.021428571428571352,1.198733317705214e-06,-0.023809523809523947,0.00010411111225761661,-0.02619047619047632,0.00011443098365301642,-0.02857142857142858,0.00025689802743180317,-0.030952380952380953,0.000291521229729291,-0.01904761904761909,7.369304597792709e-05,-0.01666666666666672,5.969240177248095e-05,-0.014285714285714457,6.260282304472884e-05,-0.011904761904761862,0.00010048051417003069,-0.00952380952380949,8.482861582523902e-05,1.0,1.0,1.0,1.0,0.0
42,13:51:36,1,-0.021428571428571352,0.0,-0.020238095238095277,-0.021428571428571352,1.198733317705214e-06,-0.023809523809523947,0.00010411111225761661,-0.02619047619047632,0.00011443098365301642,-0.02857142857142858,0.00025689802743180317,-0.030952380952380953,0.000291521229729291,-0.01904761904761909,7.369304597792709e-05,-0.01666666666666672,5.969240177248095e-05,-0.014285714285714457,6.260282304472884e-05,-0.011904761904761862,0.00010048051417003069,-0.00952380952380949,8.482861582523902e-05,1.0,1.0,1.0,1.0,0.0
42,13:51:39,1,-0.021428571428571352,0.0,-0.020238095238095277,-0.021428571428571352,1.198733317705214e-06,-0.023809523809523947,0.00010411111225761661,-0.02619047619047632,0.00011443098365301642,-0.02857142857142858,0.00025689802743180317,-0.030952380952380953,0.000291521229729291,-0.01904761904761909,7.369304597792709e-05,-0.01666666666666672,5.969240177248095e-05,-0.014285714285714457,6.260282304472884e-05,-0.011904761904761862,0.00010048051417003069,-0.00952380952380949,8.482861582523902e-05,1.0,1.0,1.0,1.0,0.0
42,13:51:42,1,-0.021428571428571352,0.0,-0.020238095238095277,-0.021428571428571352,1.198733317705214e-06,-0.023809523809523947,0.00010411111225761661,-0.02619047619047632,0.00011443098365301642,-0.02857142857142858,0.00025689802743180317,-0.030952380952380953,0.000291521229729291,-0.01904761904761909,7.369304597792709e-05,-0.01666666666666672,5.969240177248095e-05,-0.014285714285714457,6.260282304472884e-05,-0.011904761904761862,0.00010048051417003069,-0.00952380952380949,8.482861582523902e-05,1.0,1.0,1.0,1.0,0.0
42,13:51:45,1,-0.021428571428571352,0.0,-0.020238095238095277,-0.021428571428571352,1.198733317705214e-06,-0.023809523809523947,0.00010411111225761661,-0.02619047619047632,0.00011443098365301642,-0.02857142857142858,0.00025689802743180317,-0.030952380952380953,0.000291521229729291,-0.01904761904761909,7.369304597792709e-05,-0.01666666666666672,5.969240177248095e-05,-0.014285714285714457,6.260282304472884e-05,-0.011904761904761862,0.00010048051417003069,-0.00952380952380949,8.482861582523902e-05,1.0,1.0,1.0,0.0,0.0
42,13:51:48,1,-0.021428571428571352,0.0,-0.020238095238095277,-0.021428571428571352,1.198733317705214e-06,-0.023809523809523947,0.00010411111225761661,-0.02619047619047632,0.00011443098365301642,-0.02857142857142858,0.00025689802743180317,-0.030952380952380953,0.000291521229729291,-0.01904761904761909,7.369304597792709e-05,-0.01666666666666672,5.969240177248095e-05,-0.014285714285714457,6.260282304472884e-05,-0.011904761904761862,0.00010048051417003069,-0.00952380952380949,8.482861582523902e-05,1.0,1.0,1.0,0.0,0.0
42,13:51:51,1,-0.021428571428571352,0.0,-0.020238095238095277,-0.021428571428571352,1.198733317705214e-06,-0.023809523809523947,0.00010411111225761661,-0.02619047619047632,0.00011443098365301642,-0.02857142857142858,0.00025689802743180317,-0.030952380952380953,0.000291521229729291,-0.01904761904761909,7.369304597792709e-05,-0.01666666666666672,5.969240177248095e-05,-0.014285714285714457,6.260282304472884e-05,-0.011904761904761862,0.00010048051417003069,-0.00952380952380949,8.482861582523902e-05,1.0,1.0,1.0,0.0,0.0
42,13:51:54,1,-0.021428571428571352,0.0,-0.020238095238095277,-0.021428571428571352,1.198733317705214e-06,-0.023809523809523947,0.00010411111225761661,-0.02619047619047632,0.00011443098365301642,-0.02857142857142858,0.00025689802743180317,-0.030952380952380953,0.000291521229729291,-0.01904761904761909,7.369304597792709e-05,-0.01666666666666672,5.969240177248095e-05,-0.014285714285714457,6.260282304472884e-05,-0.011904761904761862,0.00010048051417003069,-0.00952380952380949,8.482861582523902e-05,1.0,1.0,1.0,0.0,0.0
42,13:51:57,1,-0.021428571428571352,0.0,-0.020238095238095277,-0.021428571428571352,1.198733317705214e-06,-0.023809523809523947,0.00010411111225761661,-0.02619047619047632,0.00011443098365301642,-0.02857142857142858,0.00025689802743180317,-0.030952380952380953,0.000291521229729291,-0.01904761904761909,7.369304597792709e-05,-0.01666666666666672,5.969240177248095e-05,-0.014285714285714457,6.260282304472884e-05,-0.011904761904761862,0.00010048051417003069,-0.00952380952380949,8.482861582523902e-05,1.0,1.0,1.0,0.0,0.0
42,13:52:00,1,-0.021428571428571352,0.0,-0.020238095238095277,-0.021428571428571352,1.198733317705214e-06,-0.023809523809523947,0.00010411111225761661,-0.02619047619047632,0.00011443098365301642,-0.02857142857142858,0.00025689802743180317,-0.030952380952380953,0.000291521229729291,-0.01904761904761909,7.369304597792709e-05,-0.01666666666666672,5.969240177248095e-05,-0.014285714285714457,6.260282304472884e-05,-0.011904761904761862,0.00010048051417003069,-0.00952380952380949,8.482861582523902e-05,1.0,1.0,1.0,0.0,0.0
42,13:52:03,1,-0.021428571428571352,0.0,-0.020238095238095277,-0.021428571428571352,1.198733317705214e-06,-0.023809523809523947,0.00010411111225761661,-0.02619047619047632,0.00011443098365301642,-0.02857142857142858,0.00025689802743180317,-0.030952380952380953,0.000291521229729291,-0.01904761904761909,7.369304597792709e-05,-0.01666666666666672,5.969240177248095e-05,-0.014285714285714457,6.260282304472884e-05,-0.011904761904761862,0.00010048051417003069,-0.00952380952380949,8.482861582523902e-05,1.0,1.0,1.0,0.0,0.0
42,13:52:06,1,-0.021428571428571352,0.0,-0.020238095238095277,-0.021428571428571352,1.198733317705214e-06,-0.023809523809523947,0.00010411111225761661,-0.02619047619047632,0.00011443098365301642,-0.02857142857142858,0.00025689802743180317,-0.030952380952380953,0.000291521229729291,-0.01904761904761909,7.369304597792709e-05,-0.01666666666666672,5.969240177248095e-05,-0.014285714285714457,6.260282304472884e-05,-0.011904761904761862,0.00010048051417003069,-0.00952380952380949,8.482861582523902e-05,1.0,1.0,1.0,0.0,0.0
42,13:52:09,1,-0.021428571428571352,0.0,-0.020238095238095277,-0.021428571428571352,1.198733317705214e-06,-0.023809523809523947,0.00010411111225761661,-0.02619047619047632,0.00011443098365301642,-0.02857142857142858,0.00025689802743180317,-0.030952380952380953,0.000291521229729291,-0.01904761904761909,7.369304597792709e-05,-0.01666666666666672,5.969240177248095e-05,-0.014285714285714457,6.260282304472884e-05,-0.011904761904761862,0.00010048051417003069,-0.00952380952380949,8.482861582523902e-05,1.0,1.0,1.0,0.0,0.0
42,13:52:12,1,-0.021428571428571352,0.0,-0.020238095238095277,-0.021428571428571352,1.198733317705214e-06,-0.023809523809523947,0.00010411111225761661,-0.02619047619047632,0.00011443098365301642,-0.02857142857142858,0.00025689802743180317,-0.030952380952380953,0.000291521229729291,-0.01904761904761909,7.369304597792709e-05,-0.01666666666666672,5.969240177248095e-05,-0.014285714285714457,6.260282304472884e-05,-0.011904761904761862,0.00010048051417003069,-0.00952380952380949,8.482861582523902e-05,1.0,1.0,1.0,0.0,0.0
42,13:52:15,1,-0.021428571428571352,0.0,-0.020238095238095277,-0.021428571428571352,1.198733317705214e-06,-0.023809523809523947,0.00010411111225761661,-0.02619047619047632,0.00011443098365301642,-0.02857142857142858,0.00025689802743180317,-0.030952380952380953,0.000291521229729291,-0.01904761904761909,7.369304597792709e-05,-0.01666666666666672,5.969240177248095e-05,-0.014285714285714457,6.260282304472884e-05,-0.011904761904761862,0.00010048051417003069,-0.00952380952380949,8.482861582523902e-05,1.0,1.0,1.0,0.0,0.0
42,13:52:18,1,-0.021428571428571352,0.0,-0.020238095238095277,-0.021428571428571352,1.198733317705214e-06,-0.023809523809523947,0.00010411111225761661,-0.02619047619047632,0.00011443098365301642,-0.02857142857142858,0.00025689802743180317,-0.030952380952380953,0.000291521229729291,-0.01904761904761909,7.369304597792709e-05,-0.01666666666666672,5.969240177248095e-05,-0.014285714285714457,6.260282304472884e-05,-0.011904761904761862,0.00010048051417003069,-0.00952380952380949,8.482861582523902e-05,1.0,1.0,1.0,0.0,0.0
42,13:52:21,1,-0.021428571428571352,0.0,-0.020238095238095277,-0.021428571428571352,1.198733317705214e-06,-0.023809523809523947,0.00010411111225761661,-0.02619047619047632,0.00011443098365301642,-0.02857142857142858,0.00025689802743180317,-0.030952380952380953,0.000291521229729291,-0.01904761904761909,7.369304597792709e-05,-0.01666666666666672,5.969240177248095e-05,-0.014285714285714457,6.260282304472884e-05,-0.011904761904761862,0.00010048051417003069,-0.00952380952380949,8.482861582523902e-05,1.0,1.0,1.0,0.0,0.0
42,13:52:24,1,-0.021428571428571352,0.0,-0.020238095238095277,-0.021428571428571352,1.198733317705214e-06,-0.023809523809523947,0.00010411111225761661,-0.02619047619047632,0.00011443098365301642,-0.02857142857142858,0.00025689802743180317,-0.030952380952380953,0.000291521229729291,-0.01904761904761909,7.369304597792709e-05,-0.01666666666666672,5.969240177248095e-05,-0.014285714285714457,6.260282304472884e-05,-0.011904761904761862,0.00010048051417003069,-0.00952380952380949,8.482861582523902e-05,1.0,1.0,1.0,0.0,0.0
42,13:52:27,1,-0.021428571428571352,0.0,-0.020238095238095277,-0.021428571428571352,1.198733317705214e-06,-0.023809523809523947,0.00010411111225761661,-0.02619047619047632,0.00011443098365301642,-0.02857142857142858,0.00025689802743180317,-0.030952380952380953,0.000291521229729291,-0.01904761904761909,7.369304597792709e-05,-0.01666666666666672,5.969240177248095e-05,-0.014285714285714457,6.260282304472884e-05,-0.011904761904761862,0.00010048051417003069,-0.00952380952380949,8.482861582523902e-05,1.0,1.0,1.0,0.0,0.0
42,13:52:30,1,-0.021428571428571352,0.0,-0.020238095238095277,-0.021428571428571352,1.198733317705214e-06,-0.023809523809523947,0.00010411111225761661,-0.02619047619047632,0.00011443098365301642,-0.02857142857142858,0.00025689802743180317,-0.030952380952380953,0.000291521229729291,-0.01904761904761909,7.369304597792709e-05,-0.01666666666666672,5.969240177248095e-05,-0.014285714285714457,6.260282304472884e-05,-0.011904761904761862,0.00010048051417003069,-0.00952380952380949,8.482861582523902e-05,1.0,1.0,1.0,0.0,0.0
42,13:52:33,1,-0.021428571428571352,0.0,-0.020238095238095277,-0.021428571428571352,1.198733317705214e-06,-0.023809523809523947,0.00010411111225761661,-0.02619047619047632,0.00011443098365301642,-0.02857142857142858,0.00025689802743180317,-0.030952380952380953,0.000291521229729291,-0.01904761904761909,7.369304597792709e-05,-0.01666666666666672,5.969240177248095e-05,-0.014285714285714457,6.260282304472884e-05,-0.011904761904761862,0.00010048051417003069,-0.00952380952380949,8.482861582523902e-05,1.0,1.0,1.0,0.0,0.0
42,13:52:36,1,-0.021428571428571352,0.0,-0.020238095238095277,-0.021428571428571352,1.198733317705214e-06,-0.023809523809523947,0.00010411111225761661,-0.02619047619047632,0.00011443098365301642,-0.02857142857142858,0.00025689802743180317,-0.030952380952380953,0.000291521229729291,-0.01904761904761909,7.369304597792709e-05,-0.01666666666666672,5.969240177248095e-05,-0.014285714285714457,6.260282304472884e-05,-0.011904761904761862,0.00010048051417003069,-0.00952380952380949,8.482861582523902e-05,1.0,1.0,1.0,0.0,0.0
42,13:52:39,1,-0.021428571428571352,0.0,-0.020238095238095277,-0.021428571428571352,1.198733317705214e-06,-0.023809523809523947,0.00010411111225761661,-0.02619047619047632,0.00011443098365301642,-0.02857142857142858,0.00025689802743180317,-0.030952380952380953,0.000291521229729291,-0.01904761904761909,7.369304597792709e-05,-0.01666666666666672,5.969240177248095e-05,-0.014285714285714457,6.260282304472884e-05,-0.011904761904761862,0.00010048051417003069,-0.00952380952380949,8.482861582523902e-05,1.0,1.0,1.0,0.0,0.0
42,13:52:42,1,-0.021428571428571352,0.0,-0.020238095238095277,-0.021428571428571352,1.198733317705214e-06,-0.023809523809523947,0.00010411111225761661,-0.02619047619047632,0.00011443098365301642,-0.02857142857142858,0.00025689802743180317,-0.030952380952380953,0.000291521229729291,-0.01904761904761909,7.369304597792709e-05,-0.01666666666666672,5.969240177248095e-05,-0.014285714285714457,6.260282304472884e-05,-0.011904761904761862,0.00010048051417003069,-0.00952380952380949,8.482861582523902e-05,1.0,1.0,1.0,0.0,0.0
42,13:52:45,1,-0.021428571428571352,0.0,-0.020238095238095277,-0.021428571428571352,1.198733317705214e-06,-0.023809523809523947,0.00010411111225761661,-0.02619047619047632,0.00011443098365301642,-0.02857142857142858,0.00025689802743180317,-0.030952380952380953,0.000291521229729291,-0.01904761904761909,7.369304597792709e-05,-0.01666666666666672,5.969240177248095e-05,-0.014285714285714457,6.260282304472884e-05,-0.011904761904761862,0.00010048051417003069,-0.00952380952380949,8.482861582523902e-05,1.0,1.0,0.0,0.0,0.0
42,13:52:48,1,-0.021428571428571352,0.0,-0.020238095238095277,-0.021428571428571352,1.198733317705214e-06,-0.023809523809523947,0.00010411111225761661,-0.02619047619047632,0.00011443098365301642,-0.02857142857142858,0.00025689802743180317,-0.030952380952380953,0.000291521229729291,-0.01904761904761909,7.369304597792709e-05,-0.01666666666666672,5.969240177248095e-05,-0.014285714285714457,6.260282304472884e-05,-0.011904761904761862,0.00010048051417003069,-0.00952380952380949,8.482861582523902e-05,1.0,1.0,0.0,0.0,0.0
42,13:52:51,1,-0.021428571428571352,0.0,-0.020238095238095277,-0.021428571428571352,1.198733317705214e-06,-0.023809523809523947,0.00010411111225761661,-0.02619047619047632,0.00011443098365301642,-0.02857142857142858,0.00025689802743180317,-0.030952380952380953,0.000291521229729291,-0.01904761904761909,7.369304597792709e-05,-0.01666666666666672,5.969240177248095e-05,-0.014285714285714457,6.260282304472884e-05,-0.011904761904761862,0.00010048051417003069,-0.00952380952380949,8.482861582523902e-05,1.0,1.0,0.0,0.0,0.0
42,13:52:54,1,-0.021428571428571352,0.0,-0.020238095238095277,-0.021428571428571352,1.198733317705214e-06,-0.023809523809523947,0.00010411111225761661,-0.02619047619047632,0.00011443098365301642,-0.02857142857142858,0.00025689802743180317,-0.030952380952380953,0.000291521229729291,-0.01904761904761909,7.369304597792709e-05,-0.01666666666666672,5.969240177248095e-05,-0.014285714285714457,6.260282304472884e-05,-0.011904761904761862,0.00010048051417003069,-0.00952380952380949,8.482861582523902e-05,1.0,1.0,0.0,0.0,0.0
42,13:52:57,1,-0.021428571428571352,0.0,-0.020238095238095277,-0.021428571428571352,1.198733317705214e-06,-0.023809523809523947,0.00010411111225761661,-0.02619047619047632,0.00011443098365301642,-0.02857142857142858,0.00025689802743180317,-0.030952380952380953,0.000291521229729291,-0.01904761904761909,7.369304597792709e-05,-0.01666666666666672,5.969240177248095e-05,-0.014285714285714457,6.260282304472884e-05,-0.011904761904761862,0.00010048051417003069,-0.00952380952380949,8.482861582523902e-05,1.0,1.0,0.0,0.0,0.0
42,13:53:00,1,-0.021428571428571352,0.0,-0.020238095238095277,-0.021428571428571352,1.198733317705214e-06,-0.023809523809523947,0.00010411111225761661,-0.02619047619047632,0.00011443098365301642,-0.02857142857142858,0.00025689802743180317,-0.030952380952380953,0.000291521229729291,-0.01904761904761909,7.369304597792709e-05,-0.01666666666666672,5.969240177248095e-05,-0.014285714285714457,6.260282304472884e-05,-0.011904761904761862,0.00010048051417003069,-0.00952380952380949,8.482861582523902e-05,1.0,1.0,0.0,0.0,0.0
42,13:53:03,1,-0.021428571428571352,0.0,-0.020238095238095277,-0.021428571428571352,1.198733317705214e-06,-0.023809523809523947,0.00010411111225761661,-0.02619047619047632,0.00011443098365301642,-0.02857142857142858,0.00025689802743180317,-0.030952380952380953,0.000291521229729291,-0.01904761904761909,7.369304597792709e-05,-0.01666666666666672,5.969240177248095e-05,-0.014285714285714457,6.260282304472884e-05,-0.011904761904761862,0.00010048051417003069,-0.00952380952380949,8.482861582523902e-05,1.0,1.0,0.0,0.0,0.0
42,13:53:06,1,-0.021428571428571352,0.0,-0.020238095238095277,-0.021428571428571352,1.198733317705214e-06,-0.023809523809523947,0.00010411111225761661,-0.02619047619047632,0.00011443098365301642,-0.02857142857142858,0.00025689802743180317,-0.030952380952380953,0.000291521229729291,-0.01904761904761909,7.369304597792709e-05,-0.01666666666666672,5.969240177248095e-05,-0.014285714285714457,6.260282304472884e-05,-0.011904761904761862,0.00010048051417003069,-0.00952380952380949,8.482861582523902e-05,1.0,1.0,0.0,0.0,0.0
42,13:53:09,1,-0.021428571428571352,0.0,-0.020238095238095277,-0.021428571428571352,1.198733317705214e-06,-0.023809523809523947,0.00010411111225761661,-0.02619047619047632,0.00011443098365301642,-0.02857142857142858,0.00025689802743180317,-0.030952380952380953,0.000291521229729291,-0.01904761904761909,7.369304597792709e-05,-0.01666666666666672,5.969240177248095e-05,-0.014285714285714457,6.260282304472884e-05,-0.011904761904761862,0.00010048051417003069,-0.00952380952380949,8.482861582523902e-05,1.0,1.0,0.0,0.0,0.0
42,13:53:12,1,-0.021428571428571352,0.0,-0.020238095238095277,-0.021428571428571352,1.198733317705214e-06,-0.023809523809523947,0.00010411111225761661,-0.02619047619047632,0.00011443098365301642,-0.02857142857142858,0.00025689802743180317,-0.030952380952380953,0.000291521229729291,-0.01904761904761909,7.369304597792709e-05,-0.01666666666666672,5.969240177248095e-05,-0.014285714285714457,6.260282304472884e-05,-0.011904761904761862,0.00010048051417003069,-0.00952380952380949,8.482861582523902e-05,1.0,1.0,0.0,0.0,0.0
42,13:53:15,1,-0.021428571428571352,0.0,-0.020238095238095277,-0.021428571428571352,1.198733317705214e-06,-0.023809523809523947,0.00010411111225761661,-0.02619047619047632,0.00011443098365301642,-0.02857142857142858,0.00025689802743180317,-0.030952380952380953,0.000291521229729291,-0.01904761904761909,7.369304597792709e-05,-0.01666666666666672,5.969240177248095e-05,-0.014285714285714457,6.260282304472884e-05,-0.011904761904761862,0.00010048051417003069,-0.00952380952380949,8.482861582523902e-05,1.0,0.0,0.0,0.0,0.0
42,13:53:18,1,-0.021428571428571352,0.0,-0.020238095238095277,-0.021428571428571352,1.198733317705214e-06,-0.023809523809523947,0.00010411111225761661,-0.02619047619047632,0.00011443098365301642,-0.02857142857142858,0.00025689802743180317,-0.030952380952380953,0.000291521229729291,-0.01904761904761909,7.369304597792709e-05,-0.01666666666666672,5.969240177248095e-05,-0.014285714285714457,6.260282304472884e-05,-0.011904761904761862,0.00010048051417003069,-0.00952380952380949,8.482861582523902e-05,1.0,0.0,0.0,0.0,0.0
42,13:53:21,1,-0.021428571428571352,0.0,-0.020238095238095277,-0.021428571428571352,1.198733317705214e-06,-0.023809523809523947,0.00010411111225761661,-0.02619047619047632,0.00011443098365301642,-0.02857142857142858,0.00025689802743180317,-0.030952380952380953,0.000291521229729291,-0.01904761904761909,7.369304597792709e-05,-0.01666666666666672,5.969240177248095e-05,-0.014285714285714457,6.260282304472884e-05,-0.011904761904761862,0.00010048051417003069,-0.00952380952380949,8.482861582523902e-05,1.0,0.0,0.0,0.0,0.0
42,13:53:24,1,-0.021428571428571352,0.0,-0.020238095238095277,-0.021428571428571352,1.198733317705214e-06,-0.023809523809523947,0.00010411111225761661,-0.02619047619047632,0.00011443098365301642,-0.02857142857142858,0.00025689802743180317,-0.030952380952380953,0.000291521229729291,-0.01904761904761909,7.369304597792709e-05,-0.01666666666666672,5.969240177248095e-05,-0.014285714285714457,6.260282304472884e-05,-0.011904761904761862,0.00010048051417003069,-0.00952380952380949,8.482861582523902e-05,1.0,0.0,0.0,0.0,0.0
42,13:53:27,1,-0.021428571428571352,0.0,-0.020238095238095277,-0.021428571428571352,1.198733317705214e-06,-0.023809523809523947,0.00010411111225761661,-0.02619047619047632,0.00011443098365301642,-0.02857142857142858,0.00025689802743180317,-0.030952380952380953,0.000291521229729291,-0.01904761904761909,7.369304597792709e-05,-0.01666666666666672,5.969240177248095e-05,-0.014285714285714457,6.260282304472884e-05,-0.011904761904761862,0.00010048051417003069,-0.00952380952380949,8.482861582523902e-05,1.0,0.0,0.0,0.0,0.0
42,13:53:30,1,-0.021428571428571352,0.0,-0.020238095238095277,-0.021428571428571352,1.198733317705214e-06,-0.023809523809523947,0.00010411111225761661,-0.02619047619047632,0.00011443098365301642,-0.02857142857142858,0.00025689802743180317,-0.030952380952380953,0.000291521229729291,-0.01904761904761909,7.369304597792709e-05,-0.01666666666666672,5.969240177248095e-05,-0.014285714285714457,6.260282304472884e-05,-0.011904761904761862,0.00010048051417003069,-0.00952380952380949,8.482861582523902e-05,0.0,0.0,0.0,0.0,0.0
42,13:53:33,1,-0.021428571428571352,0.0,-0.020238095238095277,-0.021428571428571352,1.198733317705214e-06,-0.023809523809523947,0.00010411111225761661,-0.02619047619047632,0.00011443098365301642,-0.02857142857142858,0.00025689802743180317,-0.030952380952380953,0.000291521229729291,-0.01904761904761909,7.369304597792709e-05,-0.01666666666666672,5.969240177248095e-05,-0.014285714285714457,6.260282304472884e-05,-0.011904761904761862,0.00010048051417003069,-0.00952380952380949,8.482861582523902e-05,0.0,0.0,0.0,0.0,0.0
42,13:53:36,1,-0.021428571428571352,0.0,-0.020238095238095277,-0.021428571428571352,1.198733317705214e-06,-0.023809523809523947,0.00010411111225761661,-0.02619047619047632,0.00011443098365301642,-0.02857142857142858,0.00025689802743180317,-0.030952380952380953,0.000291521229729291,-0.01904761904761909,7.369304597792709e-05,-0.01666666666666672,5.969240177248095e-05,-0.014285714285714457,6.260282304472884e-05,-0.011904761904761862,0.00010048051417003069,-0.00952380952380949,8.482861582523902e-05,0.0,0.0,0.0,0.0,0.0
42,13:53:39,1,-0.021428571428571352,0.0,-0.020238095238095277,-0.021428571428571352,1.198733317705214e-06,-0.023809523809523947,0.00010411111225761661,-0.02619047619047632,0.00011443098365301642,-0.02857142857142858,0.00025689802743180317,-0.030952380952380953,0.000291521229729291,-0.01904761904761909,7.369304597792709e-05,-0.01666666666666672,5.969240177248095e-05,-0.014285714285714457,6.260282304472884e-05,-0.011904761904761862,0.00010048051417003069,-0.00952380952380949,8.482861582523902e-05,0.0,0.0,0.0,0.0,0.0
42,13:53:42,1,-0.021428571428571352,0.0,-0.020238095238095277,-0.021428571428571352,1.198733317705214e-06,-0.023809523809523947,0.00010411111225761661,-0.02619047619047632,0.00011443098365301642,-0.02857142857142858,0.00025689802743180317,-0.030952380952380953,0.000291521229729291,-0.01904761904761909,7.369304597792709e-05,-0.01666666666666672,5.969240177248095e-05,-0.014285714285714457,6.260282304472884e-05,-0.011904761904761862,0.00010048051417003069,-0.00952380952380949,8.482861582523902e-05,0.0,0.0,0.0,0.0,0.0
42,13:53:45,1,-0.030952380952380953,378204627.0,-0.029761904761904767,-0.030952380952380953,0.00012624718826635052,-0.03333333333333344,0.0001261437352303497,-0.03571428571428581,0.0005096039079492171,-0.03809523809523818,0.0002317807797689786,-0.04047619047619044,0.00038580798189699736,-0.02857142857142858,6.17183570608306e-05,-0.02619047619047632,2.400110435219338e-05,-0.023809523809523947,0.00011468746097143516,-0.021428571428571352,0.00010505517868503311,-0.01904761904761909,0.00013994034705923863,1.0,2.0,1.0,1.0,2.0
42,13:53:48,1,-0.030952380952380953,2610146.0,-0.029761904761904767,-0.030952380952380953,0.0001252816265970094,-0.03333333333333344,0.00012773288881114028,-0.03571428571428581,0.0005098970248845527,-0.03809523809523818,0.0002327549625246531,-0.04047619047619044,0.0003870609131107853,-0.02857142857142858,5.532725839233466e-05,-0.02619047619047632,2.250390902562576e-05,-0.023809523809523947,0.0001159777502260011,-0.021428571428571352,0.00010505517868503311,-0.01904761904761909,0.00013544876107953577,2.0,2.0,1.0,1.0,2.0
42,13:53:51,1,-0.030952380952380953,1370628.0,-0.029761904761904767,-0.030952380952380953,0.00012073831409930613,-0.03333333333333344,0.00013060371056016338,-0.03571428571428581,0.0005106786700454479,-0.03809523809523818,0.00023245897189387295,-0.04047619047619044,0.0003869229757294508,-0.02857142857142858,5.305703899120526e-05,-0.02619047619047632,2.2506782721070227e-05,-0.023809523809523947,0.00011623350912055872,-0.021428571428571352,0.00010505517868503311,-0.01904761904761909,0.00013532231847997918,2.0,2.0,1.0,1.0,2.0
42,13:53:54,1,-0.02857142857142858,1170529.0,-0.029761904761904767,-0.030952380952380953,0.00012090786213052973,-0.03333333333333344,0.00013314693102851722,-0.03571428571428581,0.000513457533540248,-0.03809523809523818,0.0002323468977715387,-0.04047619047619044,0.00038781669501268025,-0.02857142857142858,4.6846983135710786e-05,-0.02619047619047632,2.2331487298957706e-05,-0.023809523809523947,0.00011951526931814073,-0.021428571428571352,0.00010501494694881057,-0.01904761904761909,0.00013578785714198294,2.0,2.0,1.0,1.0,2.0
42,13:53:57,1,-0.030952380952380953,1712967.0,-0.029761904761904767,-0.030952380952380953,0.00011701400480327613,-0.03333333333333344,0.00013839717260555952,-0.03571428571428581,0.0005144345899913671,-0.03809523809523818,0.00023188998019586836,-0.04047619047619044,0.00038829947584735077,-0.02857142857142858,4.046163185810378e-05,-0.02619047619047632,2.403558869752699e-05,-0.023809523809523947,0.00011942331106391776,-0.021428571428571352,0.00010508966303036672,-0.01904761904761909,0.0001356930251923155,2.0,2.0,1.0,1.0,1.0
42,13:54:00,1,-0.02857142857142858,800912.0,-0.029761904761904767,-0.030952380952380953,8.881155771127111e-05,-0.03333333333333344,0.00014075360287002295,-0.03571428571428581,0.0005152622142793737,-0.03809523809523818,0.00023189572758675728,-0.04047619047619044,0.0003880149799983485,-0.02857142857142858,3.819141245697438e-05,-0.02619047619047632,2.419076825152824e-05,-0.023809523809523947,0.00011692032233178648,-0.021428571428571352,0.00010208377759545361,-0.01904761904761909,0.00013288542474307067,2.0,2.0,1.0,1.0,2.0
42,13:54:03,1,-0.02857142857142858,5902081.0,-0.027380952380952395,-0.02857142857142858,3.2041704205813717e-06,-0.030952380952380953,8.934606506394209e-05,-0.03333333333333344,0.0001429577272759296,-0.03571428571428581,0.0005169059680736092,-0.03809523809523818,0.0002323296555988719,-0.02619047619047632,2.5199435352536367e-05,-0.023809523809523947,0.0001170783755812322,-0.021428571428571352,0.00010227056779934401,-0.01904761904761909,0.0001323135593496216,-0.01666666666666672,6.85031520052186e-05,1.0,0.0,0.0,0.0,0.0
42,13:54:06,1,-0.02857142857142858,473375.0,-0.027380952380952395,-0.02857142857142858,1.0129776441748284e-05,-0.030952380952380953,8.969378221272268e-05,-0.03333333333333344,0.00014651248854073603,-0.03571428571428581,0.0005168657363373866,-0.03809523809523818,0.00023241299276676147,-0.02619047619047632,2.608165985398792e-05,-0.023809523809523947,0.00011700653319512051,-0.021428571428571352,0.00010191422956423003,-0.01904761904761909,0.00013190836829195168,-0.01666666666666672,6.85031520052186e-05,1.0,0.0,0.0,0.0,0.0
42,13:54:09,1,-0.02857142857142858,497016.0,-0.027380952380952395,-0.02857142857142858,1.0195871436971039e-05,-0.030952380952380953,9.132029383429133e-05,-0.03333333333333344,0.00015336625217579123,-0.03571428571428581,0.0005150093290802606,-0.03809523809523818,0.00023254518275720698,-0.02619047619047632,2.4380432150863102e-05,-0.023809523809523947,0.0001235355692449509,-0.021428571428571352,0.00010192859804145236,-0.01904761904761909,0.00013221010631362079,-0.01666666666666672,6.83968252737733e-05,1.0,0.0,0.0,0.0,0.0
42,13:54:12,1,-0.02857142857142858,1476763.0,-0.027380952380952395,-0.02857142857142858,3.366246843649344e-05,-0.030952380952380953,9.111338776228966e-05,-0.03333333333333344,0.0001534955684707923,-0.03571428571428581,0.0005147075910585915,-0.03809523809523818,0.00023257391971165164,-0.02619047619047632,2.535461490653762e-05,-0.023809523809523947,0.00012302405145583567,-0.021428571428571352,0.00010209527237723148,-0.01904761904761909,0.00013189399981472936,-0.01666666666666672,6.83968252737733e-05,1.0,0.0,0.0,0.0,0.0
42,13:54:15,1,-0.02857142857142858,476997.0,-0.027380952380952395,-0.02857142857142858,6.140512425738364e-05,-0.030952380952380953,8.465906779401544e-05,-0.03333333333333344,0.00014782576735885772,-0.03571428571428581,0.0005158829324953787,-0.03809523809523818,0.0002329245105558767,-0.02619047619047632,2.5587384237539492e-05,-0.023809523809523947,0.000123659138149063,-0.021428571428571352,0.00010310968686912854,-0.01904761904761909,0.00013232505413139948,-0.01666666666666672,6.83968252737733e-05,1.0,0.0,0.0,0.0,0.0
42,13:54:18,1,-0.02857142857142858,1396001.0,-0.027380952380952395,-0.02857142857142858,5.405133761499105e-05,-0.030952380952380953,8.550393425468891e-05,-0.03333333333333344,0.00014658145723140325,-0.03571428571428581,0.0005164433031070499,-0.03809523809523818,0.00023293887903309902,-0.02619047619047632,2.4923560589867477e-05,-0.023809523809523947,0.00012439767787829117,-0.021428571428571352,0.00010310968686912854,-0.01904761904761909,0.00013232505413139948,-0.01666666666666672,6.83968252737733e-05,0.0,0.0,0.0,0.0,0.0
42,13:54:21,1,-0.02857142857142858,580584.0,-0.027380952380952395,-0.02857142857142858,5.198515059041885e-05,-0.030952380952380953,8.624534767936155e-05,-0.03333333333333344,0.00014668491026740408,-0.03571428571428581,0.0005163599659391603,-0.03809523809523818,0.0002331544061914341,-0.02619047619047632,2.5535657719539075e-05,-0.023809523809523947,0.00012457584699584817,-0.021428571428571352,0.00010316428708257343,-0.01904761904761909,0.0001322532117452878,-0.01666666666666672,6.811520312021548e-05,0.0,0.0,0.0,0.0,0.0
42,13:54:24,1,-0.02857142857142858,710945.0,-0.027380952380952395,-0.02857142857142858,2.163317930595208e-05,-0.030952380952380953,8.653846461469725e-05,-0.03333333333333344,0.00014887179250064393,-0.03571428571428581,0.0005166243459200514,-0.03809523809523818,0.00023324636444565705,-0.02619047619047632,4.067715901643885e-05,-0.023809523809523947,0.00012479712154507216,-0.021428571428571352,0.00010372178399880014,-0.01904761904761909,0.00013189974720561828,-0.01666666666666672,6.81841718108827e-05,0.0,0.0,0.0,0.0,0.0
42,13:54:27,1,-0.02619047619047632,404494.0,-0.027380952380952395,-0.02857142857142858,1.9957814861827468e-05,-0.030952380952380953,8.616488420691646e-05,-0.03333333333333344,0.00014842636970675144,-0.03571428571428581,0.0005175324336805031,-0.03809523809523818,0.00023346189160399213,-0.02619047619047632,4.247034497378663e-05,-0.023809523809523947,0.00012842947258687922,-0.021428571428571352,0.00010328785598668553,-0.01904761904761909,0.00013179629416961745,-0.01666666666666672,6.792553922088062e-05,0.0,0.0,0.0,0.0,0.0
42,13:54:30,1,-0.02857142857142858,1073262.0,-0.027380952380952395,-0.02857142857142858,1.3750632701777457e-05,-0.030952380952380953,8.696089784503399e-05,-0.03333333333333344,0.00015055577803110192,-0.03571428571428581,0.0005158541955409341,-0.03809523809523818,0.00023369466093499402,-0.02619047619047632,4.637282338737363e-05,-0.023809523809523947,0.00012995827856333598,-0.021428571428571352,0.00010328785598668553,-0.01904761904761909,0.0001318106626468398,-0.01666666666666672,6.796002356621423e-05,0.0,0.0,0.0,0.0,0.0
42,13:54:33,1,-0.02857142857142858,3311800.0,-0.029761904761904767,-0.030952380952380953,8.594073596224799e-05,-0.03333333333333344,0.0001481016421215266,-0.03571428571428581,0.0005166071037473846,-0.03809523809523818,0.0002337492611484389,-0.04047619047619044,0.0003877850843627911,-0.02857142857142858,1.2911513631992917e-05,-0.02619047619047632,4.737574309749282e-05,-0.023809523809523947,0.0001355792268527146,-0.021428571428571352,0.00010357522553113229,-0.01904761904761909,0.00013209228480039762,1.0,1.0,1.0,1.0,1.0
42,13:54:36,1,-0.02857142857142858,352004.0,-0.029761904761904767,-0.030952380952380953,8.569359815402377e-05,-0.03333333333333344,0.00014906433009542324,-0.03571428571428581,0.0005177192238843935,-0.03809523809523818,0.00023345039682221426,-0.04047619047619044,0.00038735115635067646,-0.02857142857142858,1.3273599257995836e-05,-0.02619047619047632,4.792461892738613e-05,-0.023809523809523947,0.00013562520597982608,-0.021428571428571352,0.00010370166813068887,-0.01904761904761909,0.00013207791632317527,1.0,1.0,1.0,1.0,1.0
42,13:54:39,1,-0.030952380952380953,1908502.0,-0.029761904761904767,-0.030952380952380953,7.352349794670349e-05,-0.03333333333333344,0.0001492539939947581,-0.03571428571428581,0.0005191876822565165,-0.03809523809523818,0.00023353373399010382,-0.04047619047619044,0.0003876500206769011,-0.02857142857142858,2.7521381271666185e-05,-0.02619047619047632,5.262023728364619e-05,-0.023809523809523947,0.00013527174144015657,-0.021428571428571352,0.00010357235183568783,-0.01904761904761909,0.00013206354784595293,1.0,1.0,1.0,1.0,1.0
42,13:54:42,1,-0.02857142857142858,366019.0,-0.029761904761904767,-0.030952380952380953,7.31958966660342e-05,-0.03333333333333344,0.00015034025087276687,-0.03571428571428581,0.0005193830935467402,-0.03809523809523818,0.0002335624709445485,-0.04047619047619044,0.00038729080874634267,-0.02857142857142858,3.2311831577593674e-05,-0.02619047619047632,5.3709367857099406e-05,-0.023809523809523947,0.00013779484604039912,-0.021428571428571352,0.00010338556163179742,-0.01904761904761909,0.00013224171696350992,1.0,1.0,1.0,1.0,1.0
42,13:54:45,1,-0.030952380952380953,352395.0,-0.029761904761904767,-0.030952380952380953,7.227918781924902e-05,-0.03333333333333344,0.00015133742319199713,-0.03571428571428581,0.0005197767898226323,-0.03809523809523818,0.00023387857744343993,-0.04047619047619044,0.00038735115635067646,-0.02857142857142858,3.2811854584931034e-05,-0.02619047619047632,5.25656370702013e-05,-0.023809523809523947,0.0001386109755466279,-0.021428571428571352,0.00010328785598668553,-0.01904761904761909,0.0001322445906589544,1.0,1.0,1.0,2.0,1.0
42,13:54:48,1,-0.02857142857142858,1580551.0,-0.029761904761904767,-0.030952380952380953,6.401443972096022e-05,-0.03333333333333344,0.00015222539508433761,-0.03571428571428581,0.0005201417491440797,-0.03809523809523818,0.0002339532935249961,-0.04047619047619044,0.0003867074485711157,-0.02857142857142858,3.2607822208373835e-05,-0.02619047619047632,5.1246610861190675e-05,-0.023809523809523947,0.00013797876254884503,-0.021428571428571352,0.00010331659294113021,-0.01904761904761909,0.00013252333911706777,1.0,1.0,1.0,2.0,1.0
42,13:54:51,1,-0.02857142857142858,364125.0,-0.029761904761904767,-0.030952380952380953,6.408053471618298e-05,-0.03333333333333344,0.00014812463168508235,-0.03571428571428581,0.0005201906019666356,-0.03809523809523818,0.00023461711717266811,-0.04047619047619044,0.0003866499746622264,-0.02857142857142858,4.1082350074108784e-05,-0.02619047619047632,5.042186026862847e-05,-0.023809523809523947,0.00013859085967851665,-0.021428571428571352,0.00010327348750946319,-0.01904761904761909,0.00012918985240148535,1.0,1.0,1.0,2.0,1.0
42,13:54:54,1,-0.02857142857142858,677659.0,-0.029761904761904767,-0.030952380952380953,6.332475281428799e-05,-0.03333333333333344,0.00014930572051275853,-0.03571428571428581,0.0005208486782234187,-0.03809523809523818,0.0002346889595587798,-0.04047619047619044,0.00038677066987089404,-0.02857142857142858,4.2409997369452814e-05,-0.02619047619047632,5.167191778697188e-05,-0.023809523809523947,0.0001402777189044191,-0.021428571428571352,0.00010352062531768741,-0.01904761904761909,0.00012939388477804255,1.0,1.0,1.0,2.0,1.0
42,13:54:57,1,-0.02857142857142858,797801.0,-0.029761904761904767,-0.030952380952380953,6.075566908693396e-05,-0.03333333333333344,0.0001514092655781088,-0.03571428571428581,0.000520702119755751,-0.03809523809523818,0.00024042198197049265,-0.04047619047619044,0.0003868080279116721,-0.02857142857142858,4.249046084189791e-05,-0.02619047619047632,5.1373053460747254e-05,-0.023809523809523947,0.0001405363514944212,-0.021428571428571352,0.0001032821085957966,-0.01904761904761909,0.00012926456848304149,1.0,1.0,1.0,1.0,1.0
42,13:55:00,1,-0.030952380952380953,795621.0,-0.029761904761904767,-0.030952380952380953,6.135339773938322e-05,-0.03333333333333344,0.00015181158294033428,-0.03571428571428581,0.0005204923399883048,-0.03809523809523818,0.0002412007534359434,-0.04047619047619044,0.00038688274399322826,-0.02857142857142858,4.618603318348324e-05,-0.02619047619047632,5.3295555713096075e-05,-0.023809523809523947,0.00014446756686245288,-0.021428571428571352,0.00010330222446390788,-0.01904761904761909,0.00012926456848304149,1.0,1.0,1.0,2.0,1.0
42,13:55:03,1,-0.030952380952380953,2966924.0,-0.029761904761904767,-0.030952380952380953,6.15947881567185e-05,-0.03333333333333344,0.0001519581414080021,-0.03571428571428581,0.0005208343097461964,-0.03809523809523818,0.0002417668714385035,-0.04047619047619044,0.0003865321531490032,-0.02857142857142858,2.9015702902789338e-05,-0.02619047619047632,5.3666262425432395e-05,-0.023809523809523947,0.00014325774108033202,-0.021428571428571352,0.00010385397398924564,-0.01904761904761909,0.00012912088371081813,1.0,1.0,1.0,1.0,1.0
42,13:55:06,1,-0.02857142857142858,809777.0,-0.029761904761904767,-0.030952380952380953,6.114074427649261e-05,-0.03333333333333344,0.00015223688986611548,-0.03571428571428581,0.0005219981564012058,-0.03809523809523818,0.00024191055621072688,-0.04047619047619044,0.00038662985879411513,-0.02857142857142858,3.0992805368583046e-05,-0.02619047619047632,5.3901905451878735e-05,-0.023809523809523947,0.00014374339561044704,-0.021428571428571352,0.00010471608262258593,-0.01904761904761909,0.00012921858935593,1.0,1.0,1.0,1.0,1.0
42,13:55:09,1,-0.030952380952380953,565845.0,-0.029761904761904767,-0.030952380952380953,5.7988300373911665e-05,-0.03333333333333344,0.00015390363322390668,-0.03571428571428581,0.0005222481679048745,-0.03809523809523818,0.00024205424098295027,-0.04047619047619044,0.0003866499746622264,-0.02857142857142858,3.2268726145926656e-05,-0.02619047619047632,5.680433785079101e-05,-0.023809523809523947,0.00014404513363211615,-0.021428571428571352,0.00010471608262258593,-0.01904761904761909,0.00012884500894814923,1.0,1.0,1.0,1.0,1.0
42,13:55:12,1,-0.02857142857142858,631352.0,-0.029761904761904767,-0.030952380952380953,5.339613505365244e-05,-0.03333333333333344,0.00015633477956992627,-0.03571428571428581,0.0005227453172167673,-0.03809523809523818,0.00024200251446494984,-0.04047619047619044,0.00038515277933565877,-0.02857142857142858,3.430042882516525e-05,-0.02619047619047632,5.689342240956951e-05,-0.023809523809523947,0.0001440480073275606,-0.021428571428571352,0.00010442871307813916,-0.01904761904761909,0.00012884500894814923,1.0,1.0,1.0,1.0,1.0
42,13:55:15,1,-0.02857142857142858,932143.0,-0.029761904761904767,-0.030952380952380953,5.174663386852804e-05,-0.03333333333333344,0.00015688652909526404,-0.03571428571428581,0.0005224522002814317,-0.03809523809523818,0.00024201113555128324,-0.04047619047619044,0.000384736093496211,-0.02857142857142858,3.366821582738238e-05,-0.02619047619047632,5.674399024645719e-05,-0.023809523809523947,0.00014296175044955185,-0.021428571428571352,0.00010605522469970783,-0.01904761904761909,0.00012881627199370454,1.0,1.0,1.0,1.0,1.0
42,13:55:18,1,-0.02857142857142858,1222652.0,-0.029761904761904767,-0.030952380952380953,4.565152583081226e-05,-0.03333333333333344,0.00016023725798351327,-0.03571428571428581,0.0005222625363820968,-0.03809523809523818,0.0002423071261820634,-0.04047619047619044,0.00038484242022765626,-0.02857142857142858,3.450158750627798e-05,-0.02619047619047632,5.741930867590708e-05,-0.023809523809523947,0.00014318589869422032,-0.021428571428571352,0.00010578509732792788,-0.01904761904761909,0.00012877604025748201,1.0,1.0,1.0,1.0,1.0
42,13:55:21,1,-0.02857142857142858,1225603.0,-0.029761904761904767,-0.030952380952380953,4.5674515394368e-05,-0.03333333333333344,0.0001593923915228398,-0.03571428571428581,0.0005222797785547636,-0.03809523809523818,0.00024240195813173083,-0.04047619047619044,0.00038513841085843645,-0.02857142857142858,3.854200330119943e-05,-0.02619047619047632,5.7459540412129624e-05,-0.023809523809523947,0.00013986678045586025,-0.021428571428571352,0.00010578509732792788,-0.01904761904761909,0.00013008357168471475,1.0,1.0,1.0,1.0,1.0
42,13:55:24,1,-0.02857142857142858,176271.0,-0.029761904761904767,-0.030952380952380953,4.579233690759118e-05,-0.03333333333333344,0.00016254770912086522,-0.03571428571428581,0.0005226160009217663,-0.03809523809523818,0.00024247380051784252,-0.04047619047619044,0.000385264853457993,-0.02857142857142858,3.970872365165327e-05,-0.02619047619047632,5.740206650324027e-05,-0.023809523809523947,0.00014130937556898298,-0.021428571428571352,0.00010549772778348111,-0.01904761904761909,0.00012988241300360202,1.0,1.0,1.0,1.0,2.0
42,13:55:27,1,-0.030952380952380953,996479.0,-0.029761904761904767,-0.030952380952380953,6.610936369997709e-05,-0.03333333333333344,0.00016412249422443346,-0.03571428571428581,0.0005225757691855438,-0.03809523809523818,0.00024247954790873147,-0.04047619047619044,0.0003855407282206619,-0.02857142857142858,4.010241992754533e-05,-0.02619047619047632,5.728711868546157e-05,-0.023809523809523947,0.00014137834425965022,-0.021428571428571352,0.00010548623300170324,-0.01904761904761909,0.00012988241300360202,1.0,1.0,1.0,1.0,1.0
42,13:55:30,1,-0.030952380952380953,1113852.0,-0.029761904761904767,-0.030952380952380953,6.100280689515817e-05,-0.03333333333333344,0.00015899869524694773,-0.03571428571428581,0.000522601632444544,-0.03809523809523818,0.0002424220739998421,-0.04047619047619044,0.00038572177103366335,-0.02857142857142858,4.363706532424048e-05,-0.02619047619047632,5.75946040980196e-05,-0.023809523809523947,0.00014114557492864833,-0.021428571428571352,0.00010768461001672096,-0.01904761904761909,0.00012966113845437803,1.0,1.0,1.0,1.0,1.0
42,13:55:33,1,-0.02857142857142858,658408.0,-0.029761904761904767,-0.030952380952380953,6.128155535327153e-05,-0.03333333333333344,0.00015983206692584334,-0.03571428571428581,0.0005226706011352112,-0.03809523809523818,0.00024245081095428678,-0.04047619047619044,0.00038593442449655395,-0.02857142857142858,4.591015842081435e-05,-0.02619047619047632,5.8669366194250484e-05,-0.023809523809523947,0.00014275771807299465,-0.021428571428571352,0.00010767311523494309,-0.01904761904761909,0.0001297071175814895,1.0,1.0,1.0,1.0,1.0
42,13:55:36,1,-0.02857142857142858,455771.0,-0.029761904761904767,-0.030952380952380953,6.15947881567185e-05,-0.03333333333333344,0.00016066256490929447,-0.03571428571428581,0.0005226102535308773,-0.03809523809523818,0.0002432554456787377,-0.04047619047619044,0.000385928677105665,-0.02857142857142858,4.699066790793416e-05,-0.02619047619047632,6.0123456089151086e-05,-0.023809523809523947,0.00014236114810165814,-0.021428571428571352,0.00010763288349872054,-0.01904761904761909,0.00013083647989116528,1.0,1.0,1.0,1.0,2.0
42,13:55:39,1,-0.02857142857142858,436058.0,-0.029761904761904767,-0.030952380952380953,6.434204100162952e-05,-0.03333333333333344,0.0001625936882479767,-0.03571428571428581,0.0005230901606701035,-0.03809523809523818,0.00024318935068351496,-0.04047619047619044,0.0003859574140601097,-0.02857142857142858,4.809704065405419e-05,-0.02619047619047632,6.0270014556818937e-05,-0.023809523809523947,0.00014273760220488338,-0.021428571428571352,0.00010759552545794246,-0.01904761904761909,0.00013083647989116528,1.0,1.0,1.0,1.0,2.0
42,13:55:42,1,-0.030952380952380953,1215557.0,-0.029761904761904767,-0.030952380952380953,6.432479882896271e-05,-0.03333333333333344,0.00016354775513553995,-0.03571428571428581,0.000524377576229225,-0.03809523809523818,0.00024385317433118698,-0.04047619047619044,0.0003859947721008878,-0.02857142857142858,4.439859461702439e-05,-0.02619047619047632,6.034185694293062e-05,-0.023809523809523947,0.00014304508761744142,-0.021428571428571352,0.00010791737934772283,-0.01904761904761909,0.00013082785880483188,1.0,1.0,1.0,1.0,2.0
42,13:55:45,1,-0.030952380952380953,1105518.0,-0.029761904761904767,-0.030952380952380953,6.137351360749449e-05,-0.03333333333333344,0.00016244138238941992,-0.03571428571428581,0.0005241390595073341,-0.03809523809523818,0.00024394513258540993,-0.04047619047619044,0.00038622754143188967,-0.02857142857142858,4.1547888736112536e-05,-0.02619047619047632,6.043094150170912e-05,-0.023809523809523947,0.00014310543522177524,-0.021428571428571352,0.00010784841065705562,-0.01904761904761909,0.00013077900598227593,1.0,1.0,2.0,1.0,1.0
42,13:55:48,1,-0.030952380952380953,256742.0,-0.029761904761904767,-0.030952380952380953,6.27212767709498e-05,-0.03333333333333344,0.00016413398900621133,-0.03571428571428581,0.0005244551660062255,-0.03809523809523818,0.0002440543330122997,-0.04047619047619044,0.00038626202577722325,-0.02857142857142858,4.268012474123277e-05,-0.02619047619047632,4.6180285792594304e-05,-0.023809523809523947,0.00014560555025846204,-0.021428571428571352,0.00010784266326616668,-0.01904761904761909,0.00013077900598227593,1.0,1.0,2.0,1.0,1.0
42,13:55:51,1,-0.02857142857142858,1137738.0,-0.029761904761904767,-0.030952380952380953,5.81003744962459e-05,-0.03333333333333344,0.00016508805589377458,-0.03571428571428581,0.0005245471242604485,-0.03809523809523818,0.00024401697497152162,-0.04047619047619044,0.0003862505309954454,-0.02857142857142858,3.869718285520067e-05,-0.02619047619047632,4.624925448326152e-05,-0.023809523809523947,0.0001456457819946846,-0.021428571428571352,0.00010784266326616668,-0.01904761904761909,0.00013081349032760954,1.0,1.0,2.0,1.0,1.0
42,13:55:54,1,-0.02857142857142858,1202483.0,-0.029761904761904767,-0.030952380952380953,5.338464027187457e-05,-0.03333333333333344,0.0001648897709081063,-0.03571428571428581,0.0005237367421451087,-0.03809523809523818,0.0002447928727415279,-0.04047619047619044,0.00038635973142233515,-0.02857142857142858,4.2740472345566585e-05,-0.02619047619047632,4.6625708586486777e-05,-0.023809523809523947,0.0001459388989300203,-0.021428571428571352,0.00010784266326616668,-0.01904761904761909,0.00013081349032760954,1.0,1.0,2.0,1.0,1.0
42,13:55:57,1,-0.030952380952380953,394780.0,-0.029761904761904767,-0.030952380952380953,5.316336572265056e-05,-0.03333333333333344,0.000165182887843442,-0.03571428571428581,0.0005237769738813313,-0.03809523809523818,0.0002450917370677525,-0.04047619047619044,0.00038638846837677984,-0.02857142857142858,4.443595265780247e-05,-0.02619047619047632,4.368879184224089e-05,-0.023809523809523947,0.00014579808785324138,-0.021428571428571352,0.00010781967370261093,-0.01904761904761909,0.00013081349032760954,1.0,1.0,1.0,1.0,1.0
42,13:56:00,1,-0.030952380952380953,1050921.0,-0.029761904761904767,-0.030952380952380953,5.129546368374663e-05,-0.03333333333333344,0.0001666800831700096,-0.03571428571428581,0.0005246390825146716,-0.03809523809523818,0.0002453877276985327,-0.04047619047619044,0.0003861010988323331,-0.02857142857142858,4.144730939555617e-05,-0.02619047619047632,4.393592965046511e-05,-0.023809523809523947,0.00014620902630180024,-0.021428571428571352,0.00010781967370261093,-0.01904761904761909,0.0001308077429367206,1.0,1.0,2.0,1.0,1.0
42,13:56:03,1,-0.030952380952380953,562012.0,-0.029761904761904767,-0.030952380952380953,5.1140284129745375e-05,-0.03333333333333344,0.00016995034858581376,-0.03571428571428581,0.0005252253163853429,-0.03809523809523818,0.00024543945421653306,-0.04047619047619044,0.0003861528253503335,-0.02857142857142858,4.247034497378663e-05,-0.02619047619047632,4.403650899102147e-05,-0.023809523809523947,0.00014631822672869,-0.021428571428571352,0.00010724493461371741,-0.01904761904761909,0.0001308422272820542,1.0,1.0,1.0,1.0,1.0
42,13:56:06,1,-0.02857142857142858,1705957.0,-0.029761904761904767,-0.030952380952380953,4.233240759245219e-05,-0.03333333333333344,0.00017026932878014966,-0.03571428571428581,0.0005258201713423477,-0.03809523809523818,0.0002455860126842009,-0.04047619047619044,0.0003862045518683339,-0.02857142857142858,4.423479397668974e-05,-0.02619047619047632,4.448767917580289e-05,-0.023809523809523947,0.00014587855132568647,-0.021428571428571352,0.00010724493461371741,-0.01904761904761909,0.0001309485540134995,1.0,1.0,1.0,1.0,1.0
42,13:56:09,1,-0.030952380952380953,621957.0,-0.029761904761904767,-0.030952380952380953,4.06283061938829e-05,-0.03333333333333344,0.00017176939780216174,-0.03571428571428581,0.0005264322684720193,-0.03809523809523818,0.0002455285387753116,-0.04047619047619044,0.0003861240883958888,-0.02857142857142858,4.4479058089469486e-05,-0.02619047619047632,4.451641613024756e-05,-0.023809523809523947,0.00014631247933780106,-0.021428571428571352,0.00010717021853216126,-0.01904761904761909,0.00013088245901827676,1.0,1.0,1.0,1.0,1.0
42,13:56:12,1,-0.02857142857142858,794749.0,-0.029761904761904767,-0.030952380952380953,4.3918687477798304e-05,-0.03333333333333344,0.00017247920057694523,-0.03571428571428581,0.0005253144009441214,-0.03809523809523818,0.0002458388978833141,-0.04047619047619044,0.0003862390362136675,-0.02857142857142858,4.397616138668765e-05,-0.02619047619047632,4.311692644879184e-05,-0.023809523809523947,0.00014636995324669044,-0.021428571428571352,0.00010709837614604957,-0.01904761904761909,0.00013085372206383207,1.0,1.0,1.0,1.0,1.0
42,13:56:15,1,-0.02857142857142858,518203.0,-0.029761904761904767,-0.030952380952380953,4.322037948479267e-05,-0.03333333333333344,0.00017411720698029177,-0.03571428571428581,0.0005258604030785703,-0.03809523809523818,0.00024592223505120363,-0.04047619047619044,0.00038632524707700157,-0.02857142857142858,4.571762082603502e-05,-0.02619047619047632,4.3639939019684946e-05,-0.023809523809523947,0.00014563716090835118,-0.021428571428571352,0.00010712711310049424,-0.01904761904761909,0.00013096579618616632,1.0,2.0,1.0,1.0,1.0
42,13:56:18,1,-0.02857142857142858,198020.0,-0.029761904761904767,-0.030952380952380953,4.556732655428936e-05,-0.03333333333333344,0.00017396777481717946,-0.03571428571428581,0.0005260500669779051,-0.03809523809523818,0.000248241307274889,-0.04047619047619044,0.0003865781322761147,-0.02857142857142858,4.63670759964847e-05,-0.02619047619047632,4.383822400535321e-05,-0.023809523809523947,0.00014533829658212657,-0.021428571428571352,0.00010733689286794038,-0.01904761904761909,0.00013100602792238887,1.0,2.0,1.0,1.0,1.0
42,13:56:21,1,-0.030952380952380953,458150.0,-0.029761904761904767,-0.030952380952380953,4.454141728061443e-05,-0.03333333333333344,0.00017461435629218466,-0.03571428571428581,0.000526282836308907,-0.03809523809523818,0.00024827004422933366,-0.04047619047619044,0.00038736552482789883,-0.02857142857142858,4.6275117742261734e-05,-0.02619047619047632,4.4789417197471984e-05,-0.023809523809523947,0.00014536703353657123,-0.021428571428571352,0.00010740011416771866,-0.01904761904761909,0.0001309686698816108,1.0,2.0,1.0,1.0,1.0
42,13:56:24,1,-0.030952380952380953,592579.0,-0.029761904761904767,-0.030952380952380953,4.416496317738918e-05,-0.03333333333333344,0.00017466608281018508,-0.03571428571428581,0.0005257655711289028,-0.03809523809523818,0.0002484769503013353,-0.04047619047619044,0.00038723908222834224,-0.02857142857142858,4.743609070182664e-05,-0.02619047619047632,4.501643913758492e-05,-0.023809523809523947,0.0001455394552632393,-0.021428571428571352,0.00010694607028749279,-0.01904761904761909,0.0001308249851093874,1.0,2.0,1.0,2.0,1.0
42,13:56:27,1,-0.02857142857142858,3246046.0,-0.029761904761904767,-0.030952380952380953,4.667369930040939e-05,-0.03333333333333344,0.0001761460359640859,-0.03571428571428581,0.0005262454782681289,-0.03809523809523818,0.00024819820184322197,-0.04047619047619044,0.0003900351878958092,-0.02857142857142858,2.6242586798878105e-05,-0.02619047619047632,4.5119892173585755e-05,-0.023809523809523947,0.000145654403081018,-0.021428571428571352,0.00010694607028749279,-0.01904761904761909,0.0001308249851093874,1.0,1.0,1.0,1.0,1.0
42,13:56:30,1,-0.02857142857142858,2326968.0,-0.029761904761904767,-0.030952380952380953,3.572491965698784e-05,-0.03333333333333344,0.00017679549113453556,-0.03571428571428581,0.0005260586880642385,-0.03809523809523818,0.00024842522378333494,-0.04047619047619044,0.0003901788726680326,-0.02857142857142858,2.4225252596861853e-05,-0.02619047619047632,4.5148629128030435e-05,-0.023809523809523947,0.00014501931638779064,-0.021428571428571352,0.0001068023855152694,-0.01904761904761909,0.00013094280662261058,2.0,2.0,1.0,1.0,1.0
42,13:56:33,1,-0.02857142857142858,3261841.0,-0.029761904761904767,-0.030952380952380953,5.009052318388136e-05,-0.03333333333333344,0.00017716907154231637,-0.03571428571428581,0.0005264265210811304,-0.03809523809523818,0.00024897984700411716,-0.04047619047619044,0.00039028232570403345,-0.02857142857142858,5.046209200485102e-06,-0.02619047619047632,4.4726195897693695e-05,-0.023809523809523947,0.0001484734983120407,-0.021428571428571352,0.00010677939595171367,-0.01904761904761909,0.00013065831077360829,2.0,1.0,1.0,1.0,1.0
42,13:56:36,1,-0.02857142857142858,499108.0,-0.029761904761904767,-0.030952380952380953,5.730924614038397e-05,-0.03333333333333344,0.00017908295270833177,-0.03571428571428581,0.0005268403332251337,-0.03809523809523818,0.0002493390589346756,-0.04047619047619044,0.00039025646244503323,-0.02857142857142858,6.3939723639404055e-06,-0.02619047619047632,4.476068024302731e-05,-0.023809523809523947,0.0001490970902234902,-0.021428571428571352,0.00010677939595171367,-0.01904761904761909,0.00013121868138527947,2.0,1.0,1.0,2.0,1.0
42,13:56:39,1,-0.02857142857142858,934154.0,-0.029761904761904767,-0.030952380952380953,5.859953539494992e-05,-0.03333333333333344,0.00017952262811133532,-0.03571428571428581,0.0005262196150091287,-0.03809523809523818,0.0002493706695845648,-0.04047619047619044,0.0003899058716008082,-0.02857142857142858,1.2126994775653265e-06,-0.02619047619047632,4.476068024302731e-05,-0.023809523809523947,0.00014918617478226867,-0.021428571428571352,0.00010672192204282432,-0.01904761904761909,0.00013116695486727905,2.0,1.0,1.0,2.0,1.0
42,13:56:42,1,-0.02857142857142858,593662.0,-0.029761904761904767,-0.030952380952380953,6.106516608630312e-05,-0.03333333333333344,0.0001800571354640063,-0.03571428571428581,0.000526455258035575,-0.03809523809523818,0.00025050577928512947,-0.04047619047619044,0.0003898972505144748,-0.02857142857142858,2.1121661516836848e-06,-0.02619047619047632,4.5329671941031895e-05,-0.023809523809523947,0.00014868040438404238,-0.021428571428571352,0.00010656961618426753,-0.01904761904761909,0.00013116695486727905,1.0,1.0,1.0,2.0,1.0
42,13:56:45,1,-0.030952380952380953,621721.0,-0.027380952380952395,-0.02857142857142858,1.436847722233799e-07,-0.030952380952380953,6.350205982321164e-05,-0.03333333333333344,0.00018124109798712694,-0.03571428571428581,0.0005267023958437992,-0.03809523809523818,0.0002505115266760184,-0.02619047619047632,4.711423681204627e-05,-0.023809523809523947,0.00014901087936015616,-0.021428571428571352,0.0001101646091852965,-0.01904761904761909,0.00013072153207338658,-0.01666666666666672,6.915835456655722e-05,1.0,0.0,0.0,0.0,0.0
42,13:56:48,1,-0.02857142857142858,535490.0,-0.027380952380952395,-0.02857142857142858,4.411122507257763e-06,-0.030952380952380953,6.423197846610641e-05,-0.03333333333333344,0.0001822095333519125,-0.03571428571428581,0.0005269265440884677,-0.03809523809523818,0.00025056900058490774,-0.02619047619047632,4.671479314526527e-05,-0.023809523809523947,0.00014921203804126889,-0.021428571428571352,0.0001101646091852965,-0.01904761904761909,0.0001314025978937254,-0.01666666666666672,6.927042868889145e-05,0.0,0.0,0.0,0.0,0.0
42,13:56:51,1,-0.02619047619047632,462678.0,-0.027380952380952395,-0.02857142857142858,2.152397887906231e-06,-0.030952380952380953,6.568032097011809e-05,-0.03333333333333344,0.0001831779687166981,-0.03571428571428581,0.0005271133342923581,-0.03809523809523818,0.00025101154968335573,-0.02619047619047632,4.7433217006382175e-05,-0.023809523809523947,0.00014966608192149477,-0.021428571428571352,0.00010596326644548487,-0.01904761904761909,0.000131437082239059,-0.01666666666666672,6.927042868889145e-05,0.0,0.0,0.0,0.0,0.0
42,13:56:54,1,-0.02619047619047632,635148.0,-0.027380952380952395,-0.02857142857142858,1.672490748680142e-06,-0.030952380952380953,6.981269501926248e-05,-0.03333333333333344,0.0001804824423897875,-0.03571428571428581,0.0005267713645344665,-0.03809523809523818,0.000251209834669024,-0.02619047619047632,4.43267522309127e-05,-0.023809523809523947,0.00015007127297916468,-0.021428571428571352,0.00010582532906415042,-0.01904761904761909,0.000131437082239059,-0.01666666666666672,6.92388180390023e-05,0.0,0.0,0.0,0.0,0.0
42,13:56:57,1,-0.02857142857142858,1303459.0,-0.029761904761904767,-0.030952380952380953,6.409691478021644e-05,-0.03333333333333344,0.0001807037169390115,-0.03571428571428581,0.000526952407347468,-0.03809523809523818,0.00025121845575535744,-0.04047619047619044,0.00039044037895347915,-0.02857142857142858,3.6783301689185255e-07,-0.02619047619047632,4.504804978747407e-05,-0.023809523809523947,0.0001500971362381649,-0.021428571428571352,0.00010572762341903852,-0.01904761904761909,0.00013197733698261892,1.0,1.0,1.0,1.0,1.0
42,13:57:00,1,-0.02857142857142858,506881.0,-0.027380952380952395,-0.02857142857142858,1.4598372857895398e-06,-0.030952380952380953,6.62464389726782e-05,-0.03333333333333344,0.00018225263878357954,-0.03571428571428581,0.0005269753969110236,-0.03809523809523818,0.0002511552344555791,-0.02619047619047632,4.574923147592416e-05,-0.023809523809523947,0.00015218631282629285,-0.021428571428571352,0.00010574199189626086,-0.01904761904761909,0.00013197733698261892,-0.01666666666666672,6.935951324766995e-05,0.0,0.0,0.0,0.0,0.0
42,13:57:03,1,-0.02857142857142858,396576.0,-0.029761904761904767,-0.030952380952380953,6.792467711224728e-05,-0.03333333333333344,0.00018181583707602047,-0.03571428571428581,0.0005279438322758093,-0.03809523809523818,0.0002511552344555791,-0.04047619047619044,0.00039052084242592426,-0.02857142857142858,2.8219689264671814e-06,-0.02619047619047632,4.436985766257971e-05,-0.023809523809523947,0.0001516747950371776,-0.021428571428571352,0.00010575348667803873,-0.01904761904761909,0.00013197733698261892,1.0,1.0,1.0,1.0,1.0
42,13:57:06,1,-0.02857142857142858,293551.0,-0.029761904761904767,-0.030952380952380953,6.91287555034792e-05,-0.03333333333333344,0.00019025300690097733,-0.03571428571428581,0.0005298031132283798,-0.03809523809523818,0.00025171560506725033,-0.04047619047619044,0.00038981678704202966,-0.02857142857142858,3.977194495143156e-06,-0.02619047619047632,4.521759781869765e-05,-0.023809523809523947,0.00015143053092439788,-0.021428571428571352,0.00010431663895580493,-0.01904761904761909,0.00013197733698261892,1.0,1.0,1.0,1.0,1.0
42,13:57:09,1,-0.02857142857142858,446240.0,-0.029761904761904767,-0.030952380952380953,6.918622941236855e-05,-0.03333333333333344,0.00018904318111885647,-0.03571428571428581,0.0005297054075832679,-0.03809523809523818,0.00025180181593058434,-0.04047619047619044,0.00038987426095091904,-0.02857142857142858,2.9254219624680147e-06,-0.02619047619047632,4.563140996270099e-05,-0.023809523809523947,0.00015762334460722553,-0.021428571428571352,0.00010431663895580493,-0.01904761904761909,0.00013247735998995626,1.0,1.0,1.0,1.0,1.0
42,13:57:12,1,-0.02857142857142858,470294.0,-0.029761904761904767,-0.030952380952380953,7.083573059749295e-05,-0.03333333333333344,0.00018928457153619176,-0.03571428571428581,0.0005280357905300322,-0.03809523809523818,0.00025201446939347494,-0.04047619047619044,0.00038950068054313826,-0.02857142857142858,2.531725686575954e-06,-0.02619047619047632,4.5734862998701824e-05,-0.023809523809523947,0.00015838487390000945,-0.021428571428571352,0.00010431663895580493,-0.01904761904761909,0.0001324486230355116,1.0,1.0,1.0,1.0,1.0
42,13:57:15,1,-0.02857142857142858,705108.0,-0.029761904761904767,-0.030952380952380953,7.113459492371758e-05,-0.03333333333333344,0.0001893794034858592,-0.03571428571428581,0.0005278030211990304,-0.03809523809523818,0.00025201159569803046,-0.04047619047619044,0.0003894863120659159,-0.02857142857142858,7.68138792306189e-06,-0.02619047619047632,4.612281188370495e-05,-0.023809523809523947,0.00015874121213512344,-0.021428571428571352,0.00010413846983824794,-0.01904761904761909,0.0001324744862945118,1.0,1.0,1.0,1.0,1.0
42,13:57:18,1,-0.02857142857142858,196079.0,-0.029761904761904767,-0.030952380952380953,7.110298427382844e-05,-0.03333333333333344,0.00018897708612363373,-0.03571428571428581,0.0005278375055443639,-0.03809523809523818,0.00025201159569803046,-0.04047619047619044,0.0003895121753249161,-0.02857142857142858,9.167088467851638e-06,-0.02619047619047632,7.513851478649429e-05,-0.023809523809523947,0.00015869235931256748,-0.021428571428571352,0.00010431663895580493,-0.01904761904761909,0.0001324744862945118,1.0,1.0,1.0,1.0,1.0
42,13:57:21,1,-0.030952380952380953,598386.0,-0.029761904761904767,-0.030952380952380953,7.17897974850562e-05,-0.03333333333333344,0.0001902300173374216,-0.03571428571428581,0.0005275558833908061,-0.03809523809523818,0.00025197136396180793,-0.04047619047619044,0.0003896558600971395,-0.02857142857142858,7.348039251503648e-06,-0.02619047619047632,7.516725174093896e-05,-0.023809523809523947,0.00015870098039890088,-0.021428571428571352,0.00010433388112847173,-0.01904761904761909,0.00013253770759429008,1.0,1.0,1.0,1.0,1.0
42,13:57:24,1,-0.030952380952380953,597817.0,-0.029761904761904767,-0.030952380952380953,7.076101451593679e-05,-0.03333333333333344,0.0001892012343683022,-0.03571428571428581,0.0005276708312085849,-0.03809523809523818,0.00025224436502903233,-0.04047619047619044,0.0003897937974784739,-0.02857142857142858,9.282036285630342e-06,-0.02619047619047632,7.547761084894147e-05,-0.023809523809523947,0.00015870672778978983,-0.021428571428571352,0.00010422468070158197,-0.01904761904761909,0.0001324917284671786,1.0,1.0,2.0,1.0,1.0
42,13:57:27,1,-0.030952380952380953,185557.0,-0.029761904761904767,-0.030952380952380953,7.375540516907203e-05,-0.03333333333333344,0.0001891380130685239,-0.03571428571428581,0.0005287772039547048,-0.03809523809523818,0.000252186891120143,-0.04047619047619044,0.0003897937974784739,-0.02857142857142858,1.2943124281882062e-05,-0.02619047619047632,7.502356696871558e-05,-0.023809523809523947,0.00016034760788858084,-0.021428571428571352,0.00010379362638491184,-0.01904761904761909,0.00013250609694440095,1.0,1.0,1.0,1.0,1.0
42,13:57:30,1,-0.030952380952380953,211511.0,-0.029761904761904767,-0.030952380952380953,7.45657872844119e-05,-0.03333333333333344,0.00018871845353363162,-0.03571428571428581,0.0005288806569907057,-0.03809523809523818,0.0002522472387244768,-0.04047619047619044,0.0003905696952484802,-0.02857142857142858,1.8584188439371956e-05,-0.02619047619047632,7.49948300142709e-05,-0.023809523809523947,0.0001614051278121449,-0.021428571428571352,0.00010397466919791329,-0.01904761904761909,0.00013250609694440095,1.0,1.0,1.0,1.0,1.0
42,13:57:33,1,-0.02857142857142858,598744.0,-0.029761904761904767,-0.030952380952380953,7.687623842176385e-05,-0.03333333333333344,0.00019010357473786503,-0.03571428571428581,0.0005330273995170725,-0.03809523809523818,0.00025193975331191877,-0.04047619047619044,0.00039056682155303574,-0.02857142857142858,1.5819693421794128e-05,-0.02619047619047632,7.607821319683518e-05,-0.023809523809523947,0.0001621235516732618,-0.021428571428571352,0.00010397466919791329,-0.01904761904761909,0.00013193135785550741,1.0,1.0,1.0,1.0,1.0
42,13:57:36,1,-0.030952380952380953,2478568.0,-0.029761904761904767,-0.030952380952380953,6.611424898223268e-05,-0.03333333333333344,0.000190459912972979,-0.03571428571428581,0.0005331825790710736,-0.03809523809523818,0.0002519483743982522,-0.04047619047619044,0.00039044900003981257,-0.02857142857142858,1.3693158792888106e-05,-0.02619047619047632,7.575923300249928e-05,-0.023809523809523947,0.00016236781578604154,-0.021428571428571352,0.00010394305854802414,-0.01904761904761909,0.00013185951546939575,1.0,1.0,2.0,1.0,1.0
42,13:57:39,1,-0.02857142857142858,526384.0,-0.029761904761904767,-0.030952380952380953,9.42276115154592e-05,-0.03333333333333344,0.0001917099704913224,-0.03571428571428581,0.0005338147920688565,-0.03809523809523818,0.00025222712285636554,-0.04047619047619044,0.0003907047589343702,-0.02857142857142858,1.3931675514778916e-05,-0.02619047619047632,7.575923300249928e-05,-0.023809523809523947,0.00016409778044361103,-0.021428571428571352,0.00010369304704435547,-0.01904761904761909,0.00013186526286028467,1.0,1.0,2.0,1.0,1.0
42,13:57:42,1,-0.02857142857142858,704426.0,-0.029761904761904767,-0.030952380952380953,9.558974315613684e-05,-0.03333333333333344,0.00019073291404020343,-0.03571428571428581,0.0005341021616133033,-0.03809523809523818,0.0002522501124199213,-0.04047619047619044,0.0003900725459365873,-0.02857142857142858,1.4221918754670143e-05,-0.02619047619047632,7.573049604805461e-05,-0.023809523809523947,0.00016332763006449372,-0.021428571428571352,0.00010355510966302102,-0.01904761904761909,0.00013200894763250805,1.0,1.0,2.0,1.0,1.0
42,13:57:45,1,-0.030952380952380953,691416.0,-0.029761904761904767,-0.030952380952380953,0.00010123655470451567,-0.03333333333333344,0.00019045703927753454,-0.03571428571428581,0.0005338492764141901,-0.03809523809523818,0.00025245127110103404,-0.04047619047619044,0.00039030818896303366,-0.02857142857142858,1.129362309675766e-05,-0.02619047619047632,7.578796995694396e-05,-0.023809523809523947,0.00016354028352738432,-0.021428571428571352,0.00010355510966302102,-0.01904761904761909,0.00013225033804984334,1.0,1.0,1.0,1.0,1.0
42,13:57:48,1,-0.030952380952380953,536232.0,-0.029761904761904767,-0.030952380952380953,0.00010325101521108745,-0.03333333333333344,0.00019053750274997962,-0.03571428571428581,0.0005334871907881872,-0.03809523809523818,0.00025236793393314445,-0.04047619047619044,0.00039042313678081236,-0.02857142857142858,8.813623928182123e-06,-0.02619047619047632,7.653225707706107e-05,-0.023809523809523947,0.00016414950696161146,-0.021428571428571352,0.00010355510966302102,-0.01904761904761909,0.00013222160109539866,1.0,1.0,1.0,1.0,1.0
42,13:57:51,1,-0.030952380952380953,231063.0,-0.029761904761904767,-0.030952380952380953,0.00010453555707476448,-0.03333333333333344,0.0001901926592966435,-0.03571428571428581,0.0005336854757738555,-0.03809523809523818,0.00025239379719214466,-0.04047619047619044,0.00039025358874958876,-0.02857142857142858,9.951607324191292e-06,-0.02619047619047632,7.6716173585507e-05,-0.023809523809523947,0.000164589182364615,-0.021428571428571352,0.00010355510966302102,-0.01904761904761909,0.00013220435892273184,1.0,1.0,1.0,1.0,1.0
42,13:57:54,1,-0.02857142857142858,829756.0,-0.029761904761904767,-0.030952380952380953,0.0001051361594226582,-0.03333333333333344,0.0001903277229825335,-0.03571428571428581,0.0005343176887716383,-0.03809523809523818,0.0002524024182784781,-0.04047619047619044,0.000390279452008589,-0.02857142857142858,8.776265887404044e-06,-0.02619047619047632,7.702365899806503e-05,-0.023809523809523947,0.0001652903640530651,-0.021428571428571352,0.00010359821509468804,-0.01904761904761909,0.00013220435892273184,1.0,2.0,1.0,1.0,1.0
42,13:57:57,1,-0.02857142857142858,2627641.0,-0.029761904761904767,-0.030952380952380953,9.450348627812809e-05,-0.03333333333333344,0.0001937589153432278,-0.03571428571428581,0.0005345418370163069,-0.03809523809523818,0.00025243115523292277,-0.04047619047619044,0.00038853224517835264,-0.02857142857142858,1.561278734979246e-05,-0.02619047619047632,7.766449308218131e-05,-0.023809523809523947,0.00016559784946562313,-0.021428571428571352,0.00010356947814024335,-0.01904761904761909,0.00013224746435439887,1.0,1.0,1.0,1.0,1.0
42,13:58:00,1,-0.030952380952380953,152928.0,-0.029761904761904767,-0.030952380952380953,9.472188713190762e-05,-0.03333333333333344,0.00019425893835056516,-0.03571428571428581,0.0005349441543785323,-0.03809523809523818,0.0002526323139140355,-0.04047619047619044,0.00038837131823346246,-0.02857142857142858,1.607832601179621e-05,-0.02619047619047632,7.771621960018172e-05,-0.023809523809523947,0.00016543692252073293,-0.021428571428571352,0.00010362695204913271,-0.01904761904761909,0.00013224746435439887,1.0,1.0,1.0,1.0,1.0
42,13:58:03,1,-0.02857142857142858,244858.0,-0.029761904761904767,-0.030952380952380953,9.748638214948546e-05,-0.03333333333333344,0.00019448883398612258,-0.03571428571428581,0.0005349585228557547,-0.03809523809523818,0.00025269553521381374,-0.04047619047619044,0.0003883770656243514,-0.02857142857142858,2.201538080006627e-05,-0.02619047619047632,7.750931352818005e-05,-0.023809523809523947,0.00016413513848438912,-0.021428571428571352,0.00010356947814024335,-0.01904761904761909,0.00013230493826328822,1.0,1.0,1.0,1.0,1.0
42,13:58:06,1,-0.02857142857142858,1272175.0,-0.029761904761904767,-0.030952380952380953,9.823354296504703e-05,-0.03333333333333344,0.0001916467491915441,-0.03571428571428581,0.0005349930072010882,-0.03809523809523818,0.0002528162304224814,-0.04047619047619044,0.00038848626605124116,-0.02857142857142858,1.5977746671239845e-05,-0.02619047619047632,7.769323003662598e-05,-0.023809523809523947,0.0001638448952444979,-0.021428571428571352,0.00010357235183568783,-0.01904761904761909,0.00013230493826328822,1.0,2.0,1.0,1.0,1.0
42,13:58:09,1,-0.02857142857142858,2539433.0,-0.029761904761904767,-0.030952380952380953,9.631391440814268e-05,-0.03333333333333344,0.0001939888109787852,-0.03571428571428581,0.0005360275375610966,-0.03809523809523818,0.0002527961145543701,-0.04047619047619044,0.0003885724769145752,-0.02857142857142858,2.3621776553523657e-06,-0.02619047619047632,7.777369350907107e-05,-0.023809523809523947,0.00016598579835062625,-0.021428571428571352,0.0001039373111571352,-0.01904761904761909,0.000134497567887417,2.0,2.0,1.0,1.0,1.0
42,13:58:12,1,-0.02857142857142858,885753.0,-0.029761904761904767,-0.030952380952380953,9.564721706502619e-05,-0.03333333333333344,0.00019510380481123864,-0.03571428571428581,0.0005363953705779885,-0.03809523809523818,0.0002526926615183693,-0.04047619047619044,0.0003885638558282418,-0.02857142857142858,4.724355310704731e-06,-0.02619047619047632,7.794611523573913e-05,-0.023809523809523947,0.0001660001668278486,-0.021428571428571352,0.00010399478506602457,-0.01904761904761909,0.00013456941027352868,1.0,2.0,1.0,1.0,1.0
42,13:58:15,1,-0.02857142857142858,939390.0,-0.029761904761904767,-0.030952380952380953,9.366436720834356e-05,-0.03333333333333344,0.00019574176519991044,-0.03571428571428581,0.0005366310136044348,-0.03809523809523818,0.00025263518760947995,-0.04047619047619044,0.0003885753506100197,-0.02857142857142858,3.1323280344696818e-06,-0.02619047619047632,7.794611523573913e-05,-0.023809523809523947,0.00016600304052329307,-0.021428571428571352,0.00010394880593891307,-0.01904761904761909,0.00013497172763575415,1.0,1.0,1.0,1.0,1.0
42,13:58:18,1,-0.030952380952380953,252753.0,-0.029761904761904767,-0.030952380952380953,9.532248947980136e-05,-0.03333333333333344,0.00019576762845891066,-0.03571428571428581,0.0005377029020052212,-0.03809523809523818,0.0002526696719548136,-0.04047619047619044,0.00038870179320957623,-0.02857142857142858,3.040369780246719e-06,-0.02619047619047632,7.84633804157433e-05,-0.023809523809523947,0.0001661237357319607,-0.021428571428571352,0.00010400627984780244,-0.01904761904761909,0.00013426192486097065,1.0,1.0,1.0,1.0,1.0
42,13:58:21,1,-0.030952380952380953,697090.0,-0.029761904761904767,-0.030952380952380953,9.986580197750462e-05,-0.03333333333333344,0.00019641708362936033,-0.03571428571428581,0.0005383408623938931,-0.03809523809523818,0.00025331912712526323,-0.04047619047619044,0.0003888224884182439,-0.02857142857142858,2.3851672189081064e-07,-0.02619047619047632,7.771334590473726e-05,-0.023809523809523947,0.0001658651031419586,-0.021428571428571352,0.00010400627984780244,-0.01904761904761909,0.00013421881942930365,2.0,1.0,1.0,1.0,1.0
42,13:58:24,1,-0.02857142857142858,81514.0,-0.027380952380952395,-0.02857142857142858,9.483194966743074e-08,-0.030952380952380953,0.00010045778323906496,-0.03333333333333344,0.0001970924020588102,-0.03571428571428581,0.0005387719167105632,-0.03809523809523818,0.00025339671690226387,-0.02619047619047632,7.786277806784956e-05,-0.023809523809523947,0.0001657329131515131,-0.021428571428571352,0.00010393443746169074,-0.01904761904761909,0.00013435100941974913,-0.01666666666666672,6.996586298645262e-05,1.0,0.0,0.0,0.0,1.0
42,13:58:27,1,-0.02857142857142858,326848.0,-0.029761904761904767,-0.030952380952380953,0.00010947256584835981,-0.03333333333333344,0.0001975636881117029,-0.03571428571428581,0.0005387374323652295,-0.03809523809523818,0.0002540289299000467,-0.04047619047619044,0.00038913572122169086,-0.02857142857142858,6.120971296715983e-07,-0.02619047619047632,7.799496805829508e-05,-0.023809523809523947,0.00016611224095018282,-0.021428571428571352,0.0001039200689844684,-0.01904761904761909,0.00013435100941974913,2.0,1.0,1.0,1.0,2.0
42,13:58:30,1,-0.030952380952380953,202291.0,-0.029761904761904767,-0.030952380952380953,0.00011013064210514289,-0.03333333333333344,0.00019952929579571875,-0.03571428571428581,0.0005388523801830083,-0.03809523809523818,0.0002518909004893628,-0.04047619047619044,0.0003888885834134666,-0.02857142857142858,2.6437998089101904e-06,-0.02619047619047632,7.784553589518276e-05,-0.023809523809523947,0.00016468401431428244,-0.021428571428571352,0.00010387408985735692,-0.01904761904761909,0.00013447457832386125,1.0,1.0,1.0,1.0,2.0
42,13:58:33,1,-0.02857142857142858,1034612.0,-0.029761904761904767,-0.030952380952380953,0.00011049560142659027,-0.03333333333333344,0.0002005523313739492,-0.03571428571428581,0.0005385707580294505,-0.03809523809523818,0.0002517328472399171,-0.04047619047619044,0.0003888655938499109,-0.02857142857142858,1.129362309675766e-06,-0.02619047619047632,7.781967263618256e-05,-0.023809523809523947,0.00016629615745862876,-0.021428571428571352,0.00010387408985735692,-0.01904761904761909,0.00013429640920630426,1.0,1.0,1.0,1.0,2.0
42,13:58:36,1,-0.02857142857142858,838443.0,-0.027380952380952395,-0.02857142857142858,1.2308037588654723e-05,-0.030952380952380953,0.00011223418717049317,-0.03333333333333344,0.00020084832200472936,-0.03571428571428581,0.0005386196108520064,-0.03809523809523818,0.0002515316885588044,-0.02619047619047632,7.86846549649673e-05,-0.023809523809523947,0.00016609499877751603,-0.021428571428571352,0.00010385972138013458,-0.01904761904761909,0.00013406076617985792,-0.01666666666666672,6.886236393577706e-05,0.0,0.0,0.0,0.0,1.0
42,13:58:39,1,-0.02857142857142858,518978.0,-0.027380952380952395,-0.02857142857142858,1.176203545420588e-05,-0.030952380952380953,0.0001132514753578347,-0.03333333333333344,0.00020088568004550744,-0.03571428571428581,0.0005387805377968965,-0.03809523809523818,0.0002515316885588044,-0.02619047619047632,7.916743579963786e-05,-0.023809523809523947,0.0001662473046360728,-0.021428571428571352,0.00010365281530813291,-0.01904761904761909,0.00013400329227096857,-0.01666666666666672,6.886236393577706e-05,0.0,0.0,0.0,0.0,1.0
42,13:58:42,1,-0.02857142857142858,141586.0,-0.027380952380952395,-0.02857142857142858,1.4805278929897066e-05,-0.030952380952380953,0.0001146969441664019,-0.03333333333333344,0.0002026472553529661,-0.03571428571428581,0.0005379787767678901,-0.03809523809523818,0.0002513793827002476,-0.02619047619047632,7.92881310083055e-05,-0.023809523809523947,0.0001665576637440753,-0.021428571428571352,0.00010350050944957613,-0.01904761904761909,0.00013439411485141617,-0.01666666666666672,6.886236393577706e-05,0.0,0.0,0.0,0.0,1.0
42,13:58:45,1,-0.02857142857142858,2575598.0,-0.029761904761904767,-0.030952380952380953,0.0001151136300058497,-0.03333333333333344,0.00020321624705097068,-0.03571428571428581,0.000538567884334006,-0.03809523809523818,0.0002508046436113541,-0.04047619047619044,0.0003893253851210257,-0.02857142857142858,1.2428732797322362e-05,-0.02619047619047632,8.058129395831592e-05,-0.023809523809523947,0.00016669272742996527,-0.021428571428571352,0.00010350050944957613,-0.01904761904761909,0.00013439411485141617,1.0,1.0,1.0,1.0,2.0
42,13:58:48,1,-0.030952380952380953,213281.0,-0.029761904761904767,-0.030952380952380953,0.00011538375737762966,-0.03333333333333344,0.00020301221467441347,-0.03571428571428581,0.0005390564125595655,-0.03809523809523818,0.0002508046436113541,-0.04047619047619044,0.0003894978068476938,-0.02857142857142858,1.2675870605546574e-05,-0.02619047619047632,8.375098003356368e-05,-0.023809523809523947,0.00016657777961218658,-0.021428571428571352,0.00010342866706346444,-0.01904761904761909,0.00013432227246530447,1.0,1.0,1.0,1.0,2.0
42,13:58:51,1,-0.02857142857142858,514705.0,-0.029761904761904767,-0.030952380952380953,0.00011319687514438981,-0.03333333333333344,0.00020314440466485899,-0.03571428571428581,0.0005394328666627907,-0.03809523809523818,0.0002508046436113541,-0.04047619047619044,0.00039043750525803467,-0.02857142857142858,1.5262196505567413e-05,-0.02619047619047632,7.954101620741864e-05,-0.023809523809523947,0.00016767265757652874,-0.021428571428571352,0.00010341142489079764,-0.01904761904761909,0.00013432227246530447,1.0,1.0,1.0,1.0,2.0
42,13:58:54,1,-0.02857142857142858,849083.0,-0.029761904761904767,-0.030952380952380953,0.00011259339910105162,-0.03333333333333344,0.00020325935248263768,-0.03571428571428581,0.0005393466557994566,-0.03809523809523818,0.00025073854861613134,-0.04047619047619044,0.0003907909697977042,-0.02857142857142858,1.3374178598552201e-05,-0.02619047619047632,7.965596402519735e-05,-0.023809523809523947,0.00016797439559819782,-0.021428571428571352,0.00010332808772290808,-0.01904761904761909,0.00013432227246530447,1.0,1.0,1.0,1.0,2.0
42,13:58:57,1,-0.02857142857142858,867096.0,-0.029761904761904767,-0.030952380952380953,0.00011295548472705453,-0.03333333333333344,0.00020486862193153953,-0.03571428571428581,0.0005395851725213474,-0.03809523809523818,0.0002505488847167965,-0.04047619047619044,0.00039073349588881486,-0.02857142857142858,2.2713688793071896e-05,-0.02619047619047632,8.817451690514155e-05,-0.023809523809523947,0.00016815256471575482,-0.021428571428571352,0.00010280220145657051,-0.01904761904761909,0.000134276293338193,1.0,1.0,1.0,1.0,2.0
42,13:59:00,1,-0.030952380952380953,295643.0,-0.029761904761904767,-0.030952380952380953,0.00011318538036261194,-0.03333333333333344,0.00020479103215453892,-0.03571428571428581,0.0005393782664493458,-0.03809523809523818,0.0002505632531940188,-0.04047619047619044,0.0003909950021742614,-0.02857142857142858,2.3026921596518862e-05,-0.02619047619047632,8.841878101792128e-05,-0.023809523809523947,0.00016815831210664376,-0.021428571428571352,0.00010280220145657051,-0.01904761904761909,0.00013492574850864267,1.0,1.0,1.0,1.0,2.0
42,13:59:03,1,-0.030952380952380953,331248.0,-0.029761904761904767,-0.030952380952380953,0.00011211349196182553,-0.03333333333333344,0.0002043915884877579,-0.03571428571428581,0.0005393294136267899,-0.03809523809523818,0.0002505201477623518,-0.04047619047619044,0.00039140594062282024,-0.02857142857142858,2.3776956107524906e-05,-0.02619047619047632,8.821762233680855e-05,-0.023809523809523947,0.000167870942562197,-0.021428571428571352,0.00010280220145657051,-0.01904761904761909,0.00013488264307697566,1.0,1.0,1.0,1.0,2.0
42,13:59:06,1,-0.030952380952380953,742262.0,-0.029761904761904767,-0.030952380952380953,0.00011228591368849358,-0.03333333333333344,0.00020440883066042472,-0.03571428571428581,0.0005403869335503539,-0.03809523809523818,0.0002506149797120192,-0.04047619047619044,0.00039157261495859937,-0.02857142857142858,2.8849028567010215e-05,-0.02619047619047632,8.845039166781043e-05,-0.023809523809523947,0.00016791117429841955,-0.021428571428571352,0.00010313842382357322,-0.01904761904761909,0.00013488264307697566,1.0,1.0,1.0,1.0,2.0
42,13:59:09,1,-0.030952380952380953,368584.0,-0.029761904761904767,-0.030952380952380953,0.00011233476651104954,-0.03333333333333344,0.00020464734738231553,-0.03571428571428581,0.0005412030630565827,-0.03809523809523818,0.00025066670623001964,-0.04047619047619044,0.0003912277715052633,-0.02857142857142858,3.188939834725693e-05,-0.02619047619047632,8.843602319058809e-05,-0.023809523809523947,0.00016817842797475503,-0.021428571428571352,0.00010313842382357322,-0.01904761904761909,0.00013486827459975332,1.0,1.0,1.0,1.0,2.0
42,13:59:12,1,-0.02857142857142858,297821.0,-0.029761904761904767,-0.030952380952380953,0.0001147055652527353,-0.03333333333333344,0.0002046760843367602,-0.03571428571428581,0.0005418553919224769,-0.03809523809523818,0.00025058049536668564,-0.04047619047619044,0.00039126512954604134,-0.02857142857142858,3.5010231599948744e-05,-0.02619047619047632,8.843602319058809e-05,-0.023809523809523947,0.0001673565510776373,-0.021428571428571352,0.00010336831945913062,-0.01904761904761909,0.00013469010548219633,1.0,1.0,1.0,1.0,2.0
42,13:59:15,1,-0.02857142857142858,862287.0,-0.029761904761904767,-0.030952380952380953,0.0001133491810029466,-0.03333333333333344,0.00020594913141865935,-0.03571428571428581,0.0005417375704092537,-0.03809523809523818,0.00025058049536668564,-0.04047619047619044,0.0003912823717187081,-0.02857142857142858,3.472860944639092e-05,-0.02619047619047632,8.840728623614341e-05,-0.023809523809523947,0.00016727034021430328,-0.021428571428571352,0.00010192859804145236,-0.01904761904761909,0.00013469010548219633,1.0,1.0,1.0,1.0,2.0
42,13:59:18,1,-0.02857142857142858,324808.0,-0.029761904761904767,-0.030952380952380953,0.00011665393076408433,-0.03333333333333344,0.00020654973376655307,-0.03571428571428581,0.0005419904556083669,-0.03809523809523818,0.0002505718742803522,-0.04047619047619044,0.00039129961389137497,-0.02857142857142858,4.001333536876683e-05,-0.02619047619047632,8.859982383092275e-05,-0.023809523809523947,0.00016715539239652456,-0.021428571428571352,0.00010199756673211959,-0.01904761904761909,0.0001344602098466389,1.0,1.0,1.0,1.0,2.0
42,13:59:21,1,-0.02857142857142858,1708713.0,-0.029761904761904767,-0.030952380952380953,0.00011021972666392139,-0.03333333333333344,0.00020704688307844596,-0.03571428571428581,0.000541395600651362,-0.03809523809523818,0.0002505718742803522,-0.04047619047619044,0.000391250761068819,-0.02857142857142858,3.860522460097771e-05,-0.02619047619047632,8.763426216158164e-05,-0.023809523809523947,0.0001682244071018665,-0.021428571428571352,0.00010199756673211959,-0.01904761904761909,0.0001344889468010836,1.0,1.0,1.0,1.0,2.0
42,13:59:24,1,-0.030952380952380953,535452.0,-0.029761904761904767,-0.030952380952380953,0.00011140656288248651,-0.03333333333333344,0.00020838889885101234,-0.03571428571428581,0.0005418467708361435,-0.03809523809523818,0.0002509167177336883,-0.04047619047619044,0.0003914519197499317,-0.02857142857142858,3.74356305550794e-05,-0.02619047619047632,8.770035715680439e-05,-0.023809523809523947,0.00016612086203651624,-0.021428571428571352,0.00010327636120490766,-0.01904761904761909,0.0001345607891871953,1.0,1.0,1.0,2.0,2.0
42,13:59:27,1,-0.030952380952380953,243834.0,-0.029761904761904767,-0.030952380952380953,0.0001117973854629341,-0.03333333333333344,0.00020858143644579167,-0.03571428571428581,0.0005412375474019164,-0.03809523809523818,0.00025093108621091067,-0.04047619047619044,0.00039145766714082067,-0.02857142857142858,3.793852725786123e-05,-0.02619047619047632,8.692158569135367e-05,-0.023809523809523947,0.0001666036428711868,-0.021428571428571352,0.00010327636120490766,-0.01904761904761909,0.00013486252720886437,1.0,1.0,1.0,2.0,2.0
42,13:59:30,1,-0.030952380952380953,663720.0,-0.029761904761904767,-0.030952380952380953,0.00010963061909780552,-0.03333333333333344,0.00020843200428267937,-0.03571428571428581,0.0005415910119415859,-0.03809523809523818,0.0002507299275297979,-0.04047619047619044,0.00039185998450304613,-0.02857142857142858,3.742413577330153e-05,-0.02619047619047632,8.818026429603048e-05,-0.023809523809523947,0.000166629506130187,-0.021428571428571352,0.00010327636120490766,-0.01904761904761909,0.0001349774750266431,1.0,1.0,1.0,2.0,2.0
42,13:59:33,1,-0.02857142857142858,444591.0,-0.029761904761904767,-0.030952380952380953,0.00010815641333479365,-0.03333333333333344,0.00020768196977167332,-0.03571428571428581,0.00054210827712159,-0.03809523809523818,0.0002507586644842426,-0.04047619047619044,0.000391963437539047,-0.02857142857142858,3.5018852686282153e-05,-0.02619047619047632,8.832969645914279e-05,-0.023809523809523947,0.00016700883392885673,-0.021428571428571352,0.00010327636120490766,-0.01904761904761909,0.0001349774750266431,1.0,1.0,1.0,2.0,2.0
42,13:59:36,1,-0.030952380952380953,305981.0,-0.029761904761904767,-0.030952380952380953,0.0001077885803179018,-0.03333333333333344,0.00020775668585322948,-0.03571428571428581,0.0005424128888387036,-0.03809523809523818,0.00025090809664735493,-0.04047619047619044,0.00039266461922749706,-0.02857142857142858,3.6889628420630554e-05,-0.02619047619047632,8.835843341358747e-05,-0.023809523809523947,0.00016718987674185816,-0.021428571428571352,0.00010311681363383082,-0.01904761904761909,0.0001350205804583101,1.0,1.0,1.0,2.0,2.0
42,13:59:39,1,-0.030952380952380953,2307165.0,-0.029761904761904767,-0.030952380952380953,9.721338108226104e-05,-0.03333333333333344,0.00020786301258467478,-0.03571428571428581,0.0005430939546590424,-0.03809523809523818,0.00025159778355402716,-0.04047619047619044,0.0003926617455320526,-0.02857142857142858,3.5208516585617015e-05,-0.02619047619047632,9.153099318427969e-05,-0.023809523809523947,0.0001672760876051922,-0.021428571428571352,0.00010311681363383082,-0.01904761904761909,0.00013503494893553244,1.0,1.0,1.0,2.0,2.0
42,13:59:42,1,-0.030952380952380953,181766.0,-0.029761904761904767,-0.030952380952380953,9.777087799848775e-05,-0.03333333333333344,0.00020868776317723697,-0.03571428571428581,0.000543846862865493,-0.03809523809523818,0.00025154318334058226,-0.04047619047619044,0.00039281979878149834,-0.02857142857142858,3.6653985394184215e-05,-0.02619047619047632,9.187008924672687e-05,-0.023809523809523947,0.00016755770975875002,-0.021428571428571352,0.00010321451927894273,-0.01904761904761909,0.00013503494893553244,1.0,1.0,1.0,2.0,2.0
42,13:59:45,1,-0.030952380952380953,83907.0,-0.029761904761904767,-0.030952380952380953,9.90784094257205e-05,-0.03333333333333344,0.00020862741557290315,-0.03571428571428581,0.0005455222273096175,-0.03809523809523818,0.00025154318334058226,-0.04047619047619044,0.00039289164116761003,-0.02857142857142858,3.67172066939625e-05,-0.02619047619047632,9.143903493005673e-05,-0.023809523809523947,0.00016718700304641372,-0.021428571428571352,0.00010034082383447512,-0.01904761904761909,0.00013474757939108568,1.0,1.0,1.0,2.0,2.0
42,13:59:48,1,-0.02857142857142858,1366636.0,-0.029761904761904767,-0.030952380952380953,9.911576746649858e-05,-0.03333333333333344,0.00020885156381757162,-0.03571428571428581,0.0005464360624609583,-0.03809523809523818,0.00025147421464991504,-0.04047619047619044,0.00039174503668526744,-0.02857142857142858,3.0762909733025634e-05,-0.02619047619047632,9.186146816039347e-05,-0.023809523809523947,0.00016689963350196695,-0.021428571428571352,0.00010034082383447512,-0.01904761904761909,0.00013474757939108568,1.0,1.0,1.0,2.0,2.0
42,13:59:51,1,-0.030952380952380953,303727.0,-0.029761904761904767,-0.030952380952380953,9.860424967738335e-05,-0.03333333333333344,0.00020174491498340326,-0.03571428571428581,0.0005467607900461831,-0.03809523809523818,0.000251344898354914,-0.04047619047619044,0.0003917507840761564,-0.02857142857142858,2.7107569127662854e-05,-0.02619047619047632,9.159996187494692e-05,-0.023809523809523947,0.00016693699154274503,-0.021428571428571352,0.00010031208688003044,-0.01904761904761909,0.0001361183321180967,1.0,1.0,1.0,2.0,2.0
42,13:59:54,1,-0.030952380952380953,249010.0,-0.029761904761904767,-0.030952380952380953,0.00010271076046752756,-0.03333333333333344,0.00020151214565240137,-0.03571428571428581,0.0005468728641685173,-0.03809523809523818,0.0002512012135826906,-0.04047619047619044,0.00039151226735426557,-0.02857142857142858,2.7400686062998548e-05,-0.02619047619047632,9.171203599728116e-05,-0.023809523809523947,0.0001668795176338557,-0.021428571428571352,0.00010022587601669642,-0.01904761904761909,0.00013679652424299107,1.0,1.0,1.0,2.0,2.0
42,13:59:57,1,-0.02857142857142858,650275.0,-0.029761904761904767,-0.030952380952380953,0.00010279122393997264,-0.03333333333333344,0.0002017133043335141,-0.03571428571428581,0.0005471688547992974,-0.03809523809523818,0.0002514598461726927,-0.04047619047619044,0.00039157548865404384,-0.02857142857142858,3.413375448938613e-05,-0.02619047619047632,9.199940554172791e-05,-0.023809523809523947,0.00016655191635318636,-0.021428571428571352,9.998161190391667e-05,-0.01904761904761909,0.00013679652424299107,1.0,1.0,1.0,2.0,2.0
42,14:00:00,1,-0.030952380952380953,240044.0,-0.029761904761904767,-0.030952380952380953,0.00010066756300651109,-0.03333333333333344,0.00020186273649662643,-0.03571428571428581,0.0005471487389311862,-0.03809523809523818,0.00025154605703602673,-0.04047619047619044,0.00039160135191304405,-0.02857142857142858,3.426881817527611e-05,-0.02619047619047632,9.199940554172791e-05,-0.023809523809523947,0.00016669847482085422,-0.021428571428571352,9.998161190391667e-05,-0.01904761904761909,0.00013675341881132406,1.0,1.0,1.0,2.0,2.0
42,14:00:03,1,-0.02857142857142858,838022.0,-0.029761904761904767,-0.030952380952380953,9.872207119060652e-05,-0.03333333333333344,0.0002018914734510711,-0.03571428571428581,0.0005474418558665219,-0.03809523809523818,0.0002518909004893628,-0.04047619047619044,0.00039170193125360043,-0.02857142857142858,3.874316198231216e-05,-0.02619047619047632,9.211435335950662e-05,-0.023809523809523947,0.00016664100091196487,-0.021428571428571352,9.998161190391667e-05,-0.01904761904761909,0.00013675341881132406,1.0,1.0,1.0,2.0,2.0
42,14:00:06,1,-0.030952380952380953,188195.0,-0.029761904761904767,-0.030952380952380953,9.905541986216476e-05,-0.03333333333333344,0.00020320187857374833,-0.03571428571428581,0.0005477780782335247,-0.03809523809523818,0.0002521696489474762,-0.04047619047619044,0.0003917938895078234,-0.02857142857142858,4.812003021760993e-05,-0.02619047619047632,9.181836272872646e-05,-0.023809523809523947,0.00016609499877751603,-0.021428571428571352,9.998161190391667e-05,-0.01904761904761909,0.0001367850294612132,1.0,1.0,1.0,2.0,2.0
42,14:00:09,1,-0.02857142857142858,96180.0,-0.029761904761904767,-0.030952380952380953,0.00010057273105684365,-0.03333333333333344,0.00020374213331730823,-0.03571428571428581,0.0005470424121997409,-0.03809523809523818,0.0002521696489474762,-0.04047619047619044,0.0003920783853568257,-0.02857142857142858,6.371557539473558e-05,-0.02619047619047632,9.199078445539451e-05,-0.023809523809523947,0.00016603752486862668,-0.021428571428571352,9.906202936168704e-05,-0.01904761904761909,0.00013671606077054598,1.0,1.0,1.0,2.0,2.0
42,14:00:12,1,-0.030952380952380953,172813.0,-0.029761904761904767,-0.030952380952380953,0.00010226533767363508,-0.03333333333333344,0.00020389156548042056,-0.03571428571428581,0.0005471401178448528,-0.03809523809523818,0.00025222712285636554,-0.04047619047619044,0.00039226517556071607,-0.02857142857142858,6.48937905269673e-05,-0.02619047619047632,9.204825836428386e-05,-0.023809523809523947,0.00016594269291895925,-0.021428571428571352,9.906202936168704e-05,-0.01904761904761909,0.00013671606077054598,1.0,1.0,1.0,2.0,2.0
42,14:00:15,1,-0.030952380952380953,295393.0,-0.029761904761904767,-0.030952380952380953,0.00010490913748254527,-0.03333333333333344,0.00020419042980664517,-0.03571428571428581,0.0005480309634326377,-0.03809523809523818,0.0002523190811105885,-0.04047619047619044,0.00039252380815071815,-0.02857142857142858,6.586509958719734e-05,-0.02619047619047632,9.204825836428386e-05,-0.023809523809523947,0.0001660720092139603,-0.021428571428571352,9.998735929480561e-05,-0.01904761904761909,0.00013671606077054598,1.0,1.0,1.0,2.0,2.0
42,14:00:18,1,-0.02857142857142858,376336.0,-0.029761904761904767,-0.030952380952380953,0.00010515627529076948,-0.03333333333333344,0.00020396340786653225,-0.03571428571428581,0.0005481516586413054,-0.03809523809523818,0.0002523190811105885,-0.04047619047619044,0.00039243472359193967,-0.02857142857142858,6.657490236198085e-05,-0.02619047619047632,9.226378552261894e-05,-0.023809523809523947,0.0001661064935592939,-0.021428571428571352,9.990114843147159e-05,-0.01904761904761909,0.00013671606077054598,1.0,1.0,1.0,2.0,2.0
42,14:00:21,1,-0.02857142857142858,310009.0,-0.029761904761904767,-0.030952380952380953,0.00010433152469820727,-0.03333333333333344,0.000204693326509427,-0.03571428571428581,0.0005484850073128637,-0.03809523809523818,0.0002523018389379217,-0.04047619047619044,0.0003925870294504964,-0.02857142857142858,6.894570110366662e-05,-0.02619047619047632,9.226378552261894e-05,-0.023809523809523947,0.00016682491742041079,-0.021428571428571352,9.98896536496937e-05,-0.01904761904761909,0.00013671606077054598,1.0,1.0,1.0,2.0,2.0
42,14:00:24,1,-0.02857142857142858,519234.0,-0.029761904761904767,-0.030952380952380953,0.00010396081798587096,-0.03333333333333344,0.00020375937548997505,-0.03571428571428581,0.0005506488999825477,-0.03809523809523818,0.0002523018389379217,-0.04047619047619044,0.00039253530293249605,-0.02857142857142858,6.916984934833509e-05,-0.02619047619047632,9.226378552261894e-05,-0.023809523809523947,0.00016687377024296674,-0.021428571428571352,9.98551693043601e-05,-0.01904761904761909,0.00013685974554276936,1.0,1.0,2.0,2.0,2.0
42,14:00:27,1,-0.02857142857142858,477229.0,-0.029761904761904767,-0.030952380952380953,0.00010471372619232147,-0.03333333333333344,0.00020450366261009215,-0.03571428571428581,0.0005507724688866598,-0.03809523809523818,0.00025250874500992336,-0.04047619047619044,0.0003924835764144956,-0.02857142857142858,6.843993070544031e-05,-0.02619047619047632,9.247356529006506e-05,-0.023809523809523947,0.00016672433807985443,-0.021428571428571352,9.956779975991334e-05,-0.01904761904761909,0.00013689710358354745,1.0,1.0,2.0,2.0,2.0
42,14:00:30,1,-0.030952380952380953,330341.0,-0.029761904761904767,-0.030952380952380953,0.0001050470748638797,-0.03333333333333344,0.00020279381382063392,-0.03571428571428581,0.0005508615534454384,-0.03809523809523818,0.00025452033182105067,-0.04047619047619044,0.00039284853573594297,-0.02857142857142858,6.823015093799417e-05,-0.02619047619047632,9.287588265229053e-05,-0.023809523809523947,0.00016664100091196487,-0.021428571428571352,9.992413799502733e-05,-0.01904761904761909,0.00013689710358354745,1.0,1.0,2.0,2.0,2.0
42,14:00:33,1,-0.02857142857142858,742278.0,-0.029761904761904767,-0.030952380952380953,0.00010247799113652568,-0.03333333333333344,0.00020284266664318988,-0.03571428571428581,0.000550804079536549,-0.03809523809523818,0.00025470137463405216,-0.04047619047619044,0.0003929002622539434,-0.02857142857142858,6.812669790199335e-05,-0.02619047619047632,9.293623025662435e-05,-0.023809523809523947,0.00016664100091196487,-0.021428571428571352,9.992413799502733e-05,-0.01904761904761909,0.0001368741140199917,1.0,1.0,2.0,2.0,2.0
42,14:00:36,1,-0.030952380952380953,323532.0,-0.029761904761904767,-0.030952380952380953,0.00010266478134041606,-0.03333333333333344,0.0002079406023616754,-0.03571428571428581,0.0005509621327859947,-0.03809523809523818,0.0002547588485429415,-0.04047619047619044,0.00039301808376716657,-0.02857142857142858,6.940261867933697e-05,-0.02619047619047632,9.282128243884565e-05,-0.023809523809523947,0.00016651743200785275,-0.021428571428571352,9.992413799502733e-05,-0.01904761904761909,0.00013703504096488188,1.0,1.0,2.0,2.0,2.0
42,14:00:39,1,-0.030952380952380953,1124118.0,-0.029761904761904767,-0.030952380952380953,9.874793444960673e-05,-0.03333333333333344,0.00020864753144101441,-0.03571428571428581,0.0005504017621743235,-0.03809523809523818,0.00025470137463405216,-0.04047619047619044,0.0003930813050669449,-0.02857142857142858,6.843130961910692e-05,-0.02619047619047632,9.375810715374209e-05,-0.023809523809523947,0.0001666036428711868,-0.021428571428571352,9.992413799502733e-05,-0.01904761904761909,0.00013703504096488188,1.0,1.0,2.0,2.0,2.0
42,14:00:42,1,-0.02857142857142858,861876.0,-0.029761904761904767,-0.030952380952380953,9.423048521090367e-05,-0.03333333333333344,0.00020866189991823676,-0.03571428571428581,0.0005508012058411045,-0.03809523809523818,0.00025470137463405216,-0.04047619047619044,0.0003930094626808332,-0.02857142857142858,6.70663042829848e-05,-0.02619047619047632,9.358855912251849e-05,-0.023809523809523947,0.00016667548525729848,-0.021428571428571352,9.992413799502733e-05,-0.01904761904761909,0.00013702929357399293,1.0,1.0,2.0,2.0,2.0
42,14:00:45,1,-0.030952380952380953,561055.0,-0.029761904761904767,-0.030952380952380953,9.23022355676659e-05,-0.03333333333333344,0.00021788358859953328,-0.03571428571428581,0.000550766721495771,-0.03809523809523818,0.0002545260792119396,-0.04047619047619044,0.0003928399146496096,-0.02857142857142858,6.585935219630841e-05,-0.02619047619047632,9.43069829836354e-05,-0.023809523809523947,0.00016698009697441204,-0.021428571428571352,9.993850647224966e-05,-0.01904761904761909,0.00013705803052843762,1.0,1.0,2.0,2.0,2.0
42,14:00:48,1,-0.030952380952380953,507045.0,-0.029761904761904767,-0.030952380952380953,0.00011948199192489379,-0.03333333333333344,0.00021798704163553413,-0.03571428571428581,0.0005508673008363272,-0.03809523809523818,0.0002547243641976079,-0.04047619047619044,0.0003929289992083881,-0.02857142857142858,7.2635526054363e-05,-0.02619047619047632,9.43069829836354e-05,-0.023809523809523947,0.0001665404215714085,-0.021428571428571352,9.996724342669433e-05,-0.01904761904761909,0.00013731378942299523,1.0,1.0,2.0,2.0,2.0
42,14:00:51,1,-0.02857142857142858,311499.0,-0.029761904761904767,-0.030952380952380953,0.00012029237404023365,-0.03333333333333344,0.00021817095814398004,-0.03571428571428581,0.0005511920284215522,-0.03809523809523818,0.0002546007952934958,-0.04047619047619044,0.00039233701794682776,-0.02857142857142858,7.774208285918193e-05,-0.02619047619047632,9.424950907474605e-05,-0.023809523809523947,0.00016628753637229536,-0.021428571428571352,9.9952874949472e-05,-0.01904761904761909,0.0001373252842047731,1.0,1.0,2.0,2.0,2.0
42,14:00:54,1,-0.030952380952380953,272889.0,-0.029761904761904767,-0.030952380952380953,0.0001223556873693614,-0.03333333333333344,0.00021959918477988045,-0.03571428571428581,0.0005511316808172183,-0.03809523809523818,0.00025462091116160705,-0.04047619047619044,0.00039192033210738,-0.02857142857142858,7.857545453807753e-05,-0.02619047619047632,9.434721471985794e-05,-0.023809523809523947,0.00016597430356884838,-0.021428571428571352,9.904191349357576e-05,-0.01904761904761909,0.00013669307120699024,1.0,2.0,2.0,2.0,2.0
42,14:00:57,1,-0.02857142857142858,597901.0,-0.029761904761904767,-0.030952380952380953,0.0001207234283569038,-0.03333333333333344,0.0002203377245091086,-0.03571428571428581,0.0005528041715658985,-0.03809523809523818,0.00025454906877549535,-0.04047619047619044,0.00039252380815071815,-0.02857142857142858,7.932548904908358e-05,-0.02619047619047632,9.436158319708028e-05,-0.023809523809523947,0.00016619557811807238,-0.021428571428571352,9.920858782935488e-05,-0.01904761904761909,0.00013669307120699024,1.0,2.0,2.0,2.0,2.0
42,14:01:00,1,-0.030952380952380953,463454.0,-0.029761904761904767,-0.030952380952380953,0.00012038145859901214,-0.03333333333333344,0.0002289674319288448,-0.03571428571428581,0.0005528616454747877,-0.03809523809523818,0.00025454906877549535,-0.04047619047619044,0.00039261289270949663,-0.02857142857142858,7.798059958107275e-05,-0.02619047619047632,9.445928884219217e-05,-0.023809523809523947,0.0001662214413770726,-0.021428571428571352,9.920858782935488e-05,-0.01904761904761909,0.00013669019751154577,1.0,2.0,2.0,2.0,2.0
42,14:01:03,1,-0.02857142857142858,530012.0,-0.029761904761904767,-0.030952380952380953,0.00011994753058689753,-0.03333333333333344,0.00022990425664374124,-0.03571428571428581,0.0005527294554843423,-0.03809523809523818,0.00025470424832949663,-0.04047619047619044,0.00039231977577416097,-0.02857142857142858,7.974792227942031e-05,-0.02619047619047632,9.265173440762206e-05,-0.023809523809523947,0.0001662214413770726,-0.021428571428571352,9.920858782935488e-05,-0.01904761904761909,0.00013667295533887898,1.0,2.0,2.0,2.0,2.0
42,14:01:06,1,-0.02857142857142858,278867.0,-0.029761904761904767,-0.030952380952380953,0.00012063721749356976,-0.03333333333333344,0.00023050485899163498,-0.03571428571428581,0.000552709339616231,-0.03809523809523818,0.00025441975248049434,-0.04047619047619044,0.00039210712231127037,-0.02857142857142858,7.922203601308274e-05,-0.02619047619047632,9.262587114862186e-05,-0.023809523809523947,0.00016629615745862876,-0.021428571428571352,9.98637903906935e-05,-0.01904761904761909,0.0001366787027297679,1.0,2.0,2.0,2.0,2.0
42,14:01:09,1,-0.02857142857142858,688624.0,-0.029761904761904767,-0.030952380952380953,0.00012197635957069166,-0.03333333333333344,0.0002306169331139692,-0.03571428571428581,0.0005525599074531187,-0.03809523809523818,0.0002545634372527177,-0.04047619047619044,0.00039210712231127037,-0.02857142857142858,7.593452842461182e-05,-0.02619047619047632,9.262587114862186e-05,-0.023809523809523947,0.00016663237982563145,-0.021428571428571352,9.98293060453599e-05,-0.01904761904761909,0.00013676203989765746,2.0,2.0,2.0,2.0,2.0
42,14:01:12,1,-0.02857142857142858,2301816.0,-0.029761904761904767,-0.030952380952380953,0.00011961992930622824,-0.03333333333333344,0.00023085544983586002,-0.03571428571428581,0.0005527265817888978,-0.03809523809523818,0.0002546381533342739,-0.04047619047619044,0.00039215310143838185,-0.02857142857142858,6.117522862182623e-05,-0.02619047619047632,9.260000788962164e-05,-0.023809523809523947,0.0001664340948399632,-0.021428571428571352,9.980631648180416e-05,-0.01904761904761909,0.0001367218081614349,2.0,2.0,2.0,2.0,2.0
42,14:01:15,1,-0.02857142857142858,1139262.0,-0.029761904761904767,-0.030952380952380953,0.00011900495848111216,-0.03333333333333344,0.00023104511373519488,-0.03571428571428581,0.0005526604867936751,-0.03809523809523818,0.00025467263767960747,-0.04047619047619044,0.0003940756036907307,-0.02857142857142858,5.5749691622671404e-05,-0.02619047619047632,9.267185027573333e-05,-0.023809523809523947,0.0001663105259358511,-0.021428571428571352,9.944997824669017e-05,-0.01904761904761909,0.00013649478622132199,2.0,2.0,2.0,2.0,2.0
42,14:01:18,1,-0.02857142857142858,1136917.0,-0.029761904761904767,-0.030952380952380953,0.00011766869009943474,-0.03333333333333344,0.0002309215448310828,-0.03571428571428581,0.0005531490150192345,-0.03809523809523818,0.0002543852681351607,-0.04047619047619044,0.0003940181297818413,-0.02857142857142858,5.0683366554075025e-05,-0.02619047619047632,9.267185027573333e-05,-0.023809523809523947,0.00016633926289029576,-0.021428571428571352,9.936376738335614e-05,-0.01904761904761909,0.00013639708057621008,2.0,2.0,2.0,2.0,2.0
42,14:01:21,1,-0.030952380952380953,3169167.0,-0.029761904761904767,-0.030952380952380953,0.00011786122769421406,-0.03333333333333344,0.0002313554728431974,-0.03571428571428581,0.0005530570567650116,-0.03809523809523818,0.0002543852681351607,-0.04047619047619044,0.0003941043406451753,-0.02857142857142858,3.153018641669849e-05,-0.02619047619047632,8.715056174436885e-05,-0.023809523809523947,0.00016609499877751603,-0.021428571428571352,9.936376738335614e-05,-0.01904761904761909,0.0001363942068807656,2.0,2.0,2.0,2.0,2.0
42,14:01:24,1,-0.02857142857142858,4310427.0,-0.027380952380952395,-0.02857142857142858,2.3276933100187544e-06,-0.030952380952380953,0.00011912277999433534,-0.03333333333333344,0.0002316026106514216,-0.03571428571428581,0.0005533760369593475,-0.03809523809523818,0.0002549111544014983,-0.02619047619047632,8.5805672276358e-05,-0.023809523809523947,0.00016605476704129347,-0.021428571428571352,9.936376738335614e-05,-0.01904761904761909,0.0001364746703532107,-0.01666666666666672,7.250046236847303e-05,1.0,1.0,2.0,2.0,2.0
42,14:01:27,1,-0.02857142857142858,363936.0,-0.027380952380952395,-0.02857142857142858,3.292392870726527e-05,-0.030952380952380953,0.0001208728605200161,-0.03333333333333344,0.00023204228605442514,-0.03571428571428581,0.000553729501499017,-0.03809523809523818,0.0002548939122288315,-0.02619047619047632,8.580279858091354e-05,-0.023809523809523947,0.00016549439642962228,-0.021428571428571352,9.936376738335614e-05,-0.01904761904761909,0.00013654076534843346,-0.01666666666666672,7.246597802313942e-05,1.0,1.0,2.0,2.0,2.0
42,14:01:30,1,-0.02857142857142858,664067.0,-0.027380952380952395,-0.02857142857142858,3.865407742353366e-05,-0.030952380952380953,0.00012254247757325178,-0.03333333333333344,0.00023194458040931324,-0.03571428571428581,0.0005533616684821252,-0.03809523809523818,0.0002549370176604985,-0.02619047619047632,8.344924201189458e-05,-0.023809523809523947,0.00016276725945282253,-0.021428571428571352,9.940687281502315e-05,-0.01904761904761909,0.00013660398664821173,-0.01666666666666672,7.243724106869475e-05,1.0,2.0,2.0,2.0,2.0
42,14:01:33,1,-0.02619047619047632,374970.0,-0.027380952380952395,-0.02857142857142858,5.9040072906586805e-05,-0.030952380952380953,0.00012298215297625533,-0.03333333333333344,0.0002310968402531953,-0.03571428571428581,0.0005533760369593475,-0.03809523809523818,0.0002548795437516091,-0.02619047619047632,8.301818769522444e-05,-0.023809523809523947,0.00016281036488448956,-0.021428571428571352,9.998161190391667e-05,-0.01904761904761909,0.00013656950230287812,-0.01666666666666672,7.258092584091812e-05,1.0,2.0,2.0,2.0,2.0
42,14:01:36,1,-0.02857142857142858,644412.0,-0.027380952380952395,-0.02857142857142858,6.46552738050765e-05,-0.030952380952380953,0.0001233471122977027,-0.03333333333333344,0.00023151639978808756,-0.03571428571428581,0.0005536088062903494,-0.03809523809523818,0.0002545720583390511,-0.02619047619047632,7.863005475152242e-05,-0.023809523809523947,0.00016408915935727764,-0.021428571428571352,9.998161190391667e-05,-0.01904761904761909,0.00013652352317576665,-0.01666666666666672,7.258092584091812e-05,1.0,2.0,2.0,2.0,2.0
42,14:01:39,1,-0.02619047619047632,472494.0,-0.027380952380952395,-0.02857142857142858,6.485643248618923e-05,-0.030952380952380953,0.00012486154979693713,-0.03333333333333344,0.00023169744260108903,-0.03571428571428581,0.0005535484586860156,-0.03809523809523818,0.0002546007952934958,-0.02619047619047632,7.665007859028424e-05,-0.023809523809523947,0.00016300002878382442,-0.021428571428571352,9.998161190391667e-05,-0.01904761904761909,0.00013652352317576665,-0.01666666666666672,7.247172541402836e-05,1.0,2.0,2.0,2.0,2.0
42,14:01:42,1,-0.02857142857142858,360863.0,-0.027380952380952395,-0.02857142857142858,7.153777439457638e-05,-0.030952380952380953,0.0001236229870603716,-0.03333333333333344,0.00023251357210731782,-0.03571428571428581,0.0005519075785872246,-0.03809523809523818,0.0002546094163798292,-0.02619047619047632,7.410685812193042e-05,-0.023809523809523947,0.00016277300684371148,-0.021428571428571352,0.00010001034885836135,-0.01904761904761909,0.00013652352317576665,-0.01666666666666672,7.247459910947282e-05,1.0,2.0,2.0,2.0,2.0
42,14:01:45,1,-0.02619047619047632,2157892.0,-0.027380952380952395,-0.02857142857142858,7.113545703235092e-05,-0.030952380952380953,0.00012386437747770687,-0.03333333333333344,0.000232188844522093,-0.03571428571428581,0.0005520311474913367,-0.03809523809523818,0.00025458642681627346,-0.02619047619047632,7.04716333846789e-05,-0.023809523809523947,0.0001625862166398211,-0.021428571428571352,0.00010001034885836135,-0.01904761904761909,0.00013441997811041638,-0.01666666666666672,7.247459910947282e-05,2.0,2.0,2.0,2.0,2.0
42,14:01:48,1,-0.02619047619047632,944831.0,-0.027380952380952395,-0.02857142857142858,6.98164308233403e-05,-0.030952380952380953,0.00012409427311326429,-0.03333333333333344,0.00023201354909998045,-0.03571428571428581,0.0005519851683642252,-0.03809523809523818,0.000255026102219277,-0.02619047619047632,6.819566659266057e-05,-0.023809523809523947,0.00016250000577648706,-0.021428571428571352,0.00010012529667614006,-0.01904761904761909,0.00013441997811041638,-0.01666666666666672,7.247459910947282e-05,2.0,2.0,2.0,2.0,2.0
42,14:01:51,1,-0.02857142857142858,2440197.0,-0.027380952380952395,-0.02857142857142858,7.323325470681226e-05,-0.030952380952380953,0.00012374368226903925,-0.03333333333333344,0.0002331371640187673,-0.03571428571428581,0.0005519679261915583,-0.03809523809523818,0.000255026102219277,-0.02619047619047632,5.3795578720433435e-05,-0.023809523809523947,0.00016255460598993193,-0.021428571428571352,0.00010012529667614006,-0.01904761904761909,0.00013431365137897108,-0.01666666666666672,7.247459910947282e-05,2.0,2.0,2.0,2.0,2.0
42,14:01:54,1,-0.02619047619047632,3312469.0,-0.027380952380952395,-0.02857142857142858,7.494022980082602e-05,-0.030952380952380953,0.00012420059984470959,-0.03333333333333344,0.00023390156700699567,-0.03571428571428581,0.0005526604867936751,-0.03809523809523818,0.00025480482767005296,-0.02619047619047632,3.1662376407143996e-05,-0.023809523809523947,0.00016203734080992777,-0.021428571428571352,0.00010017702319414047,-0.01904761904761909,0.000135204496966756,-0.01666666666666672,7.247459910947282e-05,2.0,2.0,2.0,2.0,2.0
42,14:01:57,1,-0.02619047619047632,3355898.0,-0.027380952380952395,-0.02857142857142858,7.434537484382123e-05,-0.030952380952380953,0.0001247494756746029,-0.03333333333333344,0.00023417169437877562,-0.03571428571428581,0.0005524507070262289,-0.03809523809523818,0.0002545375739937175,-0.02619047619047632,8.213021580288396e-06,-0.023809523809523947,0.0001623362051361524,-0.021428571428571352,9.93407778198004e-05,-0.01904761904761909,0.00013513265458064432,-0.01666666666666672,7.247459910947282e-05,2.0,2.0,2.0,2.0,2.0
42,14:02:00,1,-0.02619047619047632,1341754.0,-0.025000000000000133,-0.02619047619047632,1.0661410098974789e-06,-0.02857142857142858,7.577647517516609e-05,-0.030952380952380953,0.00012430980027159936,-0.03333333333333344,0.00023429526328288774,-0.03571428571428581,0.0005523357592084503,-0.023809523809523947,0.00016226148905459624,-0.021428571428571352,9.902467132090896e-05,-0.01904761904761909,0.00013510391762619966,-0.01666666666666672,7.340280273803586e-05,-0.014285714285714457,6.60656260553123e-05,1.0,1.0,1.0,2.0,2.0
42,14:02:03,1,-0.023809523809523947,224833.0,-0.025000000000000133,-0.02619047619047632,1.254942800599e-05,-0.02857142857142858,7.77190932956262e-05,-0.030952380952380953,0.0001261231020970584,-0.03333333333333344,0.0002331745220595454,-0.03571428571428581,0.0005526863500526753,-0.023809523809523947,0.00015968378424090882,-0.021428571428571352,9.902467132090896e-05,-0.01904761904761909,0.00013510391762619966,-0.01666666666666672,7.317290710247846e-05,-0.014285714285714457,6.60656260553123e-05,1.0,1.0,1.0,2.0,2.0
42,14:02:06,1,-0.023809523809523947,2132557.0,-0.025000000000000133,-0.02619047619047632,2.844958490022922e-07,-0.02857142857142858,7.840573408512727e-05,-0.030952380952380953,0.00012731281201106798,-0.03333333333333344,0.00023316015358232304,-0.03571428571428581,0.0005529104982973437,-0.023809523809523947,0.00015953722577324096,-0.021428571428571352,9.913674544324319e-05,-0.01904761904761909,0.00013513265458064432,-0.01666666666666672,7.317290710247846e-05,-0.014285714285714457,6.60656260553123e-05,1.0,1.0,1.0,2.0,2.0
42,14:02:09,1,-0.023809523809523947,193603.0,-0.025000000000000133,-0.02619047619047632,1.6063957534573873e-06,-0.02857142857142858,7.507512106498933e-05,-0.030952380952380953,0.00012712027441628867,-0.03333333333333344,0.00023296474229209923,-0.03571428571428581,0.0005526719815754529,-0.023809523809523947,0.00015566923170498757,-0.021428571428571352,9.901030284368663e-05,-0.01904761904761909,0.00013513265458064432,-0.01666666666666672,7.317290710247846e-05,-0.014285714285714457,6.60656260553123e-05,1.0,1.0,1.0,2.0,2.0
42,14:02:12,1,-0.02619047619047632,179054.0,-0.025000000000000133,-0.02619047619047632,3.6697090825851226e-06,-0.02857142857142858,7.554065972699309e-05,-0.030952380952380953,0.00012677543096295256,-0.03333333333333344,0.00023157674739242138,-0.03571428571428581,0.000551732283165112,-0.023809523809523947,0.00015326107492252372,-0.021428571428571352,9.868270156301732e-05,-0.01904761904761909,0.00013489988524964245,-0.01666666666666672,7.30091064621438e-05,-0.014285714285714457,6.60656260553123e-05,1.0,1.0,1.0,2.0,2.0
42,14:02:15,1,-0.023809523809523947,95095.0,-0.025000000000000133,-0.02619047619047632,3.700170254296479e-05,-0.02857142857142858,7.62935679334436e-05,-0.030952380952380953,0.0001263185133872822,-0.03333333333333344,0.0002300421940250757,-0.03571428571428581,0.0005509678801768836,-0.023809523809523947,0.00014859131982526388,-0.021428571428571352,9.859936439512776e-05,-0.01904761904761909,0.00013438836746052722,-0.01666666666666672,7.30091064621438e-05,-0.014285714285714457,6.60656260553123e-05,1.0,1.0,1.0,2.0,2.0
42,14:02:18,1,-0.023809523809523947,614703.0,-0.025000000000000133,-0.02619047619047632,3.7260335132966875e-05,-0.02857142857142858,7.685393854511477e-05,-0.030952380952380953,0.00012565756343505465,-0.03333333333333344,0.00023011116271574292,-0.03571428571428581,0.0005511805336397743,-0.023809523809523947,0.00014742172577936557,-0.021428571428571352,0.00011301382074457722,-0.01904761904761909,0.00013438836746052722,-0.01666666666666672,7.30091064621438e-05,-0.014285714285714457,6.60656260553123e-05,1.0,1.0,1.0,2.0,2.0
42,14:02:21,1,-0.02619047619047632,163418.0,-0.025000000000000133,-0.02619047619047632,3.852476112853262e-05,-0.02857142857142858,7.498603650621083e-05,-0.030952380952380953,0.00012398219899093004,-0.03333333333333344,0.00022938699146373708,-0.03571428571428581,0.0005513184710211087,-0.023809523809523947,0.00014640156389657957,-0.021428571428571352,0.00011301382074457722,-0.01904761904761909,0.00013432514616074895,-0.01666666666666672,7.30091064621438e-05,-0.014285714285714457,6.60656260553123e-05,1.0,1.0,2.0,2.0,2.0
42,14:02:24,1,-0.023809523809523947,160594.0,-0.025000000000000133,-0.02619047619047632,3.955067040220755e-05,-0.02857142857142858,7.473315130709769e-05,-0.030952380952380953,0.00012158266329479961,-0.03333333333333344,0.00022932089646851434,-0.03571428571428581,0.0005508644271408829,-0.023809523809523947,0.00014552221309057248,-0.021428571428571352,0.00011267185098668558,-0.01904761904761909,0.00013426192486097065,-0.01666666666666672,7.30091064621438e-05,-0.014285714285714457,6.60656260553123e-05,1.0,1.0,2.0,2.0,2.0
42,14:02:27,1,-0.023809523809523947,103593.0,-0.025000000000000133,-0.02619047619047632,5.260874250186832e-05,-0.02857142857142858,6.827595764337899e-05,-0.030952380952380953,0.00012149357873602111,-0.03333333333333344,0.00022929503320951412,-0.03571428571428581,0.0005509592590905503,-0.023809523809523947,0.00013785519364473294,-0.021428571428571352,0.00011270058794113026,-0.01904761904761909,0.00013422456682019257,-0.01666666666666672,7.30091064621438e-05,-0.014285714285714457,6.52581176354169e-05,1.0,1.0,2.0,2.0,2.0
42,14:02:30,1,-0.02619047619047632,442178.0,-0.025000000000000133,-0.02619047619047632,5.935330571003377e-05,-0.02857142857142858,6.906909758605206e-05,-0.030952380952380953,0.00012132403070479752,-0.03333333333333344,0.0002296255081856279,-0.03571428571428581,0.0005525484126713408,-0.023809523809523947,0.0001468785973403612,-0.021428571428571352,0.00011284139901790917,-0.01904761904761909,0.00013422456682019257,-0.01666666666666672,7.187974415246803e-05,-0.014285714285714457,6.52581176354169e-05,1.0,1.0,2.0,2.0,2.0
42,14:02:33,1,-0.023809523809523947,105999.0,-0.025000000000000133,-0.02619047619047632,6.111488101749241e-05,-0.02857142857142858,6.074112818798495e-05,-0.030952380952380953,0.00012156829481757726,-0.03333333333333344,0.00023382685092543953,-0.03571428571428581,0.0005527668135251203,-0.023809523809523947,0.00014512851681468042,-0.021428571428571352,0.00010957975468843845,-0.01904761904761909,0.00013389121814863433,-0.01666666666666672,7.187974415246803e-05,-0.014285714285714457,6.522938068097223e-05,1.0,1.0,2.0,2.0,2.0
42,14:02:36,1,-0.023809523809523947,445558.0,-0.025000000000000133,-0.02619047619047632,6.154593533416255e-05,-0.02857142857142858,6.001408324053465e-05,-0.030952380952380953,0.00012164301089913342,-0.03333333333333344,0.000233030837287322,-0.03571428571428581,0.0005525943917984523,-0.023809523809523947,0.00013949320004807948,-0.021428571428571352,0.00010962286012010546,-0.01904761904761909,0.0001289369672023722,-0.01666666666666672,7.196882871124653e-05,-0.014285714285714457,6.534145480330646e-05,1.0,1.0,2.0,2.0,2.0
42,14:02:39,1,-0.023809523809523947,439451.0,-0.025000000000000133,-0.02619047619047632,6.289657219306232e-05,-0.02857142857142858,6.182163767510477e-05,-0.030952380952380953,0.00012137575722279793,-0.03333333333333344,0.000227223098794053,-0.03571428571428581,0.0005522064429134492,-0.023809523809523947,0.00013796439407162271,-0.021428571428571352,0.0001097349342424397,-0.01904761904761909,0.00012918123131515192,-0.01666666666666672,7.182514393902315e-05,-0.014285714285714457,6.530409676252838e-05,1.0,1.0,2.0,2.0,2.0
42,14:02:42,1,-0.02619047619047632,704278.0,-0.025000000000000133,-0.02619047619047632,7.236252498713858e-05,-0.02857142857142858,6.334469626067259e-05,-0.030952380952380953,0.00012161427394468874,-0.03333333333333344,0.00022714550901705235,-0.03571428571428581,0.0005511949021169966,-0.023809523809523947,0.00013441250650226075,-0.021428571428571352,0.00010984413466932947,-0.01904761904761909,0.00012924157891948575,-0.01666666666666672,7.231941955547158e-05,-0.014285714285714457,6.530122306708392e-05,1.0,1.0,2.0,2.0,2.0
42,14:02:45,1,-0.023809523809523947,359122.0,-0.025000000000000133,-0.02619047619047632,7.461837591104565e-05,-0.02857142857142858,6.359183406889682e-05,-0.030952380952380953,0.00012190739088002444,-0.03333333333333344,0.00022701331902660684,-0.03571428571428581,0.000560071747344957,-0.023809523809523947,0.0001314296106309034,-0.021428571428571352,0.00010991885075088562,-0.01904761904761909,0.0001297157386678229,-0.01666666666666672,7.277633713114193e-05,-0.014285714285714457,6.530122306708392e-05,1.0,1.0,2.0,2.0,2.0
42,14:02:48,1,-0.023809523809523947,743748.0,-0.025000000000000133,-0.02619047619047632,7.403501573581873e-05,-0.02857142857142858,6.318089562033794e-05,-0.030952380952380953,0.00012086711312912717,-0.03333333333333344,0.00022664548600971499,-0.03571428571428581,0.0005605114227479605,-0.023809523809523947,0.00012803002892009823,-0.021428571428571352,0.00010947630165243761,-0.01904761904761909,0.0001329888777790715,-0.01666666666666672,7.59000440792782e-05,-0.014285714285714457,6.530122306708392e-05,1.0,1.0,2.0,2.0,2.0
42,14:02:51,1,-0.023809523809523947,249946.0,-0.025000000000000133,-0.02619047619047632,7.449768070237801e-05,-0.02857142857142858,6.395391969489972e-05,-0.030952380952380953,0.0001193383071526704,-0.03333333333333344,0.0002275133420339442,-0.03571428571428581,0.0005606206231748503,-0.023809523809523947,0.00012829153520554475,-0.021428571428571352,0.00010960561794743865,-0.01904761904761909,0.00013346303752740865,-0.01666666666666672,7.59000440792782e-05,-0.014285714285714457,6.530122306708392e-05,1.0,2.0,2.0,2.0,2.0
42,14:02:54,1,-0.023809523809523947,5129988.0,-0.025000000000000133,-0.02619047619047632,7.346889773325862e-05,-0.02857142857142858,6.260615653144443e-05,-0.030952380952380953,0.00011990729885067499,-0.03333333333333344,0.00022755357377016676,-0.03571428571428581,0.0005602958955896255,-0.023809523809523947,9.428709701115969e-05,-0.021428571428571352,9.577164807777164e-05,-0.01904761904761909,0.00013331935275518527,-0.01666666666666672,7.59000440792782e-05,-0.014285714285714457,6.530122306708392e-05,1.0,2.0,2.0,2.0,2.0
42,14:02:57,1,-0.02619047619047632,1082502.0,-0.025000000000000133,-0.02619047619047632,7.534542085849595e-05,-0.02857142857142858,6.370678188667551e-05,-0.030952380952380953,0.00011702498231987399,-0.03333333333333344,0.00022759667920183377,-0.03571428571428581,0.0005603993486256263,-0.023809523809523947,8.7651734229884e-05,-0.021428571428571352,9.509058225743282e-05,-0.01904761904761909,0.000133477406004631,-0.01666666666666672,7.567014844372079e-05,-0.014285714285714457,6.571790890653171e-05,1.0,2.0,2.0,2.0,2.0
42,14:03:00,1,-0.02619047619047632,2500031.0,-0.025000000000000133,-0.02619047619047632,7.55092214988306e-05,-0.02857142857142858,6.387632991789911e-05,-0.030952380952380953,0.00011610827347308883,-0.03333333333333344,0.00022771162701961246,-0.03571428571428581,0.0005612068570455216,-0.023809523809523947,7.050439351274584e-05,-0.021428571428571352,9.520553007521153e-05,-0.01904761904761909,0.00013359810121329864,-0.01666666666666672,7.567014844372079e-05,-0.014285714285714457,6.573227738375405e-05,1.0,2.0,2.0,2.0,2.0
42,14:03:03,1,-0.023809523809523947,492589.0,-0.025000000000000133,-0.02619047619047632,7.559014476254681e-05,-0.02857142857142858,6.92415193127201e-05,-0.030952380952380953,0.0001162002317273118,-0.03333333333333344,0.00022773174288772375,-0.03571428571428581,0.0005610516774915205,-0.023809523809523947,6.952158967073793e-05,-0.021428571428571352,9.495551857154285e-05,-0.01904761904761909,0.00013366132251307693,-0.01666666666666672,7.567014844372079e-05,-0.014285714285714457,6.575239325186533e-05,1.0,2.0,2.0,2.0,2.0
42,14:03:06,1,-0.023809523809523947,4945968.0,-0.025000000000000133,-0.02619047619047632,7.495793176476394e-05,-0.02857142857142858,6.916967692660842e-05,-0.030952380952380953,0.0001158180302331976,-0.03333333333333344,0.00021991529127877188,-0.03571428571428581,0.0005610373090142981,-0.023809523809523947,3.584475275702214e-05,-0.021428571428571352,9.443250600064974e-05,-0.01904761904761909,0.0001308077429367206,-0.01666666666666672,7.570175909360994e-05,-0.014285714285714457,6.575239325186533e-05,2.0,2.0,2.0,2.0,2.0
42,14:03:09,1,-0.023809523809523947,773997.0,-0.025000000000000133,-0.02619047619047632,7.66649068587777e-05,-0.02857142857142858,6.945129908016624e-05,-0.030952380952380953,0.0001164387484492026,-0.03333333333333344,0.00022009633409177335,-0.03571428571428581,0.0005527466976570091,-0.023809523809523947,3.2186538456214884e-05,-0.021428571428571352,9.430606340109316e-05,-0.01904761904761909,0.0001346728633095295,-0.01666666666666672,7.570175909360994e-05,-0.014285714285714457,6.575239325186533e-05,2.0,2.0,2.0,2.0,2.0
42,14:03:12,1,-0.023809523809523947,517790.0,-0.025000000000000133,-0.02619047619047632,7.70011292257804e-05,-0.02857142857142858,6.94369306029439e-05,-0.030952380952380953,0.00011651633822620322,-0.03333333333333344,0.00022005322866010631,-0.03571428571428581,0.0005523932331173395,-0.023809523809523947,2.8985241731077983e-05,-0.021428571428571352,9.475148619498564e-05,-0.01904761904761909,0.000134098124220636,-0.01666666666666672,7.573049604805461e-05,-0.014285714285714457,6.573227738375405e-05,2.0,2.0,2.0,2.0,2.0
42,14:03:15,1,-0.023809523809523947,1421959.0,-0.025000000000000133,-0.02619047619047632,7.723677225222674e-05,-0.02857142857142858,6.918691909927523e-05,-0.030952380952380953,0.00011763707944954559,-0.03333333333333344,0.00022051876732211007,-0.03571428571428581,0.0005523357592084503,-0.023809523809523947,2.0082533244117362e-05,-0.021428571428571352,9.455032751387291e-05,-0.01904761904761909,0.000134718842436641,-0.01666666666666672,7.57132538753878e-05,-0.014285714285714457,6.573227738375405e-05,2.0,2.0,2.0,2.0,2.0
42,14:03:18,1,-0.023809523809523947,975511.0,-0.025000000000000133,-0.02619047619047632,7.773966895500858e-05,-0.02857142857142858,6.918979279471969e-05,-0.030952380952380953,0.00011695313993376231,-0.03333333333333344,0.0002203923247225535,-0.03571428571428581,0.0005538128386669065,-0.023809523809523947,1.4438595391182999e-05,-0.021428571428571352,9.456469599109525e-05,-0.01904761904761909,0.0001347993059090861,-0.01666666666666672,7.57132538753878e-05,-0.014285714285714457,6.573227738375405e-05,2.0,2.0,2.0,2.0,2.0
42,14:03:21,1,-0.023809523809523947,2317577.0,-0.02261904761904754,-0.023809523809523947,2.506609588391307e-05,-0.02619047619047632,7.846958759790334e-05,-0.02857142857142858,6.95260151617224e-05,-0.030952380952380953,0.0001169445188474289,-0.03333333333333344,0.0002201882923459963,-0.021428571428571352,9.481470749476394e-05,-0.01904761904761909,0.00013477056895464141,-0.01666666666666672,7.57132538753878e-05,-0.014285714285714457,6.573227738375405e-05,-0.011904761904761862,0.00011692322476418539,1.0,1.0,2.0,2.0,2.0
42,14:03:24,1,-0.023809523809523947,146370.0,-0.02261904761904754,-0.023809523809523947,5.628304949716459e-05,-0.02619047619047632,7.776265851856432e-05,-0.02857142857142858,6.914093997216374e-05,-0.030952380952380953,0.00011697325580187357,-0.03333333333333344,0.00021954458456643555,-0.021428571428571352,9.477734945398585e-05,-0.01904761904761909,0.00013476482156375247,-0.01666666666666672,7.602648667883477e-05,-0.014285714285714457,6.573227738375405e-05,-0.011904761904761862,0.00011692322476418539,1.0,1.0,2.0,2.0,2.0
42,14:03:27,1,-0.021428571428571352,8136882.0,-0.02261904761904754,-0.023809523809523947,5.740953811139589e-05,-0.02619047619047632,7.739482550167247e-05,-0.02857142857142858,7.0359386840618e-05,-0.030952380952380953,0.00011755086858621157,-0.03333333333333344,0.0002221481526391232,-0.021428571428571352,4.1263392887110244e-05,-0.01904761904761909,0.0001211578736341984,-0.01666666666666672,7.602648667883477e-05,-0.014285714285714457,6.57897512926434e-05,-0.011904761904761862,0.00011690023520062965,1.0,1.0,2.0,2.0,2.0
42,14:03:30,1,-0.023809523809523947,345885.0,-0.02261904761904754,-0.023809523809523947,7.031817804794434e-05,-0.02619047619047632,7.792071176801004e-05,-0.02857142857142858,7.892012556968698e-05,-0.030952380952380953,0.00011705946666520761,-0.03333333333333344,0.00022223436350245722,-0.021428571428571352,4.0507610985215265e-05,-0.01904761904761909,0.00010272311735793875,-0.01666666666666672,7.62276453599475e-05,-0.014285714285714457,6.574089847008746e-05,-0.011904761904761862,0.0001168082769464067,1.0,1.0,2.0,2.0,2.0
42,14:03:33,1,-0.021428571428571352,495600.0,-0.02261904761904754,-0.023809523809523947,7.528105008053988e-05,-0.02619047619047632,7.894662104168497e-05,-0.02857142857142858,7.839136560790494e-05,-0.030952380952380953,0.00011706521405609654,-0.03333333333333344,0.0002225562173922376,-0.021428571428571352,3.866557220531153e-05,-0.01904761904761909,0.0001027374858351611,-0.01666666666666672,7.622477166450304e-05,-0.014285714285714457,6.573515107919853e-05,-0.011904761904761862,0.00011692035106874093,1.0,1.0,2.0,2.0,2.0
42,14:03:36,1,-0.021428571428571352,188174.0,-0.02261904761904754,-0.023809523809523947,4.733148818764802e-05,-0.02619047619047632,7.840061890723612e-05,-0.02857142857142858,6.539076741713353e-05,-0.030952380952380953,0.00011683244472509466,-0.03333333333333344,0.00022275737607335033,-0.021428571428571352,3.823739158408586e-05,-0.01904761904761909,0.00010392144835828175,-0.01666666666666672,9.03030056469498e-05,-0.014285714285714457,6.574951955642086e-05,-0.011904761904761862,0.00011666171847873884,1.0,1.0,2.0,2.0,2.0
42,14:03:39,1,-0.023809523809523947,1161223.0,-0.02261904761904754,-0.023809523809523947,4.68716969165332e-05,-0.02619047619047632,7.77109320005639e-05,-0.02857142857142858,6.541663067613374e-05,-0.030952380952380953,0.00011711981426954142,-0.03333333333333344,0.00022008483930999548,-0.021428571428571352,6.141087164827257e-05,-0.01904761904761909,0.00010372891076350242,-0.01666666666666672,9.03030056469498e-05,-0.014285714285714457,6.569204564753151e-05,-0.011904761904761862,0.00011677666629651755,1.0,1.0,2.0,2.0,2.0
42,14:03:42,1,-0.021428571428571352,274686.0,-0.02261904761904754,-0.023809523809523947,4.9159158490329416e-05,-0.02619047619047632,7.78086376456758e-05,-0.02857142857142858,6.585630607913728e-05,-0.030952380952380953,0.00011682382363876125,-0.03333333333333344,0.00022008483930999548,-0.021428571428571352,9.102430320351117e-05,-0.01904761904761909,0.00010361683664116819,-0.01666666666666672,9.03030056469498e-05,-0.014285714285714457,6.556272935253047e-05,-0.011904761904761862,0.00011686287715985157,1.0,1.0,2.0,2.0,2.0
42,14:03:45,1,-0.021428571428571352,263555.0,-0.02261904761904754,-0.023809523809523947,5.140926202334754e-05,-0.02619047619047632,7.741781506522821e-05,-0.02857142857142858,6.574135826135857e-05,-0.030952380952380953,0.00011552778699330637,-0.03333333333333344,0.000220081965614551,-0.021428571428571352,0.00010524047456729238,-0.01904761904761909,0.00010353637316872309,-0.01666666666666672,8.973401394894522e-05,-0.014285714285714457,6.573227738375405e-05,-0.011904761904761862,0.00011728531039018831,1.0,1.0,2.0,2.0,2.0
42,14:03:48,1,-0.023809523809523947,221816.0,-0.02261904761904754,-0.023809523809523947,5.308750016291662e-05,-0.02619047619047632,7.688905510344617e-05,-0.02857142857142858,6.49769552731302e-05,-0.030952380952380953,0.0001151973120171926,-0.03333333333333344,0.000219239972849322,-0.021428571428571352,0.00010835843412453972,-0.01904761904761909,0.0001033926883964997,-0.01666666666666672,8.975125612161203e-05,-0.014285714285714457,6.57466458609764e-05,-0.011904761904761862,0.00011722783648129896,1.0,2.0,2.0,2.0,2.0
42,14:03:51,1,-0.021428571428571352,726939.0,-0.02261904761904754,-0.023809523809523947,3.960412113747465e-05,-0.02619047619047632,7.64867377412207e-05,-0.02857142857142858,6.448555335212624e-05,-0.030952380952380953,0.00011548755525708383,-0.03333333333333344,0.00021930032045365582,-0.021428571428571352,0.00010679514380274934,-0.01904761904761909,0.00010234091586382457,-0.01666666666666672,9.006736262050345e-05,-0.014285714285714457,6.60828682279791e-05,-0.011904761904761862,0.00011729680517196618,1.0,2.0,2.0,2.0,2.0
42,14:03:54,1,-0.021428571428571352,354767.0,-0.02261904761904754,-0.023809523809523947,4.006391240858946e-05,-0.02619047619047632,7.60872940744397e-05,-0.02857142857142858,6.400277251745567e-05,-0.030952380952380953,0.00011463406771007695,-0.03333333333333344,0.00021904743525454266,-0.021428571428571352,0.00010726355616019756,-0.01904761904761909,0.00010235241064560244,-0.01666666666666672,8.991505676194667e-05,-0.014285714285714457,6.60828682279791e-05,-0.011904761904761862,0.00011733416321274426,1.0,2.0,2.0,2.0,2.0
42,14:03:57,1,-0.021428571428571352,774247.0,-0.02261904761904754,-0.023809523809523947,4.3020945020946627e-05,-0.02619047619047632,7.554129193999086e-05,-0.02857142857142858,6.113482446387701e-05,-0.030952380952380953,0.00011409093927107257,-0.03333333333333344,0.00021898421395476436,-0.021428571428571352,0.00010228056825949075,-0.01904761904761909,0.0001016023761345964,-0.01666666666666672,8.984608807127946e-05,-0.014285714285714457,6.60828682279791e-05,-0.011904761904761862,0.00011974806738609705,1.0,2.0,2.0,2.0,2.0
42,14:04:00,1,-0.021428571428571352,2789151.0,-0.02261904761904754,-0.023809523809523947,4.1153042982042686e-05,-0.02619047619047632,7.557577628532448e-05,-0.02857142857142858,6.113195076843255e-05,-0.030952380952380953,0.00011257075438094922,-0.03333333333333344,0.00021730310211975082,-0.021428571428571352,8.744367867970454e-05,-0.01904761904761909,0.00010157363918015172,-0.01666666666666672,9.013345761572621e-05,-0.014285714285714457,6.60828682279791e-05,-0.011904761904761862,0.00011974806738609705,1.0,2.0,2.0,2.0,2.0
42,14:04:03,1,-0.021428571428571352,3679416.0,-0.02261904761904754,-0.023809523809523947,4.20295200926053e-05,-0.02619047619047632,7.560738693521362e-05,-0.02857142857142858,6.155438399876928e-05,-0.030952380952380953,0.00011233798504994734,-0.03333333333333344,0.00021451849123406172,-0.021428571428571352,2.9553083950904777e-05,-0.01904761904761909,0.00010334096187849929,-0.01666666666666672,9.027714238794959e-05,-0.014285714285714457,6.60828682279791e-05,-0.011904761904761862,0.00011967622499998536,2.0,2.0,2.0,2.0,2.0
42,14:04:06,1,-0.021428571428571352,280520.0,-0.02261904761904754,-0.023809523809523947,4.308129262528044e-05,-0.02619047619047632,7.559589215343575e-05,-0.02857142857142858,6.106872946865426e-05,-0.030952380952380953,0.00011226614266383565,-0.03333333333333344,0.00021444377515250556,-0.021428571428571352,2.8087499274226302e-05,-0.01904761904761909,0.00010205067262393334,-0.01666666666666672,9.03030056469498e-05,-0.014285714285714457,6.60828682279791e-05,-0.011904761904761862,0.00011985726781298681,2.0,2.0,2.0,2.0,2.0
42,14:04:09,1,-0.023809523809523947,541593.0,-0.02261904761904754,-0.023809523809523947,4.617338892352758e-05,-0.02619047619047632,7.46418252658725e-05,-0.02857142857142858,6.110321381398786e-05,-0.030952380952380953,0.00011165404553416406,-0.03333333333333344,0.00021334889718816342,-0.021428571428571352,2.016184723838467e-05,-0.01904761904761909,0.00010176330307948658,-0.01666666666666672,9.03030056469498e-05,-0.014285714285714457,6.6002404755534e-05,-0.011904761904761862,0.00011982853085854213,2.0,2.0,2.0,2.0,2.0
42,14:04:12,1,-0.021428571428571352,1254259.0,-0.02261904761904754,-0.023809523809523947,4.6414779340862854e-05,-0.02619047619047632,7.591487234777165e-05,-0.02857142857142858,6.108884533676553e-05,-0.030952380952380953,0.00011155633988905215,-0.03333333333333344,0.00021351844521938702,-0.021428571428571352,1.1532139818648471e-05,-0.01904761904761909,0.00010148455462137322,-0.01666666666666672,9.032886890595e-05,-0.014285714285714457,6.652541732642711e-05,-0.011904761904761862,0.00012001532106243254,2.0,2.0,2.0,2.0,2.0
42,14:04:15,1,-0.021428571428571352,773040.0,-0.02261904761904754,-0.023809523809523947,4.8788451777993096e-05,-0.02619047619047632,7.609304146532864e-05,-0.02857142857142858,6.125264597710018e-05,-0.030952380952380953,0.00011174025639749808,-0.03333333333333344,0.00021337188675171916,-0.021428571428571352,8.167042453176914e-06,-0.01904761904761909,0.00010258517997660432,-0.01666666666666672,9.026564760617172e-05,-0.014285714285714457,6.684152382531855e-05,-0.011904761904761862,0.00012171654876555735,2.0,2.0,2.0,2.0,2.0
42,14:04:18,1,-0.021428571428571352,2079018.0,-0.020238095238095277,-0.021428571428571352,1.5500713227458224e-05,-0.023809523809523947,5.02425416728937e-05,-0.02619047619047632,7.581716670265976e-05,-0.02857142857142858,6.133023575410081e-05,-0.030952380952380953,0.0001111712646994935,-0.01904761904761909,0.0001021598730508231,-0.01666666666666672,9.074268104995335e-05,-0.014285714285714457,6.656564906264965e-05,-0.011904761904761862,0.00012178839115166903,-0.00952380952380949,7.124753115468515e-05,1.0,1.0,2.0,2.0,1.0
42,14:04:21,1,-0.01904761904761909,438958.0,-0.020238095238095277,-0.021428571428571352,1.9828498566826428e-05,-0.023809523809523947,5.1837442644573216e-05,-0.02619047619047632,7.52625434818775e-05,-0.02857142857142858,6.131586727687848e-05,-0.030952380952380953,0.00011119712795849371,-0.01904761904761909,0.00010185526133370955,-0.01666666666666672,9.074268104995335e-05,-0.014285714285714457,6.653978580364945e-05,-0.011904761904761862,0.00012193782331478135,-0.00952380952380949,7.124753115468515e-05,1.0,1.0,2.0,2.0,1.0
42,14:04:24,1,-0.021428571428571352,360534.0,-0.020238095238095277,-0.021428571428571352,1.803243891403418e-05,-0.023809523809523947,5.0840270325342956e-05,-0.02619047619047632,7.527978565454432e-05,-0.02857142857142858,6.141069922654591e-05,-0.030952380952380953,0.00011110516970427074,-0.01904761904761909,0.0001013811015853724,-0.01666666666666672,9.059899627772997e-05,-0.014285714285714457,6.70398088109868e-05,-0.011904761904761862,0.00012205277113256006,-0.00952380952380949,7.124753115468515e-05,1.0,1.0,2.0,2.0,1.0
42,14:04:27,1,-0.021428571428571352,1025699.0,-0.020238095238095277,-0.021428571428571352,1.8178997381702026e-05,-0.023809523809523947,5.175123178123919e-05,-0.02619047619047632,7.5308522608989e-05,-0.02857142857142858,6.18273850659937e-05,-0.030952380952380953,0.00011236672200439201,-0.01904761904761909,9.538369919276852e-05,-0.01666666666666672,9.059899627772997e-05,-0.014285714285714457,6.651966993553817e-05,-0.011904761904761862,0.00012205277113256006,-0.00952380952380949,7.124753115468515e-05,1.0,1.0,2.0,2.0,1.0
42,14:04:30,1,-0.021428571428571352,235634.0,-0.020238095238095277,-0.021428571428571352,2.007563637505064e-05,-0.023809523809523947,5.2159296534353584e-05,-0.02619047619047632,7.48199943834295e-05,-0.02857142857142858,6.209463874232919e-05,-0.030952380952380953,0.00011216843701872375,-0.01904761904761909,9.574003742788249e-05,-0.01666666666666672,9.045818520095106e-05,-0.014285714285714457,6.645070124487096e-05,-0.011904761904761862,0.00012201828678722645,-0.00952380952380949,7.125040485012963e-05,1.0,1.0,2.0,2.0,1.0
42,14:04:33,1,-0.01904761904761909,1457145.0,-0.020238095238095277,-0.021428571428571352,2.331716483641009e-05,-0.023809523809523947,5.228861282935463e-05,-0.02619047619047632,7.471941504287313e-05,-0.02857142857142858,6.212624939221834e-05,-0.030952380952380953,0.00011370586408151391,-0.01904761904761909,8.715630913525779e-05,-0.01666666666666672,8.952710787694356e-05,-0.014285714285714457,6.645070124487096e-05,-0.011904761904761862,0.00012200104461455965,-0.00952380952380949,7.266426300880768e-05,1.0,1.0,2.0,2.0,1.0
42,14:04:36,1,-0.021428571428571352,246259.0,-0.020238095238095277,-0.021428571428571352,2.3549934167411965e-05,-0.023809523809523947,5.267368801891329e-05,-0.02619047619047632,7.466481482942824e-05,-0.02857142857142858,6.213487047855173e-05,-0.030952380952380953,0.00011364264278173563,-0.01904761904761909,8.609591551624923e-05,-0.01666666666666672,8.973688764438968e-05,-0.014285714285714457,6.635012190431459e-05,-0.011904761904761862,0.0001222251928592281,-0.00952380952380949,7.266426300880768e-05,1.0,1.0,2.0,2.0,1.0
42,14:04:39,1,-0.01904761904761909,267482.0,-0.020238095238095277,-0.021428571428571352,2.5690837273540328e-05,-0.023809523809523947,5.288634148180389e-05,-0.02619047619047632,7.473378352009547e-05,-0.02857142857142858,6.18187639796603e-05,-0.030952380952380953,0.00011358516887284628,-0.01904761904761909,8.704423501292354e-05,-0.01666666666666672,8.913628529649596e-05,-0.014285714285714457,6.653691210820498e-05,-0.011904761904761862,0.00012244072001756318,-0.00952380952380949,7.2635526054363e-05,1.0,2.0,2.0,2.0,1.0
42,14:04:42,1,-0.01904761904761909,2788511.0,-0.020238095238095277,-0.021428571428571352,2.592935399543114e-05,-0.023809523809523947,5.3716839465255025e-05,-0.02619047619047632,7.467918330665059e-05,-0.02857142857142858,6.203429113799537e-05,-0.030952380952380953,0.00011349033692317885,-0.01904761904761909,7.29286429896987e-05,-0.01666666666666672,8.902133747871725e-05,-0.014285714285714457,6.69162399068747e-05,-0.011904761904761862,0.00012261314174423125,-0.00952380952380949,7.2635526054363e-05,1.0,2.0,2.0,1.0,1.0
42,14:04:45,1,-0.021428571428571352,319196.0,-0.020238095238095277,-0.021428571428571352,4.081222270232883e-05,-0.023809523809523947,5.385477684658947e-05,-0.02619047619047632,6.856970679171248e-05,-0.02857142857142858,6.352861276911852e-05,-0.030952380952380953,0.00011342998931884503,-0.01904761904761909,8.008701834186749e-05,-0.01666666666666672,8.961044504483312e-05,-0.014285714285714457,6.689612403876344e-05,-0.011904761904761862,0.00012338329212334856,-0.00952380952380949,7.277921082658639e-05,1.0,2.0,2.0,1.0,1.0
42,14:04:48,1,-0.021428571428571352,129218.0,-0.020238095238095277,-0.021428571428571352,4.14444357001117e-05,-0.023809523809523947,5.388926119192308e-05,-0.02619047619047632,7.08025681520638e-05,-0.02857142857142858,6.343378081945109e-05,-0.030952380952380953,0.00011340125236440035,-0.01904761904761909,7.98025224928652e-05,-0.01666666666666672,8.981160372594585e-05,-0.014285714285714457,6.685014491165194e-05,-0.011904761904761862,0.00012335742886434835,-0.00952380952380949,7.286542168992041e-05,1.0,2.0,2.0,1.0,1.0
42,14:04:51,1,-0.01904761904761909,675612.0,-0.020238095238095277,-0.021428571428571352,4.078061205243968e-05,-0.023809523809523947,6.183215540043152e-05,-0.02619047619047632,7.078245228395252e-05,-0.02857142857142858,6.353723385545193e-05,-0.030952380952380953,0.00011311963021084252,-0.01904761904761909,8.451538302179206e-05,-0.01666666666666672,8.993229893461348e-05,-0.014285714285714457,6.685014491165194e-05,-0.011904761904761862,0.00012399251555757568,-0.00952380952380949,7.144294244490895e-05,1.0,2.0,2.0,1.0,2.0
42,14:04:54,1,-0.01904761904761909,2464721.0,-0.020238095238095277,-0.021428571428571352,4.047025294443718e-05,-0.023809523809523947,6.21712514628787e-05,-0.02619047619047632,7.092038966528697e-05,-0.02857142857142858,6.360045515523021e-05,-0.030952380952380953,0.00011322595694228782,-0.01904761904761909,6.835371984210629e-05,-0.01666666666666672,8.981735111683478e-05,-0.014285714285714457,6.582136194253255e-05,-0.011904761904761862,0.00012287177433423333,-0.00952380952380949,7.144294244490895e-05,2.0,2.0,2.0,1.0,2.0
42,14:04:57,1,-0.01904761904761909,5091137.0,-0.020238095238095277,-0.021428571428571352,4.8461999975501576e-05,-0.023809523809523947,6.282645402421731e-05,-0.02619047619047632,7.056692512561746e-05,-0.02857142857142858,6.362057102334149e-05,-0.030952380952380953,0.00011316848303339847,-0.01904761904761909,3.501310529539321e-05,-0.01666666666666672,9.528311985221216e-05,-0.014285714285714457,6.727545183743316e-05,-0.011904761904761862,0.00012354996645912769,-0.00952380952380949,7.144294244490895e-05,2.0,2.0,2.0,1.0,2.0
42,14:05:00,1,-0.021428571428571352,623458.0,-0.020238095238095277,-0.021428571428571352,5.020345941484894e-05,-0.023809523809523947,6.385811068878118e-05,-0.02619047619047632,6.817026312493148e-05,-0.02857142857142858,6.343378081945109e-05,-0.030952380952380953,0.00011314261977439826,-0.01904761904761909,3.2958413052598884e-05,-0.01666666666666672,9.52342670296562e-05,-0.014285714285714457,6.741913660965653e-05,-0.011904761904761862,0.00012349536624568278,-0.00952380952380949,7.144294244490895e-05,2.0,2.0,2.0,1.0,2.0
42,14:05:03,1,-0.01904761904761909,2161663.0,-0.020238095238095277,-0.021428571428571352,5.367200981632133e-05,-0.023809523809523947,6.432939674167387e-05,-0.02619047619047632,5.490195146655346e-05,-0.02857142857142858,6.080434948776324e-05,-0.030952380952380953,0.00011255063851283794,-0.01904761904761909,1.34718842436641e-05,-0.01666666666666672,9.521127746610046e-05,-0.014285714285714457,6.720648314676593e-05,-0.011904761904761862,0.00012366778797235085,-0.00952380952380949,7.283668473547574e-05,2.0,2.0,2.0,1.0,2.0
42,14:05:06,1,-0.01904761904761909,1132099.0,-0.020238095238095277,-0.021428571428571352,5.4643318876551376e-05,-0.023809523809523947,6.242701035743631e-05,-0.02619047619047632,5.513184710211087e-05,-0.02857142857142858,6.087619187387493e-05,-0.030952380952380953,0.00011329492563295505,-0.01904761904761909,1.4072486591557828e-05,-0.01666666666666672,9.540956245176872e-05,-0.014285714285714457,6.74938526912127e-05,-0.011904761904761862,0.0001239034309987972,-0.00952380952380949,7.283668473547574e-05,2.0,2.0,2.0,1.0,2.0
42,14:05:09,1,-0.01904761904761909,2776741.0,-0.017857142857142905,-0.01904761904761909,8.017610290064599e-07,-0.021428571428571352,5.119775803863473e-05,-0.023809523809523947,6.220286211276784e-05,-0.02619047619047632,5.475539299888561e-05,-0.02857142857142858,6.085032861487472e-05,-0.01666666666666672,9.527737246132322e-05,-0.014285714285714457,6.753408442743524e-05,-0.011904761904761862,0.00012379135687646295,-0.00952380952380949,7.294013777147658e-05,-0.0071428571428572285,5.693819458459431e-05,1.0,1.0,2.0,0.0,1.0
42,14:05:12,1,-0.01904761904761909,364620.0,-0.017857142857142905,-0.01904761904761909,2.3822935234636387e-06,-0.021428571428571352,5.179548669108399e-05,-0.023809523809523947,6.22603360216572e-05,-0.02619047619047632,5.4528371058772674e-05,-0.02857142857142858,6.085894970120812e-05,-0.01666666666666672,9.440376904620507e-05,-0.014285714285714457,6.7600179422658e-05,-0.011904761904761862,0.00012379135687646295,-0.00952380952380949,7.294013777147658e-05,-0.0071428571428572285,5.696693153903899e-05,1.0,1.0,2.0,0.0,1.0
42,14:05:15,1,-0.01904761904761909,377852.0,-0.017857142857142905,-0.01904761904761909,2.7777140166223804e-05,-0.021428571428571352,5.3042670513982924e-05,-0.023809523809523947,6.199020864987724e-05,-0.02619047619047632,5.43933073728827e-05,-0.02857142857142858,6.084170752854132e-05,-0.01666666666666672,9.435600822791801e-05,-0.014285714285714457,6.77151272404367e-05,-0.011904761904761862,0.00012853582805527896,-0.00952380952380949,7.294013777147658e-05,-0.0071428571428572285,5.697555262537239e-05,1.0,1.0,2.0,0.0,1.0
42,14:05:18,1,-0.01666666666666672,331471.0,-0.017857142857142905,-0.01904761904761909,2.9423767655903738e-05,-0.021428571428571352,5.3160492027206094e-05,-0.023809523809523947,6.203618777698871e-05,-0.02619047619047632,5.39047791473232e-05,-0.02857142857142858,6.089918143743067e-05,-0.01666666666666672,9.490488405781133e-05,-0.014285714285714457,6.77065061541033e-05,-0.011904761904761862,0.00012850421740538982,-0.00952380952380949,7.294013777147658e-05,-0.0071428571428572285,5.697555262537239e-05,1.0,1.0,1.0,0.0,1.0
42,14:05:21,1,-0.01666666666666672,993705.0,-0.017857142857142905,-0.01904761904761909,2.922835636567994e-05,-0.021428571428571352,5.1352937592635975e-05,-0.023809523809523947,6.211377755398934e-05,-0.02619047619047632,5.3051291600316326e-05,-0.02857142857142858,6.0919297305541945e-05,-0.01666666666666672,9.340481503579924e-05,-0.014285714285714457,6.727832553287762e-05,-0.011904761904761862,0.00012364479840879512,-0.00952380952380949,7.364994054626007e-05,-0.0071428571428572285,5.697555262537239e-05,1.0,1.0,1.0,0.0,1.0
42,14:05:24,1,-0.01666666666666672,454092.0,-0.017857142857142905,-0.01904761904761909,3.386650081305064e-05,-0.021428571428571352,5.537323751944615e-05,-0.023809523809523947,6.14700697744286e-05,-0.02619047619047632,5.3062786382094196e-05,-0.02857142857142858,6.0942286869097684e-05,-0.01666666666666672,9.139035452922744e-05,-0.014285714285714457,6.713176706520978e-05,-0.011904761904761862,0.00012313328061967988,-0.00952380952380949,7.372178293237176e-05,-0.0071428571428572285,5.697555262537239e-05,1.0,1.0,1.0,0.0,1.0
42,14:05:27,1,-0.01666666666666672,471579.0,-0.017857142857142905,-0.01904761904761909,5.5304268828778924e-05,-0.021428571428571352,5.216331970797584e-05,-0.023809523809523947,6.12660373978714e-05,-0.02619047619047632,5.320647115431758e-05,-0.02857142857142858,6.106298207776532e-05,-0.01666666666666672,8.819193149953501e-05,-0.014285714285714457,6.695647164309726e-05,-0.011904761904761862,0.00012314477540145775,-0.00952380952380949,7.376488836403878e-05,-0.0071428571428572285,5.697555262537239e-05,1.0,1.0,1.0,0.0,1.0
42,14:05:30,1,-0.01904761904761909,419033.0,-0.017857142857142905,-0.01904761904761909,5.614338789856346e-05,-0.021428571428571352,5.189893972708482e-05,-0.023809523809523947,6.268851664288286e-05,-0.02619047619047632,5.3094397031983344e-05,-0.02857142857142858,6.001408324053465e-05,-0.01666666666666672,8.774363501019807e-05,-0.014285714285714457,6.828411893844129e-05,-0.011904761904761862,0.00012489198223169403,-0.00952380952380949,7.376488836403878e-05,-0.0071428571428572285,5.697555262537239e-05,1.0,1.0,1.0,0.0,1.0
42,14:05:33,1,-0.01666666666666672,482350.0,-0.017857142857142905,-0.01904761904761909,5.7183665649460734e-05,-0.021428571428571352,5.127247412019088e-05,-0.023809523809523947,6.312531835044194e-05,-0.02619047619047632,5.308002855476101e-05,-0.02857142857142858,5.9769819127754907e-05,-0.01666666666666672,7.184347811595885e-05,-0.014285714285714457,6.839331936533105e-05,-0.011904761904761862,0.00012567362739258924,-0.00952380952380949,7.376488836403878e-05,-0.0071428571428572285,5.663070917203628e-05,1.0,1.0,1.0,0.0,1.0
42,14:05:36,1,-0.01904761904761909,973229.0,-0.017857142857142905,-0.01904761904761909,5.334153484020755e-05,-0.021428571428571352,5.166042300519401e-05,-0.023809523809523947,6.332647703155468e-05,-0.02619047619047632,5.308002855476101e-05,-0.02857142857142858,5.971234521886555e-05,-0.01666666666666672,7.079745297417265e-05,-0.014285714285714457,6.824101350677427e-05,-0.011904761904761862,0.00012494658244513893,-0.00952380952380949,7.376488836403878e-05,-0.0071428571428572285,5.663070917203628e-05,1.0,1.0,1.0,0.0,1.0
42,14:05:39,1,-0.01666666666666672,390369.0,-0.017857142857142905,-0.01904761904761909,5.438537597345596e-05,-0.021428571428571352,3.654478496729445e-05,-0.023809523809523947,6.313393943677534e-05,-0.02619047619047632,5.294783856431549e-05,-0.02857142857142858,6.007730454031294e-05,-0.01666666666666672,7.856792545601303e-05,-0.014285714285714457,6.908587996744774e-05,-0.011904761904761862,0.00012018774278910059,-0.00952380952380949,7.383673075015047e-05,-0.0071428571428572285,5.697842632081686e-05,1.0,2.0,1.0,0.0,1.0
42,14:05:42,1,-0.01666666666666672,491139.0,-0.017857142857142905,-0.01904761904761909,5.410375381989814e-05,-0.021428571428571352,3.619994151395833e-05,-0.023809523809523947,5.739344541690687e-05,-0.02619047619047632,5.294783856431549e-05,-0.02857142857142858,6.031007387131481e-05,-0.01666666666666672,7.858516762867984e-05,-0.014285714285714457,6.921232256700432e-05,-0.011904761904761862,0.0001203544171248797,-0.00952380952380949,7.40378894312632e-05,-0.0071428571428572285,5.761926040493313e-05,1.0,2.0,0.0,0.0,1.0
42,14:05:45,1,-0.01904761904761909,1082590.0,-0.017857142857142905,-0.01904761904761909,5.083636209953848e-05,-0.021428571428571352,3.411076492583039e-05,-0.023809523809523947,5.825842774569161e-05,-0.02619047619047632,5.251391055220089e-05,-0.02857142857142858,6.065204362920646e-05,-0.01666666666666672,7.416542403508866e-05,-0.014285714285714457,6.923818582600453e-05,-0.011904761904761862,0.0001201159004029889,-0.00952380952380949,7.461262852015672e-05,-0.0071428571428572285,5.778880843615672e-05,1.0,2.0,0.0,0.0,1.0
42,14:05:48,1,-0.01666666666666672,325860.0,-0.017857142857142905,-0.01904761904761909,5.4233070114899185e-05,-0.021428571428571352,3.170260814336654e-05,-0.023809523809523947,5.8042900587356545e-05,-0.02619047619047632,5.259150032920151e-05,-0.02857142857142858,6.072963340620708e-05,-0.01666666666666672,7.587239912910242e-05,-0.014285714285714457,6.939623907545024e-05,-0.011904761904761862,0.00012008428975309975,-0.00952380952380949,7.461262852015672e-05,-0.0071428571428572285,5.778880843615672e-05,1.0,1.0,0.0,0.0,1.0
42,14:05:51,1,-0.01904761904761909,1051873.0,-0.017857142857142905,-0.01904761904761909,5.620442518980396e-05,-0.021428571428571352,3.131753295380788e-05,-0.023809523809523947,5.784748929713275e-05,-0.02619047619047632,5.237597317086644e-05,-0.02857142857142858,6.0675033192762196e-05,-0.01666666666666672,6.96048693647186e-05,-0.014285714285714457,6.939623907545024e-05,-0.011904761904761862,0.00012007854236221082,-0.00952380952380949,7.465286025637926e-05,-0.0071428571428572285,5.778880843615672e-05,1.0,1.0,0.0,1.0,1.0
42,14:05:54,1,-0.01666666666666672,2489346.0,-0.017857142857142905,-0.01904761904761909,5.719872381358974e-05,-0.021428571428571352,3.1426733380697656e-05,-0.023809523809523947,5.770955191579831e-05,-0.02619047619047632,4.686709900382206e-05,-0.02857142857142858,6.0962402737208956e-05,-0.01666666666666672,5.4632916099042404e-05,-0.014285714285714457,6.918933300344858e-05,-0.011904761904761862,0.0001209406509955511,-0.00952380952380949,7.372178293237176e-05,-0.0071428571428572285,5.778880843615672e-05,2.0,1.0,0.0,1.0,1.0
42,14:05:57,1,-0.01666666666666672,2458558.0,-0.017857142857142905,-0.01904761904761909,5.8374065250376995e-05,-0.021428571428571352,2.921686158390207e-05,-0.023809523809523947,5.9169389201587844e-05,-0.02619047619047632,4.3194516225792467e-05,-0.02857142857142858,6.102275034154278e-05,-0.01666666666666672,3.83591787970224e-05,-0.014285714285714457,6.923818582600453e-05,-0.011904761904761862,0.00012105272511788534,-0.00952380952380949,7.400915247681853e-05,-0.0071428571428572285,5.778880843615672e-05,2.0,1.0,0.0,1.0,1.0
42,14:06:00,1,-0.01904761904761909,122619.0,-0.017857142857142905,-0.01904761904761909,6.01471353396135e-05,-0.021428571428571352,2.930019875179163e-05,-0.023809523809523947,5.781300495179914e-05,-0.02619047619047632,4.3323832520793506e-05,-0.02857142857142858,6.073250710165155e-05,-0.01666666666666672,3.649127675811846e-05,-0.014285714285714457,6.972096666067508e-05,-0.011904761904761862,0.00012076535557343857,-0.00952380952380949,7.393443639526236e-05,-0.0071428571428572285,5.83491790478279e-05,2.0,1.0,0.0,1.0,1.0
42,14:06:03,1,-0.01666666666666672,3404390.0,-0.017857142857142905,-0.01904761904761909,6.051784205194982e-05,-0.021428571428571352,2.9691021332239222e-05,-0.023809523809523947,5.8106121887134834e-05,-0.02619047619047632,4.355085446090645e-05,-0.02857142857142858,6.072388601531815e-05,-0.01666666666666672,1.957095798109324e-05,-0.014285714285714457,7.197107019369322e-05,-0.011904761904761862,0.00012075098709621623,-0.00952380952380949,7.393443639526236e-05,-0.0071428571428572285,5.83491790478279e-05,1.0,1.0,0.0,1.0,1.0
42,14:06:06,1,-0.01666666666666672,584182.0,-0.017857142857142905,-0.01904761904761909,6.183112087007152e-05,-0.021428571428571352,2.9805969150017928e-05,-0.023809523809523947,5.8404986213359464e-05,-0.02619047619047632,4.334682208434925e-05,-0.02857142857142858,6.183313245688264e-05,-0.01666666666666672,1.7401317920520203e-05,-0.014285714285714457,7.253431450080887e-05,-0.011904761904761862,0.0001207193764463271,-0.00952380952380949,7.522759934527278e-05,-0.0071428571428572285,5.837216861138364e-05,1.0,1.0,0.0,1.0,1.0
42,14:06:09,1,-0.01666666666666672,2779138.0,-0.015476190476190532,-0.01666666666666672,1.8795749897993662e-05,-0.01904761904761909,6.226217518674165e-05,-0.021428571428571352,2.817371013756033e-05,-0.023809523809523947,5.856878685369412e-05,-0.02619047619047632,4.334682208434925e-05,-0.014285714285714457,7.297973729470133e-05,-0.011904761904761862,0.00012107571468144108,-0.00952380952380949,7.581670691138865e-05,-0.0071428571428572285,5.870264358749742e-05,-0.004761904761904856,0.00014764472454585625,0.0,0.0,0.0,0.0,0.0
42,14:06:12,1,-0.01666666666666672,481145.0,-0.015476190476190532,-0.01666666666666672,2.8905410471630673e-05,-0.01904761904761909,6.181675239284917e-05,-0.021428571428571352,2.796105667466973e-05,-0.023809523809523947,5.869522945325069e-05,-0.02619047619047632,4.3410043384127534e-05,-0.014285714285714457,7.251994602358652e-05,-0.011904761904761862,0.00012174815941544649,-0.00952380952380949,7.581670691138865e-05,-0.0071428571428572285,5.893541291849929e-05,-0.004761904761904856,0.0001477309354091903,0.0,0.0,0.0,0.0,0.0
42,14:06:15,1,-0.01666666666666672,4267942.0,-0.015476190476190532,-0.01666666666666672,5.114085886883427e-06,-0.01904761904761909,6.232252279107548e-05,-0.021428571428571352,2.7955309283780796e-05,-0.023809523809523947,5.910904159725402e-05,-0.02619047619047632,4.3111179057902905e-05,-0.014285714285714457,7.41177206907105e-05,-0.011904761904761862,0.0001220843817824492,-0.00952380952380949,7.567302213916526e-05,-0.0071428571428572285,5.8906675964054616e-05,-0.004761904761904856,0.00014862178099697525,0.0,0.0,0.0,0.0,0.0
42,14:06:18,1,-0.01904761904761909,1304494.0,-0.017857142857142905,-0.01904761904761909,6.229953322751974e-05,-0.021428571428571352,2.7932319720225053e-05,-0.023809523809523947,5.905731507925361e-05,-0.02619047619047632,4.3461769902127954e-05,-0.02857142857142858,5.3582752835816164e-05,-0.01666666666666672,3.4698090800770676e-05,-0.014285714285714457,7.710923764840128e-05,-0.011904761904761862,0.00012228554046356192,-0.00952380952380949,7.481091350582498e-05,-0.0071428571428572285,5.8906675964054616e-05,1.0,0.0,0.0,1.0,1.0
42,14:06:21,1,-0.01666666666666672,2633050.0,-0.017857142857142905,-0.01904761904761909,5.9836776231611e-05,-0.021428571428571352,2.8015656888114614e-05,-0.023809523809523947,5.9229736805921666e-05,-0.02619047619047632,4.2933009940345913e-05,-0.02857142857142858,5.356838435859383e-05,-0.01666666666666672,4.263811131383465e-05,-0.014285714285714457,7.719832220717978e-05,-0.011904761904761862,0.00012334018669168153,-0.00952380952380949,7.347464512414755e-05,-0.0071428571428572285,5.918542442216797e-05,1.0,0.0,0.0,1.0,1.0
42,14:06:24,1,-0.01666666666666672,387134.0,-0.017857142857142905,-0.01904761904761909,5.6951586005365534e-05,-0.021428571428571352,2.7843235161446557e-05,-0.023809523809523947,5.9315947669255695e-05,-0.02619047619047632,4.2961746894790594e-05,-0.02857142857142858,5.35971213130385e-05,-0.01666666666666672,4.222429916983132e-05,-0.014285714285714457,7.76925978236282e-05,-0.011904761904761862,0.00012331144973723687,-0.00952380952380949,7.346602403781414e-05,-0.0071428571428572285,5.945267809850346e-05,1.0,0.0,0.0,1.0,1.0
42,14:06:27,1,-0.01666666666666672,829010.0,-0.017857142857142905,-0.01904761904761909,5.393707948411902e-05,-0.021428571428571352,2.8262794696338827e-05,-0.023809523809523947,5.8307280568247565e-05,-0.02619047619047632,4.2059406525227765e-05,-0.02857142857142858,5.3867248684818456e-05,-0.01666666666666672,4.313526062572754e-05,-0.014285714285714457,7.881333904697056e-05,-0.011904761904761862,0.00012341777646868217,-0.00952380952380949,7.488562958738114e-05,-0.0071428571428572285,5.945267809850346e-05,0.0,0.0,0.0,1.0,1.0
42,14:06:30,1,-0.01666666666666672,829127.0,-0.017857142857142905,-0.01904761904761909,5.12875322843199e-05,-0.021428571428571352,2.955021025546031e-05,-0.023809523809523947,6.7049062110318e-05,-0.02619047619047632,4.2611156050565545e-05,-0.02857142857142858,5.413737605659841e-05,-0.01666666666666672,4.371862080095447e-05,-0.014285714285714457,7.935359379053047e-05,-0.011904761904761862,0.00012302695388823458,-0.00952380952380949,7.504943022771579e-05,-0.0071428571428572285,5.945267809850346e-05,0.0,0.0,0.0,1.0,1.0
42,14:06:33,1,-0.01666666666666672,1094447.0,-0.017857142857142905,-0.01904761904761909,4.969263131264038e-05,-0.021428571428571352,2.934905157434758e-05,-0.023809523809523947,6.868132112277559e-05,-0.02619047619047632,4.2527818882675984e-05,-0.02857142857142858,5.400231237070844e-05,-0.01666666666666672,6.300111723333205e-05,-0.014285714285714457,7.969843724386658e-05,-0.011904761904761862,0.00012348099776846044,-0.00952380952380949,7.519311499993917e-05,-0.0071428571428572285,5.945267809850346e-05,0.0,0.0,0.0,1.0,1.0
42,14:06:36,1,-0.01904761904761909,635794.0,-0.017857142857142905,-0.01904761904761909,4.804887751840491e-05,-0.021428571428571352,2.950135743290436e-05,-0.023809523809523947,6.865833155921985e-05,-0.02619047619047632,4.252494518723152e-05,-0.02857142857142858,5.4177607792820955e-05,-0.01666666666666672,6.483740862234685e-05,-0.014285714285714457,8.296582896422624e-05,-0.011904761904761862,0.00012348099776846044,-0.00952380952380949,7.525058890882852e-05,-0.0071428571428572285,5.9481415052948135e-05,0.0,0.0,0.0,1.0,1.0
42,14:06:39,1,-0.01904761904761909,5070223.0,-0.017857142857142905,-0.01904761904761909,1.8122213159719344e-05,-0.021428571428571352,3.005310695824214e-05,-0.023809523809523947,6.888822719477726e-05,-0.02619047619047632,4.270886169567744e-05,-0.02857142857142858,5.440750342837837e-05,-0.01666666666666672,6.3670688271893e-05,-0.014285714285714457,8.390552737456714e-05,-0.011904761904761862,0.00012399251555757568,-0.00952380952380949,7.526783108149533e-05,-0.0071428571428572285,6.018259674139823e-05,0.0,0.0,0.0,1.0,1.0
42,14:06:42,1,-0.01904761904761909,4250173.0,-0.020238095238095277,-0.021428571428571352,2.9297325056347162e-05,-0.023809523809523947,6.89916802307781e-05,-0.02619047619047632,4.272035647745531e-05,-0.02857142857142858,5.435002951948901e-05,-0.030952380952380953,0.0001147806261777448,-0.01904761904761909,1.7600694910457368e-05,-0.01666666666666672,6.204705034576881e-05,-0.014285714285714457,8.422450756890304e-05,-0.011904761904761862,0.00012461610746902516,-0.00952380952380949,7.610120276039094e-05,1.0,1.0,1.0,2.0,2.0
42,14:06:45,1,-0.01904761904761909,203116.0,-0.020238095238095277,-0.021428571428571352,3.001574891746406e-05,-0.023809523809523947,6.941411346111484e-05,-0.02619047619047632,4.257667170523193e-05,-0.02857142857142858,5.4358650605822414e-05,-0.030952380952380953,0.00011497029007707966,-0.01904761904761909,3.021909160711459e-05,-0.01666666666666672,6.256431552577297e-05,-0.014285714285714457,8.455498254501683e-05,-0.011904761904761862,0.00012473105528680386,-0.00952380952380949,7.596901276994542e-05,1.0,1.0,1.0,2.0,2.0
42,14:06:48,1,-0.021428571428571352,2757101.0,-0.020238095238095277,-0.021428571428571352,2.9032945075456142e-05,-0.023809523809523947,6.94169871565593e-05,-0.02619047619047632,4.2251944120007094e-05,-0.02857142857142858,5.437301908304476e-05,-0.030952380952380953,0.00011482660530485627,-0.01904761904761909,1.849154049824232e-05,-0.01666666666666672,6.349251915433601e-05,-0.014285714285714457,8.489982599835293e-05,-0.011904761904761862,0.00012485749788636042,-0.00952380952380949,7.596901276994542e-05,1.0,1.0,1.0,2.0,2.0
42,14:06:51,1,-0.01904761904761909,153645.0,-0.020238095238095277,-0.021428571428571352,3.3265898465156915e-05,-0.023809523809523947,6.91066280485568e-05,-0.02619047619047632,4.2251944120007094e-05,-0.02857142857142858,5.453107233249047e-05,-0.030952380952380953,0.00011484672117296755,-0.01904761904761909,2.1336498988265245e-05,-0.01666666666666672,6.69438273831416e-05,-0.014285714285714457,8.533950140135647e-05,-0.011904761904761862,0.0001258173121648126,-0.00952380952380949,9.469975967698523e-05,1.0,1.0,2.0,2.0,2.0
42,14:06:54,1,-0.01904761904761909,607289.0,-0.020238095238095277,-0.021428571428571352,3.439813447027715e-05,-0.023809523809523947,6.937962911578123e-05,-0.02619047619047632,4.234390237423006e-05,-0.02857142857142858,5.4568430373268554e-05,-0.030952380952380953,0.00011483235269574521,-0.01904761904761909,1.9207090663914755e-05,-0.01666666666666672,6.829446424204137e-05,-0.014285714285714457,8.61010306941404e-05,-0.011904761904761862,0.0001263403247357057,-0.00952380952380949,9.468251750431842e-05,1.0,1.0,2.0,2.0,2.0
42,14:06:57,1,-0.01904761904761909,646758.0,-0.020238095238095277,-0.021428571428571352,3.514242159039426e-05,-0.023809523809523947,7.031358013523319e-05,-0.02619047619047632,4.23841341104526e-05,-0.02857142857142858,5.528398053894098e-05,-0.030952380952380953,0.0001149214372545237,-0.01904761904761909,1.9037542632691165e-05,-0.01666666666666672,6.693520629680819e-05,-0.014285714285714457,8.635678958869801e-05,-0.011904761904761862,0.00012628285082681636,-0.00952380952380949,9.546128896976915e-05,1.0,1.0,2.0,2.0,2.0
42,14:07:00,1,-0.021428571428571352,313113.0,-0.020238095238095277,-0.021428571428571352,4.4257783540245476e-05,-0.023809523809523947,7.00635686315645e-05,-0.02619047619047632,4.2642766700454687e-05,-0.02857142857142858,5.573227702827793e-05,-0.030952380952380953,0.0001150019007269688,-0.01904761904761909,1.8928342205801398e-05,-0.01666666666666672,6.726855496836644e-05,-0.014285714285714457,8.793157469226625e-05,-0.011904761904761862,0.00012503279330847297,-0.00952380952380949,7.712136464317692e-05,1.0,1.0,2.0,2.0,2.0
42,14:07:03,1,-0.01904761904761909,205776.0,-0.020238095238095277,-0.021428571428571352,4.39991509502434e-05,-0.023809523809523947,7.048312816645677e-05,-0.02619047619047632,4.286116755423422e-05,-0.02857142857142858,5.5832856368834295e-05,-0.030952380952380953,0.0001150019007269688,-0.01904761904761909,2.0796244244705335e-05,-0.01666666666666672,6.97456804414975e-05,-0.014285714285714457,8.687692846414664e-05,-0.011904761904761862,0.00012503279330847297,-0.00952380952380949,7.779668307262682e-05,1.0,1.0,2.0,2.0,2.0
42,14:07:06,1,-0.021428571428571352,245907.0,-0.020238095238095277,-0.021428571428571352,4.35020016383505e-05,-0.023809523809523947,6.981930451878476e-05,-0.02619047619047632,4.286116755423422e-05,-0.02857142857142858,5.6525416970950984e-05,-0.030952380952380953,0.00011502201659508007,-0.01904761904761909,2.2678514760831612e-05,-0.01666666666666672,6.994683912261023e-05,-0.014285714285714457,8.698900258648088e-05,-0.011904761904761862,0.0001256765010880337,-0.00952380952380949,9.158754751062682e-05,1.0,1.0,2.0,2.0,2.0
42,14:07:09,1,-0.01904761904761909,1849229.0,-0.020238095238095277,-0.021428571428571352,3.4751599009946666e-05,-0.023809523809523947,6.937675542033675e-05,-0.02619047619047632,4.286116755423422e-05,-0.02857142857142858,5.681278651539774e-05,-0.030952380952380953,0.00011500764811785774,-0.01904761904761909,2.0997402925818066e-05,-0.01666666666666672,7.054169407961503e-05,-0.014285714285714457,8.703498171359236e-05,-0.011904761904761862,0.00012562190087458882,-0.00952380952380949,9.17312322828502e-05,1.0,1.0,2.0,2.0,2.0
42,14:07:12,1,-0.021428571428571352,161386.0,-0.020238095238095277,-0.021428571428571352,3.53780646168406e-05,-0.023809523809523947,6.979631495522902e-05,-0.02619047619047632,4.314853709868099e-05,-0.02857142857142858,5.7128893014289184e-05,-0.030952380952380953,0.00011525191223063749,-0.01904761904761909,2.2195733926161056e-05,-0.01666666666666672,5.926531315552417e-05,-0.014285714285714457,8.757523645715227e-05,-0.011904761904761862,0.00012594662845981364,-0.00952380952380949,9.175996923729487e-05,1.0,1.0,2.0,2.0,2.0
42,14:07:15,1,-0.01904761904761909,425115.0,-0.020238095238095277,-0.021428571428571352,3.784082161274933e-05,-0.023809523809523947,6.202584247338864e-05,-0.02619047619047632,4.314566340323652e-05,-0.02857142857142858,5.69852082420658e-05,-0.030952380952380953,0.000114984658554302,-0.01904761904761909,2.2543451074941634e-05,-0.01666666666666672,6.152978516576464e-05,-0.014285714285714457,8.76614473204863e-05,-0.011904761904761862,0.0001262339980042604,-0.00952380952380949,9.155881055618214e-05,1.0,1.0,2.0,2.0,2.0
42,14:07:18,1,-0.01904761904761909,170719.0,-0.020238095238095277,-0.021428571428571352,3.73293038236341e-05,-0.023809523809523947,6.189365248294312e-05,-0.02619047619047632,4.328360078457096e-05,-0.02857142857142858,5.70829138871777e-05,-0.030952380952380953,0.00011501914289963561,-0.01904761904761909,2.4770565044404022e-05,-0.01666666666666672,6.186313383732288e-05,-0.014285714285714457,8.771030014304224e-05,-0.011904761904761862,0.00012628572452226083,-0.00952380952380949,9.249850896652304e-05,1.0,1.0,2.0,2.0,2.0
42,14:07:21,1,-0.021428571428571352,176830.0,-0.020238095238095277,-0.021428571428571352,3.66108799625172e-05,-0.023809523809523947,6.120683927171537e-05,-0.02619047619047632,4.3470390988461356e-05,-0.02857142857142858,5.7183493227734064e-05,-0.030952380952380953,0.00011496166899074626,-0.01904761904761909,2.8106925455430905e-05,-0.01666666666666672,6.22338405496592e-05,-0.014285714285714457,8.775340557470926e-05,-0.011904761904761862,0.00012634319843115018,-0.00952380952380949,9.250713005285645e-05,1.0,2.0,2.0,2.0,2.0
42,14:07:24,1,-0.01904761904761909,296446.0,-0.020238095238095277,-0.021428571428571352,3.62114362957362e-05,-0.023809523809523947,6.148558772982872e-05,-0.02619047619047632,4.343015925223881e-05,-0.02857142857142858,5.755994733095932e-05,-0.030952380952380953,0.00011507661680852496,-0.01904761904761909,3.264449056224524e-05,-0.01666666666666672,6.097516194498239e-05,-0.014285714285714457,8.445152950901599e-05,-0.011904761904761862,0.00012770245637638334,-0.00952380952380949,9.265081482507983e-05,1.0,2.0,2.0,2.0,2.0
42,14:07:27,1,-0.021428571428571352,123791.0,-0.020238095238095277,-0.021428571428571352,3.716262948785498e-05,-0.023809523809523947,6.076429017326736e-05,-0.02619047619047632,4.354798076546198e-05,-0.02857142857142858,5.783582209362821e-05,-0.030952380952380953,0.000115162827671859,-0.01904761904761909,3.402386437558969e-05,-0.01666666666666672,6.167059624254355e-05,-0.014285714285714457,8.451762450423875e-05,-0.011904761904761862,0.00012808465787049754,-0.00952380952380949,9.269104656130238e-05,1.0,2.0,2.0,2.0,2.0
42,14:07:30,1,-0.021428571428571352,895070.0,-0.020238095238095277,-0.021428571428571352,3.59901617465122e-05,-0.023809523809523947,6.123844992160452e-05,-0.02619047619047632,4.354798076546198e-05,-0.02857142857142858,5.899104766230418e-05,-0.030952380952380953,0.00011524903853519302,-0.01904761904761909,3.823957559262366e-05,-0.01666666666666672,6.353562458600303e-05,-0.014285714285714457,8.380782172945525e-05,-0.011904761904761862,0.00012808465787049754,-0.00952380952380949,9.271978351574705e-05,1.0,2.0,2.0,2.0,2.0
42,14:07:33,1,-0.01904761904761909,386604.0,-0.020238095238095277,-0.021428571428571352,3.652466909918317e-05,-0.023809523809523947,6.127293426693812e-05,-0.02619047619047632,4.326061122101522e-05,-0.02857142857142858,5.908013222108268e-05,-0.030952380952380953,0.00011508523789485837,-0.01904761904761909,8.346579449765472e-05,-0.01666666666666672,6.39551841208953e-05,-0.014285714285714457,8.383943237934439e-05,-0.011904761904761862,0.00012788637288482928,-0.00952380952380949,9.300715306019382e-05,1.0,2.0,2.0,2.0,2.0
42,14:07:36,1,-0.021428571428571352,8532640.0,-0.020238095238095277,-0.021428571428571352,3.5346453966951456e-05,-0.023809523809523947,6.115798644915943e-05,-0.02619047619047632,4.333245360712691e-05,-0.02857142857142858,5.941348089264092e-05,-0.030952380952380953,0.00011483810008663414,-0.01904761904761909,3.3750863308365266e-05,-0.01666666666666672,6.448107038723286e-05,-0.014285714285714457,8.418140213723604e-05,-0.011904761904761862,0.00012828581655161027,-0.00952380952380949,9.362787127619882e-05,2.0,2.0,2.0,2.0,2.0
42,14:07:39,1,-0.021428571428571352,160069.0,-0.020238095238095277,-0.021428571428571352,4.1700194594669314e-05,-0.023809523809523947,6.158616707038509e-05,-0.02619047619047632,4.333245360712691e-05,-0.02857142857142858,5.970085043708768e-05,-0.030952380952380953,0.00011484384747752308,-0.01904761904761909,3.6130283136384436e-05,-0.01666666666666672,6.588343376413306e-05,-0.014285714285714457,8.444003472723812e-05,-0.011904761904761862,0.00012860192305050173,-0.00952380952380949,0.00011245057643746157,2.0,2.0,2.0,2.0,2.0
42,14:07:42,1,-0.021428571428571352,270101.0,-0.020238095238095277,-0.021428571428571352,4.1082350074108784e-05,-0.023809523809523947,6.058899475115484e-05,-0.02619047619047632,4.3122673839680775e-05,-0.02857142857142858,5.942497567441879e-05,-0.030952380952380953,0.00011485821595474542,-0.01904761904761909,4.171099968954051e-05,-0.01666666666666672,6.71392386733654e-05,-0.014285714285714457,8.422163387345858e-05,-0.011904761904761862,0.0001286479021776132,-0.00952380952380949,0.00011245057643746157,2.0,2.0,2.0,2.0,2.0
42,14:07:45,1,-0.01904761904761909,200681.0,-0.020238095238095277,-0.021428571428571352,4.16398469903355e-05,-0.023809523809523947,7.694894291650888e-05,-0.02619047619047632,4.305083145356909e-05,-0.02857142857142858,5.941922828352986e-05,-0.030952380952380953,0.00011512546963108091,-0.01904761904761909,4.532036116779182e-05,-0.01666666666666672,6.896116158515784e-05,-0.014285714285714457,8.469579362179574e-05,-0.011904761904761862,0.00012886342933594825,-0.00952380952380949,0.00011245057643746157,2.0,2.0,2.0,2.0,2.0
42,14:07:48,1,-0.01904761904761909,877501.0,-0.020238095238095277,-0.021428571428571352,3.886673088642426e-05,-0.023809523809523947,7.67334157581738e-05,-0.02619047619047632,4.296462059023506e-05,-0.02857142857142858,5.9562913055753234e-05,-0.030952380952380953,0.00011572032458808571,-0.01904761904761909,4.4553084484118965e-05,-0.01666666666666672,6.906174092571421e-05,-0.014285714285714457,8.470441470812913e-05,-0.011904761904761862,0.00012910194605783907,-0.00952380952380949,0.00011192469017112401,2.0,2.0,2.0,2.0,2.0
42,14:07:51,1,-0.01904761904761909,7210450.0,-0.017857142857142905,-0.01904761904761909,4.223826532969143e-05,-0.021428571428571352,3.39412168946068e-05,-0.023809523809523947,7.668168924017339e-05,-0.02619047619047632,4.335831686612712e-05,-0.02857142857142858,6.0060062367646134e-05,-0.01666666666666672,6.995258651349917e-05,-0.014285714285714457,8.740568842592868e-05,-0.011904761904761862,0.00012954449515628709,-0.00952380952380949,0.00011227815471079352,-0.0071428571428572285,6.417415971376373e-05,1.0,1.0,1.0,1.0,1.0
42,14:07:54,1,-0.01904761904761909,633272.0,-0.017857142857142905,-0.01904761904761909,3.807428063065788e-05,-0.021428571428571352,3.389811146293979e-05,-0.023809523809523947,7.702940638895397e-05,-0.02619047619047632,4.338992751601626e-05,-0.02857142857142858,6.03732951710931e-05,-0.01666666666666672,7.034628278939124e-05,-0.014285714285714457,8.74918992892627e-05,-0.011904761904761862,0.00012963357971506557,-0.00952380952380949,0.00011227815471079352,-0.0071428571428572285,6.417415971376373e-05,1.0,1.0,1.0,1.0,1.0
42,14:07:57,1,-0.01904761904761909,375764.0,-0.017857142857142905,-0.01904761904761909,3.62983368459769e-05,-0.021428571428571352,3.482918878694729e-05,-0.023809523809523947,7.679376336250763e-05,-0.02619047619047632,4.3757760532908116e-05,-0.02857142857142858,6.04882429888718e-05,-0.01666666666666672,7.160496139406803e-05,-0.014285714285714457,8.733097234437252e-05,-0.011904761904761862,0.00012978875926906682,-0.00952380952380949,0.0001124218394830169,-0.0071428571428572285,6.417415971376373e-05,1.0,1.0,1.0,1.0,1.0
42,14:08:00,1,-0.01904761904761909,796808.0,-0.017857142857142905,-0.01904761904761909,3.144466524027113e-05,-0.021428571428571352,3.43492816477212e-05,-0.023809523809523947,7.711274355684353e-05,-0.02619047619047632,4.479229089291645e-05,-0.02857142857142858,6.000258845875678e-05,-0.01666666666666672,7.192394158840395e-05,-0.014285714285714457,8.628207350714185e-05,-0.011904761904761862,0.00012925712561184032,-0.00952380952380949,0.00011101947610611672,-0.0071428571428572285,6.428910753154243e-05,1.0,1.0,1.0,1.0,1.0
42,14:08:03,1,-0.01904761904761909,768075.0,-0.017857142857142905,-0.01904761904761909,2.670881514778853e-05,-0.021428571428571352,3.4306176216054186e-05,-0.023809523809523947,7.7158722683955e-05,-0.02619047619047632,4.493597566513983e-05,-0.02857142857142858,6.0028451717756985e-05,-0.01666666666666672,7.854780958790176e-05,-0.014285714285714457,8.635966328414247e-05,-0.011904761904761862,0.00012950426342006453,-0.00952380952380949,0.00011094763372000503,-0.0071428571428572285,6.428910753154243e-05,1.0,1.0,1.0,1.0,1.0
42,14:08:06,1,-0.01904761904761909,507375.0,-0.017857142857142905,-0.01904761904761909,2.3725919276431162e-05,-0.021428571428571352,3.418548100738655e-05,-0.023809523809523947,7.708400660239885e-05,-0.02619047619047632,4.4967586315028976e-05,-0.02857142857142858,6.018075757631377e-05,-0.01666666666666672,7.83581456885669e-05,-0.014285714285714457,8.635966328414247e-05,-0.011904761904761862,0.0001294985160291756,-0.00952380952380949,0.00011111143436033968,-0.0071428571428572285,6.428910753154243e-05,1.0,1.0,1.0,1.0,1.0
42,14:08:09,1,-0.01904761904761909,431054.0,-0.017857142857142905,-0.01904761904761909,2.1222930544299884e-05,-0.021428571428571352,4.451641613024756e-05,-0.023809523809523947,7.771621960018172e-05,-0.02619047619047632,4.499344957402918e-05,-0.02857142857142858,6.020374713986951e-05,-0.01666666666666672,8.926956729121036e-05,-0.014285714285714457,8.694014976392493e-05,-0.011904761904761862,0.000129464031683842,-0.00952380952380949,0.00011115453979200669,-0.0071428571428572285,6.428910753154243e-05,1.0,1.0,1.0,1.0,1.0
42,14:08:12,1,-0.01904761904761909,771636.0,-0.017857142857142905,-0.01904761904761909,5.0399560391979406e-05,-0.021428571428571352,4.4525037216580964e-05,-0.023809523809523947,7.771621960018172e-05,-0.02619047619047632,4.50365550056962e-05,-0.02857142857142858,6.361769732789702e-05,-0.01666666666666672,8.943336793154502e-05,-0.014285714285714457,8.711257149059298e-05,-0.011904761904761862,0.00012966231666951025,-0.00952380952380949,0.00011115453979200669,-0.0071428571428572285,6.44327923037658e-05,1.0,1.0,1.0,1.0,1.0
42,14:08:15,1,-0.01904761904761909,388186.0,-0.017857142857142905,-0.01904761904761909,4.835348923551848e-05,-0.021428571428571352,4.45480267801367e-05,-0.023809523809523947,7.883983451896856e-05,-0.02619047619047632,4.488712284258388e-05,-0.02857142857142858,6.387058252701017e-05,-0.01666666666666672,9.020064461521786e-05,-0.014285714285714457,8.444003472723812e-05,-0.011904761904761862,0.00013035200357618248,-0.00952380952380949,0.00011172927888090021,-0.0071428571428572285,6.424025470898648e-05,1.0,1.0,1.0,1.0,1.0
42,14:08:18,1,-0.01904761904761909,600288.0,-0.017857142857142905,-0.01904761904761909,4.514931881493711e-05,-0.021428571428571352,4.4754932852138376e-05,-0.023809523809523947,7.881397125996835e-05,-0.02619047619047632,4.4915859797028556e-05,-0.02857142857142858,6.366655015045297e-05,-0.01666666666666672,9.063457262733247e-05,-0.014285714285714457,8.547743878269092e-05,-0.011904761904761862,0.0001307227102885188,-0.00952380952380949,0.00011190170060756827,-0.0071428571428572285,6.578630285811005e-05,1.0,1.0,1.0,1.0,0.0
42,14:08:21,1,-0.01904761904761909,269692.0,-0.017857142857142905,-0.01904761904761909,4.4626306244044e-05,-0.021428571428571352,4.4131340940688904e-05,-0.023809523809523947,7.90927197180817e-05,-0.02619047619047632,4.492448088336196e-05,-0.02857142857142858,6.379586644545401e-05,-0.01666666666666672,9.022076048332914e-05,-0.014285714285714457,8.55061757371356e-05,-0.011904761904761862,0.0001306077624707401,-0.00952380952380949,0.00011191606908479061,-0.0071428571428572285,6.58437767669994e-05,1.0,1.0,1.0,1.0,0.0
42,14:08:24,1,-0.01904761904761909,464060.0,-0.017857142857142905,-0.01904761904761909,4.3425101548256544e-05,-0.021428571428571352,4.434686809902397e-05,-0.023809523809523947,7.913007775885979e-05,-0.02619047619047632,4.476068024302731e-05,-0.02857142857142858,6.338780169233961e-05,-0.01666666666666672,9.132713322944916e-05,-0.014285714285714457,8.561824985946983e-05,-0.011904761904761862,0.00013055316225729521,-0.00952380952380949,0.00011203676429345824,-0.0071428571428572285,6.590125067588876e-05,1.0,1.0,1.0,1.0,0.0
42,14:08:27,1,-0.01904761904761909,178809.0,-0.017857142857142905,-0.01904761904761909,4.257161400124967e-05,-0.021428571428571352,4.457101634369245e-05,-0.023809523809523947,8.550680795013338e-05,-0.02619047619047632,4.4849764801805806e-05,-0.02857142857142858,6.322112735656049e-05,-0.01666666666666672,9.484453645347751e-05,-0.014285714285714457,8.581940854058256e-05,-0.011904761904761862,0.00013090375310152025,-0.00952380952380949,0.00011203676429345824,-0.0071428571428572285,6.590125067588876e-05,1.0,1.0,1.0,1.0,0.0
42,14:08:30,1,-0.01666666666666672,667866.0,-0.017857142857142905,-0.01904761904761909,3.809727019421362e-05,-0.021428571428571352,4.266862995945489e-05,-0.023809523809523947,8.640914831969621e-05,-0.02619047619047632,4.4849764801805806e-05,-0.02857142857142858,6.282168368977949e-05,-0.01666666666666672,9.9235543092624e-05,-0.014285714285714457,8.587688244947192e-05,-0.011904761904761862,0.0001309095004924092,-0.00952380952380949,0.00011203676429345824,-0.0071428571428572285,6.590987176222215e-05,1.0,1.0,1.0,1.0,0.0
42,14:08:33,1,-0.01666666666666672,2763714.0,-0.017857142857142905,-0.01904761904761909,1.9010185052059833e-05,-0.021428571428571352,4.292438885401251e-05,-0.023809523809523947,8.640340092880728e-05,-0.02619047619047632,4.4849764801805806e-05,-0.02857142857142858,6.295962107111394e-05,-0.01666666666666672,9.989649304485154e-05,-0.014285714285714457,8.587688244947192e-05,-0.011904761904761862,0.00013118824895052254,-0.00952380952380949,0.00011202239581623591,-0.0071428571428572285,6.59673456711115e-05,1.0,1.0,1.0,1.0,0.0
42,14:08:36,1,-0.01904761904761909,1258227.0,-0.017857142857142905,-0.01904761904761909,1.1504092551110468e-05,-0.021428571428571352,4.276633560456679e-05,-0.023809523809523947,8.622810550669475e-05,-0.02619047619047632,4.4849764801805806e-05,-0.02857142857142858,6.290789455311352e-05,-0.01666666666666672,0.00010147702553930872,-0.014285714285714457,8.618149416658548e-05,-0.011904761904761862,0.00013118824895052254,-0.00952380952380949,0.00010956538621121611,-0.0071428571428572285,6.598171414833384e-05,1.0,1.0,1.0,1.0,0.0
42,14:08:39,1,-0.01904761904761909,376977.0,-0.017857142857142905,-0.01904761904761909,9.409542152501369e-06,-0.021428571428571352,4.276633560456679e-05,-0.023809523809523947,8.585739879435843e-05,-0.02619047619047632,4.4777922415694115e-05,-0.02857142857142858,6.30602004116703e-05,-0.01666666666666672,0.00010180462681997803,-0.014285714285714457,8.615563090758528e-05,-0.011904761904761862,0.00013109916439174406,-0.00952380952380949,0.00010942170143899273,-0.0071428571428572285,6.598171414833384e-05,1.0,1.0,1.0,1.0,0.0
42,14:08:42,1,-0.01904761904761909,2941728.0,-0.017857142857142905,-0.01904761904761909,4.7075068343138175e-05,-0.021428571428571352,4.3194516225792467e-05,-0.023809523809523947,8.592062009413671e-05,-0.02619047619047632,4.492160718791749e-05,-0.02857142857142858,6.394242491312185e-05,-0.01666666666666672,0.00010289088369798677,-0.014285714285714457,8.703498171359236e-05,-0.011904761904761862,0.00013080892115185282,-0.00952380952380949,0.00010960274425199419,-0.0071428571428572285,6.56397443904422e-05,1.0,1.0,1.0,1.0,0.0
42,14:08:45,1,-0.01904761904761909,339982.0,-0.017857142857142905,-0.01904761904761909,4.513245022267808e-05,-0.021428571428571352,4.338418012512733e-05,-0.023809523809523947,8.608729442991584e-05,-0.02619047619047632,4.630098100126194e-05,-0.02857142857142858,6.380448753178742e-05,-0.01666666666666672,0.00010323860084676736,-0.014285714285714457,9.345481733653297e-05,-0.011904761904761862,0.00013080892115185282,-0.00952380952380949,0.00011011138834566496,-0.0071428571428572285,6.56397443904422e-05,1.0,1.0,1.0,1.0,0.0
42,14:08:48,1,-0.01904761904761909,221805.0,-0.017857142857142905,-0.01904761904761909,4.418125703055931e-05,-0.021428571428571352,4.3864087264353416e-05,-0.023809523809523947,8.634880071536239e-05,-0.02619047619047632,4.642742360081851e-05,-0.02857142857142858,6.383897187712103e-05,-0.01666666666666672,0.00010528754569867276,-0.014285714285714457,9.383989252609163e-05,-0.011904761904761862,0.00013094111114229833,-0.00952380952380949,0.00011019759920899898,-0.0071428571428572285,6.565411286766453e-05,1.0,1.0,1.0,1.0,0.0
42,14:08:51,1,-0.01904761904761909,463603.0,-0.017857142857142905,-0.01904761904761909,4.2005869579097336e-05,-0.021428571428571352,4.377500270557492e-05,-0.023809523809523947,8.628270572013963e-05,-0.02619047619047632,4.643317099170745e-05,-0.02857142857142858,6.383897187712103e-05,-0.01666666666666672,0.00010732499576880028,-0.014285714285714457,9.388299795775865e-05,-0.011904761904761862,0.00013151585023119187,-0.00952380952380949,0.00011221493341101524,-0.0071428571428572285,6.59414824121113e-05,1.0,1.0,1.0,1.0,0.0
42,14:08:54,1,-0.01666666666666672,348577.0,-0.017857142857142905,-0.01904761904761909,4.018969405819381e-05,-0.021428571428571352,4.3887076827909155e-05,-0.023809523809523947,8.652409613747491e-05,-0.02619047619047632,4.6436044687151915e-05,-0.02857142857142858,6.3974035563011e-05,-0.01666666666666672,0.00011294307036273444,-0.014285714285714457,9.431405227442878e-05,-0.011904761904761862,0.00013164229283074843,-0.00952380952380949,0.00011235861818323862,-0.0071428571428572285,6.602481958000086e-05,1.0,1.0,1.0,1.0,0.0
42,14:08:57,1,-0.01904761904761909,252701.0,-0.017857142857142905,-0.01904761904761909,6.776567554330489e-05,-0.021428571428571352,4.355947554723985e-05,-0.023809523809523947,8.655570678736406e-05,-0.02619047619047632,4.591877950714775e-05,-0.02857142857142858,6.411772033523438e-05,-0.01666666666666672,0.0001135580411878505,-0.014285714285714457,9.402955642542649e-05,-0.011904761904761862,0.00013184345151186116,-0.00952380952380949,0.00011235861818323862,-0.0071428571428572285,5.9576247002615566e-05,1.0,1.0,1.0,1.0,0.0
42,14:09:00,1,-0.01904761904761909,247616.0,-0.017857142857142905,-0.01904761904761909,6.626273282584833e-05,-0.021428571428571352,4.8166009344721414e-05,-0.023809523809523947,8.629707419736198e-05,-0.02619047619047632,4.591877950714775e-05,-0.02857142857142858,6.423266815301308e-05,-0.01666666666666672,0.00011332239816140417,-0.014285714285714457,9.420772554298348e-05,-0.011904761904761862,0.00013188368324808372,-0.00952380952380949,0.0001124850607827952,-0.0071428571428572285,5.934635136705816e-05,1.0,1.0,1.0,1.0,0.0
42,14:09:03,1,-0.01666666666666672,241037.0,-0.017857142857142905,-0.01904761904761909,6.499255943939365e-05,-0.021428571428571352,4.8028071963386966e-05,-0.023809523809523947,8.635167441080685e-05,-0.02619047619047632,4.6007864065926247e-05,-0.02857142857142858,6.426140510745777e-05,-0.01666666666666672,0.0001147994776198605,-0.014285714285714457,9.422209402020583e-05,-0.011904761904761862,0.00013219691605153067,-0.00952380952380949,0.0001124850607827952,-0.0071428571428572285,6.452762425343323e-05,1.0,1.0,1.0,1.0,0.0
42,14:09:06,1,-0.01904761904761909,465155.0,-0.017857142857142905,-0.01904761904761909,7.069684489666183e-05,-0.021428571428571352,4.786427132305231e-05,-0.023809523809523947,8.635454810625132e-05,-0.02619047619047632,4.604809580214879e-05,-0.02857142857142858,6.426140510745777e-05,-0.01666666666666672,0.00011680244334465442,-0.014285714285714457,9.427956792909517e-05,-0.011904761904761862,0.00013316822511176072,-0.00952380952380949,0.00011189595321667933,-0.0071428571428572285,6.454199273065558e-05,1.0,1.0,1.0,1.0,0.0
42,14:09:09,1,-0.01904761904761909,96499.0,-0.017857142857142905,-0.01904761904761909,7.078018206455139e-05,-0.021428571428571352,4.786427132305231e-05,-0.023809523809523947,8.636029549714026e-05,-0.02619047619047632,4.616304361992749e-05,-0.02857142857142858,6.457751160634919e-05,-0.01666666666666672,0.0001168398013854325,-0.014285714285714457,9.450658986920812e-05,-0.011904761904761862,0.00013353893182409704,-0.00952380952380949,0.00011189595321667933,-0.0071428571428572285,6.454199273065558e-05,1.0,1.0,1.0,1.0,0.0
42,14:09:12,1,-0.01904761904761909,426174.0,-0.017857142857142905,-0.01904761904761909,6.934620803776206e-05,-0.021428571428571352,4.7898755668385926e-05,-0.023809523809523947,8.646662222858556e-05,-0.02619047619047632,4.6105569711038145e-05,-0.02857142857142858,6.463498551523855e-05,-0.01666666666666672,0.00011683405399454356,-0.014285714285714457,9.509857113076844e-05,-0.011904761904761862,0.00013358203725576405,-0.00952380952380949,0.00011206837494334739,-0.0071428571428572285,6.454199273065558e-05,1.0,1.0,1.0,1.0,0.0
42,14:09:15,1,-0.01904761904761909,89834.0,-0.017857142857142905,-0.01904761904761909,7.024280101643596e-05,-0.021428571428571352,4.789588197294146e-05,-0.023809523809523947,8.630569528369537e-05,-0.02619047619047632,4.609982232014921e-05,-0.02857142857142858,6.46752172514611e-05,-0.01666666666666672,0.00011794042674066358,-0.014285714285714457,9.573653151944024e-05,-0.011904761904761862,0.00013369698507354277,-0.00952380952380949,0.00011221205971557077,-0.0071428571428572285,6.54184698412182e-05,1.0,1.0,1.0,1.0,0.0
42,14:09:18,1,-0.01904761904761909,272780.0,-0.017857142857142905,-0.01904761904761909,6.917091261564954e-05,-0.021428571428571352,4.765161786016171e-05,-0.023809523809523947,8.653271722380832e-05,-0.02619047619047632,4.6128559274593884e-05,-0.02857142857142858,6.472119637857258e-05,-0.01666666666666672,0.00012432290432282613,-0.014285714285714457,9.425657836553943e-05,-0.011904761904761862,0.00013358491095120852,-0.00952380952380949,0.00011221205971557077,-0.0071428571428572285,6.54184698412182e-05,1.0,1.0,1.0,0.0,0.0
42,14:09:21,1,-0.01904761904761909,325995.0,-0.017857142857142905,-0.01904761904761909,7.09842144411086e-05,-0.021428571428571352,4.899938102361701e-05,-0.023809523809523947,8.691779241336697e-05,-0.02619047619047632,4.614292775181622e-05,-0.02857142857142858,6.482464941457342e-05,-0.01666666666666672,0.00012514765491538832,-0.014285714285714457,9.428818901542858e-05,-0.011904761904761862,0.00013421137655810245,-0.00952380952380949,0.00011253966099624007,-0.0071428571428572285,6.398162211898439e-05,1.0,1.0,1.0,0.0,0.0
42,14:09:24,1,-0.01904761904761909,1344419.0,-0.017857142857142905,-0.01904761904761909,6.65501023702951e-05,-0.021428571428571352,4.861143213861389e-05,-0.023809523809523947,8.691779241336697e-05,-0.02619047619047632,4.61716647062609e-05,-0.02857142857142858,6.453727987012665e-05,-0.01666666666666672,0.00012191474754036228,-0.014285714285714457,9.402955642542649e-05,-0.011904761904761862,0.00013416539743099098,-0.00952380952380949,0.00011253966099624007,-0.0071428571428572285,6.455636120787791e-05,1.0,1.0,1.0,0.0,0.0
42,14:09:27,1,-0.01904761904761909,459051.0,-0.017857142857142905,-0.01904761904761909,6.534889767450763e-05,-0.021428571428571352,4.866890604750324e-05,-0.023809523809523947,8.715918283070225e-05,-0.02619047619047632,4.61716647062609e-05,-0.02857142857142858,6.474705963757279e-05,-0.01666666666666672,0.00012042904699557254,-0.014285714285714457,9.414737793864966e-05,-0.011904761904761862,0.00013453035675243836,-0.00952380952380949,0.00011180974235334531,-0.0071428571428572285,6.484660444776914e-05,1.0,1.0,1.0,0.0,0.0
42,14:09:30,1,-0.01904761904761909,562901.0,-0.017857142857142905,-0.01904761904761909,6.296660415104399e-05,-0.021428571428571352,4.870339039283685e-05,-0.023809523809523947,8.716205652614672e-05,-0.02619047619047632,4.61716647062609e-05,-0.02857142857142858,6.484476528268468e-05,-0.01666666666666672,0.00011994626616090197,-0.014285714285714457,9.461004290520894e-05,-0.011904761904761862,0.0001348637054239966,-0.00952380952380949,0.00011178100539890063,-0.0071428571428572285,6.484660444776914e-05,1.0,1.0,1.0,0.0,0.0
42,14:09:33,1,-0.01666666666666672,317068.0,-0.017857142857142905,-0.01904761904761909,6.173378880536739e-05,-0.021428571428571352,4.870339039283685e-05,-0.023809523809523947,8.71103300081463e-05,-0.02619047619047632,4.6042348411259855e-05,-0.02857142857142858,6.545973610780074e-05,-0.01666666666666672,0.00011946923271712036,-0.014285714285714457,9.504684461276803e-05,-0.011904761904761862,0.00013535510734500057,-0.00952380952380949,0.00011192756386656848,-0.0071428571428572285,6.542134353666267e-05,1.0,1.0,1.0,0.0,0.0
42,14:09:36,1,-0.01904761904761909,408756.0,-0.017857142857142905,-0.01904761904761909,6.055557367313568e-05,-0.021428571428571352,4.870339039283685e-05,-0.023809523809523947,9.328877521375164e-05,-0.02619047619047632,4.601361145681518e-05,-0.02857142857142858,6.554594697113478e-05,-0.01666666666666672,0.00012215613795769757,-0.014285714285714457,9.506121308999036e-05,-0.011904761904761862,0.00013880354187836169,-0.00952380952380949,0.00011195630082101316,-0.0071428571428572285,6.542134353666267e-05,1.0,1.0,1.0,0.0,0.0
42,14:09:39,1,-0.01666666666666672,440498.0,-0.017857142857142905,-0.01904761904761909,5.725657130288688e-05,-0.021428571428571352,4.868902191561451e-05,-0.023809523809523947,9.316233261419506e-05,-0.02619047619047632,4.58699266845918e-05,-0.02857142857142858,6.58189480383592e-05,-0.01666666666666672,0.00012323664744481736,-0.014285714285714457,9.664174558444755e-05,-0.011904761904761862,0.00013929207010392118,-0.00952380952380949,0.00011195630082101316,-0.0071428571428572285,6.550755439999669e-05,1.0,1.0,1.0,0.0,0.0
42,14:09:42,1,-0.01904761904761909,567836.0,-0.017857142857142905,-0.01904761904761909,5.3560998961301546e-05,-0.021428571428571352,4.8760864301726205e-05,-0.023809523809523947,9.336061759986333e-05,-0.02619047619047632,4.482677523825006e-05,-0.02857142857142858,6.612643345091723e-05,-0.01666666666666672,0.00012499247536138707,-0.014285714285714457,9.694060991067217e-05,-0.011904761904761862,0.0001391225220726976,-0.00952380952380949,0.00011224367036545991,-0.0071428571428572285,6.536961701866224e-05,1.0,1.0,1.0,0.0,0.0
42,14:09:45,1,-0.01904761904761909,354491.0,-0.017857142857142905,-0.01904761904761909,4.308925276166162e-05,-0.021428571428571352,4.878960125617088e-05,-0.023809523809523947,9.36652293169769e-05,-0.02619047619047632,4.482677523825006e-05,-0.02857142857142858,6.575285304313644e-05,-0.01666666666666672,0.00012618505897084114,-0.014285714285714457,9.708716837834001e-05,-0.011904761904761862,0.00013854778298380408,-0.00952380952380949,0.00011218619645657056,-0.0071428571428572285,6.536961701866224e-05,1.0,1.0,1.0,0.0,0.0
42,14:09:48,1,-0.01666666666666672,465118.0,-0.017857142857142905,-0.01904761904761909,4.184609211238494e-05,-0.021428571428571352,3.8981678704202965e-05,-0.023809523809523947,9.597568045432884e-05,-0.02619047619047632,4.482677523825006e-05,-0.02857142857142858,6.579308477935899e-05,-0.01666666666666672,0.0001303490436698747,-0.014285714285714457,9.713027381000703e-05,-0.011904761904761862,0.00013833512952091348,-0.00952380952380949,0.00011658295048660598,-0.0071428571428572285,6.536961701866224e-05,1.0,1.0,1.0,0.0,0.0
42,14:09:51,1,-0.01904761904761909,320653.0,-0.017857142857142905,-0.01904761904761909,4.096386761093338e-05,-0.021428571428571352,3.8981678704202965e-05,-0.023809523809523947,9.61481021809969e-05,-0.02619047619047632,4.482677523825006e-05,-0.02857142857142858,6.573561087046964e-05,-0.01666666666666672,0.00013221407201333414,-0.014285714285714457,9.747511726334314e-05,-0.011904761904761862,0.00013813397083980072,-0.00952380952380949,0.00011672663525882937,-0.0071428571428572285,6.536961701866224e-05,1.0,1.0,1.0,0.0,0.0
42,14:09:54,1,-0.01666666666666672,749904.0,-0.017857142857142905,-0.01904761904761909,4.0820182838710005e-05,-0.021428571428571352,3.868856176886727e-05,-0.023809523809523947,9.61481021809969e-05,-0.02619047619047632,4.4639985034359666e-05,-0.02857142857142858,6.585630607913728e-05,-0.01666666666666672,0.0001325646628575592,-0.014285714285714457,9.776823419867885e-05,-0.011904761904761862,0.00013832938213002453,-0.00952380952380949,0.00011672663525882937,-0.0071428571428572285,6.536961701866224e-05,1.0,1.0,1.0,0.0,0.0
42,14:09:57,1,-0.01904761904761909,308377.0,-0.017857142857142905,-0.01904761904761909,3.9047112749473495e-05,-0.021428571428571352,3.886960458186873e-05,-0.023809523809523947,9.612511261744116e-05,-0.02619047619047632,4.461699547080393e-05,-0.02857142857142858,6.567813696158029e-05,-0.01666666666666672,0.00013319687585534206,-0.014285714285714457,9.769064442167822e-05,-0.011904761904761862,0.00013695000831668008,-0.00952380952380949,0.00011679847764494106,-0.0071428571428572285,6.536961701866224e-05,1.0,1.0,1.0,0.0,0.0
42,14:10:00,1,-0.01904761904761909,507642.0,-0.017857142857142905,-0.01904761904761909,3.657573466723136e-05,-0.021428571428571352,3.8852362409201925e-05,-0.023809523809523947,9.61912076126639e-05,-0.02619047619047632,4.456814264824798e-05,-0.02857142857142858,6.564652631169114e-05,-0.01666666666666672,0.0001366165734342585,-0.014285714285714457,9.761018094923312e-05,-0.011904761904761862,0.00013704196657090306,-0.00952380952380949,0.00011663180330916194,-0.0071428571428572285,6.536961701866224e-05,1.0,1.0,1.0,0.0,0.0
42,14:10:03,1,-0.01904761904761909,673275.0,-0.017857142857142905,-0.01904761904761909,3.656998727634243e-05,-0.021428571428571352,3.883512023653512e-05,-0.023809523809523947,9.624868152155327e-05,-0.02619047619047632,4.449630026213629e-05,-0.02857142857142858,6.537352524446672e-05,-0.01666666666666672,0.00013717981774137415,-0.014285714285714457,9.801537200690305e-05,-0.011904761904761862,0.00013578903535711517,-0.00952380952380949,0.00011663180330916194,-0.0071428571428572285,6.536961701866224e-05,1.0,1.0,1.0,0.0,0.0
42,14:10:06,1,-0.01904761904761909,1453649.0,-0.017857142857142905,-0.01904761904761909,3.3164658174648324e-05,-0.021428571428571352,3.890121523175788e-05,-0.023809523809523947,9.656191432500023e-05,-0.02619047619047632,4.449630026213629e-05,-0.02857142857142858,6.567238957069136e-05,-0.01666666666666672,0.0001330962965147857,-0.014285714285714457,9.927117691613539e-05,-0.011904761904761862,0.0001358666251341158,-0.00952380952380949,0.00011663467700460641,-0.0071428571428572285,6.536961701866224e-05,1.0,1.0,1.0,0.0,0.0
42,14:10:09,1,-0.01904761904761909,1606832.0,-0.017857142857142905,-0.01904761904761909,0.00010834915208825409,-0.021428571428571352,3.8970183922425095e-05,-0.023809523809523947,9.650444041611088e-05,-0.02619047619047632,4.4596879602692655e-05,-0.02857142857142858,6.570112652513603e-05,-0.01666666666666672,0.0001348521244313554,-0.014285714285714457,9.927117691613539e-05,-0.011904761904761862,0.00013596433077922769,-0.00952380952380949,0.00011663467700460641,-0.0071428571428572285,6.479487792976872e-05,1.0,1.0,1.0,0.0,0.0
42,14:10:12,1,-0.01904761904761909,1592622.0,-0.017857142857142905,-0.01904761904761909,9.866767213584275e-05,-0.021428571428571352,3.9714471042542204e-05,-0.023809523809523947,9.652168258877769e-05,-0.02619047619047632,4.458251112547032e-05,-0.02857142857142858,6.587354825180409e-05,-0.01666666666666672,0.00013566538024213973,-0.014285714285714457,9.942348277469217e-05,-0.011904761904761862,0.00013589536208856047,-0.00952380952380949,0.00011664904548182874,-0.0071428571428572285,6.479200423432426e-05,1.0,1.0,1.0,0.0,0.0
42,14:10:15,1,-0.01904761904761909,793613.0,-0.017857142857142905,-0.01904761904761909,9.466461438169939e-05,-0.021428571428571352,3.795576943052804e-05,-0.023809523809523947,9.640673477099898e-05,-0.02619047619047632,4.4585384820914786e-05,-0.02857142857142858,6.597125389691598e-05,-0.01666666666666672,0.0001355533061198055,-0.014285714285714457,9.945221972913685e-05,-0.011904761904761862,0.00013869146775602744,-0.00952380952380949,0.00011668065613171789,-0.0071428571428572285,6.486672031588041e-05,1.0,1.0,1.0,0.0,0.0
42,14:10:18,1,-0.01904761904761909,47398.0,-0.017857142857142905,-0.01904761904761909,9.531694324759354e-05,-0.021428571428571352,3.795576943052804e-05,-0.023809523809523947,9.727171709978373e-05,-0.02619047619047632,4.4585384820914786e-05,-0.02857142857142858,6.598274867869385e-05,-0.01666666666666672,0.0001364125410577013,-0.014285714285714457,0.00010054422399803454,-0.011904761904761862,0.0001387489416649168,-0.00952380952380949,0.00011668065613171789,-0.0071428571428572285,6.489545727032509e-05,1.0,1.0,0.0,0.0,0.0
42,14:10:21,1,-0.01904761904761909,491159.0,-0.017857142857142905,-0.01904761904761909,9.290591276968521e-05,-0.021428571428571352,3.7886800739860814e-05,-0.023809523809523947,9.739241230845137e-05,-0.02619047619047632,4.449917395758076e-05,-0.02857142857142858,6.594539063791577e-05,-0.01666666666666672,0.00013815687419249314,-0.014285714285714457,0.00010058732942970155,-0.011904761904761862,0.0001386512360198049,-0.00952380952380949,0.00011761173345572539,-0.0071428571428572285,6.535524854143991e-05,1.0,1.0,0.0,0.0,0.0
42,14:10:24,1,-0.01666666666666672,271329.0,-0.017857142857142905,-0.01904761904761909,9.114859053148439e-05,-0.021428571428571352,3.8725919809645353e-05,-0.023809523809523947,9.742114926289604e-05,-0.02619047619047632,4.449917395758076e-05,-0.02857142857142858,6.588791672902642e-05,-0.01666666666666672,0.0001379384733387136,-0.014285714285714457,0.00010045513943925604,-0.011904761904761862,0.00013904780599114142,-0.00952380952380949,0.00011761173345572539,-0.0071428571428572285,6.539835397310692e-05,1.0,1.0,0.0,0.0,0.0
42,14:10:27,1,-0.01904761904761909,433309.0,-0.017857142857142905,-0.01904761904761909,8.983818540880717e-05,-0.021428571428571352,3.8725919809645353e-05,-0.023809523809523947,9.754471816700815e-05,-0.02619047619047632,4.452791091202543e-05,-0.02857142857142858,6.577871630213666e-05,-0.01666666666666672,0.0001378867468207132,-0.014285714285714457,0.00010045513943925604,-0.011904761904761862,0.0001395018498713673,-0.00952380952380949,0.00011761173345572539,-0.0071428571428572285,6.539835397310692e-05,1.0,1.0,0.0,0.0,0.0
42,14:10:30,1,-0.01904761904761909,816199.0,-0.017857142857142905,-0.01904761904761909,8.776625099334603e-05,-0.021428571428571352,3.87747726322013e-05,-0.023809523809523947,9.808784660601252e-05,-0.02619047619047632,4.452791091202543e-05,-0.02857142857142858,6.589366411991535e-05,-0.01666666666666672,0.0001354383583020268,-0.014285714285714457,0.00010054135030259007,-0.011904761904761862,0.00013947311291692265,-0.00952380952380949,0.00011764047041017006,-0.0071428571428572285,6.539835397310692e-05,1.0,1.0,0.0,0.0,0.0
42,14:10:33,1,-0.01904761904761909,95016.0,-0.017857142857142905,-0.01904761904761909,8.71783216423624e-05,-0.021428571428571352,3.205032529214712e-05,-0.023809523809523947,9.817405746934655e-05,-0.02619047619047632,4.395317182313191e-05,-0.02857142857142858,6.658909841747652e-05,-0.01666666666666672,0.0001377430620484898,-0.014285714285714457,0.00010139196415415248,-0.011904761904761862,0.00013946449183058923,-0.00952380952380949,0.00011778415518239345,-0.0071428571428572285,6.550180700910776e-05,1.0,1.0,0.0,0.0,0.0
42,14:10:36,1,-0.01904761904761909,457636.0,-0.017857142857142905,-0.01904761904761909,8.508052396790105e-05,-0.021428571428571352,3.232907375026048e-05,-0.023809523809523947,9.807635182423465e-05,-0.02619047619047632,4.410260398624423e-05,-0.02857142857142858,6.659197211292098e-05,-0.01666666666666672,0.00013802181050660316,-0.014285714285714457,0.00010202417715193536,-0.011904761904761862,0.00013966565051170196,-0.00952380952380949,0.00011778415518239345,-0.0071428571428572285,6.550180700910776e-05,1.0,1.0,0.0,0.0,0.0
42,14:10:39,1,-0.01904761904761909,1320268.0,-0.017857142857142905,-0.01904761904761909,7.894231049851827e-05,-0.021428571428571352,3.217676789170369e-05,-0.023809523809523947,9.784070879778831e-05,-0.02619047619047632,4.411697246346657e-05,-0.02857142857142858,6.670979362614416e-05,-0.01666666666666672,0.00013756489293093282,-0.014285714285714457,0.00010223395691938148,-0.011904761904761862,0.0001395104709577007,-0.00952380952380949,0.00011778415518239345,-0.0071428571428572285,6.563399699955327e-05,1.0,1.0,0.0,0.0,0.0
42,14:10:42,1,-0.01904761904761909,2088672.0,-0.017857142857142905,-0.01904761904761909,7.740775713117258e-05,-0.021428571428571352,3.2383673963705365e-05,-0.023809523809523947,9.784070879778831e-05,-0.02619047619047632,4.410260398624423e-05,-0.02857142857142858,6.670979362614416e-05,-0.01666666666666672,0.00012580285747672694,-0.014285714285714457,0.00010237476799616039,-0.011904761904761862,0.00013952771313036752,-0.00952380952380949,0.00011778415518239345,-0.0071428571428572285,6.563399699955327e-05,1.0,1.0,0.0,0.0,0.0
42,14:10:45,1,-0.01904761904761909,362972.0,-0.017857142857142905,-0.01904761904761909,7.624103678071872e-05,-0.021428571428571352,3.2372179181927496e-05,-0.023809523809523947,9.807347812879019e-05,-0.02619047619047632,4.412846724524444e-05,-0.02857142857142858,6.670979362614416e-05,-0.01666666666666672,0.00012703567282240354,-0.014285714285714457,0.00010266213754060716,-0.011904761904761862,0.0001396369135572573,-0.00952380952380949,0.00011778415518239345,-0.0071428571428572285,6.592136654400002e-05,1.0,1.0,0.0,0.0,0.0
42,14:10:48,1,-0.01904761904761909,440634.0,-0.017857142857142905,-0.01904761904761909,7.379839565292126e-05,-0.021428571428571352,3.228022092770453e-05,-0.023809523809523947,9.8090720301457e-05,-0.02619047619047632,4.418594115413379e-05,-0.02857142857142858,6.67758886213669e-05,-0.01666666666666672,0.00012789490776029936,-0.014285714285714457,0.00010312480250716644,-0.011904761904761862,0.00013955070269392326,-0.00952380952380949,0.00011831578883961995,-0.0071428571428572285,6.602194588455639e-05,1.0,0.0,0.0,0.0,0.0
42,14:10:51,1,-0.01904761904761909,239062.0,-0.017857142857142905,-0.01904761904761909,7.269489660224571e-05,-0.021428571428571352,3.251011656326194e-05,-0.023809523809523947,9.84183215821263e-05,-0.02619047619047632,4.4131340940688904e-05,-0.02857142857142858,6.68218677484784e-05,-0.01666666666666672,0.00012771673864274237,-0.014285714285714457,0.00010331159271105683,-0.011904761904761862,0.00013969151377070217,-0.00952380952380949,0.00011834452579406462,-0.0071428571428572285,6.602194588455639e-05,1.0,0.0,0.0,0.0,0.0
42,14:10:54,1,-0.01904761904761909,1118585.0,-0.017857142857142905,-0.01904761904761909,6.498477172473914e-05,-0.021428571428571352,3.248137960881726e-05,-0.023809523809523947,9.78148455387881e-05,-0.02619047619047632,4.3642812715129414e-05,-0.02857142857142858,6.682761513936733e-05,-0.01666666666666672,0.0001298059152308703,-0.014285714285714457,0.00010312192881172197,-0.011904761904761862,0.0001397777246340362,-0.00952380952380949,0.00011840487339839844,-0.0071428571428572285,6.634092607889229e-05,1.0,0.0,0.0,0.0,0.0
42,14:10:57,1,-0.01904761904761909,1762624.0,-0.017857142857142905,-0.01904761904761909,5.296697737597565e-05,-0.021428571428571352,3.25934537311515e-05,-0.023809523809523947,9.750736012623007e-05,-0.02619047619047632,4.367154966957409e-05,-0.02857142857142858,6.683336253025626e-05,-0.01666666666666672,0.0001309582671041018,-0.014285714285714457,0.00010398403744506225,-0.011904761904761862,0.00013991566201537064,-0.00952380952380949,0.00011840487339839844,-0.0071428571428572285,6.634379977433676e-05,1.0,0.0,0.0,0.0,0.0
42,14:11:00,1,-0.01904761904761909,319407.0,-0.017857142857142905,-0.01904761904761909,5.165369855785396e-05,-0.021428571428571352,3.266529611726319e-05,-0.023809523809523947,9.752747599434134e-05,-0.02619047619047632,4.3619823151573674e-05,-0.02857142857142858,6.685060470292307e-05,-0.01666666666666672,0.00012638909134739834,-0.014285714285714457,0.00010455877653395577,-0.011904761904761862,0.0001402116526461508,-0.00952380952380949,0.00011840487339839844,-0.0071428571428572285,6.662542192789458e-05,1.0,0.0,0.0,0.0,0.0
42,14:11:03,1,-0.01666666666666672,821127.0,-0.017857142857142905,-0.01904761904761909,4.642069915347846e-05,-0.021428571428571352,3.323716151071224e-05,-0.023809523809523947,9.746425469456306e-05,-0.02619047619047632,4.356234924268432e-05,-0.02857142857142858,6.882195977782784e-05,-0.01666666666666672,0.0001277828336379651,-0.014285714285714457,0.00010478867216951318,-0.011904761904761862,0.00014026337916415123,-0.00952380952380949,0.00011840487339839844,-0.0071428571428572285,6.721740318945492e-05,0.0,0.0,0.0,0.0,0.0
42,14:11:06,1,-0.01904761904761909,433069.0,-0.017857142857142905,-0.01904761904761909,4.383437325345762e-05,-0.021428571428571352,3.442687142472182e-05,-0.023809523809523947,9.73895386130069e-05,-0.02619047619047632,4.358246511079559e-05,-0.02857142857142858,6.882195977782784e-05,-0.01666666666666672,0.00012846389945830395,-0.014285714285714457,0.00010593527665185576,-0.011904761904761862,0.0001405852330539316,-0.00952380952380949,0.00011840487339839844,-0.0071428571428572285,6.727487709834426e-05,0.0,0.0,0.0,0.0,0.0
42,14:11:09,1,-0.01904761904761909,3519207.0,-0.017857142857142905,-0.01904761904761909,2.0347660385823943e-05,-0.021428571428571352,3.451308228805585e-05,-0.023809523809523947,9.76194342485643e-05,-0.02619047619047632,4.3642812715129414e-05,-0.02857142857142858,6.931623539427627e-05,-0.01666666666666672,0.00012930301852808848,-0.014285714285714457,0.00010610769837852381,-0.011904761904761862,0.00014034384263659632,-0.00952380952380949,0.00011828992558061974,-0.0071428571428572285,6.743005665234552e-05,0.0,0.0,0.0,0.0,0.0
42,14:11:12,1,-0.01904761904761909,1169303.0,-0.017857142857142905,-0.01904761904761909,1.2462240086204854e-05,-0.021428571428571352,3.457917728327861e-05,-0.023809523809523947,9.747574947634093e-05,-0.02619047619047632,4.3674423365018555e-05,-0.02857142857142858,6.949727820727772e-05,-0.01666666666666672,0.00013074848733665568,-0.014285714285714457,0.00010482028281940233,-0.011904761904761862,0.00014001624135592702,-0.00952380952380949,0.00011828992558061974,-0.0071428571428572285,6.743005665234552e-05,0.0,0.0,0.0,0.0,0.0
42,14:11:15,1,-0.01904761904761909,1775923.0,-0.017857142857142905,-0.01904761904761909,8.123649651965453e-07,-0.021428571428571352,3.4722862055501985e-05,-0.023809523809523947,9.723435905900564e-05,-0.02619047619047632,4.413421463613337e-05,-0.02857142857142858,6.949727820727772e-05,-0.01666666666666672,0.00013119391013054814,-0.014285714285714457,0.00010455015544762236,-0.011904761904761862,0.00013973749289781365,-0.00952380952380949,0.00011843648404828759,-0.0071428571428572285,6.743005665234552e-05,0.0,0.0,0.0,0.0,0.0
42,14:11:18,1,-0.01904761904761909,578854.0,-0.020238095238095277,-0.021428571428571352,3.401305928071849e-05,-0.023809523809523947,9.794990922467808e-05,-0.02619047619047632,4.419743593591166e-05,-0.02857142857142858,6.955475211616708e-05,-0.030952380952380953,0.00011563698742019615,-0.01904761904761909,2.477214557689848e-05,-0.01666666666666672,0.00013831872071992557,-0.014285714285714457,0.00010455015544762236,-0.011904761904761862,0.00013971162963881344,-0.00952380952380949,0.0001185859162113999,1.0,1.0,1.0,1.0,1.0
42,14:11:21,1,-0.021428571428571352,360313.0,-0.020238095238095277,-0.021428571428571352,0.00011847671578451014,-0.023809523809523947,9.76108131622309e-05,-0.02619047619047632,4.435261548991291e-05,-0.02857142857142858,6.956912059338941e-05,-0.030952380952380953,0.00011563698742019615,-0.01904761904761909,4.915545142320605e-05,-0.01666666666666672,0.00013791352966225563,-0.014285714285714457,0.00010476855630140191,-0.011904761904761862,0.00013974036659325812,-0.00952380952380949,0.00011863189533851139,1.0,1.0,1.0,1.0,1.0
42,14:11:24,1,-0.01904761904761909,76209.0,-0.020238095238095277,-0.021428571428571352,0.00011861177947040011,-0.023809523809523947,9.704756885511526e-05,-0.02619047619047632,4.4366983967135244e-05,-0.02857142857142858,6.958061537516728e-05,-0.030952380952380953,0.00011551054482063957,-0.01904761904761909,5.1267617574889735e-05,-0.01666666666666672,0.00013828998376548088,-0.014285714285714457,0.00010467372435173448,-0.011904761904761862,0.00013965702942536856,-0.00952380952380949,0.00011871810620184541,1.0,1.0,1.0,1.0,1.0
42,14:11:27,1,-0.021428571428571352,239077.0,-0.020238095238095277,-0.021428571428571352,0.00011826118862617506,-0.023809523809523947,9.696135799178122e-05,-0.02619047619047632,4.435836288080184e-05,-0.02857142857142858,6.947141494827752e-05,-0.030952380952380953,0.00011531800722586023,-0.01904761904761909,5.677649174193412e-05,-0.01666666666666672,0.00013863195352337252,-0.014285714285714457,0.0001047599352150685,-0.011904761904761862,0.0001405133906678199,-0.00952380952380949,0.00011871810620184541,1.0,1.0,1.0,1.0,1.0
42,14:11:30,1,-0.021428571428571352,156752.0,-0.020238095238095277,-0.021428571428571352,0.0001176548388873924,-0.023809523809523947,8.946676027260973e-05,-0.02619047619047632,4.435836288080184e-05,-0.02857142857142858,6.947141494827752e-05,-0.030952380952380953,0.00011543295504363894,-0.01904761904761909,5.6612691101599464e-05,-0.01666666666666672,0.00013922393478493284,-0.014285714285714457,0.0001047599352150685,-0.011904761904761862,0.0001415852790686063,-0.00952380952380949,0.00011871810620184541,1.0,1.0,1.0,1.0,1.0
42,14:11:33,1,-0.01904761904761909,118500.0,-0.020238095238095277,-0.021428571428571352,0.00012083601974441803,-0.023809523809523947,8.946388657716526e-05,-0.02619047619047632,4.432962592635717e-05,-0.02857142857142858,6.951452037994452e-05,-0.030952380952380953,0.00011543295504363894,-0.01904761904761909,6.084277079585577e-05,-0.01666666666666672,0.00014085332010194598,-0.014285714285714457,0.00010388058440906141,-0.011904761904761862,0.0001412318145289368,-0.00952380952380949,0.00011871810620184541,1.0,1.0,1.0,1.0,1.0
42,14:11:36,1,-0.021428571428571352,292645.0,-0.020238095238095277,-0.021428571428571352,0.00011890777010118027,-0.023809523809523947,8.946388657716526e-05,-0.02619047619047632,4.435836288080184e-05,-0.02857142857142858,6.952888885716687e-05,-0.030952380952380953,0.00011472889965974438,-0.01904761904761909,6.206696505519897e-05,-0.01666666666666672,0.0001409855100923915,-0.014285714285714457,0.00010374839441861591,-0.011904761904761862,0.0001412605514833815,-0.00952380952380949,0.00011863189533851139,1.0,1.0,1.0,1.0,1.0
42,14:11:39,1,-0.021428571428571352,103166.0,-0.020238095238095277,-0.021428571428571352,0.00012775587837469602,-0.023809523809523947,8.977711938061223e-05,-0.02619047619047632,4.435836288080184e-05,-0.02857142857142858,6.984212166061383e-05,-0.030952380952380953,0.00011472027857341097,-0.01904761904761909,6.438316358343985e-05,-0.01666666666666672,0.00014891116212823312,-0.014285714285714457,0.00010368804681428209,-0.011904761904761862,0.00014144159429638293,-0.00952380952380949,0.00011863476903395585,1.0,1.0,1.0,1.0,1.0
42,14:11:42,1,-0.021428571428571352,313372.0,-0.020238095238095277,-0.021428571428571352,0.00012624431457090605,-0.023809523809523947,8.983171959405711e-05,-0.02619047619047632,4.435836288080184e-05,-0.02857142857142858,6.991971143761446e-05,-0.030952380952380953,0.00011541571287097214,-0.01904761904761909,6.659878277112437e-05,-0.01666666666666672,0.0001501382300830208,-0.014285714285714457,0.00010368804681428209,-0.011904761904761862,0.00014138124669204913,-0.00952380952380949,0.00011854855817062183,1.0,1.0,1.0,1.0,1.0
42,14:11:45,1,-0.021428571428571352,307758.0,-0.020238095238095277,-0.021428571428571352,0.00012547129049634426,-0.023809523809523947,8.998689914805837e-05,-0.02619047619047632,4.435836288080184e-05,-0.02857142857142858,7.020708098206123e-05,-0.030952380952380953,0.00011552203960241744,-0.01904761904761909,7.025124968104269e-05,-0.01666666666666672,0.000151405529774031,-0.014285714285714457,0.00010352137247850297,-0.011904761904761862,0.0001414186047328272,-0.00952380952380949,0.0001185600529523997,1.0,1.0,1.0,1.0,1.0
42,14:11:48,1,-0.01904761904761909,304976.0,-0.020238095238095277,-0.021428571428571352,0.00012360913584832925,-0.023809523809523947,9.018231043828216e-05,-0.02619047619047632,4.4300888971912494e-05,-0.02857142857142858,7.020708098206123e-05,-0.030952380952380953,0.00011555652394775105,-0.01904761904761909,7.236916322361531e-05,-0.01666666666666672,0.00015100895980269446,-0.014285714285714457,0.00010366505725072635,-0.011904761904761862,0.0001415852790686063,-0.00952380952380949,0.0001185600529523997,1.0,1.0,1.0,1.0,1.0
42,14:11:51,1,-0.021428571428571352,115090.0,-0.020238095238095277,-0.021428571428571352,0.00012299991241410214,-0.023809523809523947,9.001276240705858e-05,-0.02619047619047632,4.432962592635717e-05,-0.02857142857142858,7.144277002318229e-05,-0.030952380952380953,0.00011628931628609029,-0.01904761904761909,7.198408803405666e-05,-0.01666666666666672,0.00015089401198491577,-0.014285714285714457,0.00010361333073272593,-0.011904761904761862,0.000141835290572275,-0.00952380952380949,0.00011853131599795502,1.0,1.0,1.0,1.0,1.0
42,14:11:54,1,-0.021428571428571352,165781.0,-0.020238095238095277,-0.021428571428571352,0.0001229941650232132,-0.023809523809523947,9.094958712195502e-05,-0.02619047619047632,4.4384226139802055e-05,-0.02857142857142858,7.114103200151319e-05,-0.030952380952380953,0.00011626920041797901,-0.01904761904761909,7.54296488719733e-05,-0.01666666666666672,0.00014248557911440357,-0.014285714285714457,0.00010378575245939398,-0.011904761904761862,0.00014182092209505265,-0.00952380952380949,0.00011855430556151076,1.0,1.0,1.0,1.0,1.0
42,14:11:57,1,-0.021428571428571352,739389.0,-0.020238095238095277,-0.021428571428571352,0.00011790197669561662,-0.023809523809523947,9.059612258228549e-05,-0.02619047619047632,4.4384226139802055e-05,-0.02857142857142858,7.112953721973532e-05,-0.030952380952380953,0.0001161197682548667,-0.01904761904761909,8.220869642547237e-05,-0.01666666666666672,0.00014272984322718333,-0.014285714285714457,0.00010365068877350401,-0.011904761904761862,0.0001420479440351656,-0.00952380952380949,0.00011855430556151076,1.0,1.0,1.0,1.0,1.0
42,14:12:00,1,-0.021428571428571352,663844.0,-0.020238095238095277,-0.021428571428571352,0.00011338740115235801,-0.023809523809523947,9.073980735450888e-05,-0.02619047619047632,4.465722720702647e-05,-0.02857142857142858,7.098585244751194e-05,-0.030952380952380953,0.0001161197682548667,-0.01904761904761909,8.744456952529232e-05,-0.01666666666666672,0.00014302008646707454,-0.014285714285714457,0.00010372827855050464,-0.011904761904761862,0.0001435135287118441,-0.00952380952380949,0.0001184709683936212,1.0,1.0,1.0,1.0,1.0
42,14:12:03,1,-0.01904761904761909,328084.0,-0.020238095238095277,-0.021428571428571352,0.00011113663666938766,-0.023809523809523947,9.072543887728653e-05,-0.02619047619047632,4.468596416147115e-05,-0.02857142857142858,7.084216767528855e-05,-0.030952380952380953,0.00011626345302709008,-0.01904761904761909,8.979237870342235e-05,-0.01666666666666672,0.00014182175546673155,-0.014285714285714457,0.00010468809282895681,-0.011904761904761862,0.00014345605480295474,-0.00952380952380949,0.0001184709683936212,1.0,1.0,1.0,1.0,1.0
42,14:12:06,1,-0.021428571428571352,1406459.0,-0.020238095238095277,-0.021428571428571352,0.00010163045213908885,-0.023809523809523947,9.072543887728653e-05,-0.02619047619047632,4.469745894324902e-05,-0.02857142857142858,7.122724286484721e-05,-0.030952380952380953,0.0001161197682548667,-0.01904761904761909,9.27781482702242e-05,-0.01666666666666672,0.0001389451863268195,-0.014285714285714457,0.00010468809282895681,-0.011904761904761862,0.0001434043282849543,-0.00952380952380949,0.00011855717925695522,1.0,1.0,1.0,1.0,1.0
42,14:12:09,1,-0.021428571428571352,188774.0,-0.020238095238095277,-0.021428571428571352,0.00010114192391352935,-0.023809523809523947,9.08001549588427e-05,-0.02619047619047632,4.414858311335571e-05,-0.02857142857142858,7.10605685290681e-05,-0.030952380952380953,0.00011609965238675543,-0.01904761904761909,9.919798389316481e-05,-0.01666666666666672,0.00013924692434848858,-0.014285714285714457,0.00010651288943619374,-0.011904761904761862,0.00014353651827539983,-0.00952380952380949,0.00011855717925695522,1.0,1.0,1.0,1.0,1.0
42,14:12:12,1,-0.01904761904761909,206714.0,-0.020238095238095277,-0.021428571428571352,0.00010089478610530515,-0.023809523809523947,9.109039819873393e-05,-0.02619047619047632,4.4119846158911035e-05,-0.02857142857142858,7.171289739496225e-05,-0.030952380952380953,0.0001161283893412001,-0.01904761904761909,9.985318645450342e-05,-0.01666666666666672,0.00013934462999360049,-0.014285714285714457,0.0001067197955081954,-0.011904761904761862,0.00014359686587973365,-0.00952380952380949,0.00011881581184695732,1.0,1.0,1.0,1.0,1.0
42,14:12:15,1,-0.021428571428571352,288986.0,-0.020238095238095277,-0.021428571428571352,9.906998949806822e-05,-0.023809523809523947,9.111338776228966e-05,-0.02619047619047632,4.599062189325944e-05,-0.02857142857142858,7.163818131340608e-05,-0.030952380952380953,0.00011614275781842244,-0.01904761904761909,0.00010064920009262094,-0.01666666666666672,0.00014035042339916414,-0.014285714285714457,0.00010686348028041878,-0.011904761904761862,0.0001440509097599595,-0.00952380952380949,0.00011881581184695732,1.0,1.0,1.0,1.0,1.0
42,14:12:18,1,-0.021428571428571352,99669.0,-0.020238095238095277,-0.021428571428571352,0.00010017061485329931,-0.023809523809523947,9.110764037140073e-05,-0.02619047619047632,4.568888387159034e-05,-0.02857142857142858,7.169278152685097e-05,-0.030952380952380953,0.00011614275781842244,-0.01904761904761909,0.0001059741577512194,-0.01666666666666672,0.00014095964683339128,-0.014285714285714457,0.00010686348028041878,-0.011904761904761862,0.0001439014775968472,-0.00952380952380949,0.00011939055093585083,1.0,1.0,1.0,1.0,1.0
42,14:12:21,1,-0.021428571428571352,308731.0,-0.020238095238095277,-0.021428571428571352,9.895216798484504e-05,-0.023809523809523947,9.136339926595835e-05,-0.02619047619047632,4.564003104903439e-05,-0.02857142857142858,7.168703413596204e-05,-0.030952380952380953,0.0001165192119216477,-0.01904761904761909,0.00010703455137022794,-0.01666666666666672,0.00014103436291494745,-0.014285714285714457,0.00010696693331641962,-0.011904761904761862,0.00014384400368795786,-0.00952380952380949,0.00011954860418529655,1.0,1.0,1.0,1.0,1.0
42,14:12:24,1,-0.01904761904761909,207404.0,-0.020238095238095277,-0.021428571428571352,9.828547064172856e-05,-0.023809523809523947,9.141799947940323e-05,-0.02619047619047632,4.521185042780872e-05,-0.02857142857142858,7.206061454374282e-05,-0.030952380952380953,0.00011689853972031742,-0.01904761904761909,0.00010863519973279639,-0.01666666666666672,0.00014182462916217603,-0.014285714285714457,0.00010696693331641962,-0.011904761904761862,0.00014384400368795786,-0.00952380952380949,0.00011954860418529655,1.0,1.0,1.0,1.0,1.0
42,14:12:27,1,-0.01904761904761909,644117.0,-0.020238095238095277,-0.021428571428571352,9.431977092836328e-05,-0.023809523809523947,9.209044421340865e-05,-0.02619047619047632,4.522909260047553e-05,-0.02857142857142858,7.194279303051965e-05,-0.030952380952380953,0.0001148869529091901,-0.01904761904761909,0.00010920993882168991,-0.01666666666666672,0.0001422183254380681,-0.014285714285714457,0.00010696693331641962,-0.011904761904761862,0.00014384400368795786,-0.00952380952380949,0.00011958308853063016,1.0,1.0,1.0,1.0,1.0
42,14:12:30,1,-0.021428571428571352,628619.0,-0.020238095238095277,-0.021428571428571352,9.083685204966854e-05,-0.023809523809523947,9.127431470717985e-05,-0.02619047619047632,4.526357694580914e-05,-0.02857142857142858,7.197152998496433e-05,-0.030952380952380953,0.00011569158763364102,-0.01904761904761909,0.00011167269581759865,-0.01666666666666672,0.00014102574182861403,-0.014285714285714457,0.00010696693331641962,-0.011904761904761862,0.00014389573020595826,-0.00952380952380949,0.0001198991950295216,1.0,1.0,1.0,1.0,1.0
42,14:12:33,1,-0.01904761904761909,97175.0,-0.020238095238095277,-0.021428571428571352,9.097478943100299e-05,-0.023809523809523947,9.248988788018965e-05,-0.02619047619047632,4.526357694580914e-05,-0.02857142857142858,7.202900389385368e-05,-0.030952380952380953,0.00011594734652819864,-0.01904761904761909,0.00011281930029994122,-0.01666666666666672,0.00014127862702772718,-0.014285714285714457,0.00010696693331641962,-0.011904761904761862,0.0001439388356376253,-0.00952380952380949,0.0001198991950295216,1.0,1.0,1.0,1.0,1.0
42,14:12:36,1,-0.021428571428571352,140711.0,-0.020238095238095277,-0.021428571428571352,8.950058366799112e-05,-0.023809523809523947,9.255885657085686e-05,-0.02619047619047632,4.5349787809143166e-05,-0.02857142857142858,7.205774084829835e-05,-0.030952380952380953,0.0001159415991373097,-0.01904761904761909,0.00011424177954495268,-0.01666666666666672,0.0001434950221131817,-0.014285714285714457,0.00010696693331641962,-0.011904761904761862,0.00014398481476473677,-0.00952380952380949,0.00012004287980174498,1.0,1.0,1.0,1.0,1.0
42,14:12:39,1,-0.021428571428571352,259408.0,-0.020238095238095277,-0.021428571428571352,8.790280900086712e-05,-0.023809523809523947,9.27772574246364e-05,-0.02619047619047632,4.532105085469849e-05,-0.02857142857142858,7.241120538796787e-05,-0.030952380952380953,0.00011568296654730763,-0.01904761904761909,0.00011484525558829088,-0.01666666666666672,0.00014343754820429235,-0.014285714285714457,0.00010696693331641962,-0.011904761904761862,0.00014434115299985075,-0.00952380952380949,0.00012005724827896731,1.0,1.0,1.0,1.0,1.0
42,14:12:42,1,-0.01904761904761909,191955.0,-0.020238095238095277,-0.021428571428571352,9.425942332402946e-05,-0.023809523809523947,9.28404787244147e-05,-0.02619047619047632,4.532105085469849e-05,-0.02857142857142858,7.284513340008248e-05,-0.030952380952380953,0.00011552491329786191,-0.01904761904761909,0.00011577633291229838,-0.01666666666666672,0.00014299212541039988,-0.014285714285714457,0.00010718246047475469,-0.011904761904761862,0.0001445767960262971,-0.00952380952380949,0.00012012621696963453,1.0,1.0,1.0,1.0,1.0
42,14:12:45,1,-0.01904761904761909,456947.0,-0.020238095238095277,-0.021428571428571352,9.329098795924387e-05,-0.023809523809523947,9.265081482507983e-05,-0.02619047619047632,4.546473562692187e-05,-0.02857142857142858,7.278765949119312e-05,-0.030952380952380953,0.00011569733502452996,-0.01904761904761909,0.0001176097506058687,-0.01666666666666672,0.0001430179886694001,-0.014285714285714457,0.00010713935504308768,-0.011904761904761862,0.00014557684204097182,-0.00952380952380949,0.00012024691217830217,1.0,1.0,1.0,1.0,1.0
42,14:12:48,1,-0.021428571428571352,64433.0,-0.020238095238095277,-0.021428571428571352,9.305637946315754e-05,-0.023809523809523947,9.300715306019382e-05,-0.02619047619047632,4.627224404681727e-05,-0.02857142857142858,7.306066055841754e-05,-0.030952380952380953,0.00011569733502452996,-0.01904761904761909,0.00012039436149155781,-0.01666666666666672,0.0001369650664808091,-0.014285714285714457,0.00010713935504308768,-0.011904761904761862,0.0001460481280938645,-0.00952380952380949,0.00012024691217830217,1.0,1.0,1.0,1.0,1.0
42,14:12:51,1,-0.021428571428571352,4217116.0,-0.020238095238095277,-0.021428571428571352,9.36627292019402e-05,-0.023809523809523947,9.311347979163912e-05,-0.02619047619047632,4.628948621948407e-05,-0.02857142857142858,7.317560837619625e-05,-0.030952380952380953,0.00011667726517109341,-0.01904761904761909,9.155970140176993e-05,-0.01666666666666672,0.00013701104560792058,-0.014285714285714457,0.00010737787176497848,-0.011904761904761862,0.0001469705843315386,-0.00952380952380949,0.00012053428172274894,1.0,1.0,1.0,1.0,1.0
42,14:12:54,1,-0.021428571428571352,783135.0,-0.020238095238095277,-0.021428571428571352,9.130917263292124e-05,-0.023809523809523947,9.311347979163912e-05,-0.02619047619047632,4.6318223173928745e-05,-0.02857142857142858,7.343998835708727e-05,-0.030952380952380953,0.00011664565452120426,-0.01904761904761909,9.110278382609958e-05,-0.01666666666666672,0.00013760877426036985,-0.014285714285714457,0.00010734913481053381,-0.011904761904761862,0.00015293350237880886,-0.00952380952380949,0.00012053428172274894,1.0,1.0,1.0,1.0,1.0
42,14:12:57,1,-0.021428571428571352,415131.0,-0.020238095238095277,-0.021428571428571352,8.96539240569079e-05,-0.023809523809523947,9.36020080171986e-05,-0.02619047619047632,4.630385469670641e-05,-0.02857142857142858,7.362677856097767e-05,-0.030952380952380953,0.00011664565452120426,-0.01904761904761909,9.178959703732733e-05,-0.01666666666666672,0.00013796511249548383,-0.014285714285714457,0.0001076077674005359,-0.011904761904761862,0.00015293350237880886,-0.00952380952380949,0.00012056589237263807,1.0,1.0,1.0,1.0,1.0
42,14:13:00,1,-0.021428571428571352,161251.0,-0.020238095238095277,-0.021428571428571352,9.756808131097167e-05,-0.023809523809523947,9.390087234342324e-05,-0.02619047619047632,4.630385469670641e-05,-0.02857142857142858,7.38106950694236e-05,-0.030952380952380953,0.00011650771713986983,-0.01904761904761909,9.236146243077639e-05,-0.01666666666666672,0.0001377380905553709,-0.014285714285714457,0.0001077227152183146,-0.011904761904761862,0.00015303408171936524,-0.00952380952380949,0.00012129293732008838,1.0,1.0,1.0,1.0,1.0
42,14:13:03,1,-0.021428571428571352,242952.0,-0.020238095238095277,-0.021428571428571352,9.741577545241489e-05,-0.023809523809523947,9.41163995017583e-05,-0.02619047619047632,4.6246380787817054e-05,-0.02857142857142858,7.381356876486805e-05,-0.030952380952380953,0.00011650771713986983,-0.01904761904761909,9.362301473089766e-05,-0.01666666666666672,0.00013652826477325003,-0.014285714285714457,0.00010737787176497848,-0.011904761904761862,0.0001530915556282546,-0.00952380952380949,0.00012132167427453306,1.0,1.0,1.0,1.0,1.0
42,14:13:06,1,-0.01904761904761909,198356.0,-0.020238095238095277,-0.021428571428571352,9.677781506374309e-05,-0.023809523809523947,9.453021164576164e-05,-0.02619047619047632,4.624063339692812e-05,-0.02857142857142858,7.379920028764572e-05,-0.030952380952380953,0.00011650771713986983,-0.01904761904761909,9.161430161521481e-05,-0.01666666666666672,0.0001367437919315851,-0.014285714285714457,0.00010739224024220083,-0.011904761904761862,0.0001530628186738099,-0.00952380952380949,0.00012133029536086645,1.0,1.0,1.0,1.0,1.0
42,14:13:09,1,-0.021428571428571352,99504.0,-0.020238095238095277,-0.021428571428571352,9.907389772387269e-05,-0.023809523809523947,9.497850813509858e-05,-0.02619047619047632,4.626074926503939e-05,-0.02857142857142858,7.379920028764572e-05,-0.030952380952380953,0.0001165364540943145,-0.01904761904761909,9.484146159935192e-05,-0.01666666666666672,0.00013662022302747298,-0.014285714285714457,0.00010739224024220083,-0.011904761904761862,0.00015312316627814372,-0.00952380952380949,0.00012200848748576081,1.0,1.0,1.0,1.0,1.0
42,14:13:12,1,-0.021428571428571352,703377.0,-0.020238095238095277,-0.021428571428571352,9.472024912550428e-05,-0.023809523809523947,9.501586617587667e-05,-0.02619047619047632,4.623201231059472e-05,-0.02857142857142858,7.381644246031253e-05,-0.030952380952380953,0.00011647898018542515,-0.01904761904761909,9.448512336423795e-05,-0.01666666666666672,0.00013698805604436484,-0.014285714285714457,0.00010753592501442421,-0.011904761904761862,0.00015312316627814372,-0.00952380952380949,0.00012200848748576081,1.0,1.0,1.0,1.0,1.0
42,14:13:15,1,-0.021428571428571352,300984.0,-0.020238095238095277,-0.021428571428571352,9.303913729049073e-05,-0.023809523809523947,9.521127746610046e-05,-0.02619047619047632,4.608832753837134e-05,-0.02857142857142858,7.377046333320104e-05,-0.030952380952380953,0.00011678071820709425,-0.01904761904761909,9.468628204535068e-05,-0.01666666666666672,0.0001368673608356972,-0.014285714285714457,0.00010811066410331773,-0.011904761904761862,0.0001530628186738099,-0.00952380952380949,0.00012201136118120527,1.0,1.0,1.0,1.0,1.0
42,14:13:18,1,-0.01904761904761909,64975.0,-0.020238095238095277,-0.021428571428571352,9.333800161671537e-05,-0.023809523809523947,9.49583922669873e-05,-0.02619047619047632,4.6275117742261734e-05,-0.02857142857142858,7.379057920131232e-05,-0.030952380952380953,0.00011771754292199069,-0.01904761904761909,9.777550464815335e-05,-0.01666666666666672,0.00013497646923323753,-0.014285714285714457,0.00010835780191154194,-0.011904761904761862,0.00015297660781047587,-0.00952380952380949,0.00012201136118120527,1.0,1.0,1.0,1.0,1.0
42,14:13:21,1,-0.01904761904761909,225687.0,-0.020238095238095277,-0.021428571428571352,9.329776988049282e-05,-0.023809523809523947,9.516242464354451e-05,-0.02619047619047632,4.612281188370495e-05,-0.02857142857142858,7.408656983209248e-05,-0.030952380952380953,0.00011764857423132346,-0.01904761904761909,9.753411423081806e-05,-0.01666666666666672,0.0001342954034128987,-0.014285714285714457,0.00010720545003831042,-0.011904761904761862,0.00015297948150592034,-0.00952380952380949,0.00012201136118120527,1.0,1.0,1.0,1.0,1.0
42,14:13:24,1,-0.021428571428571352,430489.0,-0.020238095238095277,-0.021428571428571352,9.267417796904335e-05,-0.023809523809523947,9.580325872766079e-05,-0.02619047619047632,4.6137180360927286e-05,-0.02857142857142858,7.370149464253382e-05,-0.030952380952380953,0.00011762558466776772,-0.01904761904761909,9.5278263306911e-05,-0.01666666666666672,0.0001331689147986674,-0.014285714285714457,0.00010694681744830835,-0.011904761904761862,0.0001530369554148097,-0.00952380952380949,0.00012199699270398294,1.0,1.0,1.0,1.0,1.0
42,14:13:27,1,-0.021428571428571352,856594.0,-0.020238095238095277,-0.021428571428571352,9.370008724271829e-05,-0.023809523809523947,0.00010201331458315526,-0.02619047619047632,4.711711050749074e-05,-0.02857142857142858,7.427623373142734e-05,-0.030952380952380953,0.00011779800639443578,-0.01904761904761909,0.00012029952954189038,-0.01666666666666672,0.00013153875358388426,-0.014285714285714457,0.00010694681744830835,-0.011904761904761862,0.00015332145126381198,-0.00952380952380949,0.0001221406774762063,1.0,1.0,1.0,1.0,1.0
42,14:13:30,1,-0.01904761904761909,132562.0,-0.020238095238095277,-0.021428571428571352,9.398745678716504e-05,-0.023809523809523947,0.00010201331458315526,-0.02619047619047632,4.711711050749074e-05,-0.02857142857142858,7.431359177220542e-05,-0.030952380952380953,0.00011853654612366394,-0.01904761904761909,0.0001218053459547914,-0.01666666666666672,0.00013155024836566213,-0.014285714285714457,0.00010631460445052548,-0.011904761904761862,0.00015337892517270136,-0.00952380952380949,0.00012215217225798418,1.0,1.0,1.0,1.0,0.0
42,14:13:33,1,-0.021428571428571352,2356231.0,-0.020238095238095277,-0.021428571428571352,9.221553617610632e-05,-0.023809523809523947,0.00010286967582560661,-0.02619047619047632,4.711711050749074e-05,-0.02857142857142858,7.64257579238891e-05,-0.030952380952380953,0.00011897622152666749,-0.01904761904761909,0.00011059218633047883,-0.01666666666666672,0.00013189509181899824,-0.014285714285714457,0.00010631460445052548,-0.011904761904761862,0.00015337892517270136,-0.00952380952380949,0.00012215217225798418,1.0,1.0,1.0,1.0,0.0
42,14:13:36,1,-0.021428571428571352,81437.0,-0.020238095238095277,-0.021428571428571352,8.283292054991961e-05,-0.023809523809523947,0.00010298749733882978,-0.02619047619047632,4.711711050749074e-05,-0.02857142857142858,7.64171368375557e-05,-0.030952380952380953,0.00011897622152666749,-0.01904761904761909,0.00011029044830880973,-0.01666666666666672,0.00013182612312833103,-0.014285714285714457,0.00010683186963052964,-0.011904761904761862,0.00015337892517270136,-0.00952380952380949,0.00012216366703976205,1.0,1.0,1.0,1.0,1.0
42,14:13:39,1,-0.021428571428571352,1761451.0,-0.020238095238095277,-0.021428571428571352,7.253646977239221e-05,-0.023809523809523947,0.00010298749733882978,-0.02619047619047632,4.724355310704731e-05,-0.02857142857142858,7.640564205577783e-05,-0.030952380952380953,0.00011868885198222073,-0.01904761904761909,0.00010982203595136151,-0.01666666666666672,0.0001316335855335517,-0.014285714285714457,0.00010659910029952777,-0.011904761904761862,0.0001534363990815907,-0.00952380952380949,0.00012182744467275935,1.0,1.0,1.0,1.0,0.0
42,14:13:42,1,-0.01904761904761909,181784.0,-0.020238095238095277,-0.021428571428571352,7.390722249940326e-05,-0.023809523809523947,0.00010301910798871892,-0.02619047619047632,4.727229006149199e-05,-0.02857142857142858,7.606654599333065e-05,-0.030952380952380953,0.00011879230501822156,-0.01904761904761909,0.00011096289304281515,-0.01666666666666672,0.0001316335855335517,-0.014285714285714457,0.00010727441872897766,-0.011904761904761862,0.00015332145126381198,-0.00952380952380949,0.0001218590553226485,1.0,1.0,1.0,1.0,0.0
42,14:13:45,1,-0.021428571428571352,243612.0,-0.020238095238095277,-0.021428571428571352,7.343881014195504e-05,-0.023809523809523947,0.00010309957146116402,-0.02619047619047632,4.714297376649095e-05,-0.02857142857142858,7.556652298599329e-05,-0.030952380952380953,0.00011872046263210987,-0.01904761904761909,0.00011092266130659261,-0.01666666666666672,0.00013186922855999803,-0.014285714285714457,0.0001074382193693123,-0.011904761904761862,0.00015332145126381198,-0.00952380952380949,0.00012194526618598253,1.0,1.0,1.0,1.0,0.0
42,14:13:48,1,-0.021428571428571352,245135.0,-0.020238095238095277,-0.021428571428571352,7.231232152772374e-05,-0.023809523809523947,0.00010389271140383707,-0.02619047619047632,4.716021593915775e-05,-0.02857142857142858,7.558951254954904e-05,-0.030952380952380953,0.00011903656913100131,-0.01904761904761909,0.00011426476910850842,-0.01666666666666672,0.00013289801152911745,-0.014285714285714457,0.0001074382193693123,-0.011904761904761862,0.00015335018821825667,-0.00952380952380949,0.00012194526618598253,1.0,1.0,1.0,1.0,0.0
42,14:13:51,1,-0.021428571428571352,772310.0,-0.020238095238095277,-0.021428571428571352,6.662527824312236e-05,-0.023809523809523947,0.00010447319788361953,-0.02619047619047632,4.7094120943934995e-05,-0.02857142857142858,7.560675472221584e-05,-0.030952380952380953,0.0001189848426130009,-0.01904761904761909,0.00011531079425029462,-0.01666666666666672,0.0001331336545555638,-0.014285714285714457,0.00010747270371464591,-0.011904761904761862,0.0001538789481800387,-0.00952380952380949,0.00012203435074476103,1.0,1.0,1.0,1.0,0.0
42,14:13:54,1,-0.021428571428571352,1016893.0,-0.020238095238095277,-0.021428571428571352,6.155033208819259e-05,-0.023809523809523947,0.00010451630331528654,-0.02619047619047632,4.720332137082476e-05,-0.02857142857142858,7.561537580854924e-05,-0.030952380952380953,0.00011895610565855622,-0.01904761904761909,0.00011559816379474139,-0.01666666666666672,0.00013305893847400762,-0.014285714285714457,0.00010744684045564571,-0.011904761904761862,0.0001538789481800387,-0.00952380952380949,0.0001221349300853174,1.0,1.0,1.0,1.0,0.0
42,14:13:57,1,-0.021428571428571352,126187.0,-0.020238095238095277,-0.021428571428571352,6.067385497762997e-05,-0.023809523809523947,0.00010420307051183958,-0.02619047619047632,4.720332137082476e-05,-0.02857142857142858,7.566710232654965e-05,-0.030952380952380953,0.0001194015284524487,-0.01904761904761909,0.00011918453570943695,-0.01666666666666672,0.00013260489459378174,-0.014285714285714457,0.000107510061755424,-0.011904761904761862,0.0001538789481800387,-0.00952380952380949,0.00012216366703976205,1.0,1.0,1.0,1.0,0.0
42,14:14:00,1,-0.021428571428571352,210066.0,-0.020238095238095277,-0.021428571428571352,5.8903658583837925e-05,-0.023809523809523947,0.00010227482086860181,-0.02619047619047632,4.638719186459597e-05,-0.02857142857142858,7.626195728355445e-05,-0.030952380952380953,0.00011954808692011655,-0.01904761904761909,0.00012115876447978619,-0.01666666666666672,0.00013277444262500533,-0.014285714285714457,0.000107510061755424,-0.011904761904761862,0.000153942169479817,-0.00952380952380949,0.0001221406774762063,1.0,1.0,1.0,1.0,0.0
42,14:14:03,1,-0.021428571428571352,592347.0,-0.020238095238095277,-0.021428571428571352,5.5259812760253014e-05,-0.023809523809523947,0.00010197020915148824,-0.02619047619047632,4.644466577348532e-05,-0.02857142857142858,7.683957006789244e-05,-0.030952380952380953,0.00011962855039256163,-0.01904761904761909,0.00012113577491623045,-0.01666666666666672,0.00013293249587445106,-0.014285714285714457,0.000107510061755424,-0.011904761904761862,0.000153985274911484,-0.00952380952380949,0.0001249540253163401,1.0,1.0,1.0,1.0,0.0
42,14:14:06,1,-0.021428571428571352,544171.0,-0.020238095238095277,-0.021428571428571352,5.17395358407802e-05,-0.023809523809523947,0.00010185526133370955,-0.02619047619047632,4.738436418382622e-05,-0.02857142857142858,7.683669637244797e-05,-0.030952380952380953,0.00011974349821034034,-0.01904761904761909,0.00012175074574134651,-0.01666666666666672,0.00013278019001589425,-0.014285714285714457,0.000107510061755424,-0.011904761904761862,0.00015422666532881928,-0.00952380952380949,0.0001249540253163401,1.0,1.0,1.0,1.0,0.0
42,14:14:09,1,-0.021428571428571352,1032450.0,-0.020238095238095277,-0.021428571428571352,4.540016369028468e-05,-0.023809523809523947,0.00010194434589248804,-0.02619047619047632,4.738436418382622e-05,-0.02857142857142858,7.683957006789244e-05,-0.030952380952380953,0.00011979522472834075,-0.01904761904761909,0.00012526527526993039,-0.01666666666666672,0.0001318289968237755,-0.014285714285714457,0.000107510061755424,-0.011904761904761862,0.00015461174051837796,-0.00952380952380949,0.00012494253053456223,1.0,1.0,1.0,1.0,0.0
42,14:14:12,1,-0.021428571428571352,152503.0,-0.020238095238095277,-0.021428571428571352,4.4586907879500354e-05,-0.023809523809523947,0.00010192710371982124,-0.02619047619047632,4.741884852915984e-05,-0.02857142857142858,7.721027678022876e-05,-0.030952380952380953,0.00011990155145978606,-0.01904761904761909,0.00013211041781865222,-0.01666666666666672,0.00013200141855044354,-0.014285714285714457,0.00010837217038876428,-0.011904761904761862,0.00015516349004371572,-0.00952380952380949,0.00012536783746034343,1.0,1.0,1.0,1.0,0.0
42,14:14:15,1,-0.021428571428571352,109376.0,-0.020238095238095277,-0.021428571428571352,4.3994926617940024e-05,-0.023809523809523947,8.509299580613005e-05,-0.02619047619047632,4.748494352438259e-05,-0.02857142857142858,7.723901373467343e-05,-0.030952380952380953,0.0001199159199370084,-0.01904761904761909,0.00013256158800343363,-0.01666666666666672,0.0001316163433608849,-0.014285714285714457,0.00010837217038876428,-0.011904761904761862,0.0001552353324298274,-0.00952380952380949,0.00012536783746034343,1.0,1.0,1.0,1.0,0.0
42,14:14:18,1,-0.021428571428571352,319277.0,-0.020238095238095277,-0.021428571428571352,4.495876407001446e-05,-0.023809523809523947,8.496942690201795e-05,-0.02619047619047632,4.7487817219827055e-05,-0.02857142857142858,7.725912960278471e-05,-0.030952380952380953,0.00011899346369933429,-0.01904761904761909,0.00013117359310375578,-0.01666666666666672,0.0001316163433608849,-0.014285714285714457,0.00010837217038876428,-0.011904761904761862,0.0001552353324298274,-0.00952380952380949,0.00012536783746034343,1.0,1.0,1.0,1.0,0.0
42,14:14:21,1,-0.021428571428571352,99527.0,-0.020238095238095277,-0.021428571428571352,4.5088080365015504e-05,-0.023809523809523947,8.53545020915766e-05,-0.02619047619047632,4.7505059392493866e-05,-0.02857142857142858,7.743442502489723e-05,-0.030952380952380953,0.00011899346369933429,-0.01904761904761909,0.00013152993133886976,-0.01666666666666672,0.0001322887880948903,-0.014285714285714457,0.00011704210954472302,-0.011904761904761862,0.00015528705894782784,-0.00952380952380949,0.0001254684168008998,1.0,1.0,1.0,1.0,0.0
42,14:14:24,1,-0.021428571428571352,151787.0,-0.020238095238095277,-0.021428571428571352,4.4504720189788576e-05,-0.023809523809523947,8.544646034579956e-05,-0.02619047619047632,4.7493564610716e-05,-0.02857142857142858,7.729074025267386e-05,-0.030952380952380953,0.00011899346369933429,-0.01904761904761909,0.0001310988770221996,-0.01666666666666672,0.0001322887880948903,-0.014285714285714457,0.00011704210954472302,-0.011904761904761862,0.00015533591177038376,-0.00952380952380949,0.0001254684168008998,1.0,1.0,1.0,1.0,0.0
42,14:14:27,1,-0.021428571428571352,413471.0,-0.020238095238095277,-0.021428571428571352,4.174597256309968e-05,-0.023809523809523947,8.57798090173578e-05,-0.02619047619047632,4.7493564610716e-05,-0.02857142857142858,7.728786655722938e-05,-0.030952380952380953,0.00011890150544511133,-0.01904761904761909,0.0001304781588061946,-0.01666666666666672,0.00013200429224588802,-0.014285714285714457,0.00011704210954472302,-0.011904761904761862,0.00015540775415649546,-0.00952380952380949,0.0001254684168008998,1.0,1.0,1.0,1.0,0.0
42,14:14:30,1,-0.021428571428571352,219555.0,-0.020238095238095277,-0.021428571428571352,4.0458557003978204e-05,-0.023809523809523947,8.57884301036912e-05,-0.02619047619047632,4.7551038519605345e-05,-0.02857142857142858,7.74459198066751e-05,-0.030952380952380953,0.00011904519021733472,-0.01904761904761909,0.0001312684250534232,-0.01666666666666672,0.00013203302920033268,-0.014285714285714457,0.0001171857943169464,-0.011904761904761862,0.00015495945766715852,-0.00952380952380949,0.00012572130200001294,1.0,1.0,1.0,0.0,0.0
42,14:14:33,1,-0.021428571428571352,380998.0,-0.020238095238095277,-0.021428571428571352,3.862513931040787e-05,-0.023809523809523947,8.699250849492313e-05,-0.02619047619047632,4.763724938293937e-05,-0.02857142857142858,7.754649914723146e-05,-0.030952380952380953,0.00011894173718133388,-0.01904761904761909,0.00013654165619402125,-0.01666666666666672,0.00013292387478811764,-0.014285714285714457,0.00011715705736250173,-0.011904761904761862,0.0001546433511682671,-0.00952380952380949,0.00012572130200001294,1.0,1.0,1.0,0.0,0.0
42,14:14:36,1,-0.01904761904761909,253359.0,-0.020238095238095277,-0.021428571428571352,3.7452671569065095e-05,-0.023809523809523947,8.726263586670309e-05,-0.02619047619047632,4.766598633738405e-05,-0.02857142857142858,7.80925012816803e-05,-0.030952380952380953,0.00011885552631799986,-0.01904761904761909,0.00013716237441002623,-0.01666666666666672,0.0001332744656323427,-0.014285714285714457,0.00011715705736250173,-0.011904761904761862,0.00015493072071271386,-0.00952380952380949,0.0001260517769761267,1.0,1.0,1.0,1.0,0.0
42,14:14:39,1,-0.021428571428571352,963003.0,-0.020238095238095277,-0.021428571428571352,3.12885948406821e-05,-0.023809523809523947,8.732585716648137e-05,-0.02619047619047632,4.724642680249178e-05,-0.02857142857142858,7.780513173723355e-05,-0.030952380952380953,0.00011885552631799986,-0.01904761904761909,0.0001389929184081521,-0.01666666666666672,0.00013324285498245354,-0.014285714285714457,0.00011724614192128022,-0.011904761904761862,0.0001549881946216032,-0.00952380952380949,0.0001260517769761267,1.0,1.0,1.0,0.0,0.0
42,14:14:42,1,-0.01904761904761909,392495.0,-0.020238095238095277,-0.021428571428571352,3.1050078118791284e-05,-0.023809523809523947,8.741781542070433e-05,-0.02619047619047632,4.726079527971412e-05,-0.02857142857142858,7.799479563656841e-05,-0.030952380952380953,0.00011876931545466582,-0.01904761904761909,0.00013661637227557738,-0.01666666666666672,0.00013294111696078445,-0.014285714285714457,0.00011733235278461425,-0.011904761904761862,0.0001550600370077149,-0.00952380952380949,0.0001260517769761267,1.0,1.0,1.0,0.0,0.0
42,14:14:45,1,-0.021428571428571352,190429.0,-0.020238095238095277,-0.021428571428571352,3.939528968952519e-05,-0.023809523809523947,8.787760669181915e-05,-0.02619047619047632,4.7263668975158585e-05,-0.02857142857142858,7.817583844956987e-05,-0.030952380952380953,0.00011874345219566562,-0.01904761904761909,0.00013851013757348155,-0.01666666666666672,0.0001338865627620143,-0.014285714285714457,0.00011741856364794827,-0.011904761904761862,0.00015515199526193785,-0.00952380952380949,0.00012613798783946075,1.0,1.0,1.0,0.0,0.0
42,14:14:48,1,-0.021428571428571352,242920.0,-0.020238095238095277,-0.021428571428571352,0.0001240658522653185,-0.023809523809523947,8.822245014515526e-05,-0.02619047619047632,4.719757397993583e-05,-0.02857142857142858,7.81988280131256e-05,-0.030952380952380953,0.00011926071737566978,-0.01904761904761909,0.00013979467943715855,-0.01666666666666672,0.00013388368906656981,-0.014285714285714457,0.00011741856364794827,-0.011904761904761862,0.00015514050048015998,-0.00952380952380949,0.00012618109327112778,1.0,1.0,1.0,0.0,0.0
42,14:14:51,1,-0.021428571428571352,268457.0,-0.020238095238095277,-0.021428571428571352,0.00012249968824808367,-0.023809523809523947,8.847246164882395e-05,-0.02619047619047632,4.719757397993583e-05,-0.02857142857142858,7.821319649034795e-05,-0.030952380952380953,0.00011949348670667166,-0.01904761904761909,0.0001356220736517916,-0.01666666666666672,0.00013228304070400136,-0.014285714285714457,0.00011734672126183659,-0.011904761904761862,0.0001547496778997124,-0.00952380952380949,0.00012660640019690898,1.0,1.0,1.0,0.0,0.0
42,14:14:54,1,-0.01904761904761909,323586.0,-0.020238095238095277,-0.021428571428571352,0.00012313764863675547,-0.023809523809523947,9.280312068363661e-05,-0.02619047619047632,4.719757397993583e-05,-0.02857142857142858,7.843447103957196e-05,-0.030952380952380953,0.00011925209628933638,-0.01904761904761909,0.0001358002427693486,-0.01666666666666672,0.00013228304070400136,-0.014285714285714457,0.00011695877237683346,-0.011904761904761862,0.00015477266746326813,-0.00952380952380949,0.00012660640019690898,1.0,1.0,1.0,0.0,0.0
42,14:14:57,1,-0.01904761904761909,204224.0,-0.020238095238095277,-0.021428571428571352,0.0001232669649317565,-0.023809523809523947,9.302152153741615e-05,-0.02619047619047632,4.719757397993583e-05,-0.02857142857142858,7.843734473501642e-05,-0.030952380952380953,0.00011984695124634117,-0.01904761904761909,0.00013638360294457552,-0.01666666666666672,0.00013184049160555337,-0.014285714285714457,0.00011710245714905684,-0.011904761904761862,0.00015481289919949069,-0.00952380952380949,0.00012660927389235343,1.0,1.0,1.0,0.0,0.0
42,14:15:00,1,-0.021428571428571352,238556.0,-0.020238095238095277,-0.021428571428571352,0.00012211173936308052,-0.023809523809523947,9.29640476285268e-05,-0.02619047619047632,4.719757397993583e-05,-0.02857142857142858,7.840573408512727e-05,-0.030952380952380953,0.00011997339384589775,-0.01904761904761909,0.000136429582071687,-0.01666666666666672,0.0001315876064064402,-0.014285714285714457,0.00011713981518983492,-0.011904761904761862,0.00015481289919949069,-0.00952380952380949,0.00012660927389235343,1.0,1.0,1.0,0.0,0.0
42,14:15:03,1,-0.021428571428571352,101467.0,-0.020238095238095277,-0.021428571428571352,0.00012169623173876496,-0.023809523809523947,9.294967915130446e-05,-0.02619047619047632,4.724930049793625e-05,-0.02857142857142858,7.847757647123896e-05,-0.030952380952380953,0.0001198354564645633,-0.01904761904761909,0.00013675430965691185,-0.01666666666666672,0.0001330790543421189,-0.014285714285714457,0.00011708234128094556,-0.011904761904761862,0.00015505716331227042,-0.00952380952380949,0.00012660927389235343,1.0,1.0,1.0,0.0,0.0
42,14:15:06,1,-0.021428571428571352,56749.0,-0.020238095238095277,-0.021428571428571352,0.00012205256997387894,-0.023809523809523947,9.297841610574913e-05,-0.02619047619047632,4.724930049793625e-05,-0.02857142857142858,7.848045016668344e-05,-0.030952380952380953,0.00012018604730878835,-0.01904761904761909,0.0001384325477964809,-0.01666666666666672,0.00013390093123923663,-0.014285714285714457,0.0001172576367030581,-0.011904761904761862,0.0001555198282788297,-0.00952380952380949,0.0001266121475877979,1.0,1.0,1.0,0.0,0.0
42,14:15:09,1,-0.01904761904761909,253473.0,-0.020238095238095277,-0.021428571428571352,0.00012279398339855158,-0.023809523809523947,9.281461546541448e-05,-0.02619047619047632,4.7252174193380715e-05,-0.02857142857142858,7.848045016668344e-05,-0.030952380952380953,0.00012021478426323302,-0.01904761904761909,0.00013794401957092144,-0.01666666666666672,0.00013519409418924705,-0.014285714285714457,0.00011740132147528146,-0.011904761904761862,0.0001558129452141654,-0.00952380952380949,0.00012703458081813465,1.0,1.0,1.0,0.0,0.0
42,14:15:12,1,-0.01904761904761909,132806.0,-0.020238095238095277,-0.021428571428571352,0.00012511305562223693,-0.023809523809523947,9.27772574246364e-05,-0.02619047619047632,4.730964810227007e-05,-0.02857142857142858,7.871609319312978e-05,-0.030952380952380953,0.00012021478426323302,-0.01904761904761909,0.00014177465559839673,-0.01666666666666672,0.00013505040941702367,-0.014285714285714457,0.00011742718473428168,-0.011904761904761862,0.000155982493245389,-0.00952380952380949,0.00012703458081813465,1.0,1.0,1.0,0.0,0.0
42,14:15:15,1,-0.01904761904761909,145962.0,-0.020238095238095277,-0.021428571428571352,0.00012414462025745135,-0.023809523809523947,9.284335241985916e-05,-0.02619047619047632,4.730964810227007e-05,-0.02857142857142858,7.9006336433021e-05,-0.030952380952380953,0.00012259133039580774,-0.01904761904761909,0.00014215685709251092,-0.01666666666666672,0.0001350044302899122,-0.014285714285714457,0.00011788410230995203,-0.011904761904761862,0.00015606870410872302,-0.00952380952380949,0.00012708630733613505,1.0,1.0,1.0,0.0,0.0
42,14:15:18,1,-0.021428571428571352,546349.0,-0.020238095238095277,-0.021428571428571352,0.00012300951055688666,-0.023809523809523947,9.313934305063932e-05,-0.02619047619047632,4.735275353393708e-05,-0.02857142857142858,8.019892004247506e-05,-0.030952380952380953,0.00012259133039580774,-0.01904761904761909,0.00014216547817884432,-0.01666666666666672,0.00013344976105445522,-0.014285714285714457,0.0001178955970917299,-0.011904761904761862,0.00015612617801761237,-0.00952380952380949,0.00012708630733613505,1.0,1.0,1.0,0.0,0.0
42,14:15:21,1,-0.01904761904761909,502595.0,-0.020238095238095277,-0.021428571428571352,0.000122224991700547,-0.023809523809523947,9.314509044152825e-05,-0.02619047619047632,4.735275353393708e-05,-0.02857142857142858,8.028513090580908e-05,-0.030952380952380953,0.00012259133039580774,-0.01904761904761909,0.0001398780166050481,-0.01666666666666672,0.00013357045626312286,-0.014285714285714457,0.00011813986120450964,-0.011904761904761862,0.00015612617801761237,-0.00952380952380949,0.00012706331777257931,1.0,1.0,1.0,0.0,0.0
42,14:15:24,1,-0.021428571428571352,4361298.0,-0.020238095238095277,-0.021428571428571352,0.0001212852932902061,-0.023809523809523947,9.332325955908524e-05,-0.02619047619047632,4.735275353393708e-05,-0.02857142857142858,8.041157350536566e-05,-0.030952380952380953,0.00012259133039580774,-0.01904761904761909,0.00011334806026172325,-0.01666666666666672,0.0001335848247403452,-0.014285714285714457,0.00011819733511339899,-0.011904761904761862,0.00015612905171305685,-0.00952380952380949,0.00012681330626891063,1.0,1.0,1.0,0.0,0.0
42,14:15:27,1,-0.01904761904761909,63414.0,-0.020238095238095277,-0.021428571428571352,0.00012133989350365098,-0.023809523809523947,9.363074497164328e-05,-0.02619047619047632,4.737574309749282e-05,-0.02857142857142858,8.029662568758695e-05,-0.030952380952380953,0.00012128667266401945,-0.01904761904761909,0.00011605220767496726,-0.01666666666666672,0.00013361356169478987,-0.014285714285714457,0.0001167863506501654,-0.011904761904761862,0.0001561319254085013,-0.00952380952380949,0.00012730183449447013,1.0,1.0,1.0,0.0,0.0
42,14:15:30,1,-0.021428571428571352,271013.0,-0.020238095238095277,-0.021428571428571352,0.00012067894355142343,-0.023809523809523947,9.362787127619882e-05,-0.02619047619047632,4.754241743327194e-05,-0.02857142857142858,8.11185025847047e-05,-0.030952380952380953,0.0001213441465729088,-0.01904761904761909,0.00011608669202030087,-0.01666666666666672,0.0001337773623351245,-0.014285714285714457,0.00011779214405572906,-0.011904761904761862,0.00015639630538939232,-0.00952380952380949,0.00012722999210835844,1.0,1.0,0.0,0.0,0.0
42,14:15:33,1,-0.021428571428571352,447730.0,-0.020238095238095277,-0.021428571428571352,0.0001204864059566441,-0.023809523809523947,9.323130130486229e-05,-0.02619047619047632,4.759414395127236e-05,-0.02857142857142858,8.11185025847047e-05,-0.030952380952380953,0.00012134989396379773,-0.01904761904761909,0.00011782527776420377,-0.01666666666666672,0.00013385782580756963,-0.014285714285714457,0.0001160679267890485,-0.011904761904761862,0.00015658596928872718,-0.00952380952380949,0.00012722999210835844,1.0,1.0,0.0,0.0,0.0
42,14:15:36,1,-0.021428571428571352,3045229.0,-0.020238095238095277,-0.021428571428571352,0.00011973637144563806,-0.023809523809523947,9.297554241030467e-05,-0.02619047619047632,4.759414395127236e-05,-0.02857142857142858,8.11616080163717e-05,-0.030952380952380953,0.00012110562985101798,-0.01904761904761909,9.836748590971367e-05,-0.01666666666666672,0.00013393828928001471,-0.014285714285714457,0.00011598171592571448,-0.011904761904761862,0.00015664344319761653,-0.00952380952380949,0.00012740241383502648,1.0,1.0,1.0,0.0,0.0
42,14:15:39,1,-0.021428571428571352,572512.0,-0.020238095238095277,-0.021428571428571352,0.00011692877099639322,-0.023809523809523947,9.292094219685978e-05,-0.02619047619047632,4.7709091769051065e-05,-0.02857142857142858,8.198923230437837e-05,-0.030952380952380953,0.00012110562985101798,-0.01904761904761909,9.791631572493226e-05,-0.01666666666666672,0.00013415669013379424,-0.014285714285714457,0.0001160679267890485,-0.011904761904761862,0.00015657160081150484,-0.00952380952380949,0.00012740241383502648,1.0,1.0,0.0,0.0,0.0
42,14:15:42,1,-0.021428571428571352,136918.0,-0.020238095238095277,-0.021428571428571352,0.00011669312796994687,-0.023809523809523947,9.319969065497314e-05,-0.02619047619047632,4.77234602462734e-05,-0.02857142857142858,8.201796925882305e-05,-0.030952380952380953,0.00012110562985101798,-0.01904761904761909,0.0001016549934981846,-0.01666666666666672,0.00013409634252946041,-0.014285714285714457,0.0001160679267890485,-0.011904761904761862,0.00015641067386661466,-0.00952380952380949,0.00012741678231224882,1.0,1.0,0.0,0.0,0.0
42,14:15:45,1,-0.021428571428571352,583253.0,-0.020238095238095277,-0.021428571428571352,0.00011367000036236696,-0.023809523809523947,9.320831174130655e-05,-0.02619047619047632,4.7752197200718076e-05,-0.02857142857142858,8.229097032604747e-05,-0.030952380952380953,0.00012105390333301757,-0.01904761904761909,0.00010254296539052508,-0.01666666666666672,0.0001339842684071262,-0.014285714285714457,0.0001160679267890485,-0.011904761904761862,0.00015641067386661466,-0.00952380952380949,0.00012748000361202712,1.0,1.0,0.0,0.0,0.0
42,14:15:48,1,-0.021428571428571352,293931.0,-0.020238095238095277,-0.021428571428571352,0.00011226002169253893,-0.023809523809523947,9.302726892830508e-05,-0.02619047619047632,4.7752197200718076e-05,-0.02857142857142858,8.183405275037712e-05,-0.030952380952380953,0.0001210424085512397,-0.01904761904761909,0.0001020371949922988,-0.01666666666666672,0.00013407047927046023,-0.014285714285714457,0.0001160679267890485,-0.011904761904761862,0.00015628135757161363,-0.00952380952380949,0.00012748000361202712,1.0,1.0,0.0,0.0,0.0
42,14:15:51,1,-0.01904761904761909,443798.0,-0.020238095238095277,-0.021428571428571352,0.00011138929197286525,-0.023809523809523947,9.214217073140906e-05,-0.02619047619047632,4.7780934155162756e-05,-0.02857142857142858,8.191451622282221e-05,-0.030952380952380953,0.00012122919875513009,-0.01904761904761909,0.0001010342752821796,-0.01666666666666672,0.00013429175381968422,-0.014285714285714457,0.0001160679267890485,-0.011904761904761862,0.00015628135757161363,-0.00952380952380949,0.00012748000361202712,1.0,1.0,0.0,0.0,0.0
42,14:15:54,1,-0.021428571428571352,523213.0,-0.020238095238095277,-0.021428571428571352,0.00011032889835385671,-0.023809523809523947,9.229160289452138e-05,-0.02619047619047632,4.780967110960743e-05,-0.02857142857142858,8.19432531772669e-05,-0.030952380952380953,0.00012119471440979648,-0.01904761904761909,9.964053299161281e-05,-0.01666666666666672,0.00013450440728257482,-0.014285714285714457,0.00011609666374349317,-0.011904761904761862,0.00015628135757161363,-0.00952380952380949,0.0001273391925352482,1.0,1.0,0.0,0.0,0.0
42,14:15:57,1,-0.01904761904761909,145496.0,-0.020238095238095277,-0.021428571428571352,0.00010968519057429597,-0.023809523809523947,9.250138266196752e-05,-0.02619047619047632,4.785565023671891e-05,-0.02857142857142858,8.190014774559988e-05,-0.030952380952380953,0.00012135276765924219,-0.01904761904761909,0.00010026987229395122,-0.01666666666666672,0.00013447567032813014,-0.014285714285714457,0.0001159529789712698,-0.011904761904761862,0.0001563273366987251,-0.00952380952380949,0.0001273391925352482,1.0,1.0,0.0,0.0,0.0
42,14:16:00,1,-0.021428571428571352,330860.0,-0.020238095238095277,-0.021428571428571352,0.00010760176137705696,-0.023809523809523947,9.357327106275393e-05,-0.02619047619047632,4.791312414560826e-05,-0.02857142857142858,8.239154966660384e-05,-0.030952380952380953,0.0001213613887455756,-0.01904761904761909,0.00010502296455910063,-0.01666666666666672,0.0001346854500955763,-0.014285714285714457,0.0001159529789712698,-0.011904761904761862,0.00015636469473950319,-0.00952380952380949,0.00012711217059513527,1.0,0.0,0.0,0.0,0.0
42,14:16:03,1,-0.01904761904761909,333310.0,-0.020238095238095277,-0.021428571428571352,0.00010659309427604883,-0.023809523809523947,9.361637649442095e-05,-0.02619047619047632,4.799933500894229e-05,-0.02857142857142858,8.239154966660384e-05,-0.030952380952380953,0.00012153093677679918,-0.01904761904761909,0.00010582472558810709,-0.01666666666666672,0.00013496132485824516,-0.014285714285714457,0.00011624322221116103,-0.011904761904761862,0.0001564509056028372,-0.00952380952380949,0.00012711217059513527,1.0,0.0,0.0,0.0,0.0
42,14:16:06,1,-0.021428571428571352,4843255.0,-0.020238095238095277,-0.021428571428571352,7.080696490609383e-05,-0.023809523809523947,9.362499758075434e-05,-0.02619047619047632,4.716596333004669e-05,-0.02857142857142858,8.210418012215707e-05,-0.030952380952380953,0.00012153093677679918,-0.01904761904761909,0.00011064678654392371,-0.01666666666666672,0.00013496132485824516,-0.014285714285714457,0.00011653059175560778,-0.011904761904761862,0.00015673827514728396,-0.00952380952380949,0.0001271983814584693,1.0,1.0,0.0,0.0,0.0
42,14:16:09,1,-0.01904761904761909,391796.0,-0.020238095238095277,-0.021428571428571352,6.854536659129783e-05,-0.023809523809523947,9.344395476775289e-05,-0.02619047619047632,4.7240679411602846e-05,-0.02857142857142858,8.217602250826876e-05,-0.030952380952380953,0.00012153093677679918,-0.01904761904761909,0.0001122445612110477,-0.01666666666666672,0.0001353320315705815,-0.014285714285714457,0.00011667427652783117,-0.011904761904761862,0.00015689058100584074,-0.00952380952380949,0.0001271983814584693,1.0,0.0,0.0,0.0,0.0
42,14:16:12,1,-0.01904761904761909,2968410.0,-0.020238095238095277,-0.021428571428571352,4.833754022580168e-05,-0.023809523809523947,9.36738504033103e-05,-0.02619047619047632,4.791312414560826e-05,-0.02857142857142858,8.214728555382409e-05,-0.030952380952380953,0.00012145334699979856,-0.01904761904761909,0.00011333943917538986,-0.01666666666666672,0.00013545847417013808,-0.014285714285714457,0.00011519432337393036,-0.011904761904761862,0.0001573992250995115,-0.00952380952380949,0.0001271983814584693,1.0,0.0,0.0,0.0,0.0
42,14:16:15,1,-0.021428571428571352,390550.0,-0.020238095238095277,-0.021428571428571352,4.624548994222927e-05,-0.023809523809523947,9.403306233386874e-05,-0.02619047619047632,4.797921914083102e-05,-0.02857142857142858,8.214728555382409e-05,-0.030952380952380953,0.00012113724050090713,-0.01904761904761909,0.00011417568454972993,-0.01666666666666672,0.0001355274428608053,-0.014285714285714457,0.00011524030250104184,-0.011904761904761862,0.00015702564469173073,-0.00952380952380949,0.00012725585536735865,0.0,0.0,0.0,0.0,0.0
42,14:16:18,1,-0.021428571428571352,134405.0,-0.020238095238095277,-0.021428571428571352,4.556442412189045e-05,-0.023809523809523947,9.404455711564662e-05,-0.02619047619047632,4.799358761805336e-05,-0.02857142857142858,8.214728555382409e-05,-0.030952380952380953,0.0001214849576496877,-0.01904761904761909,0.0001160665761521896,-0.01666666666666672,0.0001364757623574796,-0.014285714285714457,0.00011457647885336982,-0.011904761904761862,0.0001575170466127347,-0.00952380952380949,0.00012725585536735865,0.0,0.0,0.0,0.0,0.0
42,14:16:21,1,-0.021428571428571352,320191.0,-0.020238095238095277,-0.021428571428571352,4.363904817409716e-05,-0.023809523809523947,9.418824188786999e-05,-0.02619047619047632,4.826658868527778e-05,-0.02857142857142858,8.214728555382409e-05,-0.030952380952380953,0.00012119758810524095,-0.01904761904761909,0.00011663269415474972,-0.01666666666666672,0.0001367861214654821,-0.014285714285714457,0.00011457647885336982,-0.011904761904761862,0.00015754578356717936,-0.00952380952380949,0.00012725585536735865,1.0,0.0,0.0,0.0,0.0
42,14:16:24,1,-0.021428571428571352,327275.0,-0.020238095238095277,-0.021428571428571352,4.225392696986378e-05,-0.023809523809523947,9.405892559286895e-05,-0.02619047619047632,4.826658868527778e-05,-0.02857142857142858,8.214728555382409e-05,-0.030952380952380953,0.0001212809252731305,-0.01904761904761909,0.00011724191758897684,-0.01666666666666672,0.000137326376209042,-0.014285714285714457,0.00011455348928981408,-0.011904761904761862,0.0001574624463992898,-0.00952380952380949,0.00012725585536735865,0.0,0.0,0.0,0.0,0.0
42,14:16:27,1,-0.01904761904761909,526560.0,-0.020238095238095277,-0.021428571428571352,3.925953631672854e-05,-0.023809523809523947,9.400432537942406e-05,-0.02619047619047632,4.820336738549949e-05,-0.02857142857142858,8.225361228526939e-05,-0.030952380952380953,0.0001212809252731305,-0.01904761904761909,0.00011964720067599623,-0.01666666666666672,0.0001369901538420393,-0.014285714285714457,0.00011455348928981408,-0.011904761904761862,0.00015740497249040045,-0.00952380952380949,0.00012725585536735865,0.0,0.0,0.0,0.0,0.0
42,14:16:30,1,-0.023809523809523947,5827444.0,-0.02261904761904754,-0.023809523809523947,9.401582016120193e-05,-0.02619047619047632,4.820336738549949e-05,-0.02857142857142858,8.239729705749277e-05,-0.030952380952380953,0.00012129242005490838,-0.03333333333333344,0.00020061842636917197,-0.021428571428571352,8.159312212431295e-06,-0.01904761904761909,0.00012267320197902062,-0.01666666666666672,0.00013806778963371463,-0.014285714285714457,0.0001152517972828197,-0.011904761904761862,0.0001556635130510531,1.0,1.0,1.0,0.0,1.0
42,14:16:33,1,-0.021428571428571352,111081.0,-0.02261904761904754,-0.023809523809523947,9.390205055855547e-05,-0.02619047619047632,4.820336738549949e-05,-0.02857142857142858,8.344906959016792e-05,-0.030952380952380953,0.00012131253592301965,-0.03333333333333344,0.0002006155526737275,-0.021428571428571352,5.806103360561114e-05,-0.01904761904761909,0.0001241991342600329,-0.01666666666666672,0.00013812813723804846,-0.014285714285714457,0.00010888943556876844,-0.011904761904761862,0.0001556635130510531,1.0,1.0,1.0,0.0,1.0
42,14:16:36,1,-0.021428571428571352,10799976.0,-0.020238095238095277,-0.021428571428571352,1.083294098005506e-05,-0.023809523809523947,9.368364970477593e-05,-0.02619047619047632,4.820336738549949e-05,-0.02857142857142858,8.344906959016792e-05,-0.030952380952380953,0.00012131540961846412,-0.01904761904761909,0.00012736019924894726,-0.01666666666666672,0.00013851033873216265,-0.014285714285714457,0.00010888943556876844,-0.011904761904761862,0.00015553419675605205,-0.00952380952380949,0.00012725585536735865,0.0,0.0,0.0,0.0,0.0
42,14:16:39,1,-0.023809523809523947,1812606.0,-0.02261904761904754,-0.023809523809523947,9.22927811096536e-05,-0.02619047619047632,4.828957824883352e-05,-0.02857142857142858,8.386000803872678e-05,-0.030952380952380953,0.00012137288352735347,-0.03333333333333344,0.00020189722084196004,-0.021428571428571352,4.584435079513604e-06,-0.01904761904761909,0.00012866773067618002,-0.01666666666666672,0.00013888966653083238,-0.014285714285714457,0.0001088836881778795,-0.011904761904761862,0.00015569225000549775,1.0,1.0,1.0,0.0,1.0
42,14:16:42,1,-0.021428571428571352,156768.0,-0.02261904761904754,-0.023809523809523947,9.209449612398535e-05,-0.02619047619047632,4.834992585316734e-05,-0.02857142857142858,8.386000803872678e-05,-0.030952380952380953,0.00012137288352735347,-0.03333333333333344,0.0002019087156237379,-0.021428571428571352,8.05873287187493e-06,-0.01904761904761909,0.00012722226186761282,-0.01666666666666672,0.00013892702457161046,-0.014285714285714457,0.00010891817252321313,-0.011904761904761862,0.00015557155479683013,1.0,1.0,1.0,0.0,1.0
42,14:16:45,1,-0.021428571428571352,266192.0,-0.02261904761904754,-0.023809523809523947,9.109445010931063e-05,-0.02619047619047632,4.820624108094396e-05,-0.02857142857142858,8.394621890206081e-05,-0.030952380952380953,0.00012137288352735347,-0.03333333333333344,0.00020254092862152077,-0.021428571428571352,1.3492890957363158e-05,-0.01904761904761909,0.0001285642776401792,-0.01666666666666672,0.00013900174065316663,-0.014285714285714457,0.00010865953993321103,-0.011904761904761862,0.00015588766129572156,1.0,1.0,1.0,0.0,1.0
42,14:16:48,1,-0.023809523809523947,196100.0,-0.02261904761904754,-0.023809523809523947,9.019785713063673e-05,-0.02619047619047632,4.815164086749907e-05,-0.02857142857142858,8.337435350861175e-05,-0.030952380952380953,0.0001213786309182424,-0.03333333333333344,0.00020259840253041014,-0.021428571428571352,1.6079216857383995e-05,-0.01904761904761909,0.00012875106784406958,-0.01666666666666672,0.00013794996812049146,-0.014285714285714457,0.00010869977166943358,-0.011904761904761862,0.00015588766129572156,1.0,1.0,1.0,0.0,1.0
42,14:16:51,1,-0.023809523809523947,801625.0,-0.02261904761904754,-0.023809523809523947,8.491600490370529e-05,-0.02619047619047632,4.818037782194375e-05,-0.02857142857142858,8.48686751397349e-05,-0.030952380952380953,0.0001213786309182424,-0.03333333333333344,0.00020259840253041014,-0.021428571428571352,2.1881207959764077e-05,-0.01904761904761909,0.00012950397605052008,-0.01666666666666672,0.00013776892530749003,-0.014285714285714457,0.0001086710347149889,-0.011904761904761862,0.00015576696608705391,1.0,1.0,1.0,0.0,1.0
42,14:16:54,1,-0.021428571428571352,43087.0,-0.02261904761904754,-0.023809523809523947,8.483266773581573e-05,-0.02619047619047632,4.8602811052280485e-05,-0.02857142857142858,8.534283488807206e-05,-0.030952380952380953,0.00012157978959935513,-0.03333333333333344,0.00020289151946574583,-0.021428571428571352,3.4878932455091026e-05,-0.01904761904761909,0.00012979996668130024,-0.01666666666666672,0.00013688670080603846,-0.014285714285714457,0.0001086710347149889,-0.011904761904761862,0.00015571811326449796,1.0,1.0,1.0,0.0,1.0
42,14:16:57,1,-0.021428571428571352,720029.0,-0.02261904761904754,-0.023809523809523947,7.977783744899723e-05,-0.02619047619047632,4.8602811052280485e-05,-0.02857142857142858,8.545778270585077e-05,-0.030952380952380953,0.00012159703177202194,-0.03333333333333344,0.00020274783469352245,-0.021428571428571352,3.800551309867177e-05,-0.01904761904761909,0.00013030573707952656,-0.01666666666666672,0.00013680048994270443,-0.014285714285714457,0.00010878885622821207,-0.011904761904761862,0.00015574685021894265,1.0,1.0,1.0,0.0,1.0
42,14:17:00,1,-0.023809523809523947,680416.0,-0.02261904761904754,-0.023809523809523947,7.718576415808745e-05,-0.02619047619047632,4.854533714339114e-05,-0.02857142857142858,8.554686726462926e-05,-0.030952380952380953,0.00012159703177202194,-0.03333333333333344,0.00020131098697128864,-0.021428571428571352,4.132175764158738e-05,-0.01904761904761909,0.00013046379032897226,-0.01666666666666672,0.00013706486992359545,-0.014285714285714457,0.00010878885622821207,-0.011904761904761862,0.00015574685021894265,1.0,1.0,1.0,0.0,1.0
42,14:17:03,1,-0.021428571428571352,242530.0,-0.02261904761904754,-0.023809523809523947,7.697311069519685e-05,-0.02619047619047632,4.842751563016796e-05,-0.02857142857142858,8.486005405340151e-05,-0.030952380952380953,0.00012161427394468874,-0.03333333333333344,0.00020101787003595295,-0.021428571428571352,4.9928475497767836e-05,-0.01904761904761909,0.00013070805444175202,-0.01666666666666672,0.00013727177599559713,-0.014285714285714457,0.00010878885622821207,-0.011904761904761862,0.00015572960804627583,1.0,1.0,1.0,0.0,1.0
42,14:17:06,1,-0.023809523809523947,1109262.0,-0.02261904761904754,-0.023809523809523947,0.0001562928523533915,-0.02619047619047632,4.8461999975501576e-05,-0.02857142857142858,8.486005405340151e-05,-0.030952380952380953,0.00012164301089913342,-0.03333333333333344,0.00020102074373139743,-0.021428571428571352,5.1531997555780755e-05,-0.01904761904761909,0.00013101266615886558,-0.01666666666666672,0.00013874741860633123,-0.014285714285714457,0.00010878885622821207,-0.011904761904761862,0.00015575834500072052,1.0,1.0,1.0,0.0,1.0
42,14:17:09,1,-0.023809523809523947,771260.0,-0.02261904761904754,-0.023809523809523947,0.000152123120263469,-0.02619047619047632,4.849073692994625e-05,-0.02857142857142858,8.502672838918062e-05,-0.030952380952380953,0.000122390171714695,-0.03333333333333344,0.0002010408595995087,-0.021428571428571352,5.3477489371685315e-05,-0.01904761904761909,0.00013471398589133985,-0.01666666666666672,0.00013845430167099554,-0.014285714285714457,0.00010036892857592202,-0.011904761904761862,0.00015575834500072052,1.0,1.0,1.0,0.0,1.0
42,14:17:12,1,-0.023809523809523947,650974.0,-0.02261904761904754,-0.023809523809523947,0.00014933563568233544,-0.02619047619047632,4.850223171172412e-05,-0.02857142857142858,8.521926598395995e-05,-0.030952380952380953,0.00012261431995936348,-0.03333333333333344,0.00020114431263550952,-0.021428571428571352,5.4773526017140204e-05,-0.01904761904761909,0.0001340702781117791,-0.01666666666666672,0.00013901754597811118,-0.014285714285714457,0.00010088906745137065,-0.011904761904761862,0.0001557152395690535,1.0,1.0,1.0,0.0,1.0
42,14:17:15,1,-0.021428571428571352,1605964.0,-0.02261904761904754,-0.023809523809523947,0.00013997026222881554,-0.02619047619047632,4.849935801627965e-05,-0.02857142857142858,8.518478163862634e-05,-0.030952380952380953,0.00012261431995936348,-0.03333333333333344,0.0002008368272229515,-0.021428571428571352,5.471317841280638e-05,-0.01904761904761909,0.00013454731155556073,-0.01666666666666672,0.0001390692724961116,-0.014285714285714457,0.00010086033049692598,-0.011904761904761862,0.0001575256676990681,1.0,1.0,1.0,0.0,1.0
42,14:17:18,1,-0.023809523809523947,166485.0,-0.02261904761904754,-0.023809523809523947,0.00013448150392988243,-0.02619047619047632,4.8516600188946456e-05,-0.02857142857142858,8.504971795273637e-05,-0.030952380952380953,0.00012252236170514052,-0.03333333333333344,0.0002008540693956183,-0.021428571428571352,5.668740718315562e-05,-0.01904761904761909,0.00013609048600923983,-0.01666666666666672,0.00013881063990610953,-0.014285714285714457,0.00010095228875114893,-0.011904761904761862,0.00015761187856240213,1.0,1.0,1.0,0.0,1.0
42,14:17:21,1,-0.021428571428571352,390351.0,-0.02261904761904754,-0.023809523809523947,0.00013177735651663842,-0.02619047619047632,4.8453378889168173e-05,-0.02857142857142858,8.896943853899016e-05,-0.030952380952380953,0.0001227263940816977,-0.03333333333333344,0.0002008454483092849,-0.021428571428571352,5.9880082821959126e-05,-0.01904761904761909,0.0001356220736517916,-0.01666666666666672,0.00013890259816033248,-0.014285714285714457,0.00010075687746092514,-0.011904761904761862,0.00015199667766391242,1.0,1.0,1.0,0.0,1.0
42,14:17:24,1,-0.021428571428571352,642128.0,-0.02261904761904754,-0.023809523809523947,0.0001271765701100458,-0.02619047619047632,4.844475780283477e-05,-0.02857142857142858,8.912174439754696e-05,-0.030952380952380953,0.00012338734403392527,-0.03333333333333344,0.00020071900570972832,-0.021428571428571352,6.244341915842422e-05,-0.01904761904761909,0.00013773998719436424,-0.01666666666666672,0.00013860660752955232,-0.014285714285714457,0.00010066491920670218,-0.011904761904761862,0.00015189897201880052,1.0,1.0,1.0,0.0,1.0
42,14:17:27,1,-0.023809523809523947,2149641.0,-0.02261904761904754,-0.023809523809523947,0.00011377078086160444,-0.02619047619047632,4.9217781877396554e-05,-0.02857142857142858,8.915048135199163e-05,-0.030952380952380953,0.00012338734403392527,-0.03333333333333344,0.00020076211114139535,-0.021428571428571352,6.15583209615282e-05,-0.01904761904761909,0.0001502491834641317,-0.01666666666666672,0.00013780772019599032,-0.014285714285714457,0.00010077411963359194,-0.011904761904761862,0.0001519277089732452,1.0,1.0,0.0,0.0,1.0
42,14:17:30,1,-0.023809523809523947,286720.0,-0.02261904761904754,-0.023809523809523947,0.00011325638937704474,-0.02619047619047632,4.927812948173037e-05,-0.02857142857142858,9.013328519399955e-05,-0.030952380952380953,0.00012338734403392527,-0.03333333333333344,0.00020077647961861767,-0.021428571428571352,6.30124108564288e-05,-0.01904761904761909,0.00015025493085502062,-0.01666666666666672,0.0001373479289248755,-0.014285714285714457,0.00010077411963359194,-0.011904761904761862,0.00015163459203790952,1.0,1.0,0.0,1.0,1.0
42,14:17:33,1,-0.021428571428571352,795541.0,-0.02261904761904754,-0.023809523809523947,0.00010894009881945441,-0.02619047619047632,4.8898801683060646e-05,-0.02857142857142858,9.04120336521129e-05,-0.030952380952380953,0.00012378966139615073,-0.03333333333333344,0.00020077647961861767,-0.021428571428571352,6.831437895147153e-05,-0.01904761904761909,0.00015073771168969116,-0.01666666666666672,0.0001379341627955469,-0.014285714285714457,0.00010134885872248546,-0.011904761904761862,0.00015160585508346483,1.0,1.0,0.0,1.0,1.0
42,14:17:36,1,-0.023809523809523947,722546.0,-0.02261904761904754,-0.023809523809523947,0.00010779924172800076,-0.02619047619047632,6.447423099207503e-05,-0.02857142857142858,9.04034125657795e-05,-0.030952380952380953,0.00012375805074626157,-0.03333333333333344,0.00020080521657306235,-0.021428571428571352,6.727697489601873e-05,-0.01904761904761909,0.00015096760732524858,-0.01666666666666672,0.00013621856661519974,-0.014285714285714457,0.00010091780440581532,-0.011904761904761862,0.0001516719500786876,1.0,1.0,0.0,1.0,0.0
42,14:17:39,1,-0.023809523809523947,368350.0,-0.02261904761904754,-0.023809523809523947,0.00010615261423832083,-0.02619047619047632,6.447423099207503e-05,-0.02857142857142858,8.883437485310019e-05,-0.030952380952380953,0.00012375517705081712,-0.03333333333333344,0.0002007563637505064,-0.021428571428571352,6.721950098712937e-05,-0.01904761904761909,0.00015746215902974535,-0.01666666666666672,0.00013651168355053545,-0.014285714285714457,0.00010091780440581532,-0.011904761904761862,0.00015246509002136066,1.0,1.0,0.0,1.0,0.0
42,14:17:42,1,-0.023809523809523947,1061120.0,-0.02261904761904754,-0.023809523809523947,9.929022951693221e-05,-0.02619047619047632,6.503460160374622e-05,-0.02857142857142858,8.941198763743818e-05,-0.030952380952380953,0.00012387587225948474,-0.03333333333333344,0.00020081383765939575,-0.021428571428571352,7.19438562978341e-05,-0.01904761904761909,0.0001576805598835249,-0.01666666666666672,0.00013631627226031164,-0.014285714285714457,0.00010091780440581532,-0.011904761904761862,0.00015253693240747235,1.0,1.0,0.0,1.0,0.0
42,14:17:45,1,-0.023809523809523947,4390100.0,-0.02261904761904754,-0.023809523809523947,9.783039223114267e-05,-0.02619047619047632,6.523288658941447e-05,-0.02857142857142858,8.934301894677095e-05,-0.030952380952380953,0.0001239936937727079,-0.03333333333333344,0.0002011644285036208,-0.021428571428571352,4.3548871611049764e-05,-0.01904761904761909,0.0001591605130374257,-0.01666666666666672,0.00013635937769197867,-0.014285714285714457,0.00010077411963359194,-0.011904761904761862,0.00015299672367858716,1.0,1.0,0.0,1.0,0.0
42,14:17:48,1,-0.023809523809523947,733081.0,-0.02261904761904754,-0.023809523809523947,9.361755470955317e-05,-0.02619047619047632,6.543117157508275e-05,-0.02857142857142858,8.962751479577324e-05,-0.030952380952380953,0.0001239936937727079,-0.03333333333333344,0.00020152651412962372,-0.021428571428571352,4.450868588950194e-05,-0.01904761904761909,0.00015887601718842342,-0.01666666666666672,0.0001366467472364254,-0.014285714285714457,0.00010054997138892347,-0.011904761904761862,0.00015288752325169738,1.0,1.0,0.0,1.0,0.0
42,14:17:51,1,-0.023809523809523947,2565699.0,-0.02261904761904754,-0.023809523809523947,7.746163892075633e-05,-0.02619047619047632,6.781633879399084e-05,-0.02857142857142858,8.962176740488431e-05,-0.030952380952380953,0.0001238442616095956,-0.03333333333333344,0.00020154662999773498,-0.021428571428571352,4.689960049929899e-05,-0.01904761904761909,0.00015905131261053593,-0.01666666666666672,0.0001366754841908701,-0.014285714285714457,0.00010054997138892347,-0.011904761904761862,0.0001531174188872548,1.0,1.0,0.0,1.0,1.0
42,14:17:54,1,-0.023809523809523947,1070940.0,-0.02261904761904754,-0.023809523809523947,7.10791613385938e-05,-0.02619047619047632,6.784794944387999e-05,-0.02857142857142858,9.102700447722897e-05,-0.030952380952380953,0.00012568630038949934,-0.03333333333333344,0.00020168456737906944,-0.021428571428571352,4.863818624320188e-05,-0.01904761904761909,0.00015837024679019713,-0.01666666666666672,0.00013690250613098304,-0.014285714285714457,0.00010060744529781283,-0.011904761904761862,0.0001531174188872548,1.0,1.0,0.0,1.0,1.0
42,14:17:57,1,-0.023809523809523947,345306.0,-0.02261904761904754,-0.023809523809523947,7.120560393815038e-05,-0.02619047619047632,6.819566659266057e-05,-0.02857142857142858,9.137472162600955e-05,-0.030952380952380953,0.0001256000895261653,-0.03333333333333344,0.0002016615778155137,-0.021428571428571352,4.912958816420584e-05,-0.01904761904761909,0.00015929270302787122,-0.01666666666666672,0.00013585360729375236,-0.014285714285714457,0.00010060744529781283,-0.011904761904761862,0.00015318351388247755,1.0,0.0,0.0,1.0,1.0
42,14:18:00,1,-0.023809523809523947,1815904.0,-0.02261904761904754,-0.023809523809523947,5.8943545476607136e-05,-0.02619047619047632,6.872730024988708e-05,-0.02857142857142858,9.148104835745485e-05,-0.030952380952380953,0.00012570354256216613,-0.03333333333333344,0.00020166732520640262,-0.021428571428571352,5.2839528983013514e-05,-0.01904761904761909,0.0001593041978096491,-0.01666666666666672,0.00013585360729375236,-0.014285714285714457,0.00010059307682059049,-0.011904761904761862,0.00015292488129247547,1.0,0.0,0.0,1.0,1.0
42,14:18:03,1,-0.023809523809523947,316613.0,-0.02261904761904754,-0.023809523809523947,5.690552066739072e-05,-0.02619047619047632,6.872730024988708e-05,-0.02857142857142858,8.97999365224413e-05,-0.030952380952380953,0.00012563457387149892,-0.03333333333333344,0.00020416456654764499,-0.021428571428571352,5.2083747081118535e-05,-0.01904761904761909,0.00015909441804220294,-0.01666666666666672,0.00013585360729375236,-0.014285714285714457,0.00010060744529781283,-0.011904761904761862,0.00015292488129247547,1.0,0.0,0.0,1.0,1.0
42,14:18:06,1,-0.023809523809523947,299130.0,-0.02261904761904754,-0.023809523809523947,5.598019073427215e-05,-0.02619047619047632,6.873017394533154e-05,-0.02857142857142858,8.982005239055258e-05,-0.030952380952380953,0.0001256633108259436,-0.03333333333333344,0.00020419330350208965,-0.021428571428571352,5.1980294045117696e-05,-0.01904761904761909,0.00015823518310430714,-0.01666666666666672,0.00013614097683819912,-0.014285714285714457,0.00010014478033125355,-0.011904761904761862,0.00015289039694714186,1.0,0.0,0.0,1.0,1.0
42,14:18:09,1,-0.021428571428571352,776282.0,-0.02261904761904754,-0.023809523809523947,5.0959844792787256e-05,-0.02619047619047632,6.884512176311025e-05,-0.02857142857142858,8.996086346733149e-05,-0.030952380952380953,0.00012576389016649996,-0.03333333333333344,0.0002041990508929786,-0.021428571428571352,5.2724581165234804e-05,-0.01904761904761909,0.00015942776671376118,-0.01666666666666672,0.00013575590164864045,-0.014285714285714457,0.00010155576479448714,-0.011904761904761862,0.00015346513603603536,1.0,0.0,0.0,1.0,0.0
42,14:18:12,1,-0.023809523809523947,958181.0,-0.02261904761904754,-0.023809523809523947,4.591650928774662e-05,-0.02619047619047632,6.867844742733113e-05,-0.02857142857142858,9.076262449633795e-05,-0.030952380952380953,0.0001261604601378365,-0.03333333333333344,0.00020411858742053348,-0.021428571428571352,5.3945901729133534e-05,-0.01904761904761909,0.00017281344009409126,-0.01666666666666672,0.0001356840592625288,-0.014285714285714457,0.00010152702784004245,-0.011904761904761862,0.00015346513603603536,0.0,0.0,0.0,1.0,0.0
42,14:18:15,1,-0.023809523809523947,2713126.0,-0.02261904761904754,-0.023809523809523947,3.48585292174353e-05,-0.02619047619047632,6.933652368411421e-05,-0.02857142857142858,9.094941470022834e-05,-0.030952380952380953,0.0001261748286150588,-0.03333333333333344,0.00020475367411376083,-0.021428571428571352,4.660648356396329e-05,-0.01904761904761909,0.00017304333572964867,-0.01666666666666672,0.00013571279621697345,-0.014285714285714457,0.00010169082848037711,-0.011904761904761862,0.00015343352538614623,0.0,0.0,0.0,1.0,0.0
42,14:18:18,1,-0.023809523809523947,2221248.0,-0.02261904761904754,-0.023809523809523947,2.006474506931611e-05,-0.02619047619047632,6.918134413011296e-05,-0.02857142857142858,9.098389904556195e-05,-0.030952380952380953,0.0001261748286150588,-0.03333333333333344,0.00020475367411376083,-0.021428571428571352,4.9230167504762205e-05,-0.01904761904761909,0.00017313529398387163,-0.01666666666666672,0.00013506621474196825,-0.014285714285714457,0.00010169082848037711,-0.011904761904761862,0.00015343352538614623,0.0,0.0,0.0,1.0,0.0
42,14:18:21,1,-0.023809523809523947,712583.0,-0.02261904761904754,-0.023809523809523947,1.7374966133294437e-05,-0.02619047619047632,6.905202783511192e-05,-0.02857142857142858,9.104712034534024e-05,-0.030952380952380953,0.00012612022840161394,-0.03333333333333344,0.00020472493715931615,-0.021428571428571352,4.9419831404097066e-05,-0.01904761904761909,0.00017135072911285727,-0.01666666666666672,0.0001348822982335223,-0.014285714285714457,0.00010169082848037711,-0.011904761904761862,0.000153364556695479,0.0,0.0,0.0,1.0,0.0
42,14:18:24,1,-0.023809523809523947,1393593.0,-0.02261904761904754,-0.023809523809523947,8.822848490558865e-06,-0.02619047619047632,6.885086915399919e-05,-0.02857142857142858,9.136322684423167e-05,-0.030952380952380953,0.00012620069187405903,-0.03333333333333344,0.00020508989648076353,-0.021428571428571352,5.277343398779076e-05,-0.01904761904761909,0.00017132773954930153,-0.01666666666666672,0.0001361697137926438,-0.014285714285714457,0.0001018776186842675,-0.011904761904761862,0.000153364556695479,0.0,0.0,0.0,1.0,0.0
42,14:18:27,1,-0.023809523809523947,1150142.0,-0.025000000000000133,-0.02619047619047632,6.87962689405543e-05,-0.02857142857142858,9.163910160690057e-05,-0.030952380952380953,0.00012631276599639327,-0.03333333333333344,0.0002051215071306527,-0.03571428571428581,0.0005312658242096138,-0.023809523809523947,6.002546307449474e-06,-0.021428571428571352,5.7492041907606553e-05,-0.01904761904761909,0.00017200593167419586,-0.01666666666666672,0.00013498000387863422,-0.014285714285714457,0.00010205291410638003,1.0,1.0,1.0,2.0,1.0
42,14:18:30,1,-0.023809523809523947,21308.0,-0.025000000000000133,-0.02619047619047632,6.873304764077602e-05,-0.02857142857142858,9.175404942467928e-05,-0.030952380952380953,0.0001264794403321724,-0.03333333333333344,0.0002053341605935433,-0.03571428571428581,0.0005312342135597246,-0.023809523809523947,1.0479763809929992e-05,-0.021428571428571352,5.808402316916688e-05,-0.01904761904761909,0.00017248583881342196,-0.01666666666666672,0.00013531047885474799,-0.014285714285714457,0.00010205291410638003,1.0,1.0,2.0,2.0,1.0
42,14:18:33,1,-0.023809523809523947,61488.0,-0.025000000000000133,-0.02619047619047632,6.885949024033258e-05,-0.02857142857142858,9.180002855179076e-05,-0.030952380952380953,0.00012670646227228534,-0.03333333333333344,0.00020538013972065477,-0.03571428571428581,0.0005311911081280576,-0.023809523809523947,1.6609356192979378e-05,-0.021428571428571352,5.8598414653726574e-05,-0.01904761904761909,0.00017295999856175911,-0.01666666666666672,0.00013531047885474799,-0.014285714285714457,0.00010206728258360236,1.0,1.0,2.0,2.0,1.0
42,14:18:36,1,-0.023809523809523947,916572.0,-0.025000000000000133,-0.02619047619047632,6.79801394343255e-05,-0.02857142857142858,9.05097392972248e-05,-0.030952380952380953,0.0001265656511955064,-0.03333333333333344,0.0002050209277900963,-0.03571428571428581,0.0005312083503007244,-0.023809523809523947,1.5606436482860187e-05,-0.021428571428571352,5.988295651740359e-05,-0.01904761904761909,0.0001730318409478708,-0.01666666666666672,0.00013476447672029914,-0.014285714285714457,0.00010206728258360236,1.0,1.0,2.0,1.0,1.0
42,14:18:39,1,-0.023809523809523947,34412.0,-0.025000000000000133,-0.02619047619047632,6.759793794021131e-05,-0.02857142857142858,9.047238125644673e-05,-0.030952380952380953,0.0001266576094497294,-0.03333333333333344,0.00020423928262920112,-0.03571428571428581,0.0005312169713870579,-0.023809523809523947,2.0394013093343204e-05,-0.021428571428571352,6.238881894497934e-05,-0.01904761904761909,0.0001731812731109831,-0.01666666666666672,0.00013537657384997073,-0.014285714285714457,0.0001021707356196032,1.0,1.0,2.0,1.0,1.0
42,14:18:42,1,-0.023809523809523947,104117.0,-0.025000000000000133,-0.02619047619047632,6.776461227599043e-05,-0.02857142857142858,9.047238125644673e-05,-0.030952380952380953,0.00012750534960584732,-0.03333333333333344,0.00020453814695542576,-0.03571428571428581,0.0005311652448690574,-0.023809523809523947,2.4057974785039393e-05,-0.021428571428571352,6.228823960442297e-05,-0.01904761904761909,0.00017330484201509523,-0.01666666666666672,0.00013537657384997073,-0.014285714285714457,0.00010232016778271552,1.0,1.0,2.0,1.0,1.0
42,14:18:45,1,-0.02619047619047632,887261.0,-0.025000000000000133,-0.02619047619047632,6.199710551894396e-05,-0.02857142857142858,9.061031863778116e-05,-0.030952380952380953,0.00012809158347651872,-0.03333333333333344,0.00020427089327909029,-0.03571428571428581,0.0005311882344326131,-0.023809523809523947,2.6770743284616804e-05,-0.021428571428571352,6.24721561128689e-05,-0.01904761904761909,0.00017267550271275682,-0.01666666666666672,0.00013514667821441334,-0.014285714285714457,0.00010232016778271552,1.0,1.0,2.0,1.0,1.0
42,14:18:48,1,-0.02619047619047632,125177.0,-0.025000000000000133,-0.02619047619047632,6.162743333696765e-05,-0.02857142857142858,9.055284472889181e-05,-0.030952380952380953,0.00012808008869474085,-0.03333333333333344,0.00020438584109686898,-0.03571428571428581,0.0005312514557323914,-0.023809523809523947,3.176235227165702e-05,-0.021428571428571352,6.208708092331024e-05,-0.01904761904761909,0.00017287378769842508,-0.01666666666666672,0.00013508345691463504,-0.014285714285714457,0.00010188911346604537,1.0,1.0,2.0,1.0,1.0
42,14:18:51,1,-0.02619047619047632,76920.0,-0.025000000000000133,-0.02619047619047632,6.397236881965321e-05,-0.02857142857142858,9.115344707678554e-05,-0.030952380952380953,0.00012808008869474085,-0.03333333333333344,0.0002042421563246456,-0.03571428571428581,0.0005312773189913917,-0.023809523809523947,3.24118074421067e-05,-0.021428571428571352,6.0423211260963503e-05,-0.01904761904761909,0.0001728910298710919,-0.01666666666666672,0.000135175415168858,-0.014285714285714457,0.00010188911346604537,1.0,1.0,2.0,2.0,1.0
42,14:18:54,1,-0.02619047619047632,237677.0,-0.025000000000000133,-0.02619047619047632,6.25096578384192e-05,-0.02857142857142858,9.142357444856549e-05,-0.030952380952380953,0.00012808008869474085,-0.03333333333333344,0.00020497494866298483,-0.03571428571428581,0.000531329045509392,-0.023809523809523947,3.624244346958201e-05,-0.021428571428571352,5.9986409553404426e-05,-0.01904761904761909,0.00017116681260441133,-0.01666666666666672,0.0001350949516964129,-0.014285714285714457,0.00010188911346604537,1.0,1.0,2.0,2.0,1.0
42,14:18:57,1,-0.02619047619047632,332163.0,-0.025000000000000133,-0.02619047619047632,6.491494092543858e-05,-0.02857142857142858,9.012179041222168e-05,-0.030952380952380953,0.00012822664716240868,-0.03333333333333344,0.0002049778223584293,-0.03571428571428581,0.0005313865194182814,-0.023809523809523947,4.0696671408506786e-05,-0.021428571428571352,5.993468303540401e-05,-0.01904761904761909,0.000171459929539747,-0.01666666666666672,0.00013496563540141187,-0.014285714285714457,0.00010193509259315686,1.0,1.0,2.0,2.0,1.0
42,14:19:00,1,-0.02619047619047632,588255.0,-0.025000000000000133,-0.02619047619047632,6.394363186520853e-05,-0.02857142857142858,9.064192928767031e-05,-0.030952380952380953,0.00012830998433029824,-0.03333333333333344,0.00020513012821698608,-0.03571428571428581,0.0005313893931137259,-0.023809523809523947,4.162774873251429e-05,-0.021428571428571352,6.034274778851841e-05,-0.01904761904761909,0.00017167833039352656,-0.01666666666666672,0.00013569268034886218,-0.014285714285714457,0.00010173680760748859,1.0,2.0,2.0,2.0,1.0
42,14:19:03,1,-0.02619047619047632,164929.0,-0.025000000000000133,-0.02619047619047632,6.15958226870785e-05,-0.02857142857142858,9.135460575789828e-05,-0.030952380952380953,0.00012828124737585358,-0.03333333333333344,0.00020621351139955038,-0.03571428571428581,0.0005316940048308395,-0.023809523809523947,4.078862966272975e-05,-0.021428571428571352,6.069333863274346e-05,-0.01904761904761909,0.0001713909608490798,-0.01666666666666672,0.0001362587983514223,-0.014285714285714457,0.00010172243913026625,1.0,2.0,2.0,2.0,1.0
42,14:19:06,1,-0.02619047619047632,4292456.0,-0.025000000000000133,-0.02619047619047632,6.0785440571738646e-05,-0.02857142857142858,9.098102535011749e-05,-0.030952380952380953,0.0001283071106348538,-0.03333333333333344,0.00020654111268021967,-0.03571428571428581,0.0005320072376342864,-0.023809523809523947,1.2163749340388004e-05,-0.021428571428571352,6.078529688696642e-05,-0.01904761904761909,0.0001710288752230769,-0.01666666666666672,0.0001362300613969776,-0.014285714285714457,0.00010172243913026625,1.0,2.0,2.0,2.0,1.0
42,14:19:09,1,-0.02619047619047632,550152.0,-0.025000000000000133,-0.02619047619047632,5.747494341971197e-05,-0.02857142857142858,9.102700447722897e-05,-0.030952380952380953,0.00012815193108085254,-0.03333333333333344,0.00020669054484333198,-0.03571428571428581,0.0005322457543561772,-0.023809523809523947,1.2609172134280482e-05,-0.021428571428571352,6.085426557763364e-05,-0.01904761904761909,0.00017143693997619127,-0.01666666666666672,0.00013654904159131353,-0.014285714285714457,0.0001018603765116007,1.0,2.0,2.0,1.0,1.0
42,14:19:12,1,-0.02619047619047632,218434.0,-0.025000000000000133,-0.02619047619047632,5.695193084881887e-05,-0.02857142857142858,9.082297210067177e-05,-0.030952380952380953,0.0001280570991311851,-0.03333333333333344,0.0002068054926611107,-0.03571428571428581,0.0005322457543561772,-0.023809523809523947,1.3500017722065438e-05,-0.021428571428571352,6.108416121319104e-05,-0.01904761904761909,0.00017128176042219002,-0.01666666666666672,0.00013677606353142645,-0.014285714285714457,0.00010200693497926854,1.0,2.0,2.0,1.0,1.0
42,14:19:15,1,-0.02619047619047632,558757.0,-0.025000000000000133,-0.02619047619047632,5.6104190692700925e-05,-0.02857142857142858,9.0314328007001e-05,-0.030952380952380953,0.0001279249091407396,-0.03333333333333344,0.0002076934645534512,-0.03571428571428581,0.000532354954783067,-0.023809523809523947,1.1114850503157331e-05,-0.021428571428571352,6.065885428740984e-05,-0.01904761904761909,0.00016989951291340112,-0.01666666666666672,0.00013964975897589406,-0.014285714285714457,0.00010205866149726897,2.0,2.0,2.0,1.0,1.0
42,14:19:18,1,-0.023809523809523947,288134.0,-0.025000000000000133,-0.02619047619047632,5.437422603513143e-05,-0.02857142857142858,9.051548668811373e-05,-0.030952380952380953,0.00012797088826785107,-0.03333333333333344,0.00021142926863125907,-0.03571428571428581,0.0005324354182555121,-0.023809523809523947,1.2643656479614094e-05,-0.021428571428571352,6.108990860407998e-05,-0.01904761904761909,0.000169911007695179,-0.01666666666666672,0.00013869281839288636,-0.014285714285714457,0.00010254718972282845,2.0,2.0,2.0,1.0,1.0
42,14:19:21,1,-0.02619047619047632,192737.0,-0.025000000000000133,-0.02619047619047632,5.335119045690097e-05,-0.02857142857142858,9.029421213888973e-05,-0.030952380952380953,0.00012823239455329763,-0.03333333333333344,0.00021112753060958996,-0.03571428571428581,0.0005324526604281789,-0.023809523809523947,1.3163795355062729e-05,-0.021428571428571352,6.096633969996788e-05,-0.01904761904761909,0.00016970410162317733,-0.01666666666666672,0.00013871868165188657,-0.014285714285714457,0.00010254718972282845,2.0,2.0,2.0,1.0,1.0
42,14:19:24,1,-0.02619047619047632,1393619.0,-0.025000000000000133,-0.02619047619047632,4.4238702202494216e-05,-0.02857142857142858,9.029421213888973e-05,-0.030952380952380953,0.00012790191957718386,-0.03333333333333344,0.0002112913312499246,-0.03571428571428581,0.0005325245028142906,-0.023809523809523947,1.3094826664395506e-05,-0.021428571428571352,6.106691904052424e-05,-0.01904761904761909,0.0001700518187719579,-0.01666666666666672,0.0001387502923017757,-0.014285714285714457,0.00010254718972282845,2.0,2.0,2.0,1.0,1.0
42,14:19:27,1,-0.02619047619047632,2563958.0,-0.025000000000000133,-0.02619047619047632,4.226159973670051e-05,-0.02857142857142858,9.045513908377992e-05,-0.030952380952380953,0.000129396241208307,-0.03333333333333344,0.00021268794723593588,-0.03571428571428581,0.0005330906208168507,-0.023809523809523947,6.20114739961663e-07,-0.021428571428571352,6.08226549277445e-05,-0.01904761904761909,0.00017020987202140362,-0.01666666666666672,0.00013869281839288636,-0.014285714285714457,0.00010273397992671885,2.0,2.0,2.0,1.0,1.0
42,14:19:30,1,-0.023809523809523947,4597141.0,-0.02261904761904754,-0.023809523809523947,2.9800221759128993e-05,-0.02619047619047632,2.5872914616901793e-05,-0.02857142857142858,9.016776953933315e-05,-0.030952380952380953,0.00012942210446730722,-0.03333333333333344,0.00021316498067971748,-0.021428571428571352,6.0267428230918917e-05,-0.01904761904761909,0.00017018975615329236,-0.01666666666666672,0.0001386813236111085,-0.014285714285714457,0.00010273397992671885,-0.011904761904761862,0.00015424678119693055,1.0,1.0,1.0,0.0,0.0
42,14:19:33,1,-0.023809523809523947,1162760.0,-0.02261904761904754,-0.023809523809523947,2.1874569723287357e-05,-0.02619047619047632,2.5438986604787186e-05,-0.02857142857142858,9.033731757055675e-05,-0.030952380952380953,0.00012951406272153018,-0.03333333333333344,0.00021382593063194505,-0.021428571428571352,6.287099630360656e-05,-0.01904761904761909,0.00017018975615329236,-0.01666666666666672,0.00013905490401888926,-0.014285714285714457,0.00010244373668682762,-0.011904761904761862,0.00015573822913260925,1.0,1.0,1.0,0.0,0.0
42,14:19:36,1,-0.023809523809523947,583435.0,-0.02261904761904754,-0.023809523809523947,1.7894501532699734e-05,-0.02619047619047632,2.5723482453789478e-05,-0.02857142857142858,9.024248562088932e-05,-0.030952380952380953,0.00012737890700629075,-0.03333333333333344,0.00021436043798461602,-0.021428571428571352,6.129621120003831e-05,-0.01904761904761909,0.0001701236611580696,-0.01666666666666672,0.000139077893582445,-0.014285714285714457,0.00010244373668682762,-0.011904761904761862,0.00015585317695038795,1.0,1.0,0.0,0.0,1.0
42,14:19:39,1,-0.021428571428571352,243542.0,-0.02261904761904754,-0.023809523809523947,1.6759391832135033e-05,-0.02619047619047632,2.6257989806460454e-05,-0.02857142857142858,9.025398040266719e-05,-0.030952380952380953,0.00012741626504706883,-0.03333333333333344,0.0002147340183923968,-0.021428571428571352,6.037950235325315e-05,-0.01904761904761909,0.00017025297745307063,-0.01666666666666672,0.000139077893582445,-0.014285714285714457,0.00010244373668682762,-0.011904761904761862,0.00015597674585450004,1.0,1.0,0.0,0.0,1.0
42,14:19:42,1,-0.023809523809523947,499793.0,-0.02261904761904754,-0.023809523809523947,1.3457515766441763e-05,-0.02619047619047632,2.6459148487573185e-05,-0.02857142857142858,9.046376017011332e-05,-0.030952380952380953,0.00012742488613340223,-0.03333333333333344,0.00021485471360106444,-0.021428571428571352,6.055192407992121e-05,-0.01904761904761909,0.0001701150400717362,-0.01666666666666672,0.00013983080178889553,-0.014285714285714457,0.00010244373668682762,-0.011904761904761862,0.00015596812476816665,1.0,1.0,0.0,0.0,1.0
42,14:19:45,1,-0.023809523809523947,275525.0,-0.02261904761904754,-0.023809523809523947,1.1704561545316526e-05,-0.02619047619047632,2.7108603658022863e-05,-0.02857142857142858,9.090630926856134e-05,-0.030952380952380953,0.00012702544246662124,-0.03333333333333344,0.0002150874829320663,-0.021428571428571352,6.073296689292266e-05,-0.01904761904761909,0.00016946845859673097,-0.01666666666666672,0.0001401181713333423,-0.014285714285714457,0.00010251557907293932,-0.011904761904761862,0.0001561319254085013,1.0,1.0,0.0,0.0,1.0
42,14:19:48,1,-0.023809523809523947,405085.0,-0.02261904761904754,-0.023809523809523947,9.227436072185458e-06,-0.02619047619047632,2.72292988666905e-05,-0.02857142857142858,9.090630926856134e-05,-0.030952380952380953,0.00012700820029395442,-0.03333333333333344,0.00021510472510473313,-0.021428571428571352,6.117838968681514e-05,-0.01904761904761909,0.0001695288062010648,-0.01666666666666672,0.00014026472980101012,-0.014285714285714457,0.00010283743296271968,-0.011904761904761862,0.00015607445149961195,1.0,1.0,0.0,0.0,1.0
42,14:19:51,1,-0.021428571428571352,267334.0,-0.02261904761904754,-0.023809523809523947,7.655524664061681e-06,-0.02619047619047632,2.9809877375822404e-05,-0.02857142857142858,9.102987817267344e-05,-0.030952380952380953,0.00012714613767528889,-0.03333333333333344,0.00021523404139973417,-0.021428571428571352,6.184508702993163e-05,-0.01904761904761909,0.000170396662225294,-0.01666666666666672,0.0001397704541845617,-0.014285714285714457,0.00010283743296271968,-0.011904761904761862,0.00015617215714472385,1.0,1.0,1.0,0.0,1.0
42,14:19:54,1,-0.023809523809523947,2778580.0,-0.02261904761904754,-0.023809523809523947,4.089268617477392e-06,-0.02619047619047632,3.610614409465091e-05,-0.02857142857142858,9.116494185856341e-05,-0.030952380952380953,0.00012740477026529096,-0.03333333333333344,0.0002149897772869544,-0.021428571428571352,4.7036934404590095e-05,-0.01904761904761909,0.0001705029889567393,-0.01666666666666672,0.0001398221807025621,-0.014285714285714457,0.00010283743296271968,-0.011904761904761862,0.00015561178653305266,1.0,1.0,1.0,0.0,1.0
42,14:19:57,1,-0.023809523809523947,560110.0,-0.02261904761904754,-0.023809523809523947,7.1066488341683704e-06,-0.02619047619047632,4.5049084317834075e-05,-0.02857142857142858,9.126552119911978e-05,-0.030952380952380953,0.00012789329849085043,-0.03333333333333344,0.00021508460923662183,-0.021428571428571352,4.710877679070178e-05,-0.01904761904761909,0.00017025297745307063,-0.01666666666666672,0.00013943710551300346,-0.014285714285714457,0.00010283743296271968,-0.011904761904761862,0.0001556002917512748,1.0,1.0,1.0,0.0,1.0
42,14:20:00,1,-0.023809523809523947,226455.0,-0.02261904761904754,-0.023809523809523947,6.152581946605128e-06,-0.02619047619047632,4.5758887092617575e-05,-0.02857142857142858,9.15299011800108e-05,-0.030952380952380953,0.0001278703089272947,-0.03333333333333344,0.000215380599867402,-0.021428571428571352,4.702256592736775e-05,-0.01904761904761909,0.00017150016127596957,-0.01666666666666672,0.00013977620157545062,-0.014285714285714457,0.00010270524297227418,-0.011904761904761862,0.00015562902870571948,1.0,1.0,1.0,0.0,1.0
42,14:20:03,1,-0.023809523809523947,332118.0,-0.02261904761904754,-0.023809523809523947,1.3799485524333406e-05,-0.02619047619047632,4.8054969752747184e-05,-0.02857142857142858,9.14149533622321e-05,-0.030952380952380953,0.000127712255677849,-0.03333333333333344,0.00021528576791773456,-0.021428571428571352,5.4652227332429226e-05,-0.01904761904761909,0.000171816267774861,-0.01666666666666672,0.00013999747612467465,-0.014285714285714457,0.00010277708535838587,-0.011904761904761862,0.00015602272498161155,1.0,1.0,1.0,0.0,1.0
42,14:20:06,1,-0.023809523809523947,153412.0,-0.02261904761904754,-0.023809523809523947,1.3043703622438428e-05,-0.02619047619047632,4.837107625163862e-05,-0.02857142857142858,9.267937935779783e-05,-0.030952380952380953,0.000128554248443078,-0.03333333333333344,0.00021559612702573707,-0.021428571428571352,5.5226966421322745e-05,-0.01904761904761909,0.00017204616341041842,-0.01666666666666672,0.00014031933001445502,-0.014285714285714457,0.00010292077013060924,-0.011904761904761862,0.00015592214564105517,1.0,0.0,1.0,0.0,1.0
42,14:20:09,1,-0.023809523809523947,605483.0,-0.02261904761904754,-0.023809523809523947,1.1532139818648471e-05,-0.02619047619047632,3.735332791754985e-05,-0.02857142857142858,9.273397957124272e-05,-0.030952380952380953,0.00012855137474763353,-0.03333333333333344,0.0002155673900712924,-0.021428571428571352,5.417232019320314e-05,-0.01904761904761909,0.00017295999856175911,-0.01666666666666672,0.00014050899391378988,-0.014285714285714457,0.0001030041072984988,-0.011904761904761862,0.00015592214564105517,1.0,0.0,0.0,0.0,1.0
42,14:20:12,1,-0.023809523809523947,294620.0,-0.02261904761904754,-0.023809523809523947,1.0712791773521869e-05,-0.02619047619047632,3.750563377610663e-05,-0.02857142857142858,9.293801194779992e-05,-0.030952380952380953,0.00012821802607607528,-0.03333333333333344,0.000215780043534183,-0.021428571428571352,5.404013020275763e-05,-0.01904761904761909,0.00017282206118042468,-0.01666666666666672,0.00014038542500967777,-0.014285714285714457,0.00010285754883083096,-0.011904761904761862,0.0001563905579985034,1.0,0.0,0.0,0.0,1.0
42,14:20:15,1,-0.021428571428571352,410885.0,-0.02261904761904754,-0.023809523809523947,9.672514022624598e-06,-0.02619047619047632,3.7882087879331884e-05,-0.02857142857142858,9.344090865058175e-05,-0.030952380952380953,0.0001280312358721849,-0.03333333333333344,0.00021623121371896442,-0.021428571428571352,5.315215831041714e-05,-0.01904761904761909,0.0001733335789695399,-0.01666666666666672,0.0001403997934869001,-0.014285714285714457,0.00010300123360305434,-0.011904761904761862,0.00015656872711606036,1.0,0.0,0.0,0.0,1.0
42,14:20:18,1,-0.023809523809523947,225092.0,-0.02261904761904754,-0.023809523809523947,8.543151712948834e-06,-0.02619047619047632,3.951722058723395e-05,-0.02857142857142858,9.353574060024918e-05,-0.030952380952380953,0.0001283933214981878,-0.03333333333333344,0.00021566222202095984,-0.021428571428571352,5.489936514065344e-05,-0.01904761904761909,0.00017692569827512439,-0.01666666666666672,0.00014047450956845625,-0.014285714285714457,0.00010242649451416082,-0.011904761904761862,0.0001576032574760687,1.0,0.0,0.0,0.0,1.0
42,14:20:21,1,-0.023809523809523947,391310.0,-0.02261904761904754,-0.023809523809523947,7.333325930827974e-06,-0.02619047619047632,3.389627229785533e-05,-0.02857142857142858,9.367942537247257e-05,-0.030952380952380953,0.00012825538411685337,-0.03333333333333344,0.000215558768984959,-0.021428571428571352,5.657472958477805e-05,-0.01904761904761909,0.0001766584445987889,-0.01666666666666672,0.0001403911724005667,-0.014285714285714457,0.00010242649451416082,-0.011904761904761862,0.0001576032574760687,0.0,1.0,0.0,0.0,1.0
42,14:20:24,1,-0.021428571428571352,243529.0,-0.02261904761904754,-0.023809523809523947,6.704934947986244e-06,-0.02619047619047632,5.1316614082217904e-05,-0.02857142857142858,9.352999320936025e-05,-0.030952380952380953,0.00012820365759885294,-0.03333333333333344,0.00021553577942140325,-0.021428571428571352,5.6617835016445064e-05,-0.01904761904761909,0.0001769084561024576,-0.01666666666666672,0.0001403911724005667,-0.014285714285714457,0.00010243511560049422,-0.011904761904761862,0.0001576032574760687,0.0,1.0,0.0,0.0,1.0
42,14:20:27,1,-0.021428571428571352,277846.0,-0.02261904761904754,-0.023809523809523947,6.184796072537609e-06,-0.02619047619047632,5.135971951388492e-05,-0.02857142857142858,9.347826669135983e-05,-0.030952380952380953,0.00012828986846218698,-0.03333333333333344,0.00021557313746218133,-0.021428571428571352,5.485338601354196e-05,-0.01904761904761909,0.0001776786064815749,-0.01666666666666672,0.00014022162436934312,-0.014285714285714457,0.0001011419526504838,-0.011904761904761862,0.00015797396418840503,0.0,1.0,0.0,0.0,1.0
42,14:20:30,1,-0.023809523809523947,320642.0,-0.02261904761904754,-0.023809523809523947,5.546835683865802e-06,-0.02619047619047632,5.254368203700557e-05,-0.02857142857142858,9.383173123102934e-05,-0.030952380952380953,0.0001283502160665208,-0.03333333333333344,0.00021575130657973832,-0.021428571428571352,5.562353639265927e-05,-0.01904761904761909,0.00017808954493013377,-0.01666666666666672,0.00014007219220623079,-0.014285714285714457,0.00010115632112770614,-0.011904761904761862,0.0001579768378838495,0.0,1.0,0.0,0.0,1.0
42,14:20:33,1,-0.023809523809523947,649050.0,-0.02261904761904754,-0.023809523809523947,2.6530243712869314e-06,-0.02619047619047632,5.3331074588789695e-05,-0.02857142857142858,9.381161536291807e-05,-0.030952380952380953,0.00012847091127518844,-0.03333333333333344,0.00021632604566863186,-0.021428571428571352,5.964096262402498e-05,-0.01904761904761909,0.00017894590617258512,-0.01666666666666672,0.00013987103352511806,-0.014285714285714457,0.00010115632112770614,-0.011904761904761862,0.00015829869177362988,0.0,1.0,0.0,0.0,1.0
42,14:20:36,1,-0.023809523809523947,499238.0,-0.025000000000000133,-0.02619047619047632,5.43684786442425e-05,-0.02857142857142858,9.405300578025335e-05,-0.030952380952380953,0.00012848815344785523,-0.03333333333333344,0.00021672261563996837,-0.03571428571428581,0.0005345648265798626,-0.023809523809523947,3.9021910440425514e-07,-0.021428571428571352,5.9951321732027476e-05,-0.01904761904761909,0.00017944880287536696,-0.01666666666666672,0.0001391669781412235,-0.014285714285714457,0.00010117931069126188,2.0,2.0,1.0,2.0,2.0
42,14:20:39,1,-0.023809523809523947,150013.0,-0.025000000000000133,-0.02619047619047632,5.483689100169072e-05,-0.02857142857142858,9.369092015425043e-05,-0.030952380952380953,0.00012820653129429741,-0.03333333333333344,0.00021739218667852933,-0.03571428571428581,0.0005345504581026403,-0.023809523809523947,1.5425709776357619e-06,-0.021428571428571352,6.072147211114479e-05,-0.01904761904761909,0.00017835679860646927,-0.01666666666666672,0.00013913824118677882,-0.014285714285714457,0.00010126552155459591,2.0,1.0,1.0,2.0,2.0
42,14:20:42,1,-0.023809523809523947,54530.0,-0.025000000000000133,-0.02619047619047632,5.492884925591368e-05,-0.02857142857142858,9.379437319025126e-05,-0.030952380952380953,0.00012820653129429741,-0.03333333333333344,0.00021762782970497567,-0.03571428571428581,0.0005343607942033054,-0.023809523809523947,5.459417868445098e-06,-0.021428571428571352,6.131920076359405e-05,-0.01904761904761909,0.00017945742396170035,-0.01666666666666672,0.00013913536749133435,-0.014285714285714457,0.00010173680760748859,2.0,1.0,1.0,2.0,2.0
42,14:20:45,1,-0.023809523809523947,42640.0,-0.025000000000000133,-0.02619047619047632,5.5032302291914513e-05,-0.02857142857142858,9.355010907747153e-05,-0.030952380952380953,0.0001283157317211872,-0.03333333333333344,0.00021742667102386294,-0.03571428571428581,0.0005342630885581935,-0.023809523809523947,1.1632115683161499e-05,-0.021428571428571352,5.759201777211958e-05,-0.01904761904761909,0.0001789545272589185,-0.01666666666666672,0.0001393537683451139,-0.014285714285714457,0.0001017712919528222,2.0,1.0,1.0,2.0,2.0
42,14:20:48,1,-0.023809523809523947,126145.0,-0.025000000000000133,-0.02619047619047632,5.820198836716227e-05,-0.02857142857142858,9.374264667225085e-05,-0.030952380952380953,0.00012837033193463206,-0.03333333333333344,0.0002174381658056408,-0.03571428571428581,0.000534265962253638,-0.023809523809523947,1.1347619834159207e-05,-0.021428571428571352,5.8284578374236274e-05,-0.01904761904761909,0.00017839415664724732,-0.01666666666666672,0.0001392905470453356,-0.014285714285714457,0.00010180002890726687,2.0,1.0,1.0,2.0,2.0
42,14:20:51,1,-0.023809523809523947,1837473.0,-0.02261904761904754,-0.023809523809523947,1.677149008995624e-05,-0.02619047619047632,5.862442159749901e-05,-0.02857142857142858,9.380586797202913e-05,-0.030952380952380953,0.00012751971808306966,-0.03333333333333344,0.000217863472731422,-0.021428571428571352,5.8083419693123536e-05,-0.01904761904761909,0.00017856083098302645,-0.01666666666666672,0.0001394687161628926,-0.014285714285714457,0.00010188336607515644,-0.011904761904761862,0.00015798258527473843,1.0,0.0,0.0,1.0,1.0
42,14:20:54,1,-0.023809523809523947,373115.0,-0.02261904761904754,-0.023809523809523947,1.545533757639008e-05,-0.02619047619047632,5.79692190361604e-05,-0.02857142857142858,9.381448905836254e-05,-0.030952380952380953,0.0001274996022149584,-0.03333333333333344,0.00021850143312009381,-0.021428571428571352,5.854895835512729e-05,-0.01904761904761909,0.00017867003140991622,-0.01666666666666672,0.00013945434768567028,-0.014285714285714457,0.00010212188279704725,-0.011904761904761862,0.00015786476376151526,0.0,0.0,0.0,1.0,1.0
42,14:20:57,1,-0.023809523809523947,162770.0,-0.02261904761904754,-0.023809523809523947,1.40788374584901e-05,-0.02619047619047632,5.870775876538857e-05,-0.02857142857142858,9.394667904880805e-05,-0.030952380952380953,0.0001270886637663995,-0.03333333333333344,0.0002185215489882051,-0.021428571428571352,6.261236371360447e-05,-0.01904761904761909,0.00017904361181769702,-0.01666666666666672,0.0001393623894314473,-0.014285714285714457,0.00010212188279704725,-0.011904761904761862,0.00015804580657451673,0.0,0.0,0.0,1.0,1.0
42,14:21:00,1,-0.023809523809523947,494074.0,-0.02261904761904754,-0.023809523809523947,1.1558606553692018e-05,-0.02619047619047632,5.909283395494723e-05,-0.02857142857142858,9.425416446136608e-05,-0.030952380952380953,0.0001270886637663995,-0.03333333333333344,0.00021855028594264977,-0.021428571428571352,6.294858608060718e-05,-0.01904761904761909,0.00017961835090659053,-0.01666666666666672,0.0001391123779277786,-0.014285714285714457,0.00010212188279704725,-0.011904761904761862,0.00015820960721485137,0.0,0.0,0.0,1.0,1.0
42,14:21:03,1,-0.023809523809523947,545725.0,-0.02261904761904754,-0.023809523809523947,9.368850625007708e-06,-0.02619047619047632,5.969056260739649e-05,-0.02857142857142858,9.623414062260426e-05,-0.030952380952380953,0.00012748236004229158,-0.03333333333333344,0.00021849281203376042,-0.021428571428571352,6.448601314339735e-05,-0.01904761904761909,0.00017988847827837048,-0.01666666666666672,0.00013905777771433374,-0.014285714285714457,0.00010207015627904684,-0.011904761904761862,0.0001582412178647405,0.0,0.0,0.0,1.0,1.0
42,14:21:06,1,-0.023809523809523947,371243.0,-0.02261904761904754,-0.023809523809523947,1.0098769267902478e-05,-0.02619047619047632,5.9874479115842415e-05,-0.02857142857142858,9.632035148593828e-05,-0.030952380952380953,0.00012744212830606905,-0.03333333333333344,0.00021849281203376042,-0.021428571428571352,6.659530559963656e-05,-0.01904761904761909,0.0001799315837100375,-0.01666666666666672,0.00013801749996343647,-0.014285714285714457,0.00010215636714238086,-0.011904761904761862,0.00015825558634196285,0.0,0.0,0.0,1.0,1.0
42,14:21:09,1,-0.023809523809523947,1658121.0,-0.025000000000000133,-0.02619047619047632,6.0012416497176856e-05,-0.02857142857142858,9.662208950760738e-05,-0.030952380952380953,0.00012742201243795776,-0.03333333333333344,0.00021846407507931573,-0.03571428571428581,0.0005343205624670828,-0.023809523809523947,6.255431506562623e-06,-0.021428571428571352,6.77361626910902e-05,-0.01904761904761909,0.00017995457327359325,-0.01666666666666672,0.0001380922160449926,-0.014285714285714457,0.00010258742145905101,1.0,1.0,1.0,2.0,2.0
42,14:21:12,1,-0.023809523809523947,164814.0,-0.025000000000000133,-0.02619047619047632,6.0587155586070375e-05,-0.02857142857142858,9.764799878128231e-05,-0.030952380952380953,0.00012725246440673419,-0.03333333333333344,0.00021860775985153911,-0.03571428571428581,0.0005344470050666395,-0.023809523809523947,6.189336511339868e-06,-0.021428571428571352,6.778501551364616e-05,-0.01904761904761909,0.00018004365783237173,-0.01666666666666672,0.0001379255417092135,-0.014285714285714457,0.00010258742145905101,1.0,1.0,1.0,2.0,2.0
42,14:21:15,1,-0.02619047619047632,389422.0,-0.025000000000000133,-0.02619047619047632,6.077681948540524e-05,-0.02857142857142858,9.773995703550528e-05,-0.030952380952380953,0.00012730993831562353,-0.03333333333333344,0.00021857902289709445,-0.03571428571428581,0.000534401025939528,-0.023809523809523947,5.0111213791081525e-06,-0.021428571428571352,6.775053116831253e-05,-0.01904761904761909,0.0001801873426045951,-0.01666666666666672,0.0001387876503425538,-0.014285714285714457,0.00010257305298182866,1.0,1.0,1.0,2.0,2.0
42,14:21:18,1,-0.023809523809523947,209498.0,-0.025000000000000133,-0.02619047619047632,6.118775793396411e-05,-0.02857142857142858,9.724568141905685e-05,-0.030952380952380953,0.00012728120136117885,-0.03333333333333344,0.00021862212832876146,-0.03571428571428581,0.0005344211418076392,-0.023809523809523947,4.6634042303275735e-06,-0.021428571428571352,6.799479528109228e-05,-0.01904761904761909,0.00018043448041281932,-0.01666666666666672,0.0001387876503425538,-0.014285714285714457,0.00010257305298182866,1.0,1.0,1.0,2.0,2.0
42,14:21:21,1,-0.02619047619047632,210693.0,-0.025000000000000133,-0.02619047619047632,4.284495991192743e-05,-0.02857142857142858,9.71077440377224e-05,-0.030952380952380953,0.0001273013172292901,-0.03333333333333344,0.00021862212832876146,-0.03571428571428581,0.0005354470510813142,-0.023809523809523947,9.019926524140452e-06,-0.021428571428571352,6.831952286631712e-05,-0.01904761904761909,0.0001808454188613782,-0.01666666666666672,0.0001387589133881091,-0.014285714285714457,0.00010249258950938358,1.0,1.0,1.0,2.0,2.0
42,14:21:24,1,-0.02619047619047632,919035.0,-0.025000000000000133,-0.02619047619047632,4.2393789727146015e-05,-0.02857142857142858,9.715084946938942e-05,-0.030952380952380953,0.0001271260218071776,-0.03333333333333344,0.00021869397071487315,-0.03571428571428581,0.0005354556721676475,-0.023809523809523947,6.8991392861233646e-06,-0.021428571428571352,6.984545514732942e-05,-0.01904761904761909,0.0001813224523051598,-0.01666666666666672,0.0001392474416136686,-0.014285714285714457,0.00010249258950938358,1.0,1.0,1.0,2.0,2.0
42,14:21:27,1,-0.023809523809523947,459078.0,-0.025000000000000133,-0.02619047619047632,3.2019749172617985e-05,-0.02857142857142858,9.890667738595912e-05,-0.030952380952380953,0.00013042215048198193,-0.03333333333333344,0.00021855603333353871,-0.03571428571428581,0.0005354441773858697,-0.023809523809523947,8.427945262580126e-06,-0.021428571428571352,6.984545514732942e-05,-0.01904761904761909,0.00018189719139405334,-0.01666666666666672,0.00013896007206922183,-0.014285714285714457,0.00010249258950938358,1.0,1.0,1.0,2.0,2.0
42,14:21:30,1,-0.02619047619047632,150544.0,-0.025000000000000133,-0.02619047619047632,3.142776791105766e-05,-0.02857142857142858,9.92285312757395e-05,-0.030952380952380953,0.0001303359396186479,-0.03333333333333344,0.00021885489765976332,-0.03571428571428581,0.0005354729143403143,-0.023809523809523947,1.0382058164818094e-05,-0.021428571428571352,6.977936015210666e-05,-0.01904761904761909,0.00018217019246127776,-0.01666666666666672,0.0001390980094505563,-0.014285714285714457,0.00010252132646382825,1.0,1.0,1.0,2.0,2.0
42,14:21:33,1,-0.023809523809523947,127302.0,-0.025000000000000133,-0.02619047619047632,3.0479448414383354e-05,-0.02857142857142858,9.9360721266185e-05,-0.030952380952380953,0.0001302037496282024,-0.03333333333333344,0.0002186106335469836,-0.03571428571428581,0.0005353579665225357,-0.023809523809523947,1.1097608330490525e-05,-0.021428571428571352,7.102367027956113e-05,-0.01904761904761909,0.00018232249831983454,-0.01666666666666672,0.0001390980094505563,-0.014285714285714457,0.000102808696008275,1.0,1.0,1.0,2.0,2.0
42,14:21:36,1,-0.023809523809523947,103587.0,-0.025000000000000133,-0.02619047619047632,3.110016663038835e-05,-0.02857142857142858,9.959923798807581e-05,-0.030952380952380953,0.00013013478093753516,-0.03333333333333344,0.00021871983397387336,-0.03571428571428581,0.0005346510374431966,-0.023809523809523947,1.1143587457602007e-05,-0.021428571428571352,7.108976527478389e-05,-0.01904761904761909,0.0001820868552933882,-0.01666666666666672,0.00013918134661844585,-0.014285714285714457,0.00010300985468938773,1.0,1.0,2.0,2.0,2.0
42,14:21:39,1,-0.02619047619047632,329325.0,-0.025000000000000133,-0.02619047619047632,2.8177618363364807e-05,-0.02857142857142858,9.984062840541109e-05,-0.030952380952380953,0.00013019225484642454,-0.03333333333333344,0.00021890662417776375,-0.03571428571428581,0.0005346797743976413,-0.023809523809523947,1.300574210561701e-05,-0.021428571428571352,7.21357904165701e-05,-0.01904761904761909,0.00018255814134628088,-0.01666666666666672,0.00013996586547478549,-0.014285714285714457,0.00010300985468938773,1.0,1.0,2.0,2.0,2.0
42,14:21:42,1,-0.023809523809523947,3020063.0,-0.025000000000000133,-0.02619047619047632,2.272969527669758e-05,-0.02857142857142858,9.949578495207497e-05,-0.030952380952380953,0.00012978993748419908,-0.03333333333333344,0.00021902444569098692,-0.03571428571428581,0.0005349930072010882,-0.023809523809523947,1.2069520866763912e-07,-0.021428571428571352,7.198923194890224e-05,-0.01904761904761909,0.0001823799722287239,-0.01666666666666672,0.00013987390722056253,-0.014285714285714457,0.00010327423467027876,1.0,1.0,2.0,2.0,2.0
42,14:21:45,1,-0.023809523809523947,56047.0,-0.025000000000000133,-0.02619047619047632,2.445103884793367e-05,-0.02857142857142858,9.961648016074262e-05,-0.030952380952380953,0.0001298043059614214,-0.03333333333333344,0.00021902444569098692,-0.03571428571428581,0.0005352660082683126,-0.023809523809523947,7.385397292281727e-07,-0.021428571428571352,7.188577891290142e-05,-0.01904761904761909,0.00018336564976617628,-0.01666666666666672,0.0001396727485394498,-0.014285714285714457,0.00010304433903472134,1.0,1.0,2.0,2.0,2.0
42,14:21:48,1,-0.023809523809523947,864387.0,-0.025000000000000133,-0.02619047619047632,1.8982396417111833e-05,-0.02857142857142858,0.00010033777771730398,-0.030952380952380953,0.00012982729552497713,-0.03333333333333344,0.0002191767515495437,-0.03571428571428581,0.0005352947452227574,-0.023809523809523947,1.922502252348823e-06,-0.021428571428571352,7.424508287280931e-05,-0.01904761904761909,0.00018423637948584997,-0.01666666666666672,0.00013936526312689177,-0.014285714285714457,0.00010304433903472134,1.0,1.0,2.0,2.0,2.0
42,14:21:51,1,-0.023809523809523947,131846.0,-0.025000000000000133,-0.02619047619047632,1.8907680335555674e-05,-0.02857142857142858,9.989810231430045e-05,-0.030952380952380953,0.00012974108466164312,-0.03333333333333344,0.000219239972849322,-0.03571428571428581,0.0005367833194629915,-0.023809523809523947,1.8719252125261933e-05,-0.021428571428571352,7.419335635480889e-05,-0.01904761904761909,0.00018434557991273972,-0.01666666666666672,0.0001394514739902258,-0.014285714285714457,0.00010318802380694473,1.0,1.0,2.0,2.0,2.0
42,14:21:54,1,-0.02619047619047632,166109.0,-0.025000000000000133,-0.02619047619047632,3.4793468752572555e-05,-0.02857142857142858,9.975441754207707e-05,-0.030952380952380953,0.00012974683205253204,-0.03333333333333344,0.00021886926613698567,-0.03571428571428581,0.0005368178038083252,-0.023809523809523947,2.4937929067089817e-05,-0.021428571428571352,7.424508287280931e-05,-0.01904761904761909,0.00018408119993184872,-0.01666666666666672,0.00013936526312689177,-0.014285714285714457,0.00010318802380694473,1.0,1.0,2.0,2.0,2.0
42,14:21:57,1,-0.02619047619047632,181511.0,-0.025000000000000133,-0.02619047619047632,3.438253030401369e-05,-0.02857142857142858,0.00010004466078196829,-0.030952380952380953,0.0001297324635753097,-0.03333333333333344,0.00021844683290664894,-0.03571428571428581,0.0005368235511992142,-0.023809523809523947,2.772253995277892e-05,-0.021428571428571352,7.435140960425461e-05,-0.01904761904761909,0.00018507262486019003,-0.01666666666666672,0.00014231942204380446,-0.014285714285714457,0.00010318802380694473,1.0,1.0,2.0,2.0,2.0
42,14:22:00,1,-0.023809523809523947,271011.0,-0.025000000000000133,-0.02619047619047632,3.333075777133855e-05,-0.02857142857142858,0.00010078607420664093,-0.030952380952380953,0.00012981867443864374,-0.03333333333333344,0.00021859626506976124,-0.03571428571428581,0.0005375448487557754,-0.023809523809523947,2.8926618344010842e-05,-0.021428571428571352,7.517041280592788e-05,-0.01904761904761909,0.00018485135031096604,-0.01666666666666672,0.000142138379230803,-0.014285714285714457,0.00010261041102260675,1.0,1.0,2.0,2.0,2.0
42,14:22:03,1,-0.023809523809523947,441918.0,-0.025000000000000133,-0.02619047619047632,3.496014308835168e-05,-0.02857142857142858,0.00010167117240353695,-0.030952380952380953,0.00013067790937653956,-0.03333333333333344,0.00021875431831920697,-0.03571428571428581,0.0005375563435375533,-0.023809523809523947,2.8866270739677023e-05,-0.021428571428571352,7.53629504007072e-05,-0.01904761904761909,0.00018727674926609668,-0.01666666666666672,0.000142138379230803,-0.014285714285714457,0.00010265351645427375,1.0,1.0,2.0,2.0,2.0
42,14:22:06,1,-0.02619047619047632,120418.0,-0.025000000000000133,-0.02619047619047632,3.577339889913601e-05,-0.02857142857142858,0.0001017545095714265,-0.030952380952380953,0.0001308072256715406,-0.03333333333333344,0.00021893536113220844,-0.03571428571428581,0.0005379241765544452,-0.023809523809523947,2.9751368936573044e-05,-0.021428571428571352,7.557273016815334e-05,-0.01904761904761909,0.00018763596119665514,-0.01666666666666672,0.0001417216933913552,-0.014285714285714457,0.00010347539335139149,1.0,2.0,2.0,2.0,2.0
42,14:22:09,1,-0.02619047619047632,99437.0,-0.025000000000000133,-0.02619047619047632,3.5928578453137256e-05,-0.02857142857142858,0.00010215107954276305,-0.030952380952380953,0.0001308072256715406,-0.03333333333333344,0.00021929744675821134,-0.03571428571428581,0.0005380161348086681,-0.023809523809523947,3.1803187483922905e-05,-0.021428571428571352,7.580837319459968e-05,-0.01904761904761909,0.00018872796546555283,-0.01666666666666672,0.00014208090532191365,-0.014285714285714457,0.0001031104340299441,1.0,2.0,2.0,2.0,2.0
42,14:22:12,1,-0.023809523809523947,141186.0,-0.025000000000000133,-0.02619047619047632,3.591708367135939e-05,-0.02857142857142858,0.00010293847209454717,-0.030952380952380953,0.00013114057434309885,-0.03333333333333344,0.0002196020584753249,-0.03571428571428581,0.0005383322413075596,-0.023809523809523947,3.283484414848677e-05,-0.021428571428571352,7.580837319459968e-05,-0.01904761904761909,0.0001882078265901042,-0.01666666666666672,0.0001416498510052435,-0.014285714285714457,0.0001031104340299441,1.0,2.0,2.0,2.0,2.0
42,14:22:15,1,-0.023809523809523947,397031.0,-0.025000000000000133,-0.02619047619047632,3.710966728081344e-05,-0.02857142857142858,0.0001029873249171031,-0.030952380952380953,0.0001311980482519882,-0.03333333333333344,0.00021949285804843515,-0.03571428571428581,0.0005383207465257817,-0.023809523809523947,3.176295574770036e-05,-0.021428571428571352,7.580837319459968e-05,-0.01904761904761909,0.00018826530049899354,-0.01666666666666672,0.00014159525079179863,-0.014285714285714457,0.0001031104340299441,1.0,2.0,2.0,2.0,2.0
42,14:22:18,1,-0.023809523809523947,369520.0,-0.025000000000000133,-0.02619047619047632,3.6572286232698e-05,-0.02857142857142858,0.0001033695264112173,-0.030952380952380953,0.0001311980482519882,-0.03333333333333344,0.0002195761952163247,-0.03571428571428581,0.0005382920095713371,-0.023809523809523947,3.1820429656589716e-05,-0.021428571428571352,7.534858192348487e-05,-0.01904761904761909,0.0001882940374534382,-0.01666666666666672,0.0001415780086191318,-0.014285714285714457,0.00010253569494105058,1.0,2.0,2.0,2.0,2.0
42,14:22:21,1,-0.023809523809523947,219159.0,-0.025000000000000133,-0.02619047619047632,4.302660620097222e-05,-0.02857142857142858,0.0001033695264112173,-0.030952380952380953,0.0001317555451682149,-0.03333333333333344,0.0002195761952163247,-0.03571428571428581,0.0005383178728303373,-0.023809523809523947,4.0530600548771004e-05,-0.021428571428571352,7.562733038159823e-05,-0.01904761904761909,0.00018876819720177536,-0.01666666666666672,0.00014060095216801284,-0.014285714285714457,0.00010253569494105058,2.0,2.0,2.0,2.0,2.0
42,14:22:24,1,-0.023809523809523947,547265.0,-0.025000000000000133,-0.02619047619047632,5.0024054608250824e-05,-0.02857142857142858,0.0001031741151209935,-0.030952380952380953,0.00013185612450877126,-0.03333333333333344,0.00021954745826188003,-0.03571428571428581,0.000537904060686334,-0.023809523809523947,4.318014774857013e-05,-0.021428571428571352,7.59405631850452e-05,-0.01904761904761909,0.00018921361999566785,-0.01666666666666672,0.00014067566824956898,-0.014285714285714457,0.00010279432753105267,2.0,2.0,2.0,2.0,2.0
42,14:22:27,1,-0.023809523809523947,712960.0,-0.025000000000000133,-0.02619047619047632,5.1233880390371684e-05,-0.02857142857142858,0.00010322009424810498,-0.030952380952380953,0.00013226706295733014,-0.03333333333333344,0.00021957906891176916,-0.03571428571428581,0.0005377230178733325,-0.023809523809523947,4.198181674822714e-05,-0.021428571428571352,7.885449036573534e-05,-0.01904761904761909,0.00018963892692144905,-0.01666666666666672,0.00014106936452546105,-0.014285714285714457,0.00010280582231283054,2.0,2.0,2.0,2.0,2.0
42,14:22:30,1,-0.02619047619047632,4283389.0,-0.025000000000000133,-0.02619047619047632,5.096087932314726e-05,-0.02857142857142858,0.00010351608487888515,-0.030952380952380953,0.00013236189490699758,-0.03333333333333344,0.00021961067956165832,-0.03571428571428581,0.0005378350919956667,-0.023809523809523947,1.422479245011461e-05,-0.021428571428571352,7.92481866416274e-05,-0.01904761904761909,0.00018964754800778245,-0.01666666666666672,0.00014106936452546105,-0.014285714285714457,0.0001025788003727176,2.0,2.0,2.0,2.0,2.0
42,14:22:33,1,-0.023809523809523947,1091930.0,-0.025000000000000133,-0.02619047619047632,5.300120308871926e-05,-0.02857142857142858,0.00010385230724588787,-0.030952380952380953,0.00013199693558555017,-0.03333333333333344,0.00021968252194777,-0.03571428571428581,0.0005378667026455559,-0.023809523809523947,8.442917215845803e-06,-0.021428571428571352,7.929129207329441e-05,-0.01904761904761909,0.00018964754800778245,-0.01666666666666672,0.00014104924865734978,-0.014285714285714457,0.00010361333073272593,2.0,2.0,2.0,2.0,2.0
42,14:22:36,1,-0.023809523809523947,1538830.0,-0.02261904761904754,-0.023809523809523947,3.145547033514233e-05,-0.02619047619047632,5.700426084286262e-05,-0.02857142857142858,0.00010476039500633962,-0.030952380952380953,0.00013197107232654998,-0.03333333333333344,0.00021966815347054767,-0.021428571428571352,7.957866161774117e-05,-0.01904761904761909,0.00018977973799822796,-0.01666666666666672,0.00014110672256623913,-0.014285714285714457,0.00010364206768717061,-0.011904761904761862,0.00015818374395585116,1.0,1.0,1.0,1.0,1.0
42,14:22:39,1,-0.023809523809523947,997967.0,-0.02261904761904754,-0.023809523809523947,5.363752547098772e-05,-0.02619047619047632,5.9800366510329597e-05,-0.02857142857142858,0.00010511098585056466,-0.030952380952380953,0.00013204291471266165,-0.03333333333333344,0.00022015668169610717,-0.021428571428571352,7.680267181838547e-05,-0.01904761904761909,0.0001905039092502338,-0.01666666666666672,0.0001408337214990147,-0.014285714285714457,0.00010360183595094806,-0.011904761904761862,0.0001582699548191852,1.0,1.0,1.0,1.0,1.0
42,14:22:42,1,-0.023809523809523947,691461.0,-0.02261904761904754,-0.023809523809523947,5.104832587552241e-05,-0.02619047619047632,6.044694798533481e-05,-0.02857142857142858,0.00010548456625834545,-0.030952380952380953,0.00013208602014432868,-0.03333333333333344,0.00022016530278244056,-0.021428571428571352,7.741764264350155e-05,-0.01904761904761909,0.00019042631947323318,-0.01666666666666672,0.00014081935302179236,-0.014285714285714457,0.00010362769920994827,-0.011904761904761862,0.0001582699548191852,1.0,1.0,1.0,1.0,1.0
42,14:22:45,1,-0.023809523809523947,614620.0,-0.02261904761904754,-0.023809523809523947,6.0304498902152545e-05,-0.02619047619047632,5.36362897819466e-05,-0.02857142857142858,0.00010608516860623918,-0.030952380952380953,0.00013208602014432868,-0.03333333333333344,0.0002209871796795583,-0.021428571428571352,8.054997067797122e-05,-0.01904761904761909,0.0001902826347010098,-0.01666666666666672,0.00014081935302179236,-0.014285714285714457,0.00010343228791972447,-0.011904761904761862,0.0001582412178647405,1.0,1.0,1.0,1.0,1.0
42,14:22:48,1,-0.023809523809523947,486828.0,-0.02261904761904754,-0.023809523809523947,5.892799878425256e-05,-0.02619047619047632,5.176551404759819e-05,-0.02857142857142858,0.00010645012792768656,-0.030952380952380953,0.00013214062035777355,-0.03333333333333344,0.00022067394687611132,-0.021428571428571352,7.914760730107104e-05,-0.01904761904761909,0.00018940041019955824,-0.01666666666666672,0.00013808934234954816,-0.014285714285714457,0.00010343228791972447,-0.011904761904761862,0.0001582412178647405,1.0,1.0,1.0,1.0,1.0
42,14:22:51,1,-0.023809523809523947,963055.0,-0.02261904761904754,-0.023809523809523947,5.741356128501814e-05,-0.02619047619047632,5.2337379441047244e-05,-0.02857142857142858,0.00010596159970212708,-0.030952380952380953,0.00013214062035777355,-0.03333333333333344,0.00022122857009689357,-0.021428571428571352,7.363298574313771e-05,-0.01904761904761909,0.00019025102405112064,-0.01666666666666672,0.00013635075660564525,-0.014285714285714457,0.0001034035509652798,-0.011904761904761862,0.00015835041829163028,1.0,1.0,1.0,1.0,1.0
42,14:22:54,1,-0.023809523809523947,808166.0,-0.02261904761904754,-0.023809523809523947,5.343061939898605e-05,-0.02619047619047632,5.114192213614872e-05,-0.02857142857142858,0.00010590125209779326,-0.030952380952380953,0.00013226706295733014,-0.03333333333333344,0.0002263236321199346,-0.021428571428571352,7.225361192979327e-05,-0.01904761904761909,0.00019190914632257844,-0.01666666666666672,0.0001365404205049801,-0.014285714285714457,0.00010380012093661633,-0.011904761904761862,0.00015835616568251923,1.0,1.0,1.0,1.0,1.0
42,14:22:57,1,-0.021428571428571352,840476.0,-0.02261904761904754,-0.023809523809523947,5.7795762779132336e-05,-0.02619047619047632,5.1604587102708005e-05,-0.02857142857142858,0.00010620299011946235,-0.030952380952380953,0.00013252282185188775,-0.03333333333333344,0.00022622017908393378,-0.021428571428571352,6.801491114920356e-05,-0.01904761904761909,0.00019117060659335028,-0.01666666666666672,0.00013639673573275673,-0.014285714285714457,0.00010380012093661633,-0.011904761904761862,0.0001584538713276311,1.0,1.0,1.0,1.0,1.0
42,14:23:00,1,-0.023809523809523947,278539.0,-0.02261904761904754,-0.023809523809523947,5.874408227580664e-05,-0.02619047619047632,5.2667854417161015e-05,-0.02857142857142858,0.00010605930534723897,-0.030952380952380953,0.0001321463677486625,-0.03333333333333344,0.00022662249644615925,-0.021428571428571352,6.809537462164865e-05,-0.01904761904761909,0.00019186604089091143,-0.01666666666666672,0.00013704331720776195,-0.014285714285714457,0.00010385759484550568,-0.011904761904761862,0.0001580285644018499,1.0,1.0,1.0,1.0,1.0
42,14:23:03,1,-0.021428571428571352,115669.0,-0.02261904761904754,-0.023809523809523947,5.851418664024923e-05,-0.02619047619047632,5.337478349650005e-05,-0.02857142857142858,0.00010663691813157696,-0.030952380952380953,0.0001321463677486625,-0.03333333333333344,0.00022670870730949328,-0.021428571428571352,6.99086764471077e-05,-0.01904761904761909,0.00019156430286924235,-0.01666666666666672,0.00013703182242598408,-0.014285714285714457,0.00010385759484550568,-0.011904761904761862,0.0001577728055072923,1.0,1.0,1.0,1.0,1.0
42,14:23:06,1,-0.023809523809523947,207106.0,-0.02261904761904754,-0.023809523809523947,5.911478898814296e-05,-0.02619047619047632,5.3814458899503585e-05,-0.02857142857142858,0.00010655070726824293,-0.030952380952380953,0.00013215211513955142,-0.03333333333333344,0.0002264931801511582,-0.021428571428571352,7.352378531624794e-05,-0.01904761904761909,0.00019109589051179412,-0.01666666666666672,0.00013699733808065047,-0.014285714285714457,0.00010381448941383867,-0.011904761904761862,0.000157801542461737,1.0,1.0,1.0,1.0,1.0
42,14:23:09,1,-0.023809523809523947,396852.0,-0.02261904761904754,-0.023809523809523947,4.847062106183498e-05,-0.02619047619047632,5.399262801706058e-05,-0.02857142857142858,0.00010650472814113145,-0.030952380952380953,0.00013204291471266165,-0.03333333333333344,0.00022650754862838055,-0.021428571428571352,7.384563920602831e-05,-0.01904761904761909,0.00019198960979502355,-0.01666666666666672,0.00013699733808065047,-0.014285714285714457,0.00010381448941383867,-0.011904761904761862,0.00015760900486695765,1.0,1.0,1.0,1.0,1.0
42,14:23:12,1,-0.023809523809523947,1586642.0,-0.02261904761904754,-0.023809523809523947,3.430042882516525e-05,-0.02619047619047632,5.458173558317644e-05,-0.02857142857142858,0.00010649898075024252,-0.030952380952380953,0.00013204291471266165,-0.03333333333333344,0.0002264500747194912,-0.021428571428571352,7.245189691546153e-05,-0.01904761904761909,0.0001950012426208256,-0.01666666666666672,0.00013714102285287386,-0.014285714285714457,0.00010378575245939398,-0.011904761904761862,0.00015769808942573614,1.0,1.0,1.0,1.0,1.0
42,14:23:15,1,-0.021428571428571352,380529.0,-0.02261904761904754,-0.023809523809523947,2.190330667773203e-05,-0.02619047619047632,5.501853729073551e-05,-0.02857142857142858,0.00010651622292290932,-0.030952380952380953,0.0001318992299404383,-0.03333333333333344,0.0002265018012374916,-0.021428571428571352,7.369908073836047e-05,-0.01904761904761909,0.00019534033868327276,-0.01666666666666672,0.0001372875813205417,-0.014285714285714457,0.00010394093201339524,-0.011904761904761862,0.0001576032574760687,1.0,1.0,1.0,1.0,1.0
42,14:23:18,1,-0.021428571428571352,337163.0,-0.02261904761904754,-0.023809523809523947,1.858131474392749e-05,-0.02619047619047632,5.512486402218081e-05,-0.02857142857142858,0.00010640989619146402,-0.030952380952380953,0.0001317727873408817,-0.03333333333333344,0.0002266282438370482,-0.021428571428571352,7.158691458667678e-05,-0.01904761904761909,0.00019410752333759616,-0.01666666666666672,0.00013748011891532102,-0.014285714285714457,0.00010394093201339524,-0.011904761904761862,0.00015783315311162613,1.0,1.0,1.0,1.0,1.0
42,14:23:21,1,-0.023809523809523947,254246.0,-0.02261904761904754,-0.023809523809523947,1.9411812727378626e-05,-0.02619047619047632,6.617422300615873e-05,-0.02857142857142858,0.00010605643165179451,-0.030952380952380953,0.00013308606615900338,-0.03333333333333344,0.0002265995068826035,-0.021428571428571352,7.263293972846299e-05,-0.01904761904761909,0.0001935701422894807,-0.01666666666666672,0.00013733643414309764,-0.014285714285714457,0.00010394093201339524,-0.011904761904761862,0.0001578532689797374,1.0,1.0,1.0,1.0,1.0
42,14:23:24,1,-0.023809523809523947,184070.0,-0.02261904761904754,-0.023809523809523947,2.4799991685755372e-05,-0.02619047619047632,6.700759468505434e-05,-0.02857142857142858,0.00010620011642401788,-0.030952380952380953,0.0001330946872453368,-0.03333333333333344,0.00022654778036460308,-0.021428571428571352,7.189727369467929e-05,-0.01904761904761909,0.00019360462663481432,-0.01666666666666672,0.0001373421815339866,-0.014285714285714457,0.00010408749048106308,-0.011904761904761862,0.0001578532689797374,1.0,1.0,1.0,1.0,1.0
42,14:23:27,1,-0.023809523809523947,180672.0,-0.02261904761904754,-0.023809523809523947,2.640638743921276e-05,-0.02619047619047632,6.859674826584491e-05,-0.02857142857142858,0.00010646737010035337,-0.030952380952380953,0.00013312055050433702,-0.03333333333333344,0.00022662537014160372,-0.021428571428571352,7.137138742834172e-05,-0.01904761904761909,0.0001913890074471298,-0.01666666666666672,0.00013732781305676424,-0.014285714285714457,0.00010408749048106308,-0.011904761904761862,0.00015793947984307143,1.0,1.0,1.0,1.0,1.0
42,14:23:30,1,-0.023809523809523947,1162877.0,-0.02261904761904754,-0.023809523809523947,1.9331349254933532e-05,-0.02619047619047632,6.816856764461925e-05,-0.02857142857142858,0.0001065363387910206,-0.030952380952380953,0.00013332170918544975,-0.03333333333333344,0.00022666847557327072,-0.021428571428571352,9.169416161161657e-05,-0.01904761904761909,0.00019117922767968368,-0.01666666666666672,0.00013761805629665546,-0.014285714285714457,0.00010408749048106308,-0.011904761904761862,0.00015788487962962652,1.0,1.0,1.0,1.0,1.0
42,14:23:33,1,-0.023809523809523947,750771.0,-0.02261904761904754,-0.023809523809523947,1.8906042329152327e-05,-0.02619047619047632,6.888986520118061e-05,-0.02857142857142858,0.00010614838990601747,-0.030952380952380953,0.0001331119294180036,-0.03333333333333344,0.00022813693394539366,-0.021428571428571352,9.23292483048439e-05,-0.01904761904761909,0.00019131716506101812,-0.01666666666666672,0.0001374743715244321,-0.014285714285714457,0.00010408749048106308,-0.011904761904761862,0.00015779292137540357,1.0,1.0,1.0,1.0,1.0
42,14:23:36,1,-0.023809523809523947,1540751.0,-0.02261904761904754,-0.023809523809523947,2.34493548268556e-05,-0.02619047619047632,6.95824258032973e-05,-0.02857142857142858,0.00010674324486302226,-0.030952380952380953,0.0001335573522118961,-0.03333333333333344,0.00022791565939616967,-0.021428571428571352,8.892104550770534e-05,-0.01904761904761909,0.0001887653235063309,-0.01666666666666672,0.00013739965544287594,-0.014285714285714457,0.00010408749048106308,-0.011904761904761862,0.000157844647893404,1.0,1.0,1.0,1.0,1.0
42,14:23:39,1,-0.023809523809523947,344184.0,-0.02261904761904754,-0.023809523809523947,2.370224002596875e-05,-0.02619047619047632,7.003072229263424e-05,-0.02857142857142858,0.0001073783315562496,-0.030952380952380953,0.00013354298373467375,-0.03333333333333344,0.00022791565939616967,-0.021428571428571352,8.855033879536901e-05,-0.01904761904761909,0.00018869635481566366,-0.01666666666666672,0.00013710366481209577,-0.014285714285714457,0.00010411622743550777,-0.011904761904761862,0.0001579423535385159,1.0,1.0,1.0,1.0,1.0
42,14:23:42,1,-0.023809523809523947,191983.0,-0.02261904761904754,-0.023809523809523947,2.4880455158200462e-05,-0.02619047619047632,7.053361899541608e-05,-0.02857142857142858,0.00010726051004302644,-0.030952380952380953,0.00013354298373467375,-0.03333333333333344,0.00022791853309161414,-0.021428571428571352,8.845263315025712e-05,-0.01904761904761909,0.00018746641316543154,-0.01666666666666672,0.00013566681708986197,-0.014285714285714457,0.00010408749048106308,-0.011904761904761862,0.00015930735887463799,1.0,1.0,1.0,1.0,1.0
42,14:23:45,1,-0.021428571428571352,231719.0,-0.02261904761904754,-0.023809523809523947,5.978436002670391e-05,-0.02619047619047632,8.790223426177824e-05,-0.02857142857142858,0.00010710533048902518,-0.030952380952380953,0.00013354298373467375,-0.03333333333333344,0.00022794152265516988,-0.021428571428571352,8.868252878581452e-05,-0.01904761904761909,0.0001862393452106439,-0.01666666666666672,0.00013595418663430874,-0.014285714285714457,0.00010416508025806371,-0.011904761904761862,0.00015932172735186033,1.0,1.0,1.0,1.0,1.0
42,14:23:48,1,-0.023809523809523947,319942.0,-0.02261904761904754,-0.023809523809523947,6.080164821404544e-05,-0.02619047619047632,8.82873094513369e-05,-0.02857142857142858,0.00010721165722047048,-0.030952380952380953,0.00013393380631512134,-0.03333333333333344,0.00022794152265516988,-0.021428571428571352,8.984924913626836e-05,-0.01904761904761909,0.00018639165106920067,-0.01666666666666672,0.00013563808013541728,-0.014285714285714457,0.00010417082764895264,-0.011904761904761862,0.00015932172735186033,1.0,1.0,1.0,1.0,1.0
42,14:23:51,1,-0.021428571428571352,165839.0,-0.02261904761904754,-0.023809523809523947,9.727746449067266e-05,-0.02619047619047632,8.832179379667051e-05,-0.02857142857142858,0.00010684382420357863,-0.030952380952380953,0.00013393380631512134,-0.03333333333333344,0.00022794152265516988,-0.021428571428571352,8.96423430642667e-05,-0.01904761904761909,0.00018618761869264346,-0.01666666666666672,0.00013562371165819497,-0.014285714285714457,0.00010450130262506643,-0.011904761904761862,0.00015936483278352736,1.0,1.0,1.0,1.0,1.0
42,14:23:54,1,-0.021428571428571352,145754.0,-0.02261904761904754,-0.023809523809523947,9.846142701379331e-05,-0.02619047619047632,8.902872287600954e-05,-0.02857142857142858,0.00010698750897580201,-0.030952380952380953,0.00013407461739190025,-0.03333333333333344,0.0002277978378829465,-0.021428571428571352,8.929462591548612e-05,-0.01904761904761909,0.0001859893337069752,-0.01666666666666672,0.0001358047544711964,-0.014285714285714457,0.00010450130262506643,-0.011904761904761862,0.00015925563235663759,1.0,1.0,1.0,1.0,1.0
42,14:23:57,1,-0.023809523809523947,70951.0,-0.02261904761904754,-0.023809523809523947,0.00010030921318458598,-0.02619047619047632,9.012934823124063e-05,-0.02857142857142858,0.0001066512866087993,-0.030952380952380953,0.0001341148491281228,-0.03333333333333344,0.0002279127857007252,-0.021428571428571352,9.134069707194706e-05,-0.01904761904761909,0.0001857565643759733,-0.01666666666666672,0.0001356984277397511,-0.014285714285714457,0.00010489499890095848,-0.011904761904761862,0.0001594654121240837,1.0,1.0,1.0,1.0,1.0
42,14:24:00,1,-0.023809523809523947,289435.0,-0.02261904761904754,-0.023809523809523947,0.00010042125856996577,-0.02619047619047632,9.124721575913852e-05,-0.02857142857142858,0.00010672887638579992,-0.030952380952380953,0.00013399990131034408,-0.03333333333333344,0.0002275564474656112,-0.021428571428571352,9.312526194296144e-05,-0.01904761904761909,0.00018584277523930735,-0.01666666666666672,0.0001351236886508576,-0.014285714285714457,0.0001048662619465138,-0.011904761904761862,0.000160548795306648,1.0,1.0,1.0,1.0,1.0
42,14:24:03,1,-0.023809523809523947,127110.0,-0.02261904761904754,-0.023809523809523947,9.998859498384673e-05,-0.02619047619047632,9.055465515702183e-05,-0.02857142857142858,0.00010782088065469761,-0.030952380952380953,0.00013396829066045495,-0.03333333333333344,0.00022768576376061228,-0.021428571428571352,9.368563255463261e-05,-0.01904761904761909,0.00018646636715075683,-0.01666666666666672,0.0001351236886508576,-0.014285714285714457,0.0001048662619465138,-0.011904761904761862,0.000160548795306648,1.0,1.0,1.0,1.0,1.0
42,14:24:06,1,-0.023809523809523947,398220.0,-0.02261904761904754,-0.023809523809523947,0.00010035355430529411,-0.02619047619047632,9.245129415037044e-05,-0.02857142857142858,0.00010792720738614291,-0.030952380952380953,0.00013445969258145892,-0.03333333333333344,0.0002277346165831682,-0.021428571428571352,9.362815864574326e-05,-0.01904761904761909,0.0001866100519229802,-0.01666666666666672,0.00013542830036797116,-0.014285714285714457,0.00010472257717429042,-0.011904761904761862,0.0001609654811460958,1.0,1.0,1.0,1.0,1.0
42,14:24:09,1,-0.023809523809523947,443484.0,-0.02261904761904754,-0.023809523809523947,0.00010032769104629391,-0.02619047619047632,9.271567413126147e-05,-0.02857142857142858,0.00010793582847247632,-0.030952380952380953,0.0001344338293224587,-0.03333333333333344,0.00022754782637927781,-0.021428571428571352,9.328618888785161e-05,-0.01904761904761909,0.0001877451616235449,-0.01666666666666672,0.0001356467012217507,-0.014285714285714457,0.00010472257717429042,-0.011904761904761862,0.00016102295505498516,1.0,1.0,1.0,1.0,1.0
42,14:24:12,1,-0.021428571428571352,216258.0,-0.02261904761904754,-0.023809523809523947,0.00010152314835119242,-0.02619047619047632,8.749129581321937e-05,-0.02857142857142858,0.00010790996521347611,-0.030952380952380953,0.0001344338293224587,-0.03333333333333344,0.0002275420789883889,-0.021428571428571352,9.289824000284849e-05,-0.01904761904761909,0.00018763596119665514,-0.01666666666666672,0.0001374283923973206,-0.014285714285714457,0.00010472257717429042,-0.011904761904761862,0.0001622069175781058,1.0,1.0,1.0,1.0,1.0
42,14:24:15,1,-0.021428571428571352,179265.0,-0.02261904761904754,-0.023809523809523947,0.0001018622444136396,-0.02619047619047632,8.774992840322145e-05,-0.02857142857142858,0.00010704785658013582,-0.030952380952380953,0.0001345918825719044,-0.03333333333333344,0.00022760242659272272,-0.021428571428571352,9.362528495029879e-05,-0.01904761904761909,0.00018775665640532278,-0.01666666666666672,0.0001374283923973206,-0.014285714285714457,0.00010478579847406872,-0.011904761904761862,0.00016127296655865384,1.0,1.0,1.0,1.0,1.0
42,14:24:18,1,-0.023809523809523947,341603.0,-0.02261904761904754,-0.023809523809523947,0.00010194845527697363,-0.02619047619047632,8.860916334111726e-05,-0.02857142857142858,0.00010733522612458259,-0.030952380952380953,0.00013210326231699547,-0.03333333333333344,0.00022796163852328115,-0.021428571428571352,9.394713884007916e-05,-0.01904761904761909,0.00018889751349677642,-0.01666666666666672,0.0001374283923973206,-0.014285714285714457,0.00010472832456517936,-0.011904761904761862,0.0001613649248128768,1.0,1.0,1.0,1.0,1.0
42,14:24:21,1,-0.023809523809523947,314375.0,-0.02261904761904754,-0.023809523809523947,0.00010352324038054188,-0.02619047619047632,8.813787728822458e-05,-0.02857142857142858,0.00010740132111980534,-0.030952380952380953,0.00013210613601243994,-0.03333333333333344,0.00022794152265516988,-0.021428571428571352,9.907381151300936e-05,-0.01904761904761909,0.00018875382872455304,-0.01666666666666672,0.00013738816066109807,-0.014285714285714457,0.00010479154586495765,-0.011904761904761862,0.00016241382365010746,1.0,1.0,1.0,1.0,1.0
42,14:24:24,1,-0.023809523809523947,32415.0,-0.02261904761904754,-0.023809523809523947,0.00010477904528977422,-0.02619047619047632,8.824133032422541e-05,-0.02857142857142858,0.00010752776371936191,-0.030952380952380953,0.0001324308635976648,-0.03333333333333344,0.00022782082744650224,-0.021428571428571352,9.99129305827939e-05,-0.01904761904761909,0.00018887739762866513,-0.01666666666666672,0.0001375893193422108,-0.014285714285714457,0.00010455015544762236,-0.011904761904761862,0.00016313224751122438,1.0,1.0,1.0,1.0,1.0
42,14:24:27,1,-0.023809523809523947,801468.0,-0.02261904761904754,-0.023809523809523947,0.00010486525615310824,-0.02619047619047632,8.136745082105892e-05,-0.02857142857142858,0.00010750190046036171,-0.030952380952380953,0.00013198256710832785,-0.03333333333333344,0.00022777484831939076,-0.021428571428571352,9.72518886012169e-05,-0.01904761904761909,0.00018881992371977578,-0.01666666666666672,0.00013739103435654254,-0.014285714285714457,0.00010449268153873302,-0.011904761904761862,0.00016313512120666885,1.0,1.0,1.0,1.0,1.0
42,14:24:30,1,-0.023809523809523947,682137.0,-0.02261904761904754,-0.023809523809523947,0.00010532217372877859,-0.02619047619047632,8.162895710650547e-05,-0.02857142857142858,0.00010734672090636046,-0.030952380952380953,0.00013181301907710426,-0.03333333333333344,0.00022777484831939076,-0.021428571428571352,9.449888836541694e-05,-0.01904761904761909,0.00018887739762866513,-0.01666666666666672,0.0001375260980424325,-0.014285714285714457,0.00010449268153873302,-0.011904761904761862,0.00016340812227389327,1.0,1.0,1.0,1.0,1.0
42,14:24:33,1,-0.021428571428571352,1157504.0,-0.02261904761904754,-0.023809523809523947,0.00010351749298965294,-0.02619047619047632,8.192207404184116e-05,-0.02857142857142858,0.00010744442655147236,-0.030952380952380953,0.00013215786253044037,-0.03333333333333344,0.00022795014374150328,-0.021428571428571352,9.228901656862136e-05,-0.01904761904761909,0.00018902682979177746,-0.01666666666666672,0.0001380232473543254,-0.014285714285714457,0.00010449268153873302,-0.011904761904761862,0.00016350870161444962,1.0,1.0,1.0,1.0,1.0
42,14:24:36,1,-0.023809523809523947,236839.0,-0.02261904761904754,-0.023809523809523947,0.0001035922090712091,-0.02619047619047632,8.208012729128689e-05,-0.02857142857142858,0.00010785249130458676,-0.030952380952380953,0.00013218659948488503,-0.03333333333333344,0.00022795589113239222,-0.021428571428571352,9.205337354217501e-05,-0.01904761904761909,0.0001888716502377762,-0.01666666666666672,0.0001384830386254402,-0.014285714285714457,0.000104406470675399,-0.011904761904761862,0.00016344548031467133,1.0,1.0,1.0,1.0,1.0
42,14:24:39,1,-0.023809523809523947,487182.0,-0.02261904761904754,-0.023809523809523947,0.00010218409830341998,-0.02619047619047632,8.070650086883136e-05,-0.02857142857142858,0.00010770018544602997,-0.030952380952380953,0.00013189348254954934,-0.03333333333333344,0.00022807083895017092,-0.021428571428571352,9.036938801171701e-05,-0.01904761904761909,0.0001884549643983284,-0.01666666666666672,0.0001406584260769022,-0.014285714285714457,0.000104406470675399,-0.011904761904761862,0.00016347421726911602,1.0,1.0,1.0,1.0,1.0
42,14:24:42,1,-0.023809523809523947,137590.0,-0.02261904761904754,-0.023809523809523947,0.00010581357564978255,-0.02619047619047632,8.074960630049838e-05,-0.02857142857142858,0.00010765420631891849,-0.030952380952380953,0.00013189348254954934,-0.03333333333333344,0.00022852775652584126,-0.021428571428571352,9.028030345293851e-05,-0.01904761904761909,0.00018895498740566577,-0.01666666666666672,0.00014187112555446752,-0.014285714285714457,0.000104406470675399,-0.011904761904761862,0.00016407481961700973,1.0,1.0,1.0,1.0,1.0
42,14:24:45,1,-0.023809523809523947,171536.0,-0.02261904761904754,-0.023809523809523947,0.0001065636101607886,-0.02619047619047632,8.216921185006538e-05,-0.02857142857142858,0.00010782950174103102,-0.030952380952380953,0.00013190785102677169,-0.03333333333333344,0.00022949906558607133,-0.021428571428571352,9.033490366638339e-05,-0.01904761904761909,0.00018940615759044718,-0.01666666666666672,0.00014187687294535644,-0.014285714285714457,0.00010434899676650963,-0.011904761904761862,0.00016421850438923312,1.0,1.0,1.0,1.0,1.0
42,14:24:48,1,-0.021428571428571352,768472.0,-0.02261904761904754,-0.023809523809523947,0.00010612496928814506,-0.02619047619047632,8.245658139451213e-05,-0.02857142857142858,0.00010784961760914229,-0.030952380952380953,0.00013239063186144224,-0.03333333333333344,0.00022977781404418467,-0.021428571428571352,8.584906507756947e-05,-0.01904761904761909,0.00018931707303166867,-0.01666666666666672,0.00014191997837702348,-0.014285714285714457,0.00010420531199428626,-0.011904761904761862,0.00016444552632934606,1.0,1.0,1.0,1.0,1.0
42,14:24:51,1,-0.023809523809523947,790694.0,-0.02261904761904754,-0.023809523809523947,0.00010296677799467517,-0.02619047619047632,8.063178478727521e-05,-0.02857142857142858,0.00010831228257570157,-0.030952380952380953,0.0001323331579525529,-0.03333333333333344,0.0002299617305526306,-0.021428571428571352,8.354436133110646e-05,-0.01904761904761909,0.00018950386323555906,-0.01666666666666672,0.00014223321118047043,-0.014285714285714457,0.00010420531199428626,-0.011904761904761862,0.00016431621003434502,1.0,1.0,1.0,1.0,1.0
42,14:24:54,1,-0.021428571428571352,145696.0,-0.02261904761904754,-0.023809523809523947,0.00010475134286568955,-0.02619047619047632,8.060017413738606e-05,-0.02857142857142858,0.00010815422932625586,-0.030952380952380953,0.0001323331579525529,-0.03333333333333344,0.0002295967712311832,-0.021428571428571352,8.478579776311645e-05,-0.01904761904761909,0.00018958720040344862,-0.01666666666666672,0.00014180215686380028,-0.014285714285714457,0.00010420531199428626,-0.011904761904761862,0.00016424436764823333,1.0,1.0,1.0,1.0,1.0
42,14:24:57,1,-0.021428571428571352,351138.0,-0.02261904761904754,-0.023809523809523947,0.00010444098375768704,-0.02619047619047632,8.122089235339108e-05,-0.02857142857142858,0.00010812549237181118,-0.030952380952380953,0.0001323331579525529,-0.03333333333333344,0.00022922893821429135,-0.021428571428571352,8.469671320433797e-05,-0.01904761904761909,0.00018971651669844966,-0.01666666666666672,0.00014201193663124643,-0.014285714285714457,0.00010420531199428626,-0.011904761904761862,0.00016433057851156737,1.0,1.0,1.0,1.0,1.0
42,14:25:00,1,-0.023809523809523947,913789.0,-0.02261904761904754,-0.023809523809523947,0.00010344093774301232,-0.02619047619047632,8.212323272295389e-05,-0.02857142857142858,0.00010881805297392787,-0.030952380952380953,0.00013239637925233118,-0.03333333333333344,0.00022915996952362414,-0.021428571428571352,8.186324949609292e-05,-0.01904761904761909,0.00018896360849199917,-0.01666666666666672,0.00014201193663124643,-0.014285714285714457,0.00010443520762984367,-0.011904761904761862,0.00016428747307990033,1.0,1.0,1.0,1.0,1.0
42,14:25:03,1,-0.021428571428571352,135464.0,-0.02261904761904754,-0.023809523809523947,0.00010375991793734822,-0.02619047619047632,8.218932771817665e-05,-0.02857142857142858,0.00010875770536959405,-0.030952380952380953,0.00013342516222145058,-0.03333333333333344,0.00023780404542058268,-0.021428571428571352,9.689555036610292e-05,-0.01904761904761909,0.0001900153810246743,-0.01666666666666672,0.0001407561317220141,-0.014285714285714457,0.00010443520762984367,-0.011904761904761862,0.00016431046264345607,1.0,1.0,1.0,1.0,1.0
42,14:25:06,1,-0.021428571428571352,268877.0,-0.02261904761904754,-0.023809523809523947,0.00010388348684146033,-0.02619047619047632,8.27439509389589e-05,-0.02857142857142858,0.00010877207384681639,-0.030952380952380953,0.00013340792004878376,-0.03333333333333344,0.0002378557719385831,-0.021428571428571352,0.00010572641646695185,-0.01904761904761909,0.00019017343427412003,-0.01666666666666672,0.0001408624584534594,-0.014285714285714457,0.00010443520762984367,-0.011904761904761862,0.00016444840002479054,1.0,1.0,1.0,1.0,1.0
42,14:25:09,1,-0.021428571428571352,386552.0,-0.02261904761904754,-0.023809523809523947,0.00010407889813168412,-0.02619047619047632,8.292786744740483e-05,-0.02857142857142858,0.00010871459993792703,-0.030952380952380953,0.00013356884699367396,-0.03333333333333344,0.0002378557719385831,-0.021428571428571352,0.00010579251146217461,-0.01904761904761909,0.00019094071095779287,-0.01666666666666672,0.00014177341990935562,-0.014285714285714457,0.00010439497589362113,-0.011904761904761862,0.00016453461088812457,1.0,1.0,1.0,1.0,1.0
42,14:25:12,1,-0.021428571428571352,171223.0,-0.02261904761904754,-0.023809523809523947,0.00010299264125367538,-0.02619047619047632,7.437287610922479e-05,-0.02857142857142858,0.00010982097268404707,-0.030952380952380953,0.00013346826765311758,-0.03333333333333344,0.0002379419828019171,-0.021428571428571352,0.0001054476680088385,-0.01904761904761909,0.00019054988837734527,-0.01666666666666672,0.00014183089381824497,-0.014285714285714457,0.000107731336304648,-0.011904761904761862,0.0001642472413436778,1.0,1.0,1.0,1.0,1.0
42,14:25:15,1,-0.021428571428571352,119485.0,-0.02261904761904754,-0.023809523809523947,0.0001032570212345664,-0.02619047619047632,7.461714022200453e-05,-0.02857142857142858,0.00011004799462416,-0.030952380952380953,0.00013346826765311758,-0.03333333333333344,0.00023793336171558371,-0.021428571428571352,0.00012330768519620462,-0.01904761904761909,0.00019027688731012085,-0.01666666666666672,0.00014225620074402617,-0.014285714285714457,0.00010763075696409164,-0.011904761904761862,0.00016408056700789868,1.0,1.0,1.0,1.0,1.0
42,14:25:18,1,-0.023809523809523947,650644.0,-0.02261904761904754,-0.023809523809523947,0.00010081438010676894,-0.02619047619047632,7.4620013917449e-05,-0.02857142857142858,0.0001100566157104934,-0.030952380952380953,0.00013361195242534097,-0.03333333333333344,0.00023793336171558371,-0.021428571428571352,0.0001221984387546401,-0.01904761904761909,0.00019130854397468472,-0.01666666666666672,0.000142095273799136,-0.014285714285714457,0.00010770259935020333,-0.011904761904761862,0.00016433057851156737,1.0,1.0,1.0,1.0,1.0
42,14:25:21,1,-0.023809523809523947,4390712.0,-0.02261904761904754,-0.023809523809523947,9.993790299620632e-05,-0.02619047619047632,7.465162456733814e-05,-0.02857142857142858,0.00010977786725238005,-0.030952380952380953,0.00013361195242534097,-0.03333333333333344,0.00023793336171558371,-0.021428571428571352,9.616275802776368e-05,-0.01904761904761909,0.0001913746389699075,-0.01666666666666672,0.00014159525079179863,-0.014285714285714457,0.000107731336304648,-0.011904761904761862,0.00016433057851156737,1.0,1.0,1.0,1.0,1.0
42,14:25:24,1,-0.023809523809523947,150225.0,-0.02261904761904754,-0.023809523809523947,9.997238734153993e-05,-0.02619047619047632,7.756267805258382e-05,-0.02857142857142858,0.00010899334839604039,-0.030952380952380953,0.0001341866915142345,-0.03333333333333344,0.00023793336171558371,-0.021428571428571352,9.703348774743736e-05,-0.01904761904761909,0.00019023665557389832,-0.01666666666666672,0.00014008656068345313,-0.014285714285714457,0.00010767386239575864,-0.011904761904761862,0.00016435931546601203,1.0,1.0,1.0,1.0,1.0
42,14:25:27,1,-0.023809523809523947,122338.0,-0.02261904761904754,-0.023809523809523947,0.00010052988425776664,-0.02619047619047632,7.78213106425859e-05,-0.02857142857142858,0.00010887840057826169,-0.030952380952380953,0.00013450279801312592,-0.03333333333333344,0.00023793910910647266,-0.021428571428571352,9.72518886012169e-05,-0.01904761904761909,0.00019048954077301145,-0.01666666666666672,0.00014077337389468088,-0.014285714285714457,0.00010767386239575864,-0.011904761904761862,0.00016466680087857006,1.0,1.0,1.0,1.0,1.0
42,14:25:30,1,-0.023809523809523947,109594.0,-0.02261904761904754,-0.023809523809523947,0.00010060172664387834,-0.02619047619047632,7.775521564736314e-05,-0.02857142857142858,0.00010888127427370615,-0.030952380952380953,0.0001346637249580161,-0.03333333333333344,0.0002381402677875854,-0.021428571428571352,9.93094545394557e-05,-0.01904761904761909,0.0001903889614324551,-0.01666666666666672,0.0001410032695302383,-0.014285714285714457,0.00010767386239575864,-0.011904761904761862,0.00016466680087857006,1.0,1.0,1.0,1.0,1.0
42,14:25:33,1,-0.023809523809523947,356731.0,-0.02261904761904754,-0.023809523809523947,9.892348850430926e-05,-0.02619047619047632,7.807994323258799e-05,-0.02857142857142858,0.00010856804147025919,-0.030952380952380953,0.00013463498800357144,-0.03333333333333344,0.00023862017492681147,-0.021428571428571352,9.979510906957072e-05,-0.01904761904761909,0.00018997514928845177,-0.01666666666666672,0.00014103200648468296,-0.014285714285714457,0.00010766811500486971,-0.011904761904761862,0.0001647012852239037,1.0,1.0,1.0,1.0,1.0
42,14:25:36,1,-0.023809523809523947,311992.0,-0.02261904761904754,-0.023809523809523947,9.865336113252931e-05,-0.02619047619047632,7.849088168114685e-05,-0.02857142857142858,0.00010878069493314979,-0.030952380952380953,0.0001349223575480182,-0.03333333333333344,0.0002390972083705931,-0.021428571428571352,9.924623323967741e-05,-0.01904761904761909,0.00018969065343944948,-0.01666666666666672,0.00014119580712501764,-0.014285714285714457,0.00010766811500486971,-0.011904761904761862,0.000164629442837792,1.0,1.0,1.0,1.0,1.0
42,14:25:39,1,-0.023809523809523947,134122.0,-0.02261904761904754,-0.023809523809523947,9.872232982319653e-05,-0.02619047619047632,7.890469382515018e-05,-0.02857142857142858,0.00010879506341037213,-0.030952380952380953,0.00013505742123390816,-0.03333333333333344,0.0002391058294569265,-0.021428571428571352,0.0001099881068110973,-0.01904761904761909,0.0001899349175522292,-0.01666666666666672,0.0001410664908300166,-0.014285714285714457,0.00010766236761398077,-0.011904761904761862,0.00016459783218790284,1.0,1.0,1.0,1.0,1.0
42,14:25:42,1,-0.023809523809523947,357618.0,-0.02261904761904754,-0.023809523809523947,0.00010050402099876643,-0.02619047619047632,7.885009361170531e-05,-0.02857142857142858,0.00010890713753270637,-0.030952380952380953,0.00013543100164168897,-0.03333333333333344,0.00023912881902048223,-0.021428571428571352,0.00011043352960498978,-0.01904761904761909,0.0001903688455643438,-0.01666666666666672,0.00014121017560223995,-0.014285714285714457,0.00010756178827342441,-0.011904761904761862,0.0001645834637106805,1.0,1.0,1.0,1.0,1.0
42,14:25:45,1,-0.023809523809523947,359693.0,-0.02261904761904754,-0.023809523809523947,9.845220245141658e-05,-0.02619047619047632,7.938747465982074e-05,-0.02857142857142858,0.00010888989536003956,-0.030952380952380953,0.00013555169685035658,-0.03333333333333344,0.000239416188564929,-0.021428571428571352,0.00010938175707231463,-0.01904761904761909,0.00019009584449711939,-0.01666666666666672,0.00014121017560223995,-0.014285714285714457,0.00010764225174586951,-0.011904761904761862,0.00016485646477790492,1.0,1.0,1.0,1.0,1.0
42,14:25:48,1,-0.023809523809523947,690463.0,-0.02261904761904754,-0.023809523809523947,9.763032555429884e-05,-0.02619047619047632,8.026395177038336e-05,-0.02857142857142858,0.00011045605937727439,-0.030952380952380953,0.00013555169685035658,-0.03333333333333344,0.000239416188564929,-0.021428571428571352,0.00010954555771264928,-0.01904761904761909,0.0001903630981734549,-0.01666666666666672,0.00014117856495235082,-0.014285714285714457,0.00010821699083476303,-0.011904761904761862,0.00016485646477790492,1.0,1.0,1.0,1.0,1.0
42,14:25:51,1,-0.021428571428571352,4411592.0,-0.02261904761904754,-0.023809523809523947,9.669062714395794e-05,-0.02619047619047632,8.071512195516477e-05,-0.02857142857142858,0.00011032386938682889,-0.030952380952380953,0.00013557468641391235,-0.03333333333333344,0.000239459293996596,-0.021428571428571352,7.877402689329025e-05,-0.01904761904761909,0.00019050103555478932,-0.01666666666666672,0.00014124178625212912,-0.014285714285714457,0.00010821699083476303,-0.011904761904761862,0.00016486221216879387,1.0,1.0,1.0,1.0,1.0
42,14:25:54,1,-0.021428571428571352,566908.0,-0.02261904761904754,-0.023809523809523947,9.589461350584041e-05,-0.02619047619047632,8.25485396487351e-05,-0.02857142857142858,0.00011046755415905228,-0.030952380952380953,0.00013557468641391235,-0.03333333333333344,0.00023943055704215134,-0.021428571428571352,7.754695893850258e-05,-0.01904761904761909,0.00018781413031421213,-0.01666666666666672,0.00014178778838657796,-0.014285714285714457,0.00010821699083476303,-0.011904761904761862,0.00016486221216879387,1.0,1.0,1.0,1.0,1.0
42,14:25:57,1,-0.021428571428571352,131611.0,-0.02261904761904754,-0.023809523809523947,9.767343098596585e-05,-0.02619047619047632,8.255428703962404e-05,-0.02857142857142858,0.0001104819226362746,-0.030952380952380953,0.0001360660883349163,-0.03333333333333344,0.00023945354660570708,-0.021428571428571352,7.884586927940194e-05,-0.01904761904761909,0.00018781125661876765,-0.01666666666666672,0.00014178778838657796,-0.014285714285714457,0.00010826009626643005,-0.011904761904761862,0.00016464093761956987,1.0,1.0,1.0,1.0,0.0
42,14:26:00,1,-0.023809523809523947,212616.0,-0.02261904761904754,-0.023809523809523947,9.91505104444222e-05,-0.02619047619047632,8.240198118106725e-05,-0.02857142857142858,0.00011070607088094308,-0.030952380952380953,0.0001360660883349163,-0.03333333333333344,0.00023946216769204048,-0.021428571428571352,8.331733939099351e-05,-0.01904761904761909,0.00018804115225432507,-0.01666666666666672,0.00014178778838657796,-0.014285714285714457,0.00010840378103865342,-0.011904761904761862,0.00016452598980179115,1.0,1.0,1.0,1.0,0.0
42,14:26:03,1,-0.021428571428571352,166328.0,-0.02261904761904754,-0.023809523809523947,9.863899265530697e-05,-0.02619047619047632,8.250830791251256e-05,-0.02857142857142858,0.00011070607088094308,-0.030952380952380953,0.00013603735138047163,-0.03333333333333344,0.0002394075674785956,-0.021428571428571352,8.461912342733734e-05,-0.01904761904761909,0.00018804402594976955,-0.01666666666666672,0.0001417762936048001,-0.014285714285714457,0.00010840378103865342,-0.011904761904761862,0.0001644685158929018,1.0,1.0,1.0,1.0,0.0
42,14:26:06,1,-0.021428571428571352,381219.0,-0.02261904761904754,-0.023809523809523947,9.760446229529864e-05,-0.02619047619047632,8.332731111418582e-05,-0.02857142857142858,0.00011116873584750236,-0.030952380952380953,0.0001361293096346946,-0.03333333333333344,0.00023936446204692857,-0.021428571428571352,8.443520691889142e-05,-0.01904761904761909,0.00018773079314632257,-0.01666666666666672,0.0001417762936048001,-0.014285714285714457,0.00010869115058310018,-0.011904761904761862,0.00016455472675623584,1.0,1.0,1.0,1.0,0.0
42,14:26:09,1,-0.023809523809523947,228215.0,-0.02261904761904754,-0.023809523809523947,9.940914303442428e-05,-0.02619047619047632,8.346812219096474e-05,-0.02857142857142858,0.00011129230475161446,-0.030952380952380953,0.00013573273966335805,-0.03333333333333344,0.00023831843690514239,-0.021428571428571352,8.513351491189704e-05,-0.01904761904761909,0.00018788597270032382,-0.01666666666666672,0.0001417762936048001,-0.014285714285714457,0.00010861643450154402,-0.011904761904761862,0.00016447426328379075,1.0,1.0,1.0,1.0,0.0
42,14:26:12,1,-0.021428571428571352,180142.0,-0.02261904761904754,-0.023809523809523947,9.92654582622009e-05,-0.02619047619047632,8.338478502307518e-05,-0.02857142857142858,0.00011127506257894766,-0.030952380952380953,0.0001357183711861357,-0.03333333333333344,0.0002382810788643643,-0.021428571428571352,8.504155665767407e-05,-0.01904761904761909,0.00018719915948909606,-0.01666666666666672,0.00014120155451590656,-0.014285714285714457,0.00010870264536487805,-0.011904761904761862,0.0001647443906555707,1.0,1.0,1.0,1.0,0.0
42,14:26:15,1,-0.021428571428571352,536223.0,-0.02261904761904754,-0.023809523809523947,9.887176198630884e-05,-0.02619047619047632,8.405435606163613e-05,-0.02857142857142858,0.0001112808099698366,-0.030952380952380953,0.00013569825531802444,-0.03333333333333344,0.0002382810788643643,-0.021428571428571352,8.664795241113146e-05,-0.01904761904761909,0.00018720778057542946,-0.01666666666666672,0.00014150616623302012,-0.014285714285714457,0.00010985212354266509,-0.011904761904761862,0.000164672548269459,1.0,1.0,1.0,1.0,0.0
42,14:26:18,1,-0.021428571428571352,143305.0,-0.02261904761904754,-0.023809523809523947,9.957527136806895e-05,-0.02619047619047632,8.433597821519394e-05,-0.02857142857142858,0.00011130092583794787,-0.030952380952380953,0.00013627299440691797,-0.03333333333333344,0.00023824084712814175,-0.021428571428571352,8.739798692213751e-05,-0.01904761904761909,0.00018733134947954158,-0.01666666666666672,0.00014150616623302012,-0.014285714285714457,0.00010986361832444296,-0.011904761904761862,0.0001652846453991306,1.0,1.0,1.0,1.0,0.0
42,14:26:21,1,-0.023809523809523947,131745.0,-0.02261904761904754,-0.023809523809523947,9.974481939929254e-05,-0.02619047619047632,8.437046256052755e-05,-0.02857142857142858,0.0001114848423463938,-0.030952380952380953,0.00013631609983858498,-0.03333333333333344,0.00023837303711858726,-0.021428571428571352,8.822561121014417e-05,-0.01904761904761909,0.00018657269388220213,-0.01666666666666672,0.00014150329253757567,-0.014285714285714457,0.00010986361832444296,-0.011904761904761862,0.00016536798256702016,1.0,1.0,1.0,1.0,0.0
42,14:26:24,1,-0.021428571428571352,170418.0,-0.02261904761904754,-0.023809523809523947,0.00010007529437540631,-0.02619047619047632,8.437046256052755e-05,-0.02857142857142858,0.0001113785156149485,-0.030952380952380953,0.00013658335351492045,-0.03333333333333344,0.00023840177407303195,-0.021428571428571352,8.92170361384855e-05,-0.01904761904761909,0.0001877537827098783,-0.01666666666666672,0.0001415004188421312,-0.014285714285714457,0.00010989235527888763,-0.011904761904761862,0.00016532200343990868,1.0,1.0,1.0,1.0,0.0
42,14:26:27,1,-0.023809523809523947,265753.0,-0.02261904761904754,-0.023809523809523947,9.781369606061032e-05,-0.02619047619047632,8.455725276441795e-05,-0.02857142857142858,0.00011151932669172741,-0.030952380952380953,0.00013661209046936514,-0.03333333333333344,0.00023840177407303195,-0.021428571428571352,9.12918442493911e-05,-0.01904761904761909,0.00018840611157577245,-0.01666666666666672,0.0001414285764560195,-0.014285714285714457,0.00010989235527888763,-0.011904761904761862,0.0001656381099388001,1.0,1.0,1.0,1.0,0.0
42,14:26:30,1,-0.023809523809523947,316237.0,-0.02261904761904754,-0.023809523809523947,9.655501745593351e-05,-0.02619047619047632,8.472967449108601e-05,-0.02857142857142858,0.00011158829538239463,-0.030952380952380953,0.00013661209046936514,-0.03333333333333344,0.00023813452039669645,-0.021428571428571352,9.473740508730776e-05,-0.01904761904761909,0.00018849519613455093,-0.01666666666666672,0.00014112396473890595,-0.014285714285714457,0.0001099210922333323,-0.011904761904761862,0.00016576742623380117,1.0,1.0,1.0,1.0,0.0
42,14:26:33,1,-0.021428571428571352,87478.0,-0.02261904761904754,-0.023809523809523947,9.742287348016273e-05,-0.02619047619047632,8.482450644075344e-05,-0.02857142857142858,0.00011201934969906478,-0.030952380952380953,0.0001365977219921428,-0.03333333333333344,0.00023813164670125197,-0.021428571428571352,9.503052202264344e-05,-0.01904761904761909,0.0001885612911297737,-0.01666666666666672,0.00014147455558313098,-0.014285714285714457,0.0001099210922333323,-0.011904761904761862,0.0001657904157973569,1.0,1.0,1.0,1.0,0.0
42,14:26:36,1,-0.023809523809523947,231703.0,-0.02261904761904754,-0.023809523809523947,9.684238700038027e-05,-0.02619047619047632,8.486761187242045e-05,-0.02857142857142858,0.00011198199165828669,-0.030952380952380953,0.00013664657481469875,-0.03333333333333344,0.00023787876150213884,-0.021428571428571352,9.485235290508645e-05,-0.01904761904761909,0.00018870497590199709,-0.01666666666666672,0.00014147455558313098,-0.014285714285714457,0.00011084642216645087,-0.011904761904761862,0.00016614962772791534,1.0,1.0,1.0,1.0,0.0
42,14:26:39,1,-0.021428571428571352,102302.0,-0.02261904761904754,-0.023809523809523947,9.971608244484787e-05,-0.02619047619047632,8.490209621775407e-05,-0.02857142857142858,0.00011215441338495475,-0.030952380952380953,0.00013668105916003236,-0.03333333333333344,0.00023807992018325157,-0.021428571428571352,9.489833203219793e-05,-0.01904761904761909,0.00018865037568855219,-0.01666666666666672,0.00014147455558313098,-0.014285714285714457,0.00011084642216645087,-0.011904761904761862,0.0001690376916496053,1.0,1.0,1.0,1.0,0.0
42,14:26:42,1,-0.023809523809523947,336059.0,-0.02261904761904754,-0.023809523809523947,0.00010237712442642486,-0.02619047619047632,8.512624446242254e-05,-0.02857142857142858,0.00011204521295806498,-0.030952380952380953,0.00013668105916003236,-0.03333333333333344,0.00023807992018325157,-0.021428571428571352,9.474889986908563e-05,-0.01904761904761909,0.00018854404895710689,-0.01666666666666672,0.00014503793793427082,-0.014285714285714457,0.00011078894825756153,-0.011904761904761862,0.00016893136491816,1.0,1.0,1.0,1.0,0.0
42,14:26:45,1,-0.021428571428571352,124283.0,-0.02261904761904754,-0.023809523809523947,0.00010234838747198019,-0.02619047619047632,8.512624446242254e-05,-0.02857142857142858,0.00011182968579972991,-0.030952380952380953,0.0001366954276372547,-0.03333333333333344,0.00023824084712814175,-0.021428571428571352,9.526903874453426e-05,-0.01904761904761909,0.00018833139549421628,-0.01666666666666672,0.00014656961760617203,-0.014285714285714457,0.00011078894825756153,-0.011904761904761862,0.00016911815512205038,1.0,1.0,1.0,1.0,0.0
42,14:26:48,1,-0.021428571428571352,187544.0,-0.02261904761904754,-0.023809523809523947,0.00010183686968286495,-0.02619047619047632,8.529579249364612e-05,-0.02857142857142858,0.00011189865449039713,-0.030952380952380953,0.0001366954276372547,-0.03333333333333344,0.00023828395255980878,-0.021428571428571352,9.799042833044508e-05,-0.01904761904761909,0.00018838599570766119,-0.01666666666666672,0.00014656961760617203,-0.014285714285714457,0.00011068262152611623,-0.011904761904761862,0.00016935379814849672,1.0,1.0,1.0,1.0,0.0
42,14:26:51,1,-0.023809523809523947,133357.0,-0.02261904761904754,-0.023809523809523947,0.00010231102943120211,-0.02619047619047632,8.546246682942524e-05,-0.02857142857142858,0.00011252512009729106,-0.030952380952380953,0.0001367672700233664,-0.03333333333333344,0.00023828395255980878,-0.021428571428571352,9.897610586789747e-05,-0.01904761904761909,0.0001884635854846618,-0.01666666666666672,0.00014651501739272715,-0.014285714285714457,0.00011068262152611623,-0.011904761904761862,0.00016941989314371946,1.0,1.0,1.0,1.0,0.0
42,14:26:54,1,-0.023809523809523947,160328.0,-0.02261904761904754,-0.023809523809523947,0.00010122477255319335,-0.02619047619047632,8.48992225223096e-05,-0.02857142857142858,0.00011254523596540234,-0.030952380952380953,0.00013706613434959103,-0.03333333333333344,0.00023828682625525322,-0.021428571428571352,0.00010271478364114981,-0.01904761904761909,0.00018876819720177536,-0.01666666666666672,0.00014617017393939104,-0.014285714285714457,0.00011068262152611623,-0.011904761904761862,0.00016951759878883137,1.0,1.0,1.0,1.0,0.0
42,14:26:57,1,-0.023809523809523947,517210.0,-0.02261904761904754,-0.023809523809523947,0.00010705262691457364,-0.02619047619047632,8.48906014359762e-05,-0.02857142857142858,0.00011242166706129024,-0.030952380952380953,0.00013713510304025825,-0.03333333333333344,0.00023831268951425344,-0.021428571428571352,0.00010275214168192789,-0.01904761904761909,0.00018861876503866305,-0.01666666666666672,0.00014686848193239666,-0.014285714285714457,0.00011133782408745483,-0.011904761904761862,0.00016940265097105267,1.0,1.0,1.0,0.0,0.0
42,14:27:00,1,-0.023809523809523947,70282.0,-0.02261904761904754,-0.023809523809523947,0.0001075003486648217,-0.02619047619047632,8.500267555831043e-05,-0.02857142857142858,0.0001124417829294015,-0.030952380952380953,0.00013692244957736764,-0.03333333333333344,0.00023831268951425344,-0.021428571428571352,0.00010277513124548363,-0.01904761904761909,0.00018884003958788705,-0.01666666666666672,0.00014682537650072966,-0.014285714285714457,0.00011141541386445546,-0.011904761904761862,0.00016940265097105267,1.0,1.0,1.0,0.0,0.0
42,14:27:03,1,-0.021428571428571352,4870913.0,-0.02261904761904754,-0.023809523809523947,0.00010519966809198094,-0.02619047619047632,8.510900228975573e-05,-0.02857142857142858,0.00011242741445217917,-0.030952380952380953,0.00013723280868537015,-0.03333333333333344,0.0002384592479819213,-0.021428571428571352,7.084550116200414e-05,-0.01904761904761909,0.0001886331335158854,-0.01666666666666672,0.00014605522612161234,-0.014285714285714457,0.00011141541386445546,-0.011904761904761862,0.0001694543774890531,1.0,1.0,1.0,0.0,0.0
42,14:27:06,1,-0.021428571428571352,575495.0,-0.02261904761904754,-0.023809523809523947,0.00010242080459718076,-0.02619047619047632,8.528142401642379e-05,-0.02857142857142858,0.00011259983617884723,-0.030952380952380953,0.000134761430603128,-0.03333333333333344,0.00023850810080447725,-0.021428571428571352,6.966153863888349e-05,-0.01904761904761909,0.00018919350412755658,-0.01666666666666672,0.00014600062590816744,-0.014285714285714457,0.00011141541386445546,-0.011904761904761862,0.0001697532418152777,1.0,1.0,1.0,0.0,0.0
42,14:27:09,1,-0.023809523809523947,185339.0,-0.02261904761904754,-0.023809523809523947,0.00010165927530439686,-0.02619047619047632,8.552568812920353e-05,-0.02857142857142858,0.00011260558356973616,-0.030952380952380953,0.00013473269364868334,-0.03333333333333344,0.0002385569536270332,-0.021428571428571352,7.085986963922648e-05,-0.01904761904761909,0.00018927396760000167,-0.01666666666666672,0.00014600062590816744,-0.014285714285714457,0.00011155909863667884,-0.011904761904761862,0.0001697819787697224,1.0,1.0,1.0,0.0,0.0
42,14:27:12,1,-0.023809523809523947,140274.0,-0.02261904761904754,-0.023809523809523947,0.00010164778052261899,-0.02619047619047632,8.639641784887722e-05,-0.02857142857142858,0.00011234407728428961,-0.030952380952380953,0.0001346637249580161,-0.03333333333333344,0.0002407122252103839,-0.021428571428571352,7.063284769911354e-05,-0.01904761904761909,0.00018924523064555698,-0.01666666666666672,0.00014599487851727852,-0.014285714285714457,0.00011155909863667884,-0.011904761904761862,0.0001697819787697224,1.0,1.0,1.0,0.0,0.0
42,14:27:15,1,-0.021428571428571352,412823.0,-0.02261904761904754,-0.023809523809523947,0.0001011851155560597,-0.02619047619047632,8.619525916776449e-05,-0.02857142857142858,0.00011253661487906893,-0.030952380952380953,0.0001347269462577944,-0.03333333333333344,0.0002407639517283843,-0.021428571428571352,6.892299890965532e-05,-0.01904761904761909,0.00018946075780389206,-0.01666666666666672,0.00014779093817007076,-0.014285714285714457,0.00011089527498900683,-0.011904761904761862,0.00017047166567639462,1.0,1.0,1.0,0.0,0.0
42,14:27:18,1,-0.021428571428571352,348945.0,-0.02261904761904754,-0.023809523809523947,0.00010091211448883528,-0.02619047619047632,8.652860783932272e-05,-0.02857142857142858,0.00011254523596540234,-0.030952380952380953,0.00013496258928424073,-0.03333333333333344,0.00023904835554803714,-0.021428571428571352,6.502598051741281e-05,-0.01904761904761909,0.00018941477867678058,-0.01666666666666672,0.00014830820335007494,-0.014285714285714457,0.00011089527498900683,-0.011904761904761862,0.00017039982329028293,1.0,1.0,1.0,0.0,0.0
42,14:27:21,1,-0.023809523809523947,999300.0,-0.02261904761904754,-0.023809523809523947,9.550669335779173e-05,-0.02619047619047632,8.66550504388793e-05,-0.02857142857142858,0.000112487762056513,-0.030952380952380953,0.0001345315349675706,-0.03333333333333344,0.00023893053403481397,-0.021428571428571352,6.921582847544656e-05,-0.01904761904761909,0.00018964180061689352,-0.01666666666666672,0.000148302455959186,-0.014285714285714457,0.00011098148585234085,-0.011904761904761862,0.0001704285602447276,1.0,1.0,1.0,0.0,0.0
42,14:27:24,1,-0.023809523809523947,542911.0,-0.02261904761904754,-0.023809523809523947,9.264161899965753e-05,-0.02619047619047632,8.690793563799244e-05,-0.02857142857142858,0.00011246189879751278,-0.030952380952380953,0.00013461774583090462,-0.03333333333333344,0.00023897363946648098,-0.021428571428571352,6.930778672966953e-05,-0.01904761904761909,0.0001894492630221142,-0.01666666666666672,0.0001483915405179645,-0.014285714285714457,0.00011068549522156069,-0.011904761904761862,0.0001705607502351731,1.0,1.0,1.0,0.0,0.0
42,14:27:27,1,-0.023809523809523947,409005.0,-0.02261904761904754,-0.023809523809523947,9.134558235420265e-05,-0.02619047619047632,8.739646386355194e-05,-0.02857142857142858,0.00011272915247384827,-0.030952380952380953,0.0001343706080226804,-0.03333333333333344,0.0002389190392530361,-0.021428571428571352,6.936238694311441e-05,-0.01904761904761909,0.0001896331795305601,-0.01666666666666672,0.00014897202699774696,-0.014285714285714457,0.00011046134697689222,-0.011904761904761862,0.00017046017089461675,1.0,1.0,1.0,0.0,0.0
42,14:27:30,1,-0.023809523809523947,106288.0,-0.02261904761904754,-0.023809523809523947,9.231976510987716e-05,-0.02619047619047632,8.737060060455173e-05,-0.02857142857142858,0.00011263432052418084,-0.030952380952380953,0.0001343706080226804,-0.03333333333333344,0.00023909146097970415,-0.021428571428571352,6.98336729960071e-05,-0.01904761904761909,0.00018974525365289435,-0.01666666666666672,0.0001480179601101837,-0.014285714285714457,0.00011039812567711393,-0.011904761904761862,0.00017046591828550568,1.0,1.0,1.0,0.0,0.0
42,14:27:33,1,-0.023809523809523947,172316.0,-0.02261904761904754,-0.023809523809523947,9.220481729209846e-05,-0.02619047619047632,8.774992840322145e-05,-0.02857142857142858,0.00011266305747862551,-0.030952380952380953,0.00013452578757668166,-0.03333333333333344,0.00023893628142570292,-0.021428571428571352,7.907835124085936e-05,-0.01904761904761909,0.0001900354968927856,-0.01666666666666672,0.00014780243295184863,-0.014285714285714457,0.00011030042003200203,-0.011904761904761862,0.00017049465523995036,1.0,1.0,1.0,0.0,0.0
42,14:27:36,1,-0.023809523809523947,285146.0,-0.02261904761904754,-0.023809523809523947,9.234562836887737e-05,-0.02619047619047632,8.791372904355611e-05,-0.02857142857142858,0.0001131602067905184,-0.030952380952380953,0.00013452578757668166,-0.03333333333333344,0.00023911157684781544,-0.021428571428571352,7.946342643041802e-05,-0.01904761904761909,0.0001899349175522292,-0.01666666666666672,0.0001475294318846242,-0.014285714285714457,0.0001099843135331106,-0.011904761904761862,0.00017052339219439502,1.0,1.0,1.0,0.0,0.0
42,14:27:39,1,-0.021428571428571352,131707.0,-0.02261904761904754,-0.023809523809523947,9.225654381009887e-05,-0.02619047619047632,8.81005192474465e-05,-0.02857142857142858,0.00011362861914796662,-0.030952380952380953,0.0001346292406126825,-0.03333333333333344,0.0002391403138022601,-0.021428571428571352,8.040887223164786e-05,-0.01904761904761909,0.0001905125303365672,-0.01666666666666672,0.00014770472730673675,-0.014285714285714457,0.00011006477700555569,-0.011904761904761862,0.00017043718133106101,1.0,1.0,1.0,0.0,0.0
42,14:27:42,1,-0.021428571428571352,109090.0,-0.02261904761904754,-0.023809523809523947,9.327957938832935e-05,-0.02619047619047632,8.82240881515586e-05,-0.02857142857142858,0.00011393035716963572,-0.030952380952380953,0.00013467234604434952,-0.03333333333333344,0.0002391403138022601,-0.021428571428571352,8.069336808065016e-05,-0.01904761904761909,0.00018989755951145113,-0.01666666666666672,0.00014741161037140103,-0.014285714285714457,0.00011006477700555569,-0.011904761904761862,0.0001704544235037278,1.0,1.0,1.0,0.0,0.0
42,14:27:45,1,-0.023809523809523947,86560.0,-0.02261904761904754,-0.023809523809523947,9.356120154188716e-05,-0.02619047619047632,8.8410878355449e-05,-0.02857142857142858,0.00011397058890585828,-0.030952380952380953,0.00013467809343523844,-0.03333333333333344,0.00023939319900137326,-0.021428571428571352,8.232275339766328e-05,-0.01904761904761909,0.00019001250732922982,-0.01666666666666672,0.00014752655818917976,-0.014285714285714457,0.00011010500874177823,-0.011904761904761862,0.00017049752893539484,1.0,1.0,1.0,0.0,0.0
42,14:27:48,1,-0.023809523809523947,377883.0,-0.02261904761904754,-0.023809523809523947,9.67175536702726e-05,-0.02619047619047632,8.952299849245796e-05,-0.02857142857142858,0.0001140567997691923,-0.030952380952380953,0.00013467809343523844,-0.03333333333333344,0.0002393529672651507,-0.021428571428571352,8.818796579982166e-05,-0.01904761904761909,0.00019063897293612378,-0.01666666666666672,0.0001475840320980691,-0.014285714285714457,0.00011012225091444504,-0.011904761904761862,0.00017048603415361697,1.0,1.0,1.0,0.0,0.0
42,14:27:51,1,-0.023809523809523947,487640.0,-0.02261904761904754,-0.023809523809523947,9.556807549248556e-05,-0.02619047619047632,8.9652314787459e-05,-0.02857142857142858,0.00011389587282430211,-0.030952380952380953,0.00013464935648079378,-0.03333333333333344,0.00023939032530592878,-0.021428571428571352,8.723677260770287e-05,-0.01904761904761909,0.00019094933204412626,-0.01666666666666672,0.00014748920014840167,-0.014285714285714457,0.00011012225091444504,-0.011904761904761862,0.00017052339219439502,1.0,1.0,1.0,0.0,0.0
42,14:27:54,1,-0.021428571428571352,340370.0,-0.02261904761904754,-0.023809523809523947,9.390133213469435e-05,-0.02619047619047632,8.936781893845671e-05,-0.02857142857142858,0.00011389587282430211,-0.030952380952380953,0.00013464935648079378,-0.03333333333333344,0.00023939032530592878,-0.021428571428571352,8.855292512126904e-05,-0.01904761904761909,0.00019129992288835132,-0.01666666666666672,0.00014749207384384615,-0.014285714285714457,0.00011012225091444504,-0.011904761904761862,0.00017049465523995036,1.0,1.0,1.0,0.0,0.0
42,14:27:57,1,-0.023809523809523947,179201.0,-0.02261904761904754,-0.023809523809523947,9.3001865460576e-05,-0.02619047619047632,8.992531585468342e-05,-0.02857142857142858,0.00011385564108807957,-0.030952380952380953,0.00013468671452157184,-0.03333333333333344,0.000239238019447372,-0.021428571428571352,9.385201952086729e-05,-0.01904761904761909,0.0001913027965837958,-0.01666666666666672,0.00014754092666640207,-0.014285714285714457,0.00011001305048755528,-0.011904761904761862,0.00017049465523995036,1.0,1.0,0.0,0.0,0.0
42,14:28:00,1,-0.023809523809523947,1026717.0,-0.02261904761904754,-0.023809523809523947,9.274035917512944e-05,-0.02619047619047632,9.062937123857798e-05,-0.02857142857142858,0.00011387575695619085,-0.030952380952380953,0.0001338389743654539,-0.03333333333333344,0.00023858856427692233,-0.021428571428571352,8.839487187182332e-05,-0.01904761904761909,0.00019196949392691226,-0.01666666666666672,0.0001476644955705142,-0.014285714285714457,0.00011001305048755528,-0.011904761904761862,0.00017049465523995036,1.0,1.0,0.0,0.0,0.0
42,14:28:03,1,-0.023809523809523947,72663.0,-0.02261904761904754,-0.023809523809523947,9.336395108657891e-05,-0.02619047619047632,9.032475952146442e-05,-0.02857142857142858,0.00011442463278608415,-0.030952380952380953,0.00013385334284267625,-0.03333333333333344,0.00023858856427692233,-0.021428571428571352,8.826555557682227e-05,-0.01904761904761909,0.00019187466197724483,-0.01666666666666672,0.0001476357586160695,-0.014285714285714457,0.00011001305048755528,-0.011904761904761862,0.00017064983479395162,1.0,1.0,0.0,0.0,0.0
42,14:28:06,1,-0.023809523809523947,245674.0,-0.02261904761904754,-0.023809523809523947,9.237252615823759e-05,-0.02619047619047632,9.032763321690888e-05,-0.02857142857142858,0.00011442463278608415,-0.030952380952380953,0.0001340257645693443,-0.03333333333333344,0.00023857994319058894,-0.021428571428571352,8.975987720794542e-05,-0.01904761904761909,0.00019174821937768826,-0.01666666666666672,0.000146839744977952,-0.014285714285714457,0.00010994408179688805,-0.011904761904761862,0.00017064983479395162,1.0,1.0,0.0,0.0,0.0
42,14:28:09,1,-0.023809523809523947,328268.0,-0.02261904761904754,-0.023809523809523947,9.303922350135408e-05,-0.02619047619047632,9.031326473968655e-05,-0.02857142857142858,0.00011451084364941817,-0.030952380952380953,0.0001338820797971209,-0.03333333333333344,0.00023857994319058894,-0.021428571428571352,9.417674710609212e-05,-0.01904761904761909,0.00019189190414991165,-0.01666666666666672,0.00014678227106906263,-0.014285714285714457,0.00010994408179688805,-0.011904761904761862,0.00017050615002172823,1.0,1.0,0.0,0.0,0.0
42,14:28:12,1,-0.023809523809523947,303047.0,-0.02261904761904754,-0.023809523809523947,9.261391657557286e-05,-0.02619047619047632,9.063224493402245e-05,-0.02857142857142858,0.00011451084364941817,-0.030952380952380953,0.0001347269462577944,-0.03333333333333344,0.00023872650165825677,-0.021428571428571352,9.608775457666308e-05,-0.01904761904761909,0.0001923402006392486,-0.01666666666666672,0.00014606384720794574,-0.014285714285714457,0.00011008489287366697,-0.011904761904761862,0.00017061247675317353,1.0,1.0,0.0,0.0,0.0
42,14:28:15,1,-0.021428571428571352,170428.0,-0.02261904761904754,-0.023809523809523947,9.180066076478853e-05,-0.02619047619047632,8.986784194579407e-05,-0.02857142857142858,0.00011434129561819459,-0.030952380952380953,0.0001347355673441278,-0.03333333333333344,0.00023869489100836763,-0.021428571428571352,9.8090720301457e-05,-0.01904761904761909,0.00019254710671125027,-0.01666666666666672,0.00014635696414328143,-0.014285714285714457,0.00010994120810144359,-0.011904761904761862,0.0001708998462976203,1.0,1.0,0.0,0.0,0.0
42,14:28:18,1,-0.023809523809523947,301114.0,-0.02261904761904754,-0.023809523809523947,9.104775255833802e-05,-0.02619047619047632,8.980174695057132e-05,-0.02857142857142858,0.0001143757799635282,-0.030952380952380953,0.00013484764146646204,-0.03333333333333344,0.00023854833254069978,-0.021428571428571352,9.724298014533905e-05,-0.01904761904761909,0.0001931103510183659,-0.01666666666666672,0.00014560405593683093,-0.014285714285714457,0.0001100733980918891,-0.011904761904761862,0.0001708998462976203,1.0,1.0,0.0,0.0,0.0
42,14:28:21,1,-0.023809523809523947,100909.0,-0.02261904761904754,-0.023809523809523947,9.042703434233302e-05,-0.02619047619047632,8.950575631979116e-05,-0.02857142857142858,0.00011426370584119396,-0.030952380952380953,0.00013471545147601652,-0.03333333333333344,0.00023854833254069978,-0.021428571428571352,9.816831007845762e-05,-0.01904761904761909,0.00019255572779758366,-0.01666666666666672,0.0001454747396418299,-0.014285714285714457,0.00011011362982811164,-0.011904761904761862,0.00017102916259262134,1.0,1.0,0.0,0.0,0.0
42,14:28:24,1,-0.021428571428571352,1355942.0,-0.02261904761904754,-0.023809523809523947,8.22341286301559e-05,-0.02619047619047632,8.960633566034752e-05,-0.02857142857142858,0.00011312859614062927,-0.030952380952380953,0.00013446543997234784,-0.03333333333333344,0.0002386345434040338,-0.021428571428571352,0.00010084449643502696,-0.01904761904761909,0.00019195225175424547,-0.01666666666666672,0.0001454747396418299,-0.014285714285714457,0.0001093808374897724,-0.011904761904761862,0.00017103203628806579,1.0,1.0,0.0,0.0,0.0
42,14:28:27,1,-0.023809523809523947,101396.0,-0.02261904761904754,-0.023809523809523947,8.205883320804338e-05,-0.02619047619047632,8.932758720223416e-05,-0.02857142857142858,0.00011316882787685181,-0.030952380952380953,0.0001345142927949038,-0.03333333333333344,0.00023865465927214508,-0.021428571428571352,0.00010107439207058436,-0.01904761904761909,0.00019227410564402584,-0.01666666666666672,0.00014521898074727226,-0.014285714285714457,0.00010659335290863884,-0.011904761904761862,0.00017119583692840046,1.0,0.0,0.0,0.0,0.0
42,14:28:30,1,-0.023809523809523947,520325.0,-0.02261904761904754,-0.023809523809523947,8.252149817460266e-05,-0.02619047619047632,8.948564045167988e-05,-0.02857142857142858,0.00011308261701351778,-0.030952380952380953,0.0001346378616990159,-0.03333333333333344,0.0002386805225311453,-0.021428571428571352,0.00010280435672815387,-0.01904761904761909,0.00019281148669214127,-0.01666666666666672,0.00014512989618849378,-0.014285714285714457,0.00010659335290863884,-0.011904761904761862,0.00017098893085639878,1.0,0.0,0.0,0.0,0.0
42,14:28:33,1,-0.021428571428571352,891474.0,-0.02261904761904754,-0.023809523809523947,8.504172907940075e-05,-0.02619047619047632,8.932758720223416e-05,-0.02857142857142858,0.00011313146983607373,-0.030952380952380953,0.0001355775601093568,-0.03333333333333344,0.0002386719014448119,-0.021428571428571352,0.00010050827406802425,-0.01904761904761909,0.00019255860149302814,-0.01666666666666672,0.00014484540033949148,-0.014285714285714457,0.0001065876055177499,-0.011904761904761862,0.00017102628889717686,1.0,0.0,0.0,0.0,0.0
42,14:28:36,1,-0.023809523809523947,193737.0,-0.02261904761904754,-0.023809523809523947,8.334624876716487e-05,-0.02619047619047632,8.944253502001287e-05,-0.02857142857142858,0.000113329754821742,-0.030952380952380953,0.0001358103294403587,-0.03333333333333344,0.00023876098600359038,-0.021428571428571352,0.00010134164574691985,-0.01904761904761909,0.0001937052059753707,-0.01666666666666672,0.00014480229490782445,-0.014285714285714457,0.0001065876055177499,-0.011904761904761862,0.0001714056166958466,1.0,0.0,0.0,0.0,0.0
42,14:28:39,1,-0.021428571428571352,323113.0,-0.02261904761904754,-0.023809523809523947,8.152719955081688e-05,-0.02619047619047632,8.94569034972352e-05,-0.02857142857142858,0.00011334124960351987,-0.030952380952380953,0.0001357902135722474,-0.03333333333333344,0.00023876385969903485,-0.021428571428571352,0.00010555448326850936,-0.01904761904761909,0.00019350404729425797,-0.01666666666666672,0.0001444172197182658,-0.014285714285714457,0.00010707326004786492,-0.011904761904761862,0.00017144297473662467,1.0,0.0,0.0,0.0,0.0
42,14:28:42,1,-0.023809523809523947,603492.0,-0.02261904761904754,-0.023809523809523947,8.533197231929198e-05,-0.02619047619047632,8.95287458833469e-05,-0.02857142857142858,0.00011334124960351987,-0.030952380952380953,0.0001359942459488046,-0.03333333333333344,0.0002386345434040338,-0.021428571428571352,0.00010274975651470898,-0.01904761904761909,0.00019353278424870266,-0.01666666666666672,0.00014476206317160192,-0.014285714285714457,0.00010723706068819957,-0.011904761904761862,0.00017144297473662467,0.0,0.0,0.0,0.0,0.0
42,14:28:45,1,-0.021428571428571352,403870.0,-0.02261904761904754,-0.023809523809523947,8.21622862440442e-05,-0.02619047619047632,8.967243065557028e-05,-0.02857142857142858,0.00011338722873063135,-0.030952380952380953,0.00013598275116702673,-0.03333333333333344,0.00023832993168692026,-0.021428571428571352,0.00010447110008594506,-0.01904761904761909,0.00019290057125091978,-0.01666666666666672,0.00014417582930093052,-0.014285714285714457,0.00010766811500486971,-0.011904761904761862,0.0001717590812355161,0.0,0.0,0.0,0.0,0.0
42,14:28:48,1,-0.021428571428571352,1064837.0,-0.02261904761904754,-0.023809523809523947,7.8854662787462e-05,-0.02619047619047632,9.096846730102516e-05,-0.02857142857142858,0.00011355390306641047,-0.030952380952380953,0.00013601436181691587,-0.03333333333333344,0.00023816900474203005,-0.021428571428571352,0.00010774711289263813,-0.01904761904761909,0.00019368796380270388,-0.01666666666666672,0.0001440896184375965,-0.014285714285714457,0.00010766811500486971,-0.011904761904761862,0.00017178781818996078,0.0,0.0,0.0,0.0,0.0
42,14:28:51,1,-0.023809523809523947,3966753.0,-0.02261904761904754,-0.023809523809523947,5.144822933357452e-05,-0.02619047619047632,6.969162623018707e-05,-0.02857142857142858,0.00011377517761563448,-0.030952380952380953,0.00013601436181691587,-0.03333333333333344,0.00023815750996025218,-0.021428571428571352,0.00010908625496976003,-0.01904761904761909,0.00019396958595626173,-0.01666666666666672,0.00014394593366537313,-0.014285714285714457,0.00010766811500486971,-0.011904761904761862,0.00017143722734573572,0.0,0.0,0.0,0.0,0.0
42,14:28:54,1,-0.023809523809523947,3126666.0,-0.02261904761904754,-0.023809523809523947,3.0044945663179852e-05,-0.02619047619047632,6.977208970263216e-05,-0.02857142857142858,0.00011377517761563448,-0.030952380952380953,0.0001360287302941382,-0.03333333333333344,0.00023810003605136284,-0.021428571428571352,0.00010840231545397674,-0.01904761904761909,0.00019399544921526194,-0.01666666666666672,0.00014397754431526226,-0.014285714285714457,0.00010586056057029959,-0.011904761904761862,0.00017137975343684637,0.0,0.0,0.0,0.0,0.0
42,14:28:57,1,-0.023809523809523947,4706514.0,-0.025000000000000133,-0.02619047619047632,6.967151036207579e-05,-0.02857142857142858,0.00011416025280519314,-0.030952380952380953,0.0001361293096346946,-0.03333333333333344,0.0002380138251880288,-0.03571428571428581,0.0005354039456496472,-0.023809523809523947,3.6262703022465505e-05,-0.021428571428571352,0.0001072528372761897,-0.01904761904761909,0.0001940586705150402,-0.01666666666666672,0.0001439746706198178,-0.014285714285714457,0.00010553870668051923,1.0,1.0,0.0,0.0,0.0
42,14:29:00,1,-0.023809523809523947,377195.0,-0.025000000000000133,-0.02619047619047632,6.943874103107391e-05,-0.02857142857142858,0.00011422060040952695,-0.030952380952380953,0.0001361293096346946,-0.03333333333333344,0.00023807129909691815,-0.03571428571428581,0.0005338808870640793,-0.023809523809523947,4.2018714997734105e-05,-0.021428571428571352,0.00010820690416375294,-0.01904761904761909,0.0001942023552872636,-0.01666666666666672,0.00014391719671092844,-0.014285714285714457,0.00010584044470218833,1.0,1.0,0.0,0.0,0.0
42,14:29:03,1,-0.02619047619047632,327660.0,-0.025000000000000133,-0.02619047619047632,6.798752483161778e-05,-0.02857142857142858,0.0001142608321457495,-0.030952380952380953,0.00013615804658913925,-0.03333333333333344,0.00023807129909691815,-0.03571428571428581,0.0005338521501096346,-0.023809523809523947,5.2680125096708895e-05,-0.021428571428571352,0.0001021347856895929,-0.01904761904761909,0.00019462191482215587,-0.01666666666666672,0.00014351775304414745,-0.014285714285714457,0.00010564790710740899,1.0,1.0,0.0,0.0,0.0
42,14:29:06,1,-0.023809523809523947,230120.0,-0.025000000000000133,-0.02619047619047632,6.747313334705808e-05,-0.02857142857142858,0.00011425508475486057,-0.030952380952380953,0.00013616092028458372,-0.03333333333333344,0.00023812877300580752,-0.03571428571428581,0.0005330791260350729,-0.023809523809523947,5.8160262309308604e-05,-0.021428571428571352,0.000102614692828819,-0.01904761904761909,0.0001947426100308235,-0.01666666666666672,0.00014343728957170237,-0.014285714285714457,0.00010602148751518978,1.0,1.0,0.0,0.0,0.0
42,14:29:09,1,-0.02619047619047632,346740.0,-0.025000000000000133,-0.02619047619047632,6.672884622694098e-05,-0.02857142857142858,0.00011444187495875096,-0.030952380952380953,0.00013616092028458372,-0.03333333333333344,0.000237996583015362,-0.03571428571428581,0.0005331653368984069,-0.023809523809523947,5.832693664508772e-05,-0.021428571428571352,0.00010599128497606843,-0.01904761904761909,0.0001952914858607168,-0.01666666666666672,0.00014385684910659462,-0.014285714285714457,0.00010602148751518978,1.0,1.0,0.0,0.0,0.0
42,14:29:12,1,-0.02619047619047632,451331.0,-0.025000000000000133,-0.02619047619047632,6.563971565348775e-05,-0.02857142857142858,0.0001143757799635282,-0.030952380952380953,0.00013602010920780482,-0.03333333333333344,0.00023804543583791796,-0.03571428571428581,0.0005331452210302956,-0.023809523809523947,7.172697850264013e-05,-0.021428571428571352,0.00010693098338640933,-0.01904761904761909,0.0001953202228151615,-0.01666666666666672,0.00014345165804892468,-0.014285714285714457,0.00010602148751518978,1.0,1.0,0.0,0.0,0.0
42,14:29:15,1,-0.02619047619047632,268944.0,-0.025000000000000133,-0.02619047619047632,6.440115291692222e-05,-0.02857142857142858,0.00011392460977874679,-0.030952380952380953,0.00013602010920780482,-0.03333333333333344,0.00023795922497458393,-0.03571428571428581,0.000533202694939185,-0.023809523809523947,6.547956460636757e-05,-0.021428571428571352,0.00010669821405540746,-0.01904761904761909,0.0001870181166760946,-0.01666666666666672,0.00014345165804892468,-0.014285714285714457,0.00010602148751518978,1.0,1.0,0.0,0.0,0.0
42,14:29:18,1,-0.023809523809523947,439037.0,-0.025000000000000133,-0.02619047619047632,6.35959434533824e-05,-0.02857142857142858,0.00011492752948886598,-0.030952380952380953,0.00013607758311669416,-0.03333333333333344,0.00023804543583791796,-0.03571428571428581,0.0005333607481886307,-0.023809523809523947,6.714343426871431e-05,-0.021428571428571352,0.00011458938174591547,-0.01904761904761909,0.00018464731793440883,-0.01666666666666672,0.00014000322351556357,-0.014285714285714457,0.00010591228708830002,1.0,1.0,0.0,0.0,0.0
42,14:29:21,1,-0.02619047619047632,310231.0,-0.025000000000000133,-0.02619047619047632,6.375112300738365e-05,-0.02857142857142858,0.00011520915164242381,-0.030952380952380953,0.00013644254243814154,-0.03333333333333344,0.00023839315298669852,-0.03571428571428581,0.0005332515477617409,-0.023809523809523947,7.072693248796541e-05,-0.021428571428571352,0.0001147560560816946,-0.01904761904761909,0.000184543864898408,-0.01666666666666672,0.00014000322351556357,-0.014285714285714457,0.00010601574012430084,1.0,0.0,0.0,0.0,0.0
42,14:29:24,1,-0.023809523809523947,220068.0,-0.025000000000000133,-0.02619047619047632,6.23803702803726e-05,-0.02857142857142858,0.00011558560574564906,-0.030952380952380953,0.00013633046831580732,-0.03333333333333344,0.00023823797343269727,-0.03571428571428581,0.00053328315841163,-0.023809523809523947,7.424720940743822e-05,-0.021428571428571352,0.00011383934723490944,-0.01904761904761909,0.00018469904445240926,-0.01666666666666672,0.0001399744865611189,-0.014285714285714457,0.00010630310966874761,1.0,0.0,0.0,0.0,0.0
42,14:29:27,1,-0.02619047619047632,780888.0,-0.025000000000000133,-0.02619047619047632,6.0348667601134014e-05,-0.02857142857142858,0.00011588159637642922,-0.030952380952380953,0.00013659484829669835,-0.03333333333333344,0.00023796497236547285,-0.03571428571428581,0.0005331998212437405,-0.023809523809523947,7.340809033765368e-05,-0.021428571428571352,0.00011373014680801966,-0.01904761904761909,0.00018522205702330236,-0.01666666666666672,0.00014009230807434208,-0.014285714285714457,0.00010632322553685887,1.0,0.0,0.0,0.0,0.0
42,14:29:30,1,-0.02619047619047632,671286.0,-0.025000000000000133,-0.02619047619047632,5.771061518311276e-05,-0.02857142857142858,0.00011599654419420793,-0.030952380952380953,0.00013651438482425323,-0.03333333333333344,0.00023791899323836137,-0.03571428571428581,0.000533067631253295,-0.023809523809523947,7.853763670602834e-05,-0.021428571428571352,0.00011397441092079941,-0.01904761904761909,0.00018519332006885768,-0.01666666666666672,0.00013999747612467465,-0.014285714285714457,0.00010632322553685887,1.0,0.0,0.0,0.0,0.0
42,14:29:33,1,-0.02619047619047632,342780.0,-0.025000000000000133,-0.02619047619047632,5.7213465871219866e-05,-0.02857142857142858,0.00011629828221587703,-0.030952380952380953,0.0001365603639513647,-0.03333333333333344,0.0002379419828019171,-0.03571428571428581,0.000532981420389961,-0.023809523809523947,8.009219099366753e-05,-0.021428571428571352,0.00011096565179044184,-0.01904761904761909,0.00018582553306664056,-0.01666666666666672,0.00013963251680322724,-0.014285714285714457,0.00010632322553685887,1.0,0.0,1.0,0.0,0.0
42,14:29:36,1,-0.023809523809523947,298652.0,-0.025000000000000133,-0.02619047619047632,5.571052315376331e-05,-0.02857142857142858,0.00011631552438854383,-0.030952380952380953,0.00013657473242858706,-0.03333333333333344,0.00023795635127913945,-0.03571428571428581,0.0005330705049487395,-0.023809523809523947,9.141753968813211e-05,-0.021428571428571352,0.00011330771357768294,-0.01904761904761909,0.00018530826788663637,-0.01666666666666672,0.0001392905470453356,-0.014285714285714457,0.00010603585599241212,0.0,0.0,1.0,0.0,0.0
42,14:29:39,1,-0.02619047619047632,759950.0,-0.025000000000000133,-0.02619047619047632,5.133101129639469e-05,-0.02857142857142858,0.00011536433119642505,-0.030952380952380953,0.00013657473242858706,-0.03333333333333344,0.00023807129909691815,-0.03571428571428581,0.0005330590101669616,-0.023809523809523947,9.244632265725152e-05,-0.021428571428571352,0.00011302321772868064,-0.01904761904761909,0.00018541172092263722,-0.01666666666666672,0.0001393623894314473,-0.014285714285714457,0.00010617666706919103,0.0,0.0,1.0,0.0,0.0
42,14:29:42,1,-0.02619047619047632,5471560.0,-0.025000000000000133,-0.02619047619047632,4.399734052211338e-05,-0.02857142857142858,0.0001159103333308739,-0.030952380952380953,0.00013657473242858706,-0.03333333333333344,0.00023791611954291692,-0.03571428571428581,0.000533332011234186,-0.023809523809523947,6.386454776657679e-05,-0.021428571428571352,0.00011321000793257103,-0.01904761904761909,0.0001854375841816374,-0.01666666666666672,0.0001393623894314473,-0.014285714285714457,0.00010606171925141232,0.0,0.0,0.0,0.0,0.0
42,14:29:45,1,-0.02619047619047632,1144285.0,-0.025000000000000133,-0.02619047619047632,4.044257925730696e-05,-0.02857142857142858,0.00011604539701676388,-0.030952380952380953,0.00013655174286503132,-0.03333333333333344,0.00023822073126003048,-0.03571428571428581,0.0005332946531934079,-0.023809523809523947,6.595947174559366e-05,-0.021428571428571352,0.00011385658940757624,-0.01904761904761909,0.0001854375841816374,-0.01666666666666672,0.0001393623894314473,-0.014285714285714457,0.00010606171925141232,0.0,0.0,0.0,0.0,0.0
42,14:29:48,1,-0.02619047619047632,4797869.0,-0.025000000000000133,-0.02619047619047632,1.1176864850848942e-05,-0.02857142857142858,0.00011629253482498809,-0.030952380952380953,0.00013685060719125595,-0.03333333333333344,0.0002381919943055858,-0.03571428571428581,0.000533202694939185,-0.023809523809523947,6.70198653646022e-05,-0.021428571428571352,0.00011426465416069064,-0.01904761904761909,0.0001854232157044151,-0.01666666666666672,0.00013969286440756106,-0.014285714285714457,0.00010647840509086013,0.0,0.0,0.0,0.0,0.0
42,14:29:51,1,-0.02857142857142858,1890882.0,-0.027380952380952395,-0.02857142857142858,0.0001157781433404284,-0.030952380952380953,0.00013732189324414863,-0.03333333333333344,0.000241235237781277,-0.03571428571428581,0.0005351395656687561,-0.03809523809523818,0.000212055734238153,-0.02619047619047632,8.725401478036968e-07,-0.023809523809523947,7.168962046186205e-05,-0.021428571428571352,0.00011423304351080149,-0.01904761904761909,0.00018536574179552572,-0.01666666666666672,0.00013969286440756106,1.0,1.0,1.0,1.0,0.0
42,14:29:54,1,-0.02619047619047632,70326.0,-0.027380952380952395,-0.02857142857142858,0.00011589883854909603,-0.030952380952380953,0.00013721556651270333,-0.03333333333333344,0.00024126397473572166,-0.03571428571428581,0.000535194165882201,-0.03809523809523818,0.000212055734238153,-0.02619047619047632,3.341714105639924e-05,-0.023809523809523947,7.55604882255599e-05,-0.021428571428571352,0.00011506928888514156,-0.01904761904761909,0.0001854577000497487,-0.01666666666666672,0.0001398940230886738,1.0,1.0,2.0,1.0,0.0
42,14:29:57,1,-0.02619047619047632,44959.0,-0.027380952380952395,-0.02857142857142858,0.00011607988136209749,-0.030952380952380953,0.00013710061869492464,-0.03333333333333344,0.00024120362713138784,-0.03571428571428581,0.000535987305824874,-0.03809523809523818,0.000212055734238153,-0.02619047619047632,3.7693199877767034e-05,-0.023809523809523947,7.693411464801543e-05,-0.021428571428571352,0.00011520205361467597,-0.01904761904761909,0.0001850323931239675,-0.01666666666666672,0.00014003770786089718,1.0,1.0,1.0,1.0,0.0
42,14:30:00,1,-0.02857142857142858,863373.0,-0.027380952380952395,-0.02857142857142858,0.0001160166600623192,-0.030952380952380953,0.00013677876480514426,-0.03333333333333344,0.00024136742777172249,-0.03571428571428581,0.0005365045710048782,-0.03809523809523818,0.000212055734238153,-0.02619047619047632,4.161866785490977e-05,-0.023809523809523947,7.719562093346198e-05,-0.021428571428571352,0.0001146589251756716,-0.01904761904761909,0.00018535712070919232,-0.01666666666666672,0.00013997161286567443,1.0,1.0,1.0,1.0,0.0
42,14:30:03,1,-0.02619047619047632,854024.0,-0.027380952380952395,-0.02857142857142858,0.00011449360147675137,-0.030952380952380953,0.00013696842870447912,-0.03333333333333344,0.00024136742777172249,-0.03571428571428581,0.0005362689279784318,-0.03809523809523818,0.0002119149231613741,-0.02619047619047632,4.500204192340814e-05,-0.023809523809523947,7.872155321447426e-05,-0.021428571428571352,0.00011419051281822338,-0.01904761904761909,0.00018496629812874473,-0.01666666666666672,0.00014005782372900847,1.0,2.0,1.0,1.0,0.0
42,14:30:06,1,-0.02619047619047632,477970.0,-0.027380952380952395,-0.02857142857142858,0.0001122032662075107,-0.030952380952380953,0.000136979923486257,-0.03333333333333344,0.0002415542179756129,-0.03571428571428581,0.0005366051503454346,-0.03809523809523818,0.00021177411208459518,-0.02619047619047632,6.301723866477551e-05,-0.023809523809523947,7.892845928647593e-05,-0.021428571428571352,0.00011384854306033173,-0.01904761904761909,0.00018449213838040758,-0.01666666666666672,0.00014005782372900847,1.0,2.0,1.0,1.0,0.0
42,14:30:09,1,-0.02619047619047632,92328.0,-0.027380952380952395,-0.02857142857142858,0.00011387863065163531,-0.030952380952380953,0.0001372557982489259,-0.03333333333333344,0.00024191342990617133,-0.03571428571428581,0.0005351539341459785,-0.03809523809523818,0.00021214769249237596,-0.02619047619047632,6.384773664822664e-05,-0.023809523809523947,7.95692933705922e-05,-0.021428571428571352,0.00011484284168411753,-0.01904761904761909,0.00018493181378341112,-0.01666666666666672,0.0001400003498201191,1.0,2.0,1.0,1.0,0.0
42,14:30:12,1,-0.02857142857142858,417162.0,-0.027380952380952395,-0.02857142857142858,0.00011265443639229212,-0.030952380952380953,0.0001370575132632576,-0.03333333333333344,0.00024256575877206548,-0.03571428571428581,0.0005352832504409795,-0.03809523809523818,0.00021214769249237596,-0.02619047619047632,6.538803740646129e-05,-0.023809523809523947,7.98710313922613e-05,-0.021428571428571352,0.00011586875095779246,-0.01904761904761909,0.00018594622827530817,-0.01666666666666672,0.00013964401158500514,1.0,1.0,1.0,1.0,0.0
42,14:30:15,1,-0.02857142857142858,1059292.0,-0.027380952380952395,-0.02857142857142858,0.0001119273914448418,-0.030952380952380953,0.0001345056717085704,-0.03333333333333344,0.0002338469667935508,-0.03571428571428581,0.0005358033893164281,-0.03809523809523818,0.00021215631357870935,-0.02619047619047632,6.122876556795666e-05,-0.023809523809523947,8.001471616448469e-05,-0.021428571428571352,0.0001168141967590223,-0.01904761904761909,0.00018632842976942237,-0.01666666666666672,0.0001393250313906692,1.0,1.0,1.0,0.0,0.0
42,14:30:18,1,-0.02857142857142858,2419682.0,-0.027380952380952395,-0.02857142857142858,0.00011073480783538775,-0.030952380952380953,0.0001348505151619065,-0.03333333333333344,0.00023418606285599796,-0.03571428571428581,0.0005357746523619835,-0.03809523809523818,0.00021240632508237803,-0.02619047619047632,4.692638334084142e-05,-0.023809523809523947,8.044002309026589e-05,-0.021428571428571352,0.00011572793988101354,-0.01904761904761909,0.00018543471048619296,-0.01666666666666672,0.0001393250313906692,2.0,1.0,1.0,0.0,0.0
42,14:30:21,1,-0.02619047619047632,135218.0,-0.027380952380952395,-0.02857142857142858,0.00011046077223780332,-0.030952380952380953,0.00013443095562701423,-0.03333333333333344,0.00023433836871455474,-0.03571428571428581,0.0005359528214795404,-0.03809523809523818,0.00021240632508237803,-0.02619047619047632,4.9139128833081476e-05,-0.023809523809523947,8.03595596178208e-05,-0.021428571428571352,0.00011571931879468014,-0.01904761904761909,0.0001846846759751869,-0.01666666666666672,0.00013938250529955859,2.0,1.0,1.0,0.0,0.0
42,14:30:24,1,-0.02857142857142858,821905.0,-0.027380952380952395,-0.02857142857142858,0.00011291203445193419,-0.030952380952380953,0.00013419243890512342,-0.03333333333333344,0.00023475792824944702,-0.03571428571428581,0.0005358177577936505,-0.03809523809523818,0.0002124810411639342,-0.02619047619047632,4.900981253808043e-05,-0.023809523809523947,8.08021087162688e-05,-0.021428571428571352,0.0001157940348762363,-0.01904761904761909,0.00018400073645940363,-0.01666666666666672,0.00013919571509566817,2.0,2.0,1.0,0.0,0.0
42,14:30:27,1,-0.02619047619047632,1478010.0,-0.027380952380952395,-0.02857142857142858,0.00010690601097299691,-0.030952380952380953,0.0001356838868408021,-0.03333333333333344,0.00023491598149889275,-0.03571428571428581,0.0005362976649328766,-0.03809523809523818,0.0002124810411639342,-0.02619047619047632,4.997537420742155e-05,-0.023809523809523947,8.082509827982454e-05,-0.021428571428571352,0.0001160066883391269,-0.01904761904761909,0.0001840122312411815,-0.01666666666666672,0.00013910375684144521,1.0,1.0,1.0,0.0,0.0
42,14:30:30,1,-0.02619047619047632,5726465.0,-0.027380952380952395,-0.02857142857142858,0.00010477372895320195,-0.030952380952380953,0.00013654886916958684,-0.03333333333333344,0.00023578671121856642,-0.03571428571428581,0.0005359643162613183,-0.03809523809523818,0.00021265346289060224,-0.02619047619047632,1.3220809472680966e-05,-0.023809523809523947,8.125902629193916e-05,-0.021428571428571352,0.00011588024573957033,-0.01904761904761909,0.00018418465296784955,-0.01666666666666672,0.00013900317750088886,1.0,1.0,1.0,0.0,0.0
42,14:30:33,1,-0.02619047619047632,2554503.0,-0.025000000000000133,-0.02619047619047632,7.596240327042315e-06,-0.02857142857142858,0.00011430002935161204,-0.030952380952380953,0.0001366609432919211,-0.03333333333333344,0.00023559129992834263,-0.03571428571428581,0.0005360390323428745,-0.023809523809523947,8.87047711885547e-05,-0.021428571428571352,0.00011578828748534736,-0.01904761904761909,0.00018388866233706938,-0.01666666666666672,0.00013908651466877842,-0.014285714285714457,0.00010665370051297266,0.0,0.0,0.0,0.0,0.0
42,14:30:36,1,-0.02619047619047632,6081108.0,-0.025000000000000133,-0.02619047619047632,5.270357445153575e-06,-0.02857142857142858,8.141739564788377e-05,-0.030952380952380953,0.00013768397887015156,-0.03333333333333344,0.00023588441686367832,-0.03571428571428581,0.0005361827171150978,-0.023809523809523947,9.481999509438175e-05,-0.021428571428571352,0.0001159003616076816,-0.01904761904761909,0.0001839777468958479,-0.01666666666666672,0.00014130788124735186,-0.014285714285714457,0.00010665370051297266,0.0,0.0,0.0,0.0,0.0
42,14:30:39,1,-0.02619047619047632,717801.0,-0.025000000000000133,-0.02619047619047632,7.672766836728487e-07,-0.02857142857142858,8.170189149688606e-05,-0.030952380952380953,0.0001377069684337073,-0.03333333333333344,0.000236312597484904,-0.03571428571428581,0.0005374758800651083,-0.023809523809523947,9.510161724793958e-05,-0.021428571428571352,0.00011564172901767952,-0.01904761904761909,0.00018347485019306605,-0.01666666666666672,0.00014142282906513056,-0.014285714285714457,0.00010665370051297266,1.0,0.0,0.0,0.0,0.0
42,14:30:42,1,-0.02619047619047632,217809.0,-0.027380952380952395,-0.02857142857142858,8.155245933377374e-05,-0.030952380952380953,0.00013841964490393527,-0.03333333333333344,0.00023646490334346078,-0.03571428571428581,0.0005378839448182226,-0.03809523809523818,0.00021262472593615758,-0.02619047619047632,1.7816911755699108e-06,-0.023809523809523947,0.00010228872955455303,-0.021428571428571352,0.00011583426661245884,-0.01904761904761909,0.0001818655807441642,-0.01666666666666672,0.00014133661820179655,1.0,1.0,1.0,0.0,0.0
42,14:30:45,1,-0.02619047619047632,126170.0,-0.027380952380952395,-0.02857142857142858,8.307839161478604e-05,-0.030952380952380953,0.00013844838185837993,-0.03333333333333344,0.00023646490334346078,-0.03571428571428581,0.0005382086724034475,-0.03809523809523818,0.00021264196810882437,-0.02619047619047632,3.2875075884709324e-06,-0.023809523809523947,9.61907478213928e-05,-0.021428571428571352,0.00011604979377079391,-0.01904761904761909,0.00018234548788339028,-0.01666666666666672,0.00014144294493324185,1.0,1.0,1.0,0.0,0.0
42,14:30:48,1,-0.02619047619047632,392714.0,-0.027380952380952395,-0.02857142857142858,8.306977052845263e-05,-0.030952380952380953,0.00014286525175652665,-0.03333333333333344,0.0002374735704444689,-0.03571428571428581,0.0005362689279784318,-0.03809523809523818,0.00021264196810882437,-0.02619047619047632,3.4714240969168586e-06,-0.023809523809523947,9.396938124281934e-05,-0.021428571428571352,0.0001164233741785747,-0.01904761904761909,0.0001826989524230598,-0.01666666666666672,0.00014144294493324185,1.0,1.0,1.0,0.0,0.0
42,14:30:51,1,-0.02857142857142858,335819.0,-0.027380952380952395,-0.02857142857142858,8.176511279666434e-05,-0.030952380952380953,0.0001429916943560832,-0.03333333333333344,0.0002396288420278196,-0.03571428571428581,0.0005363953705779885,-0.03809523809523818,0.0002125787468090461,-0.02619047619047632,5.083567241263181e-06,-0.023809523809523947,9.403834993348656e-05,-0.021428571428571352,0.00011690902870868972,-0.01904761904761909,0.00018266734177317066,-0.01666666666666672,0.0001413653551562412,1.0,1.0,1.0,0.0,0.0
42,14:30:54,1,-0.02619047619047632,1357665.0,-0.025000000000000133,-0.02619047619047632,2.031702679238592e-06,-0.02857142857142858,8.203811386388877e-05,-0.030952380952380953,0.00014330780085497464,-0.03333333333333344,0.00023862592231770042,-0.03571428571428581,0.00053630628601921,-0.023809523809523947,9.122845052788614e-05,-0.021428571428571352,0.00011729123020280392,-0.01904761904761909,0.00018446340142596292,-0.01666666666666672,0.00014160387187813202,-0.014285714285714457,0.00011335228459402662,0.0,0.0,0.0,0.0,0.0
42,14:30:57,1,-0.02857142857142858,1475411.0,-0.027380952380952395,-0.02857142857142858,7.57562156222826e-05,-0.030952380952380953,0.00014364977061286628,-0.03333333333333344,0.00023862592231770042,-0.03571428571428581,0.0005365476764365452,-0.03809523809523818,0.00021255000985460142,-0.02619047619047632,8.908455877849555e-08,-0.023809523809523947,9.202446416600367e-05,-0.021428571428571352,0.0001171417980396916,-0.01904761904761909,0.0001846875496706314,-0.01666666666666672,0.0001417475566503554,1.0,1.0,1.0,0.0,0.0
42,14:31:00,1,-0.02857142857142858,4140534.0,-0.027380952380952395,-0.02857142857142858,7.088530184391002e-05,-0.030952380952380953,0.00014350321214519845,-0.03333333333333344,0.00023845350059103235,-0.03571428571428581,0.0005365764133909899,-0.03809523809523818,0.00021255000985460142,-0.02619047619047632,2.959906307801626e-07,-0.023809523809523947,9.315095278023497e-05,-0.021428571428571352,0.00011723662998935903,-0.01904761904761909,0.00018455535968018587,-0.01666666666666672,0.0001417475566503554,1.0,1.0,1.0,0.0,0.0
42,14:31:03,1,-0.02619047619047632,566515.0,-0.027380952380952395,-0.02857142857142858,7.01065303784593e-05,-0.030952380952380953,0.00014360666518119927,-0.03333333333333344,0.00023864029079492273,-0.03571428571428581,0.0005361453590743198,-0.03809523809523818,0.00021264771549971332,-0.02619047619047632,7.534829455394042e-06,-0.023809523809523947,9.86195952110568e-05,-0.021428571428571352,0.00011707857673991331,-0.01904761904761909,0.00018459846511185288,-0.01666666666666672,0.000141782040995689,1.0,1.0,1.0,0.0,0.0
42,14:31:06,1,-0.02857142857142858,502355.0,-0.027380952380952395,-0.02857142857142858,6.835644985277853e-05,-0.030952380952380953,0.00014344286454086462,-0.03333333333333344,0.00023872650165825677,-0.03571428571428581,0.0005362373173285427,-0.03809523809523818,0.00021271668419038054,-0.02619047619047632,1.1802267190428424e-05,-0.023809523809523947,9.902191257328227e-05,-0.021428571428571352,0.00011735732519802666,-0.01904761904761909,0.00018597209153430839,-0.01666666666666672,0.00014163835622346563,1.0,1.0,1.0,0.0,0.0
42,14:31:09,1,-0.02619047619047632,294763.0,-0.027380952380952395,-0.02857142857142858,6.048252433493731e-05,-0.030952380952380953,0.00014450613185531763,-0.03333333333333344,0.00023886156534414676,-0.03571428571428581,0.0005363206544964323,-0.03809523809523818,0.00021270518940860267,-0.02619047619047632,1.7710585024253808e-05,-0.023809523809523947,0.00010004207445606827,-0.021428571428571352,0.00011702972391735737,-0.01904761904761909,0.00019970548206341905,-0.01666666666666672,0.00014133661820179655,1.0,1.0,1.0,0.0,0.0
42,14:31:12,1,-0.02619047619047632,701982.0,-0.027380952380952395,-0.02857142857142858,6.0065838495489514e-05,-0.030952380952380953,0.00014469004836376357,-0.03333333333333344,0.00023918054553848266,-0.03571428571428581,0.0005364183601415442,-0.03809523809523818,0.00021270518940860267,-0.02619047619047632,2.46821701725322e-05,-0.023809523809523947,0.00010252782101553274,-0.021428571428571352,0.00011884302574281642,-0.01904761904761909,0.000200018714866866,-0.01666666666666672,0.00014133661820179655,1.0,1.0,1.0,0.0,0.0
42,14:31:15,1,-0.02619047619047632,381574.0,-0.027380952380952395,-0.02857142857142858,9.648418086322738e-05,-0.030952380952380953,0.00014451187924620658,-0.03333333333333344,0.0002389190392530361,-0.03571428571428581,0.0005362459384148762,-0.03809523809523818,0.0002127281789721584,-0.02619047619047632,3.405903840782997e-05,-0.023809523809523947,0.00010307094945453711,-0.021428571428571352,0.00011885164682914982,-0.01904761904761909,0.00019988077748553157,-0.01666666666666672,0.00014131937602912973,1.0,1.0,0.0,0.0,0.0
42,14:31:18,1,-0.02857142857142858,129035.0,-0.027380952380952395,-0.02857142857142858,9.695834061156454e-05,-0.030952380952380953,0.00014403197210698047,-0.03333333333333344,0.00023885869164870228,-0.03571428571428581,0.0005366223925181014,-0.03809523809523818,0.00021307876981638347,-0.02619047619047632,2.9972643485797047e-05,-0.023809523809523947,0.00010505092561577529,-0.021428571428571352,0.00011933730135926484,-0.01904761904761909,0.0001996911135861967,-0.01666666666666672,0.000141118217348017,1.0,1.0,0.0,0.0,0.0
42,14:31:21,1,-0.02857142857142858,4292517.0,-0.027380952380952395,-0.02857142857142858,9.688075083456391e-05,-0.030952380952380953,0.00014279915676130387,-0.03333333333333344,0.00023907134511159288,-0.03571428571428581,0.0005383207465257817,-0.03809523809523818,0.00021307302242549452,-0.02619047619047632,4.350774902923943e-06,-0.023809523809523947,0.00010525208429688802,-0.021428571428571352,0.00011926545897315316,-0.01904761904761909,0.00019936063861008293,-0.01666666666666672,0.0001411527016933506,1.0,1.0,0.0,0.0,0.0
42,14:31:24,1,-0.02619047619047632,3119334.0,-0.027380952380952395,-0.02857142857142858,0.00012585334830568623,-0.030952380952380953,0.00014271294589796984,-0.03333333333333344,0.00023915468227948244,-0.03571428571428581,0.0005383063780485594,-0.03809523809523818,0.00021365925629616593,-0.02619047619047632,9.27054150385247e-06,-0.023809523809523947,0.00010651651029245377,-0.021428571428571352,0.00011916200593715232,-0.01904761904761909,0.0001996480081545297,-0.01666666666666672,0.0001411527016933506,1.0,1.0,0.0,0.0,0.0
42,14:31:27,1,-0.02857142857142858,820198.0,-0.027380952380952395,-0.02857142857142858,0.00012242790333588085,-0.030952380952380953,0.00014338539063197528,-0.03333333333333344,0.00023957711550981917,-0.03571428571428581,0.0005399587529291283,-0.03809523809523818,0.00021365925629616593,-0.02619047619047632,9.601016479966245e-06,-0.023809523809523947,0.00010725505002168193,-0.021428571428571352,0.00011945224917704355,-0.01904761904761909,0.00019975146119053053,-0.01666666666666672,0.00014067566824956898,1.0,1.0,0.0,0.0,0.0
42,14:31:30,1,-0.02857142857142858,776406.0,-0.027380952380952395,-0.02857142857142858,0.00012260894614888232,-0.030952380952380953,0.00014333079041853038,-0.03333333333333344,0.00024108005822727575,-0.03571428571428581,0.0005410248939390258,-0.03809523809523818,0.00021365925629616593,-0.02619047619047632,5.8680860976028355e-06,-0.023809523809523947,0.00010895053033391782,-0.021428571428571352,0.00011925971158226421,-0.01904761904761909,0.00019975146119053053,-0.01666666666666672,0.00014072164737668048,1.0,1.0,0.0,0.0,0.0
42,14:31:33,1,-0.02857142857142858,733829.0,-0.027380952380952395,-0.02857142857142858,0.00011952547093696859,-0.030952380952380953,0.00014337676954564185,-0.03333333333333344,0.00024128121690838848,-0.03571428571428581,0.0005406225765768003,-0.03809523809523818,0.00021365925629616593,-0.02619047619047632,7.0664170979458236e-06,-0.023809523809523947,0.0001091746785785863,-0.021428571428571352,0.00011948098613148822,-0.01904761904761909,0.00021857991374268224,-0.01666666666666672,0.00014072164737668048,1.0,1.0,0.0,0.0,0.0
42,14:31:36,1,-0.02857142857142858,509004.0,-0.027380952380952395,-0.02857142857142858,0.00011909441662029845,-0.030952380952380953,0.00014473890118631952,-0.03333333333333344,0.00024081567824638472,-0.03571428571428581,0.0005413726110878064,-0.03809523809523818,0.00021366212999161037,-0.02619047619047632,9.267667808408003e-06,-0.023809523809523947,0.0001080309477916882,-0.021428571428571352,0.00011914763745992998,-0.01904761904761909,0.00021857991374268224,-0.01666666666666672,0.0001407705001992364,1.0,1.0,0.0,0.0,0.0
42,14:31:39,1,-0.02857142857142858,490923.0,-0.027380952380952395,-0.02857142857142858,0.00012341070717788877,-0.030952380952380953,0.00014071572756406487,-0.03333333333333344,0.00024122374299949913,-0.03571428571428581,0.0005412921476153612,-0.03809523809523818,0.0002136793721642772,-0.02619047619047632,7.804956827173996e-06,-0.023809523809523947,0.00011160007753371694,-0.021428571428571352,0.00011998963022515899,-0.01904761904761909,0.0002184505974476812,-0.01666666666666672,0.00014134523928812994,1.0,1.0,0.0,0.0,0.0
42,14:31:42,1,-0.02857142857142858,698684.0,-0.027380952380952395,-0.02857142857142858,0.0001202956213160859,-0.030952380952380953,0.00013787364276948643,-0.03333333333333344,0.0002412007534359434,-0.03571428571428581,0.000541395600651362,-0.03809523809523818,0.00021365925629616593,-0.02619047619047632,7.629661405061473e-06,-0.023809523809523947,0.00011155409840660547,-0.021428571428571352,0.00012011032543382663,-0.01904761904761909,0.00021818621746679017,-0.01666666666666672,0.00014134523928812994,1.0,1.0,0.0,0.0,0.0
42,14:31:45,1,-0.02857142857142858,3142563.0,-0.027380952380952395,-0.02857142857142858,0.00011607128901271854,-0.030952380952380953,0.00013793111667837577,-0.03333333333333344,0.00024159157601639098,-0.03571428571428581,0.0005422634566755913,-0.03809523809523818,0.0002135012030467202,-0.02619047619047632,8.592349378958118e-07,-0.023809523809523947,0.00010646191007900888,-0.021428571428571352,0.00011716478760324734,-0.01904761904761909,0.00021833852332534695,-0.01666666666666672,0.00014140846058790824,1.0,0.0,0.0,0.0,0.0
42,14:31:48,1,-0.02857142857142858,2652823.0,-0.027380952380952395,-0.02857142857142858,6.910935805922904e-05,-0.030952380952380953,0.00013782766364237495,-0.03333333333333344,0.00023946504138748495,-0.03571428571428581,0.0005422806988482581,-0.03809523809523818,0.0002138460465000563,-0.02619047619047632,2.1725137560175042e-06,-0.023809523809523947,0.00010591590794456004,-0.021428571428571352,0.00011709007152169119,-0.01904761904761909,0.00021794195335401043,-0.01666666666666672,0.00014140846058790824,1.0,0.0,0.0,0.0,0.0
42,14:31:51,1,-0.02619047619047632,415225.0,-0.027380952380952395,-0.02857142857142858,4.0260329492218825e-05,-0.030952380952380953,0.00013795985363282043,-0.03333333333333344,0.0002397897689727098,-0.03571428571428581,0.0005421801195077018,-0.03809523809523818,0.00021368224585972167,-0.02619047619047632,4.25881664870098e-06,-0.023809523809523947,0.00010722631306723726,-0.021428571428571352,0.00011675384915468847,-0.01904761904761909,0.00021780401597267597,-0.01666666666666672,0.00014054635195456794,1.0,0.0,0.0,0.0,0.0
42,14:31:54,1,-0.02619047619047632,1392077.0,-0.027380952380952395,-0.02857142857142858,3.191799161692939e-05,-0.030952380952380953,0.00013836791838593484,-0.03333333333333344,0.00023963458941870855,-0.03571428571428581,0.0005422605829801468,-0.03809523809523818,0.00021368224585972167,-0.02619047619047632,1.970492966271432e-05,-0.023809523809523947,0.00010806543213702181,-0.021428571428571352,0.00011486870494311773,-0.01904761904761909,0.00021749078316922902,-0.01666666666666672,0.00014044864630945606,1.0,0.0,0.0,0.0,0.0
42,14:31:57,1,-0.02857142857142858,516192.0,-0.027380952380952395,-0.02857142857142858,2.930580245790834e-05,-0.030952380952380953,0.00013708912391314677,-0.03333333333333344,0.00023975241093193172,-0.03571428571428581,0.0005424186362295926,-0.03809523809523818,0.00021365350890527698,-0.02619047619047632,3.106464775469474e-05,-0.023809523809523947,0.00010939882682325477,-0.021428571428571352,0.00011500664232445217,-0.01904761904761909,0.00021738158274233924,-0.01666666666666672,0.0001406210680361241,1.0,0.0,0.0,0.0,0.0
42,14:32:00,1,-0.02619047619047632,1144650.0,-0.027380952380952395,-0.02857142857142858,2.2460659909186522e-05,-0.030952380952380953,0.00013675002785069957,-0.03333333333333344,0.00023956849442348578,-0.03571428571428581,0.0005423898992751478,-0.03809523809523818,0.00021366787738249932,-0.02619047619047632,3.16709974934774e-05,-0.023809523809523947,0.00011018621937503889,-0.021428571428571352,0.00011554689706801209,-0.01904761904761909,0.00021740457230589498,-0.01666666666666672,0.0001406210680361241,0.0,0.0,0.0,0.0,0.0
42,14:32:03,1,-0.02857142857142858,713192.0,-0.027380952380952395,-0.02857142857142858,1.9017972766714342e-05,-0.030952380952380953,0.00013684198610492256,-0.03333333333333344,0.00023966045267770873,-0.03571428571428581,0.0005421485088578125,-0.03809523809523818,0.00021366787738249932,-0.02619047619047632,3.27974861077087e-05,-0.023809523809523947,0.0001105569260873752,-0.021428571428571352,0.00011588886682590373,-0.01904761904761909,0.00021751377273278476,-0.01666666666666672,0.0001406210680361241,0.0,0.0,0.0,0.0,0.0
42,14:32:06,1,-0.02857142857142858,2031457.0,-0.027380952380952395,-0.02857142857142858,6.020248271387395e-06,-0.030952380952380953,0.00013716671369014738,-0.03333333333333344,0.0002387494912218125,-0.03571428571428581,0.0005425479525245936,-0.03809523809523818,0.0002136793721642772,-0.02619047619047632,4.086682291577371e-05,-0.023809523809523947,0.00010286691707797992,-0.021428571428571352,0.00011662453285968743,-0.01904761904761909,0.00021745917251933986,-0.01666666666666672,0.0001405952047771239,0.0,0.0,0.0,0.0,0.0
42,14:32:09,1,-0.02857142857142858,820164.0,-0.027380952380952395,-0.02857142857142858,7.741591842623486e-06,-0.030952380952380953,0.0001373879882393714,-0.03333333333333344,0.00023892191294848058,-0.03571428571428581,0.0005425422051337046,-0.03809523809523818,0.00021350407674216467,-0.02619047619047632,4.2898525595012305e-05,-0.023809523809523947,0.00010394742656509973,-0.021428571428571352,0.00011656418525535361,-0.01904761904761909,0.00021682983321700145,-0.01666666666666672,0.00014061532064523518,0.0,0.0,0.0,0.0,0.0
42,14:32:12,1,-0.02857142857142858,1473294.0,-0.027380952380952395,-0.02857142857142858,5.733022411712858e-08,-0.030952380952380953,0.0001367299119825883,-0.03333333333333344,0.00023914318749770457,-0.03571428571428581,0.0005427404901193729,-0.03809523809523818,0.00021377133041850015,-0.02619047619047632,4.4749185461249434e-05,-0.023809523809523947,0.00010635845704300805,-0.021428571428571352,0.00011671361741846593,-0.01904761904761909,0.00021851669244290394,-0.01666666666666672,0.00014060095216801284,0.0,0.0,0.0,0.0,0.0
42,14:32:15,1,-0.02857142857142858,456122.0,-0.029761904761904767,-0.030952380952380953,0.00013673838938414948,-0.03333333333333344,0.00023901387120270354,-0.03571428571428581,0.0005439474422060493,-0.03809523809523818,0.00021383742541372292,-0.04047619047619044,0.00036942791786353206,-0.02857142857142858,1.9714987596769957e-06,-0.02619047619047632,4.5352661504587634e-05,-0.023809523809523947,0.00010762863042946272,-0.021428571428571352,0.00011665901720502104,-0.01904761904761909,0.00021853968200645968,1.0,1.0,1.0,0.0,1.0
42,14:32:18,1,-0.02857142857142858,358874.0,-0.029761904761904767,-0.030952380952380953,0.00013567799576514095,-0.03333333333333344,0.00023894202881659184,-0.03571428571428581,0.0005439675580741606,-0.03809523809523818,0.00021366500368705485,-0.04047619047619044,0.0003694365389498655,-0.02857142857142858,6.879770578827653e-06,-0.02619047619047632,4.549921997225548e-05,-0.023809523809523947,0.00010869189774391574,-0.021428571428571352,0.00011656131155990915,-0.01904761904761909,0.00021843622897045885,1.0,1.0,1.0,0.0,1.0
42,14:32:21,1,-0.030952380952380953,372709.0,-0.029761904761904767,-0.030952380952380953,0.00013365778786768022,-0.03333333333333344,0.00023912881902048223,-0.03571428571428581,0.000544191706318829,-0.03809523809523818,0.00021363051934172124,-0.04047619047619044,0.0003693503280865314,-0.02857142857142858,1.8587205819588647e-05,-0.02619047619047632,3.6174078254958126e-05,-0.023809523809523947,0.00010899938315647377,-0.021428571428571352,0.00011610152028879433,-0.01904761904761909,0.0002169706442937804,1.0,1.0,0.0,1.0,1.0
42,14:32:24,1,-0.02857142857142858,1374587.0,-0.029761904761904767,-0.030952380952380953,0.00012596777885828494,-0.03333333333333344,0.00023972080028204255,-0.03571428571428581,0.0005444503389088312,-0.03809523809523818,0.0002136075297781655,-0.04047619047619044,0.0003692066433143081,-0.02857142857142858,2.1733902331280668e-05,-0.02619047619047632,3.6176951950402594e-05,-0.023809523809523947,0.00010955688007270049,-0.021428571428571352,0.00011611588876601667,-0.01904761904761909,0.00021681546473977913,1.0,1.0,0.0,1.0,1.0
42,14:32:27,1,-0.02857142857142858,922311.0,-0.029761904761904767,-0.030952380952380953,0.0001223699121618115,-0.03333333333333344,0.00024062314065160538,-0.03571428571428581,0.0005443813702181639,-0.03809523809523818,0.00021355005586927615,-0.04047619047619044,0.0003692095170097525,-0.02857142857142858,2.4288617581412363e-05,-0.02619047619047632,3.590395088317817e-05,-0.023809523809523947,0.0001092177840102533,-0.021428571428571352,0.00011579690857168077,-0.01904761904761909,0.00021681546473977913,1.0,1.0,0.0,0.0,1.0
42,14:32:30,1,-0.02857142857142858,584240.0,-0.029761904761904767,-0.030952380952380953,0.00011783234705499716,-0.03333333333333344,0.00024147088080772334,-0.03571428571428581,0.0005446428765036105,-0.03809523809523818,0.00021358166651916529,-0.04047619047619044,0.000369212390705197,-0.02857142857142858,2.618238287931651e-05,-0.02619047619047632,3.6421216063182336e-05,-0.023809523809523947,0.00010901375163369611,-0.021428571428571352,0.00011572793988101354,-0.01904761904761909,0.0002180051746537887,1.0,1.0,0.0,0.0,1.0
42,14:32:33,1,-0.030952380952380953,210861.0,-0.029761904761904767,-0.030952380952380953,0.00011690414342643413,-0.03333333333333344,0.00024172089231139202,-0.03571428571428581,0.0005446917293261664,-0.03809523809523818,0.000213696614336944,-0.04047619047619044,0.00036917215896897445,-0.02857142857142858,2.7863494714330056e-05,-0.02619047619047632,3.721148231041093e-05,-0.023809523809523947,0.00011142478211160443,-0.021428571428571352,0.00011555839184978995,-0.01904761904761909,0.00021780401597267597,1.0,1.0,0.0,0.0,1.0
42,14:32:36,1,-0.030952380952380953,455193.0,-0.029761904761904767,-0.030952380952380953,0.000116294919992207,-0.03333333333333344,0.00024270944354428886,-0.03571428571428581,0.0005454417638371725,-0.03809523809523818,0.000213696614336944,-0.04047619047619044,0.00036917215896897445,-0.02857142857142858,2.9717028276011656e-05,-0.02619047619047632,3.73206827373007e-05,-0.023809523809523947,0.0001134220004455094,-0.021428571428571352,0.00011490893667934027,-0.01904761904761909,0.00021760285729156324,1.0,1.0,1.0,0.0,1.0
42,14:32:39,1,-0.030952380952380953,220629.0,-0.029761904761904767,-0.030952380952380953,0.0001147689877111947,-0.03333333333333344,0.0002423617263955083,-0.03571428571428581,0.0005443612543500527,-0.03809523809523818,0.0002139006467135012,-0.04047619047619044,0.00036917215896897445,-0.02857142857142858,3.880940066230714e-05,-0.02619047619047632,2.9208240497568667e-05,-0.023809523809523947,0.00011268346071628124,-0.021428571428571352,0.00011432845019955782,-0.01904761904761909,0.0002163298102096641,1.0,1.0,1.0,1.0,1.0
42,14:32:42,1,-0.030952380952380953,415624.0,-0.029761904761904767,-0.030952380952380953,0.0001136424990969634,-0.03333333333333344,0.00024164330253439138,-0.03571428571428581,0.0005437807678702702,-0.03809523809523818,0.00021390352040894566,-0.04047619047619044,0.00036909169549652934,-0.02857142857142858,3.956791257487436e-05,-0.02619047619047632,2.9116282243345703e-05,-0.023809523809523947,0.00011405421344329227,-0.021428571428571352,0.0001141359126047785,-0.01904761904761909,0.0002168614438668906,1.0,1.0,1.0,0.0,2.0
42,14:32:45,1,-0.030952380952380953,470553.0,-0.029761904761904767,-0.030952380952380953,0.00011163665967672503,-0.03333333333333344,0.00024515495836753077,-0.03571428571428581,0.0005441514745826065,-0.03809523809523818,0.00021390352040894566,-0.04047619047619044,0.0003691922748370857,-0.02857142857142858,4.128925614611045e-05,-0.02619047619047632,2.935767266068098e-05,-0.023809523809523947,0.00012027576408056463,-0.021428571428571352,0.00011419338651366784,-0.01904761904761909,0.00021685857017144614,1.0,1.0,0.0,1.0,2.0
42,14:32:48,1,-0.030952380952380953,5436393.0,-0.029761904761904767,-0.030952380952380953,0.00010603007986456873,-0.03333333333333344,0.00024535324335319905,-0.03571428571428581,0.0005448095508393896,-0.03809523809523818,0.0002142196269078371,-0.04047619047619044,0.00036937044395464274,-0.02857142857142858,1.526507020101188e-05,-0.02619047619047632,3.5038968554393425e-05,-0.023809523809523947,0.0001206234812293452,-0.021428571428571352,0.0001116702819134253,-0.01904761904761909,0.00021734709839700564,1.0,1.0,0.0,1.0,2.0
42,14:32:51,1,-0.030952380952380953,829903.0,-0.029761904761904767,-0.030952380952380953,0.00010173677887053415,-0.03333333333333344,0.00024553141247075607,-0.03571428571428581,0.0005452406051560597,-0.03809523809523818,0.00021427135342583751,-0.04047619047619044,0.0003693733176500872,-0.02857142857142858,1.5224838464789334e-05,-0.02619047619047632,3.515966376306106e-05,-0.023809523809523947,0.00012085625056034708,-0.021428571428571352,0.00011119324846964367,-0.01904761904761909,0.00021778102640912023,1.0,0.0,0.0,1.0,2.0
42,14:32:54,1,-0.030952380952380953,1338387.0,-0.029761904761904767,-0.030952380952380953,9.904987362995694e-05,-0.03333333333333344,0.00024579579245164704,-0.03571428571428581,0.0005454072794918389,-0.03809523809523818,0.000214274227121282,-0.04047619047619044,0.00036960033959020013,-0.02857142857142858,1.0575199235640762e-05,-0.02619047619047632,3.563669720684268e-05,-0.023809523809523947,0.00012052290188878884,-0.021428571428571352,0.0001107564467620846,-0.01904761904761909,0.00021763734163689685,1.0,0.0,0.0,1.0,2.0
42,14:32:57,1,-0.030952380952380953,1667907.0,-0.029761904761904767,-0.030952380952380953,8.996612232999486e-05,-0.03333333333333344,0.000245801539842536,-0.03571428571428581,0.0005463498515976242,-0.03809523809523818,0.00021442940667528324,-0.04047619047619044,0.0003691807800553079,-0.02857142857142858,1.081658965297604e-05,-0.02619047619047632,3.610798325973537e-05,-0.023809523809523947,0.00012329601799270008,-0.021428571428571352,0.00010996905421030048,-0.01904761904761909,0.00021832702854356908,1.0,0.0,0.0,1.0,2.0
42,14:33:00,1,-0.030952380952380953,468154.0,-0.029761904761904767,-0.030952380952380953,8.702920558574898e-05,-0.03333333333333344,0.0002453043905306431,-0.03571428571428581,0.0005500023185075426,-0.03809523809523818,0.00021445239623883898,-0.04047619047619044,0.00036864914639808135,-0.02857142857142858,1.4601246553339866e-05,-0.02619047619047632,3.767414727697021e-05,-0.023809523809523947,0.00012447710682037626,-0.021428571428571352,0.00011122198542408834,-0.01904761904761909,0.0002186345139561271,1.0,0.0,0.0,1.0,2.0
42,14:33:03,1,-0.030952380952380953,3435718.0,-0.029761904761904767,-0.030952380952380953,6.71346120236998e-05,-0.03333333333333344,0.00024520955858097567,-0.03571428571428581,0.0005508730482272162,-0.03809523809523818,0.00021422250060328156,-0.04047619047619044,0.0003694968865541993,-0.02857142857142858,1.5727735167571165e-05,-0.02619047619047632,3.800749594852845e-05,-0.023809523809523947,0.000125563363698385,-0.021428571428571352,0.00011103232152475348,-0.01904761904761909,0.00021786723727245427,1.0,0.0,0.0,1.0,2.0
42,14:33:06,1,-0.030952380952380953,947943.0,-0.029761904761904767,-0.030952380952380953,6.095041942720553e-05,-0.03333333333333344,0.00024600844591453764,-0.03571428571428581,0.0005502149719704331,-0.03809523809523818,0.0002143087114666156,-0.04047619047619044,0.0003687123676978596,-0.02857142857142858,1.7339878311917487e-05,-0.02619047619047632,3.911099499920401e-05,-0.023809523809523947,0.00012552600565760694,-0.021428571428571352,0.00010999779116474515,-0.01904761904761909,0.00021782413184078726,0.0,1.0,0.0,1.0,2.0
42,14:33:09,1,-0.030952380952380953,1485691.0,-0.029761904761904767,-0.030952380952380953,5.5053596375158014e-05,-0.03333333333333344,0.00024628432067720657,-0.03571428571428581,0.0005508012058411045,-0.03809523809523818,0.00021439492232994963,-0.04047619047619044,0.0003686979992206373,-0.02857142857142858,1.806404956392332e-05,-0.02619047619047632,3.864545633720026e-05,-0.023809523809523947,0.0001258306173747205,-0.021428571428571352,0.00010999779116474515,-0.01904761904761909,0.00021667752735844467,0.0,1.0,0.0,1.0,2.0
42,14:33:12,1,-0.030952380952380953,1606062.0,-0.029761904761904767,-0.030952380952380953,4.7395198015651865e-05,-0.03333333333333344,0.00024677284890276604,-0.03571428571428581,0.0005508759219226606,-0.03809523809523818,0.0002143518168982826,-0.04047619047619044,0.00036901985311041765,-0.02857142857142858,1.9449170768156705e-05,-0.02619047619047632,3.8651203728089194e-05,-0.023809523809523947,0.0001257501539022754,-0.021428571428571352,0.00011022193940941362,-0.01904761904761909,0.0002168614438668906,0.0,1.0,0.0,1.0,1.0
42,14:33:15,1,-0.02857142857142858,1947616.0,-0.029761904761904767,-0.030952380952380953,4.03057913541503e-05,-0.03333333333333344,0.00024808612772088775,-0.03571428571428581,0.0005514334188388874,-0.03809523809523818,0.00021420813212605922,-0.04047619047619044,0.00036902847419675107,-0.02857142857142858,1.7532415906696816e-05,-0.02619047619047632,3.730918795552283e-05,-0.023809523809523947,0.00012572716433871967,-0.021428571428571352,0.00010989146443329985,-0.01904761904761909,0.00021678672778533445,0.0,0.0,0.0,1.0,1.0
42,14:33:18,1,-0.030952380952380953,4841025.0,-0.029761904761904767,-0.030952380952380953,7.531294809997347e-06,-0.03333333333333344,0.0002497499973832345,-0.03571428571428581,0.000551732283165112,-0.03809523809523818,0.00021459033362017342,-0.04047619047619044,0.00036917215896897445,-0.02857142857142858,1.7403099611695773e-05,-0.02619047619047632,3.674594364840718e-05,-0.023809523809523947,0.00012681054752128394,-0.021428571428571352,0.00010996043312396707,-0.01904761904761909,0.00021635854716410877,0.0,0.0,0.0,1.0,2.0
42,14:33:21,1,-0.030952380952380953,3169072.0,-0.03214285714285725,-0.03333333333333344,0.0002502730099541276,-0.03571428571428581,0.0005514822716614433,-0.03809523809523818,0.00021467367078806298,-0.04047619047619044,0.00036918365375075235,-0.04285714285714304,0.0004253299153447603,-0.030952380952380953,7.966745880697522e-07,-0.02857142857142858,9.919996674302149e-06,-0.02619047619047632,3.6412594976848933e-05,-0.023809523809523947,0.00012718412792906474,-0.021428571428571352,0.00011014147593696853,2.0,1.0,2.0,2.0,2.0
42,14:33:24,1,-0.030952380952380953,478611.0,-0.03214285714285725,-0.03333333333333344,0.00024945975414334326,-0.03571428571428581,0.0005520340211867811,-0.03809523809523818,0.00021439204863450516,-0.04047619047619044,0.0003695629815494221,-0.04285714285714304,0.00042529543099942665,-0.030952380952380953,6.934888057452541e-06,-0.02857142857142858,1.0825210739309442e-05,-0.02619047619047632,3.6547658662738914e-05,-0.023809523809523947,0.0001271266540201754,-0.021428571428571352,0.00011020757093219129,2.0,1.0,2.0,2.0,2.0
42,14:33:27,1,-0.030952380952380953,443159.0,-0.03214285714285725,-0.03333333333333344,0.00025028450473590545,-0.03571428571428581,0.0005520713792275592,-0.03809523809523818,0.00021438342754817176,-0.04047619047619044,0.00036991069869820263,-0.04285714285714304,0.0004252437044814262,-0.030952380952380953,9.981005228588195e-06,-0.02857142857142858,1.684560269546906e-05,-0.02619047619047632,3.694422863407544e-05,-0.023809523809523947,0.00012632201929572444,-0.021428571428571352,0.00010943742055307398,2.0,1.0,1.0,2.0,2.0
42,14:33:30,1,-0.030952380952380953,1000819.0,-0.03214285714285725,-0.03333333333333344,0.00024483023078230594,-0.03571428571428581,0.0005524363385490065,-0.03809523809523818,0.00021458171253384002,-0.04047619047619044,0.000369077327019307,-0.04285714285714304,0.0004251287566636475,-0.030952380952380953,1.2478246569830539e-05,-0.02857142857142858,1.8906042329152327e-05,-0.02619047619047632,3.7119524056187966e-05,-0.023809523809523947,0.00012693124272995158,-0.021428571428571352,0.00010943742055307398,1.0,1.0,1.0,2.0,2.0
42,14:33:33,1,-0.03333333333333344,979648.0,-0.03214285714285725,-0.03333333333333344,0.00024403134344874397,-0.03571428571428581,0.0005527438239615646,-0.03809523809523818,0.00021441216450261642,-0.04047619047619044,0.00036944516003619885,-0.04285714285714304,0.0004256115374983181,-0.030952380952380953,1.0578733881037455e-05,-0.02857142857142858,2.3167732673297775e-05,-0.02619047619047632,3.71338925334103e-05,-0.023809523809523947,0.00012679330534861715,-0.021428571428571352,0.00011011273898252386,1.0,1.0,1.0,2.0,2.0
42,14:33:36,1,-0.030952380952380953,2128705.0,-0.029761904761904767,-0.030952380952380953,1.9095045278534963e-05,-0.03333333333333344,0.00024172663970228094,-0.03571428571428581,0.0005531375202374567,-0.03809523809523818,0.00021450124906139493,-0.04047619047619044,0.0003677324375512962,-0.02857142857142858,2.3538439385634095e-05,-0.02619047619047632,4.241287106489728e-05,-0.023809523809523947,0.00012689101099372903,-0.021428571428571352,0.0001100725072463013,-0.01904761904761909,0.0002151487213819879,0.0,0.0,0.0,1.0,1.0
42,14:33:39,1,-0.030952380952380953,2846251.0,-0.029761904761904767,-0.030952380952380953,8.623299078895034e-06,-0.03333333333333344,0.00024717803996043597,-0.03571428571428581,0.0005518328625056684,-0.03809523809523818,0.0002142282479941705,-0.04047619047619044,0.00036678699175006637,-0.02857142857142858,2.469653864975454e-05,-0.02619047619047632,4.418306745868932e-05,-0.023809523809523947,0.00012688238990739563,-0.021428571428571352,0.00011067310959419504,-0.01904761904761909,0.00021517458464098812,0.0,0.0,1.0,1.0,1.0
42,14:33:42,1,-0.030952380952380953,1269034.0,-0.029761904761904767,-0.030952380952380953,1.0769748417231217e-06,-0.03333333333333344,0.0002480257801165539,-0.03571428571428581,0.000547743593888191,-0.03809523809523818,0.00021430296407572665,-0.04047619047619044,0.00036701688738562376,-0.02857142857142858,2.4831602335644513e-05,-0.02619047619047632,4.4131340940688904e-05,-0.023809523809523947,0.00012736517074206618,-0.021428571428571352,0.0001109604791386418,-0.01904761904761909,0.00021987307669269266,0.0,0.0,0.0,2.0,1.0
42,14:33:45,1,-0.03333333333333344,593262.0,-0.03214285714285725,-0.03333333333333344,0.00024891087831344994,-0.03571428571428581,0.0005480309634326377,-0.03809523809523818,0.0002142454901668373,-0.04047619047619044,0.0003671002245535133,-0.04285714285714304,0.00042576384335687485,-0.030952380952380953,4.776081828705148e-07,-0.02857142857142858,2.2334360994402174e-05,-0.02619047619047632,4.4226172890356335e-05,-0.023809523809523947,0.00012798876265351567,-0.021428571428571352,0.00011053517221286059,1.0,1.0,2.0,2.0,2.0
42,14:33:48,1,-0.030952380952380953,365523.0,-0.03214285714285725,-0.03333333333333344,0.0002485917544343418,-0.03571428571428581,0.000547349897612299,-0.03809523809523818,0.00021457309144750662,-0.04047619047619044,0.0003669278028268453,-0.04285714285714304,0.0004257983277022085,-0.030952380952380953,5.773828887024298e-06,-0.02857142857142858,2.8662238363119825e-05,-0.02619047619047632,4.4226172890356335e-05,-0.023809523809523947,0.0001279945100444046,-0.021428571428571352,0.0001103570030953036,1.0,1.0,2.0,2.0,2.0
42,14:33:51,1,-0.030952380952380953,2606563.0,-0.03214285714285725,-0.03333333333333344,0.00023487847977334244,-0.03571428571428581,0.0005464935363698476,-0.03809523809523818,0.00021453285971128407,-0.04047619047619044,0.0003669134343496229,-0.04285714285714304,0.0004262035187598784,-0.030952380952380953,6.518116007141406e-06,-0.02857142857142858,3.278311763048636e-05,-0.02619047619047632,4.424341506302314e-05,-0.023809523809523947,0.0001256955536888305,-0.021428571428571352,0.00011048057199941571,1.0,2.0,2.0,2.0,1.0
42,14:33:54,1,-0.030952380952380953,1117369.0,-0.03214285714285725,-0.03333333333333344,0.00023491583781412053,-0.03571428571428581,0.0005466717054874046,-0.03809523809523818,0.00021447538580239472,-0.04047619047619044,0.0003672783936710703,-0.04285714285714304,0.00042622650832343416,-0.030952380952380953,5.064026112240801e-06,-0.02857142857142858,3.469412510105731e-05,-0.02619047619047632,4.425203614935654e-05,-0.023809523809523947,0.0001277100141954023,-0.021428571428571352,0.00011049206678119358,1.0,2.0,2.0,2.0,1.0
42,14:33:57,1,-0.030952380952380953,2471891.0,-0.03214285714285725,-0.03333333333333344,0.00021965651500399758,-0.03571428571428581,0.0005465337681060702,-0.03809523809523818,0.00021343223435605298,-0.04047619047619044,0.0003673042569300705,-0.04285714285714304,0.00042635869831387965,-0.030952380952380953,1.386040786775612e-05,-0.02857142857142858,3.602177239640134e-05,-0.02619047619047632,4.721194245715817e-05,-0.023809523809523947,0.0001298911490377532,-0.021428571428571352,0.00011050643525841591,1.0,1.0,2.0,2.0,1.0
42,14:34:00,1,-0.030952380952380953,886123.0,-0.03214285714285725,-0.03333333333333344,0.00021748687494342454,-0.03571428571428581,0.0005462981250796238,-0.03809523809523818,0.00021340062370616382,-0.04047619047619044,0.00036737035192529327,-0.04285714285714304,0.00042645927765443603,-0.030952380952380953,1.4711021719318528e-05,-0.02857142857142858,3.726320882841134e-05,-0.02619047619047632,4.760563873305023e-05,-0.023809523809523947,0.00013064405724420373,-0.021428571428571352,0.00011074495198030673,1.0,1.0,2.0,2.0,1.0
42,14:34:03,1,-0.03333333333333344,742384.0,-0.03214285714285725,-0.03333333333333344,0.00021659028196475063,-0.03571428571428581,0.0005459504079308432,-0.03809523809523818,0.00021340062370616382,-0.04047619047619044,0.00036856868292563623,-0.04285714285714304,0.00042660870981754836,-0.030952380952380953,1.9556072238690897e-05,-0.02857142857142858,3.690974428874183e-05,-0.02619047619047632,4.6628582281931244e-05,-0.023809523809523947,0.00013134236523720935,-0.021428571428571352,0.00011078518371652927,1.0,1.0,2.0,2.0,2.0
42,14:34:06,1,-0.030952380952380953,1080083.0,-0.03214285714285725,-0.03333333333333344,0.00021373382869294984,-0.03571428571428581,0.0005463153672522906,-0.03809523809523818,0.00021351269782849807,-0.04047619047619044,0.0003686376516163035,-0.04285714285714304,0.0004261604133282114,-0.030952380952380953,1.775713889045418e-05,-0.02857142857142858,3.785806378541614e-05,-0.02619047619047632,4.6838362049377384e-05,-0.023809523809523947,0.00013234241125188408,-0.021428571428571352,0.00011097484761586413,2.0,1.0,2.0,2.0,2.0
42,14:34:09,1,-0.03333333333333344,552843.0,-0.03214285714285725,-0.03333333333333344,0.00021151820950526533,-0.03571428571428581,0.000546686073964627,-0.03809523809523818,0.00021348970826494233,-0.04047619047619044,0.0003687525994340822,-0.04285714285714304,0.000426416172222769,-0.030952380952380953,2.0222769581807383e-05,-0.02857142857142858,3.726608252385581e-05,-0.02619047619047632,4.348763316112816e-05,-0.023809523809523947,0.00013245161167877383,-0.021428571428571352,0.00011065299372608376,2.0,2.0,2.0,2.0,2.0
42,14:34:12,1,-0.030952380952380953,588481.0,-0.03214285714285725,-0.03333333333333344,0.0002371429517835829,-0.03571428571428581,0.000547025170027074,-0.03809523809523818,0.0002135012030467202,-0.04047619047619044,0.0003687094940024152,-0.04285714285714304,0.0004264937619997696,-0.030952380952380953,2.0205527409140575e-05,-0.02857142857142858,3.743275685963493e-05,-0.02619047619047632,4.368304445135196e-05,-0.023809523809523947,0.0001327648444822208,-0.021428571428571352,0.00011135486510144053,1.0,1.0,2.0,2.0,2.0
42,14:34:15,1,-0.030952380952380953,3084671.0,-0.03214285714285725,-0.03333333333333344,0.0002177483812288711,-0.03571428571428581,0.0005470826439359634,-0.03809523809523818,0.0002136506352098325,-0.04047619047619044,0.00036874685204319325,-0.04285714285714304,0.00042665468894465984,-0.030952380952380953,1.9251460521577333e-05,-0.02857142857142858,3.6536163880961045e-05,-0.02619047619047632,4.368304445135196e-05,-0.023809523809523947,0.0001328108236093323,-0.021428571428571352,0.00011440098227257619,1.0,2.0,2.0,2.0,2.0
42,14:34:18,1,-0.030952380952380953,1553645.0,-0.03214285714285725,-0.03333333333333344,0.000247996899477337,-0.03571428571428581,0.0005484361544903077,-0.03809523809523818,0.00021346959239683106,-0.04047619047619044,0.00036856868292563623,-0.04285714285714304,0.0004276116295276675,-0.030952380952380953,1.1299945226735488e-05,-0.02857142857142858,3.72143560058554e-05,-0.02619047619047632,4.4131340940688904e-05,-0.023809523809523947,0.0001325349488466634,-0.021428571428571352,0.0001142228131550192,1.0,2.0,2.0,2.0,2.0
42,14:34:21,1,-0.030952380952380953,3738454.0,-0.029761904761904767,-0.030952380952380953,9.588946959099482e-06,-0.03333333333333344,0.00024296793244951871,-0.03571428571428581,0.0005516374512154446,-0.03809523809523818,0.0002135787928237208,-0.04047619047619044,0.000368812947038416,-0.02857142857142858,3.725746143752241e-05,-0.02619047619047632,4.4131340940688904e-05,-0.023809523809523947,0.00011882167418566402,-0.021428571428571352,0.00011874888348005566,-0.01904761904761909,0.0002132003558706389,0.0,1.0,1.0,1.0,1.0
42,14:34:24,1,-0.030952380952380953,1976965.0,-0.029761904761904767,-0.030952380952380953,2.2989563555740784e-08,-0.03333333333333344,0.00024258228252087118,-0.03571428571428581,0.0005515885983928886,-0.03809523809523818,0.00021460757579284023,-0.04047619047619044,0.0003682468290358559,-0.02857142857142858,3.792415878063889e-05,-0.02619047619047632,4.4131340940688904e-05,-0.023809523809523947,0.0001188504111401087,-0.021428571428571352,0.00011856496697160973,-0.01904761904761909,0.00021422339144886934,1.0,1.0,1.0,1.0,1.0
42,14:34:27,1,-0.03333333333333344,956352.0,-0.03214285714285725,-0.03333333333333344,0.00024254779817553757,-0.03571428571428581,0.0005509276484406611,-0.03809523809523818,0.0002146190705746181,-0.04047619047619044,0.0003682870607720784,-0.04285714285714304,0.00042767485082744584,-0.030952380952380953,4.008805145032299e-06,-0.02857142857142858,3.806209616197334e-05,-0.02619047619047632,4.4131340940688904e-05,-0.023809523809523947,0.00011842223051888303,-0.021428571428571352,0.00011851036675816484,1.0,2.0,2.0,2.0,2.0
42,14:34:30,1,-0.03333333333333344,735682.0,-0.03214285714285725,-0.03333333333333344,0.00024614853856745546,-0.03571428571428581,0.0005520340211867811,-0.03809523809523818,0.00021482597664661976,-0.04047619047619044,0.0003683014292493008,-0.04285714285714304,0.0004278989990721143,-0.030952380952380953,4.095016008366328e-06,-0.02857142857142858,3.753046250474683e-05,-0.02619047619047632,4.441296309424673e-05,-0.023809523809523947,0.0001189308746125538,-0.021428571428571352,0.00011891843151127925,2.0,2.0,2.0,2.0,2.0
42,14:34:33,1,-0.030952380952380953,2397396.0,-0.03214285714285725,-0.03333333333333344,0.00023282033909601473,-0.03571428571428581,0.000552315643340339,-0.03809523809523818,0.00021505874597762165,-0.04047619047619044,0.0003685658092301918,-0.04285714285714304,0.00042795934667644813,-0.030952380952380953,1.3707527270110443e-06,-0.02857142857142858,3.724309296030007e-05,-0.02619047619047632,4.4479058089469486e-05,-0.023809523809523947,0.00011884466374921976,-0.021428571428571352,0.00012188121151452534,2.0,2.0,2.0,2.0,1.0
42,14:34:36,1,-0.030952380952380953,1192144.0,-0.03214285714285725,-0.03333333333333344,0.00023319391950379553,-0.03571428571428581,0.000552893256124677,-0.03809523809523818,0.00021536623139017968,-0.04047619047619044,0.0003688388102974162,-0.04285714285714304,0.000427878883204003,-0.030952380952380953,7.557819018949783e-07,-0.02857142857142858,3.682065972996334e-05,-0.02619047619047632,4.4479058089469486e-05,-0.023809523809523947,0.00011884753744466423,-0.021428571428571352,0.00012136394633452117,2.0,2.0,2.0,2.0,1.0
42,14:34:39,1,-0.030952380952380953,663638.0,-0.029761904761904767,-0.030952380952380953,1.90238638423755e-06,-0.03333333333333344,0.00023381463771980055,-0.03571428571428581,0.000552973719597122,-0.03809523809523818,0.0002156392324574041,-0.04047619047619044,0.00036915779049175214,-0.02857142857142858,3.708216601540988e-05,-0.02619047619047632,4.4479058089469486e-05,-0.023809523809523947,0.0001188504111401087,-0.021428571428571352,0.0001217518952195243,-0.01904761904761909,0.00021340151455175163,1.0,1.0,1.0,1.0,0.0
42,14:34:42,1,-0.030952380952380953,685903.0,-0.03214285714285725,-0.03333333333333344,0.0002376481474427203,-0.03571428571428581,0.000554399072537578,-0.03809523809523818,0.00021565934832551537,-0.04047619047619044,0.0003702986475832057,-0.04285714285714304,0.0004283070638252287,-0.030952380952380953,1.494321631123151e-07,-0.02857142857142858,3.7694263145081485e-05,-0.02619047619047632,4.4479058089469486e-05,-0.023809523809523947,0.0001140427186615144,-0.021428571428571352,0.0001217518952195243,2.0,2.0,2.0,2.0,1.0
42,14:34:45,1,-0.030952380952380953,1234582.0,-0.029761904761904767,-0.030952380952380953,3.4771714878057937e-07,-0.03333333333333344,0.00023667971207793473,-0.03571428571428581,0.0005540714712569087,-0.03809523809523818,0.00021566222202095984,-0.04047619047619044,0.0003706578595137642,-0.02857142857142858,3.763678923619213e-05,-0.02619047619047632,4.591590581170328e-05,-0.023809523809523947,0.00011432146711962776,-0.021428571428571352,0.00012174614782863537,-0.01904761904761909,0.00021340151455175163,1.0,1.0,2.0,1.0,0.0
42,14:34:48,1,-0.030952380952380953,299557.0,-0.029761904761904767,-0.030952380952380953,6.666973431164827e-06,-0.03333333333333344,0.0002391999429827328,-0.03571428571428581,0.0005551950861756955,-0.03809523809523818,0.0002151248409728444,-0.04047619047619044,0.0003706923438590978,-0.02857142857142858,3.73206827373007e-05,-0.02619047619047632,4.5542325403922495e-05,-0.023809523809523947,0.00011437606733307265,-0.021428571428571352,0.00012155648392930051,-0.01904761904761909,0.00021309977653008252,1.0,1.0,2.0,1.0,0.0
42,14:34:51,1,-0.02857142857142858,1611030.0,-0.029761904761904767,-0.030952380952380953,4.589291624814754e-06,-0.03333333333333344,0.00023938385949117874,-0.03571428571428581,0.0005564480173894834,-0.03809523809523818,0.0002150357564140659,-0.04047619047619044,0.00037112914556665686,-0.02857142857142858,3.737528295074558e-05,-0.02619047619047632,4.5542325403922495e-05,-0.023809523809523947,0.00011487609034041001,-0.021428571428571352,0.00012098461853585145,-0.01904761904761909,0.00021292735480341448,1.0,1.0,2.0,0.0,1.0
42,14:34:54,1,-0.02857142857142858,1607919.0,-0.029761904761904767,-0.030952380952380953,4.1236954889021135e-06,-0.03333333333333344,0.00023795563285527834,-0.03571428571428581,0.0005582325822604977,-0.03809523809523818,0.00021509323032295526,-0.04047619047619044,0.00037121248273454645,-0.02857142857142858,3.1938251169812886e-05,-0.02619047619047632,4.5542325403922495e-05,-0.023809523809523947,0.000121396505303907,-0.021428571428571352,0.00012033803706084624,-0.01904761904761909,0.00021279803850841344,1.0,1.0,2.0,0.0,1.0
42,14:34:57,1,-0.030952380952380953,1067388.0,-0.029761904761904767,-0.030952380952380953,9.745844982976523e-05,-0.03333333333333344,0.0002392804064551779,-0.03571428571428581,0.0005584940885459443,-0.03809523809523818,0.000215380599867402,-0.04047619047619044,0.0003714624942382151,-0.02857142857142858,3.306186608859972e-05,-0.02619047619047632,4.5458988236032934e-05,-0.023809523809523947,0.00012166375898024248,-0.021428571428571352,0.0001195707603771734,-0.01904761904761909,0.00021279516481296896,1.0,1.0,2.0,0.0,0.0
42,14:35:00,1,-0.030952380952380953,624118.0,-0.029761904761904767,-0.030952380952380953,0.00012056870859417365,-0.03333333333333344,0.00024009078857051776,-0.03571428571428581,0.0005587584685268353,-0.03809523809523818,0.00021550991616240306,-0.04047619047619044,0.0003710228188352116,-0.02857142857142858,3.525449571272849e-05,-0.02619047619047632,4.6180285792594304e-05,-0.023809523809523947,0.00012300577475280884,-0.021428571428571352,0.00012018285750684499,-0.01904761904761909,0.00021288137567630297,1.0,1.0,2.0,0.0,0.0
42,14:35:03,1,-0.02857142857142858,643369.0,-0.029761904761904767,-0.030952380952380953,0.00015118505985953145,-0.03333333333333344,0.00024147590977475114,-0.03571428571428581,0.0005579739496704957,-0.03809523809523818,0.00021562199028473728,-0.04047619047619044,0.0003710228188352116,-0.02857142857142858,3.367683691371578e-05,-0.02619047619047632,4.6180285792594304e-05,-0.023809523809523947,0.00011860327333188449,-0.021428571428571352,0.00012004779382095501,-0.01904761904761909,0.00021133532752717942,1.0,1.0,2.0,1.0,0.0
42,14:35:06,1,-0.030952380952380953,1623231.0,-0.029761904761904767,-0.030952380952380953,0.00015015627689041205,-0.03333333333333344,0.00024204490147275573,-0.03571428571428581,0.0005583302879056096,-0.03809523809523818,0.0002157541802751828,-0.04047619047619044,0.0003707383229862093,-0.02857142857142858,2.8053014928892694e-05,-0.02619047619047632,4.696767834437842e-05,-0.023809523809523947,0.00011945101348800243,-0.021428571428571352,0.000119383970173283,-0.01904761904761909,0.0002115652231627368,1.0,1.0,2.0,1.0,0.0
42,14:35:09,1,-0.02857142857142858,4312115.0,-0.029761904761904767,-0.030952380952380953,0.0001436674725768042,-0.03333333333333344,0.00024345588593598932,-0.03571428571428581,0.0005586147837546119,-0.03809523809523818,0.00021642375131374373,-0.04047619047619044,0.0003692669909186419,-0.02857142857142858,6.080739560493438e-06,-0.02619047619047632,4.719757397993583e-05,-0.023809523809523947,0.00012015506887189699,-0.021428571428571352,0.00011946155995028362,-0.01904761904761909,0.00021186696118440592,1.0,1.0,2.0,1.0,1.0
42,14:35:12,1,-0.02857142857142858,1306501.0,-0.029761904761904767,-0.030952380952380953,0.00014142024273923056,-0.03333333333333344,0.00024807678821069324,-0.03571428571428581,0.0005589193954717255,-0.03809523809523818,0.000216843310848636,-0.04047619047619044,0.0003693072226548644,-0.02857142857142858,6.569267786052929e-06,-0.02619047619047632,4.770047068271766e-05,-0.023809523809523947,0.00012009759496300764,-0.021428571428571352,0.00011954489711817318,-0.01904761904761909,0.00021197903530674017,1.0,2.0,1.0,1.0,0.0
42,14:35:15,1,-0.02857142857142858,4457475.0,-0.029761904761904767,-0.030952380952380953,0.00011373793452267417,-0.03333333333333344,0.0002493469615971479,-0.03571428571428581,0.0005590975645892825,-0.03809523809523818,0.0002167369841171907,-0.04047619047619044,0.00036950838133597717,-0.02857142857142858,7.121017311390708e-06,-0.02619047619047632,4.838441019850095e-05,-0.023809523809523947,0.00012106890402323768,-0.021428571428571352,0.0001197201925402857,-0.01904761904761909,0.00021212272007896352,1.0,2.0,1.0,1.0,0.0
42,14:35:18,1,-0.02857142857142858,3215373.0,-0.029761904761904767,-0.030952380952380953,9.599861254397569e-05,-0.03333333333333344,0.0002494417935468153,-0.03571428571428581,0.0005591090593710604,-0.03809523809523818,0.00021656456239052267,-0.04047619047619044,0.0003695342445949774,-0.02857142857142858,9.90562819707981e-06,-0.02619047619047632,4.9111455145951254e-05,-0.023809523809523947,0.00012129592596335063,-0.021428571428571352,0.00011959374994072914,-0.01904761904761909,0.00021212272007896352,1.0,2.0,2.0,1.0,0.0
42,14:35:21,1,-0.02857142857142858,767380.0,-0.029761904761904767,-0.030952380952380953,9.25041988835031e-05,-0.03333333333333344,0.0002501544700170433,-0.03571428571428581,0.0005599251888772891,-0.03809523809523818,0.00021661628890852307,-0.04047619047619044,0.0003695945921993112,-0.02857142857142858,8.770518496515109e-06,-0.02619047619047632,4.919766600928528e-05,-0.023809523809523947,0.0001214223685629072,-0.021428571428571352,0.00011945581255939469,-0.01904761904761909,0.00021256526917741154,1.0,2.0,1.0,1.0,0.0
42,14:35:24,1,-0.030952380952380953,406476.0,-0.029761904761904767,-0.030952380952380953,9.301571667261832e-05,-0.03333333333333344,0.00025107979995016186,-0.03571428571428581,0.0005588877848218363,-0.03809523809523818,0.0002167312367263018,-0.04047619047619044,0.0003696376976309782,-0.02857142857142858,2.2164812963178584e-05,-0.02619047619047632,4.918329753206294e-05,-0.023809523809523947,0.00012181893853424373,-0.021428571428571352,0.00011916844301494792,-0.01904761904761909,0.00021089852581962035,1.0,2.0,1.0,1.0,0.0
42,14:35:27,1,-0.02857142857142858,1308702.0,-0.029761904761904767,-0.030952380952380953,8.960464018003529e-05,-0.03333333333333344,0.00025068035628338087,-0.03571428571428581,0.0005589366376443923,-0.03809523809523818,0.00021668813129463476,-0.04047619047619044,0.0003702153104153162,-0.02857142857142858,1.9253759477932906e-05,-0.02619047619047632,4.968619423484477e-05,-0.023809523809523947,0.00012182755962057713,-0.021428571428571352,0.00011902475824272455,-0.01904761904761909,0.00021173764488940488,2.0,2.0,1.0,1.0,1.0
42,14:35:30,1,-0.02857142857142858,1806419.0,-0.029761904761904767,-0.030952380952380953,8.878276328291755e-05,-0.03333333333333344,0.0002509964627822723,-0.03571428571428581,0.0005586665102726123,-0.03809523809523818,0.0002167456052035241,-0.04047619047619044,0.0003700888678157596,-0.02857142857142858,1.3354062730440928e-05,-0.02619047619047632,4.9671825757622436e-05,-0.023809523809523947,0.00012315520691592117,-0.021428571428571352,0.00011918281149217027,-0.01904761904761909,0.00021118876905951156,2.0,2.0,1.0,1.0,1.0
42,14:35:33,1,-0.02857142857142858,256042.0,-0.029761904761904767,-0.030952380952380953,9.026559013226283e-05,-0.03333333333333344,0.0002521631831327261,-0.03571428571428581,0.0005582067190014976,-0.03809523809523818,0.00021674847889896858,-0.04047619047619044,0.00036971241371253435,-0.02857142857142858,1.3647179665776624e-05,-0.02619047619047632,4.940457208128695e-05,-0.023809523809523947,0.0001238247779544821,-0.021428571428571352,0.00011922591692383728,-0.01904761904761909,0.0002118784559661838,2.0,2.0,1.0,0.0,1.0
42,14:35:36,1,-0.02857142857142858,363411.0,-0.029761904761904767,-0.030952380952380953,9.307893797239662e-05,-0.03333333333333344,0.0002531574817565119,-0.03571428571428581,0.0005585400676730558,-0.03809523809523818,0.00021665077325385668,-0.04047619047619044,0.00036945378112253227,-0.02857142857142858,1.5437491927679938e-05,-0.02619047619047632,4.9832752702512616e-05,-0.023809523809523947,0.0001243564116117086,-0.021428571428571352,0.00011967996080406316,-0.01904761904761909,0.00021199627747940696,2.0,2.0,1.0,0.0,1.0
42,14:35:39,1,-0.02857142857142858,1441744.0,-0.029761904761904767,-0.030952380952380953,9.307893797239662e-05,-0.03333333333333344,0.0002534419776055142,-0.03571428571428581,0.0005594625239107298,-0.03809523809523818,0.00021670824716274603,-0.04047619047619044,0.00036947389699064354,-0.02857142857142858,1.1267759837757452e-05,-0.02619047619047632,4.793036631827507e-05,-0.023809523809523947,0.00012470700245593367,-0.021428571428571352,0.0001199069827441761,-0.01904761904761909,0.00021195029835229548,2.0,2.0,1.0,0.0,1.0
42,14:35:42,1,-0.02857142857142858,2063668.0,-0.027380952380952395,-0.02857142857142858,9.836659506412588e-06,-0.030952380952380953,9.545835780041578e-05,-0.03333333333333344,0.0002579048266307724,-0.03571428571428581,0.0005600976106039572,-0.03809523809523818,0.00021665077325385668,-0.02619047619047632,4.787289240938572e-05,-0.023809523809523947,0.00012476160266937855,-0.021428571428571352,0.00012000181469384353,-0.01904761904761909,0.000212082488342741,-0.01666666666666672,0.00012565773585678132,1.0,0.0,0.0,0.0,0.0
42,14:35:45,1,-0.02857142857142858,889034.0,-0.027380952380952395,-0.02857142857142858,1.6750770745801628e-05,-0.030952380952380953,0.0001018063510372447,-0.03333333333333344,0.0002596893915017868,-0.03571428571428581,0.000561011445755298,-0.03809523809523818,0.00021679445802608006,-0.02619047619047632,4.87436221290594e-05,-0.023809523809523947,0.00012522139394049336,-0.021428571428571352,0.00012000181469384353,-0.01904761904761909,0.00021240721592796582,-0.01666666666666672,0.0001273819531234619,1.0,0.0,0.0,0.0,0.0
42,14:35:48,1,-0.02857142857142858,730733.0,-0.027380952380952395,-0.02857142857142858,1.7457699825140657e-05,-0.030952380952380953,0.00010445589823704383,-0.03333333333333344,0.00026035034145401433,-0.03571428571428581,0.0005609510981509641,-0.03809523809523818,0.000216800205416969,-0.02619047619047632,4.9666078366733494e-05,-0.023809523809523947,0.00012163214833035333,-0.021428571428571352,0.00011974605579928592,-0.01904761904761909,0.00021215720442429716,-0.01666666666666672,0.0001273819531234619,1.0,1.0,0.0,0.0,0.0
42,14:35:51,1,-0.02857142857142858,220764.0,-0.027380952380952395,-0.02857142857142858,2.1305578025282773e-05,-0.030952380952380953,9.053859119948725e-05,-0.03333333333333344,0.0002605658686123494,-0.03571428571428581,0.0005630747590844256,-0.03809523809523818,0.00021680595280785793,-0.02619047619047632,5.1545475187415304e-05,-0.023809523809523947,0.0001221321713376907,-0.021428571428571352,0.00011961961319972934,-0.01904761904761909,0.00021229801550107607,-0.01666666666666672,0.0001273532161690172,1.0,0.0,0.0,0.0,0.0
42,14:35:54,1,-0.02857142857142858,487680.0,-0.027380952380952395,-0.02857142857142858,2.3061405941852475e-05,-0.030952380952380953,9.151277395516177e-05,-0.03333333333333344,0.0002603963205811258,-0.03571428571428581,0.0005642069950895459,-0.03809523809523818,0.00021690078475752536,-0.02619047619047632,5.14305273696366e-05,-0.023809523809523947,0.0001232327966929218,-0.021428571428571352,0.00011961961319972934,-0.01904761904761909,0.00021232675245552073,-0.01666666666666672,0.00012721815248312724,1.0,0.0,0.0,0.0,0.0
42,14:35:57,1,-0.02857142857142858,1808613.0,-0.027380952380952395,-0.02857142857142858,1.8210608031591168e-05,-0.030952380952380953,0.00010068560981390234,-0.03333333333333344,0.00025926983196689453,-0.03571428571428581,0.0005643621746435471,-0.03809523809523818,0.00021683468976230262,-0.02619047619047632,4.6073959061149e-05,-0.023809523809523947,0.0001217154854982429,-0.021428571428571352,0.00011970869775850783,-0.01904761904761909,0.0002123583631054099,-0.01666666666666672,0.00012721815248312724,0.0,0.0,0.0,0.0,0.0
42,14:36:00,1,-0.02857142857142858,1492425.0,-0.027380952380952395,-0.02857142857142858,1.1101085501978332e-05,-0.030952380952380953,0.00010139253889324137,-0.03333333333333344,0.0002590744206766707,-0.03571428571428581,0.0005642184898713237,-0.03809523809523818,0.00021693526910285897,-0.02619047619047632,4.535840889547657e-05,-0.023809523809523947,0.00011991942584545065,-0.021428571428571352,0.00011997307773939886,-0.01904761904761909,0.0002123583631054099,-0.01666666666666672,0.00012721815248312724,0.0,0.0,0.0,0.0,0.0
42,14:36:03,1,-0.02857142857142858,390911.0,-0.027380952380952395,-0.02857142857142858,1.1997678480652222e-05,-0.030952380952380953,0.00010232361621724887,-0.03333333333333344,0.0002589508517725586,-0.03571428571428581,0.0005624224302185315,-0.03809523809523818,0.00021690940584385878,-0.02619047619047632,4.5435998672477195e-05,-0.023809523809523947,0.00012018667952178613,-0.021428571428571352,0.00011981789818539761,-0.01904761904761909,0.00021268021699519024,-0.01666666666666672,0.00012736183725535062,1.0,0.0,0.0,0.0,0.0
42,14:36:06,1,-0.02857142857142858,686454.0,-0.027380952380952395,-0.02857142857142858,1.2247689984320902e-05,-0.030952380952380953,0.00010429209759670918,-0.03333333333333344,0.0002595572015113413,-0.03571428571428581,0.0005622959876189749,-0.03809523809523818,0.0002194698684848794,-0.02619047619047632,5.513184710211087e-05,-0.023809523809523947,0.00012115798858201618,-0.021428571428571352,0.00011953052864095084,-0.01904761904761909,0.00021254802700474475,-0.01666666666666672,0.0001273532161690172,0.0,0.0,0.0,0.0,0.0
42,14:36:09,1,-0.02857142857142858,430129.0,-0.027380952380952395,-0.02857142857142858,1.2736218209880395e-05,-0.030952380952380953,0.00010398461218415115,-0.03333333333333344,0.0002601951619000131,-0.03571428571428581,0.0005623275982688641,-0.03809523809523818,0.0002195675741299913,-0.02619047619047632,5.762334105246428e-05,-0.023809523809523947,0.00012201434982446753,-0.021428571428571352,0.00011953627603183978,-0.01904761904761909,0.00021326645086586164,-0.01666666666666672,0.0001273819531234619,0.0,0.0,0.0,0.0,0.0
42,14:36:12,1,-0.02857142857142858,2390591.0,-0.029761904761904767,-0.030952380952380953,0.00010407082304748517,-0.03333333333333344,0.0002600945825594567,-0.03571428571428581,0.0005651208302408866,-0.03809523809523818,0.00021934342588532282,-0.04047619047619044,0.00036669215980039894,-0.02857142857142858,2.5777048136874353e-06,-0.02619047619047632,5.722389738568328e-05,-0.023809523809523947,0.0001224942569636936,-0.021428571428571352,0.0001209530078859623,-0.01904761904761909,0.00021361991540553115,1.0,1.0,1.0,0.0,1.0
42,14:36:15,1,-0.02857142857142858,505512.0,-0.029761904761904767,-0.030952380952380953,0.00010503063732593735,-0.03333333333333344,0.00025999112952345587,-0.03571428571428581,0.0005648420817827732,-0.03809523809523818,0.00021927158349921113,-0.04047619047619044,0.00036679561283639974,-0.02857142857142858,1.5517955400125029e-06,-0.02619047619047632,5.879868248925152e-05,-0.023809523809523947,0.00012341958689681217,-0.021428571428571352,0.0001209530078859623,-0.01904761904761909,0.00021354519932397498,1.0,1.0,1.0,0.0,1.0
42,14:36:18,1,-0.02857142857142858,566446.0,-0.027380952380952395,-0.02857142857142858,3.011632825802043e-06,-0.030952380952380953,0.00010516282731638286,-0.03333333333333344,0.00026003136125967845,-0.03571428571428581,0.0005654484315215559,-0.03809523809523818,0.00021927158349921113,-0.02619047619047632,5.84279757769152e-05,-0.023809523809523947,0.00012320980712936605,-0.021428571428571352,0.00012109669265818568,-0.01904761904761909,0.00021667752735844467,-0.01666666666666672,0.0001267238768666788,0.0,0.0,0.0,0.0,0.0
42,14:36:21,1,-0.02857142857142858,1946921.0,-0.029761904761904767,-0.030952380952380953,0.00010616862072194652,-0.03333333333333344,0.00026037333101757007,-0.03571428571428581,0.0005653421047901105,-0.03809523809523818,0.0002200905867008844,-0.04047619047619044,0.0003660915574525052,-0.02857142857142858,2.3909146097970417e-06,-0.02619047619047632,5.228401491664348e-05,-0.023809523809523947,0.00012341096581047878,-0.021428571428571352,0.00012324046945975852,-0.01904761904761909,0.00021463720359287268,1.0,0.0,1.0,0.0,1.0
42,14:36:24,1,-0.02857142857142858,1115821.0,-0.029761904761904767,-0.030952380952380953,0.00010471453082704592,-0.03333333333333344,0.00026089921728390765,-0.03571428571428581,0.0005653852102217775,-0.03809523809523818,0.00022066532578977793,-0.04047619047619044,0.0003660915574525052,-0.02857142857142858,1.008667101008127e-05,-0.02619047619047632,5.211159318997542e-05,-0.023809523809523947,0.00012438802226159777,-0.021428571428571352,0.00012324046945975852,-0.01904761904761909,0.00021576656590254845,1.0,0.0,1.0,0.0,1.0
42,14:36:27,1,-0.030952380952380953,238397.0,-0.029761904761904767,-0.030952380952380953,0.00010555652359227493,-0.03333333333333344,0.0002613877455094671,-0.03571428571428581,0.000565793274974892,-0.03809523809523818,0.00022072567339411175,-0.04047619047619044,0.0003660915574525052,-0.02857142857142858,1.2848292332214631e-05,-0.02619047619047632,5.207998254008628e-05,-0.023809523809523947,0.00013004345489631,-0.021428571428571352,0.00012334104880031487,-0.01904761904761909,0.00021578380807521527,1.0,0.0,1.0,1.0,1.0
42,14:36:30,1,-0.02857142857142858,104834.0,-0.029761904761904767,-0.030952380952380953,0.00010681520219695173,-0.03333333333333344,0.00026112623922402056,-0.03571428571428581,0.0005644368907251032,-0.03809523809523818,0.00022083200012555705,-0.04047619047619044,0.0003660915574525052,-0.02857142857142858,3.07571623421367e-05,-0.02619047619047632,5.353407243498688e-05,-0.023809523809523947,0.00012995724403297597,-0.021428571428571352,0.00012334104880031487,-0.01904761904761909,0.00021578380807521527,1.0,0.0,1.0,1.0,1.0
42,14:36:33,1,-0.02857142857142858,1473518.0,-0.029761904761904767,-0.030952380952380953,9.736649157554226e-05,-0.03333333333333344,0.0002621952539293625,-0.03571428571428581,0.0005643966589888807,-0.03809523809523818,0.000220880852948113,-0.04047619047619044,0.00036738759409796006,-0.02857142857142858,2.744666519011003e-05,-0.02619047619047632,5.755724605724152e-05,-0.023809523809523947,0.00013069578376220413,-0.021428571428571352,0.00012332668032309253,-0.01904761904761909,0.00021578380807521527,1.0,1.0,0.0,1.0,1.0
42,14:36:36,1,-0.030952380952380953,418798.0,-0.029761904761904767,-0.030952380952380953,9.68578474818715e-05,-0.03333333333333344,0.0002634309429704836,-0.03571428571428581,0.0005644541328977701,-0.03809523809523818,0.00022137225486911695,-0.04047619047619044,0.0003672525304120701,-0.02857142857142858,2.7624834307667022e-05,-0.02619047619047632,6.229309614972412e-05,-0.023809523809523947,0.0001269484849026184,-0.021428571428571352,0.00012332668032309253,-0.01904761904761909,0.00021589013480666057,0.0,1.0,0.0,1.0,1.0
42,14:36:39,1,-0.02857142857142858,890356.0,-0.029761904761904767,-0.030952380952380953,9.816250521365979e-05,-0.03333333333333344,0.00026379015490104205,-0.03571428571428581,0.0005639943416266553,-0.03809523809523818,0.00022136076008733908,-0.04047619047619044,0.00036726402519384794,-0.02857142857142858,6.125281839882686e-05,-0.02619047619047632,6.255747613061514e-05,-0.023809523809523947,0.0001295721688434173,-0.021428571428571352,0.0001230393107786458,-0.01904761904761909,0.00021589013480666057,0.0,1.0,0.0,1.0,0.0
42,14:36:42,1,-0.030952380952380953,320262.0,-0.029761904761904767,-0.030952380952380953,9.779179850132348e-05,-0.03333333333333344,0.0002659799108297264,-0.03571428571428581,0.0005643075744301022,-0.03809523809523818,0.00022136076008733908,-0.04047619047619044,0.0003674220784432937,-0.02857142857142858,6.508345442630216e-05,-0.02619047619047632,6.275863481172788e-05,-0.023809523809523947,0.00012975608535186324,-0.021428571428571352,0.0001231542585964245,-0.01904761904761909,0.00021597634566999457,0.0,1.0,0.0,1.0,0.0
42,14:36:45,1,-0.030952380952380953,2682702.0,-0.029761904761904767,-0.030952380952380953,8.017029803584816e-05,-0.03333333333333344,0.00026626728037417314,-0.03571428571428581,0.0005643909115979918,-0.03809523809523818,0.0002222717215432353,-0.04047619047619044,0.0003673674782298488,-0.02857142857142858,7.277058974025298e-05,-0.02619047619047632,6.304313066073017e-05,-0.023809523809523947,0.00012862097565129855,-0.021428571428571352,0.00012467444348654785,-0.01904761904761909,0.00021594760871554991,0.0,1.0,0.0,1.0,0.0
42,14:36:48,1,-0.02857142857142858,5739173.0,-0.029761904761904767,-0.030952380952380953,4.0504679815861906e-05,-0.03333333333333344,0.0002663477438466182,-0.03571428571428581,0.0005647846078738839,-0.03809523809523818,0.00022220850024345703,-0.04047619047619044,0.0003673674782298488,-0.02857142857142858,7.290565342614297e-05,-0.02619047619047632,6.298565675184081e-05,-0.023809523809523947,0.00012890834519574529,-0.021428571428571352,0.00012438707394210109,-0.01904761904761909,0.00021586139785221588,1.0,1.0,0.0,1.0,0.0
42,14:36:51,1,-0.030952380952380953,6195567.0,-0.03214285714285725,-0.03333333333333344,0.000266586260568509,-0.03571428571428581,0.0005652443991449986,-0.03809523809523818,0.00022204757329856683,-0.04047619047619044,0.0003673962151842935,-0.04285714285714304,0.00042521209383153706,-0.030952380952380953,5.710090322066007e-06,-0.02857142857142858,7.740298679673475e-05,-0.02619047619047632,6.475585314563286e-05,-0.023809523809523947,0.0001291554830039695,-0.021428571428571352,0.00012496181303099462,2.0,2.0,2.0,2.0,1.0
42,14:36:54,1,-0.030952380952380953,748879.0,-0.03214285714285725,-0.03333333333333344,0.00026657476578673117,-0.03571428571428581,0.0005654714210851116,-0.03809523809523818,0.00022205619438490023,-0.04047619047619044,0.0003673962151842935,-0.04285714285714304,0.0004238269726273037,-0.030952380952380953,5.451457732063923e-06,-0.02857142857142858,7.00463264588977e-05,-0.02619047619047632,6.49110326996341e-05,-0.023809523809523947,0.00012942561037574947,-0.021428571428571352,0.00012510549780321797,2.0,2.0,2.0,2.0,1.0
42,14:36:57,1,-0.030952380952380953,350342.0,-0.03214285714285725,-0.03333333333333344,0.0002666494818682873,-0.03571428571428581,0.0005656926956343356,-0.03809523809523818,0.00022206481547123365,-0.04047619047619044,0.0003674651838749607,-0.04285714285714304,0.0004234160341787448,-0.030952380952380953,3.804830242383989e-06,-0.02857142857142858,7.767886155940364e-05,-0.02619047619047632,6.566681460152909e-05,-0.023809523809523947,0.00012889685041396742,-0.021428571428571352,0.0001246428328366587,2.0,2.0,1.0,2.0,1.0
42,14:37:00,1,-0.03333333333333344,662413.0,-0.03214285714285725,-0.03333333333333344,0.0002670115674942902,-0.03571428571428581,0.0005653104941402214,-0.03809523809523818,0.00022206481547123365,-0.04047619047619044,0.00036774105863762957,-0.04285714285714304,0.00042333557070629976,-0.030952380952380953,1.7443906087007213e-06,-0.02857142857142858,7.813865283051846e-05,-0.02619047619047632,6.567830938330695e-05,-0.023809523809523947,0.00013221309495688304,-0.021428571428571352,0.0001246428328366587,2.0,2.0,1.0,2.0,1.0
42,14:37:03,1,-0.02857142857142858,957060.0,-0.029761904761904767,-0.030952380952380953,5.477206043246353e-06,-0.03333333333333344,0.00026782482330507456,-0.03571428571428581,0.0005641150368353229,-0.03809523809523818,0.0002222372371979017,-0.04047619047619044,0.0003677353112467407,-0.02857142857142858,7.467872351537948e-05,-0.02619047619047632,6.563233025619548e-05,-0.023809523809523947,0.00013348039464789325,-0.021428571428571352,0.00012458535892776934,-0.01904761904761909,0.00021477514097420714,1.0,0.0,0.0,1.0,0.0
42,14:37:06,1,-0.030952380952380953,241567.0,-0.029761904761904767,-0.030952380952380953,8.53194430071541e-06,-0.03333333333333344,0.0002683305937033009,-0.03571428571428581,0.0005633736234106503,-0.03809523809523818,0.00022231770067034678,-0.04047619047619044,0.0003677899114601855,-0.02857142857142858,6.886811132666599e-05,-0.02619047619047632,6.282185611150616e-05,-0.023809523809523947,0.00013355223703400494,-0.021428571428571352,0.00012457099045054703,-0.01904761904761909,0.0002148038779286518,1.0,0.0,0.0,1.0,0.0
42,14:37:09,1,-0.02857142857142858,467251.0,-0.029761904761904767,-0.030952380952380953,9.138294039498072e-06,-0.03333333333333344,0.00026988238924331335,-0.03571428571428581,0.0005657616643250028,-0.03809523809523818,0.00022228896371590212,-0.04047619047619044,0.0003678215221100747,-0.02857142857142858,6.991701016389666e-05,-0.02619047619047632,6.32701526008431e-05,-0.023809523809523947,0.00013343441552078175,-0.021428571428571352,0.00012459972740499169,-0.01904761904761909,0.0002148038779286518,1.0,0.0,1.0,1.0,0.0
42,14:37:12,1,-0.030952380952380953,309992.0,-0.029761904761904767,-0.030952380952380953,1.386552304564727e-05,-0.03333333333333344,0.0002704686231139847,-0.03571428571428581,0.0005670203429296797,-0.03809523809523818,0.00022157916094111863,-0.04047619047619044,0.0003678215221100747,-0.02857142857142858,7.058083381156868e-05,-0.02619047619047632,6.335348976873267e-05,-0.023809523809523947,0.0001336183320292277,-0.021428571428571352,0.00012496756042188354,-0.01904761904761909,0.0002149992892188756,1.0,0.0,0.0,1.0,0.0
42,14:37:15,1,-0.030952380952380953,537299.0,-0.029761904761904767,-0.030952380952380953,1.3118362230085696e-05,-0.03333333333333344,0.00027279919011944796,-0.03571428571428581,0.0005678996937356867,-0.03809523809523818,0.00022157916094111863,-0.04047619047619044,0.00036785888015085274,-0.02857142857142858,7.394593117704023e-05,-0.02619047619047632,6.595993153686477e-05,-0.023809523809523947,0.00013324187792600244,-0.021428571428571352,0.00012290712078820028,-0.01904761904761909,0.0002150423946505426,1.0,0.0,0.0,1.0,0.0
42,14:37:18,1,-0.030952380952380953,321232.0,-0.029761904761904767,-0.030952380952380953,1.4457504307207597e-05,-0.03333333333333344,0.0002736210670165657,-0.03571428571428581,0.0005714688234777155,-0.03809523809523818,0.00022157341355022968,-0.04047619047619044,0.00036791348036429764,-0.02857142857142858,7.508966196393833e-05,-0.02619047619047632,6.602602653208753e-05,-0.023809523809523947,0.00013419881850901014,-0.021428571428571352,0.00012316575337820236,-0.01904761904761909,0.00021432109709398125,0.0,0.0,0.0,1.0,1.0
42,14:37:21,1,-0.030952380952380953,1340334.0,-0.029761904761904767,-0.030952380952380953,8.05203716148932e-06,-0.03333333333333344,0.00027437110152757176,-0.03571428571428581,0.0005710837482881568,-0.03809523809523818,0.00022143547616889524,-0.04047619047619044,0.0003679594594914091,-0.02857142857142858,7.674778423539615e-05,-0.02619047619047632,6.12298288352711e-05,-0.023809523809523947,0.00013467585195279177,-0.021428571428571352,0.00012296459469708963,-0.01904761904761909,0.00021416879123542447,0.0,1.0,0.0,1.0,0.0
42,14:37:24,1,-0.030952380952380953,501499.0,-0.029761904761904767,-0.030952380952380953,9.91993920039326e-06,-0.03333333333333344,0.0002755004638372475,-0.03571428571428581,0.0005706986730985981,-0.03809523809523818,0.00022133777052378334,-0.04047619047619044,0.0003679623331868536,-0.02857142857142858,8.139167607365578e-05,-0.02619047619047632,6.121546035804878e-05,-0.023809523809523947,0.00013465573608468048,-0.021428571428571352,0.00012309678468753514,-0.01904761904761909,0.0002140222327677566,0.0,1.0,0.0,1.0,0.0
42,14:37:27,1,-0.030952380952380953,469739.0,-0.029761904761904767,-0.030952380952380953,1.1555071908295323e-05,-0.03333333333333344,0.0002764487833339218,-0.03571428571428581,0.0005710693798109344,-0.03809523809523818,0.0002213923707372282,-0.04047619047619044,0.0003679623331868536,-0.02857142857142858,8.592062009413671e-05,-0.02619047619047632,6.123844992160452e-05,-0.023809523809523947,0.00012317244908858796,-0.021428571428571352,0.00012180362173752472,-0.01904761904761909,0.0002148843414010969,0.0,0.0,1.0,1.0,0.0
42,14:37:30,1,-0.030952380952380953,1453887.0,-0.029761904761904767,-0.030952380952380953,3.7328729084545207e-06,-0.03333333333333344,0.00027785689410171095,-0.03571428571428581,0.0005725177223149462,-0.03809523809523818,0.0002213923707372282,-0.04047619047619044,0.0003683071766401897,-0.02857142857142858,8.568497706769037e-05,-0.02619047619047632,6.171260966994167e-05,-0.023809523809523947,0.00012300002736191992,-0.021428571428571352,0.00012180362173752472,-0.01904761904761909,0.00021502802617332027,0.0,0.0,1.0,1.0,0.0
42,14:37:33,1,-0.030952380952380953,747365.0,-0.03214285714285725,-0.03333333333333344,0.0002789891301068312,-0.03571428571428581,0.0005726958914325031,-0.03809523809523818,0.0002214211076916729,-0.04047619047619044,0.00036905721115119576,-0.04285714285714304,0.0004212032886865048,-0.030952380952380953,1.982016485003747e-06,-0.02857142857142858,8.684595002725528e-05,-0.02619047619047632,6.184479966038718e-05,-0.023809523809523947,0.0001235517768872577,-0.021428571428571352,0.00012162832631541219,1.0,1.0,2.0,2.0,1.0
42,14:37:36,1,-0.030952380952380953,281237.0,-0.03214285714285725,-0.03333333333333344,0.0002788598138118301,-0.03571428571428581,0.0005725435855739463,-0.03809523809523818,0.00022137225486911695,-0.04047619047619044,0.0003690112320240843,-0.04285714285714304,0.00042122627825006055,-0.030952380952380953,3.0021783677897445e-06,-0.02857142857142858,9.057313301872975e-05,-0.02619047619047632,6.387075494873684e-05,-0.023809523809523947,0.0001235345347145909,-0.021428571428571352,0.00012161108414274538,2.0,1.0,2.0,2.0,1.0
42,14:37:39,1,-0.030952380952380953,325963.0,-0.03214285714285725,-0.03333333333333344,0.0002788023399029408,-0.03571428571428581,0.000572977513586061,-0.03809523809523818,0.0002218033091857871,-0.04047619047619044,0.0003689997372423064,-0.04285714285714304,0.00042122627825006055,-0.030952380952380953,8.2121882086095e-06,-0.02857142857142858,8.737183629359285e-05,-0.02619047619047632,6.391386038040385e-05,-0.023809523809523947,0.00012429031661648587,-0.021428571428571352,0.00012159958936096751,2.0,2.0,2.0,1.0,1.0
42,14:37:42,1,-0.030952380952380953,895170.0,-0.03214285714285725,-0.03333333333333344,0.00027672753179203515,-0.03571428571428581,0.0005740810126367365,-0.03809523809523818,0.00022174583527689775,-0.04047619047619044,0.00036921526440064146,-0.04285714285714304,0.0004214849108400626,-0.030952380952380953,1.603726090389477e-05,-0.02857142857142858,8.792071212348617e-05,-0.02619047619047632,6.549726657030549e-05,-0.023809523809523947,0.00012415812662604035,-0.021428571428571352,0.00012187833781908087,1.0,1.0,2.0,1.0,1.0
42,14:37:45,1,-0.030952380952380953,684337.0,-0.03214285714285725,-0.03333333333333344,0.00027583093881336127,-0.03571428571428581,0.0005753109542869687,-0.03809523809523818,0.00022192975178534366,-0.04047619047619044,0.00036923250657330825,-0.04285714285714304,0.0004218584912478434,-0.030952380952380953,1.9164674919154413e-05,-0.02857142857142858,9.140075730673643e-05,-0.02619047619047632,6.410352427973872e-05,-0.023809523809523947,0.00012503460373660297,-0.021428571428571352,0.00012188695890541428,1.0,1.0,2.0,1.0,1.0
42,14:37:48,1,-0.03333333333333344,460345.0,-0.03214285714285725,-0.03333333333333344,0.0002756606148843677,-0.03571428571428581,0.0005754862497090812,-0.03809523809523818,0.000221944120262566,-0.04047619047619044,0.0003701693312882047,-0.04285714285714304,0.0004218872282022881,-0.030952380952380953,2.3515449822078356e-05,-0.02857142857142858,9.287783676519277e-05,-0.02619047619047632,6.079877451860097e-05,-0.023809523809523947,0.00012499149830493597,-0.021428571428571352,0.00012193581172797023,1.0,1.0,2.0,1.0,1.0
42,14:37:51,1,-0.030952380952380953,3764829.0,-0.029761904761904767,-0.030952380952380953,4.732976397038134e-06,-0.03333333333333344,0.0002752094446995863,-0.03571428571428581,0.0005764776746374225,-0.03809523809523818,0.00022201021525778875,-0.04047619047619044,0.000370146341724649,-0.02857142857142858,9.301290045108275e-05,-0.02619047619047632,6.082751147304565e-05,-0.023809523809523947,0.00012544266848971738,-0.021428571428571352,0.00012193581172797023,-0.01904761904761909,0.00021187270857529487,0.0,0.0,1.0,0.0,0.0
42,14:37:54,1,-0.030952380952380953,299157.0,-0.029761904761904767,-0.030952380952380953,3.0145065212465102e-06,-0.03333333333333344,0.00028106603601541126,-0.03571428571428581,0.0005763799689923106,-0.03809523809523818,0.00022359936883857933,-0.04047619047619044,0.00037018369976542703,-0.02857142857142858,9.36020080171986e-05,-0.02619047619047632,5.826130144113608e-05,-0.023809523809523947,0.00012559784804371863,-0.021428571428571352,0.00012207949650019361,-0.01904761904761909,0.00021179511879829423,1.0,0.0,1.0,0.0,0.0
42,14:37:57,1,-0.03333333333333344,863686.0,-0.03214285714285725,-0.03333333333333344,0.00028272415828686906,-0.03571428571428581,0.0005768972341723148,-0.03809523809523818,0.00022390398055569292,-0.04047619047619044,0.00037019232085176045,-0.04285714285714304,0.0004220740184061785,-0.030952380952380953,2.672536763354866e-07,-0.02857142857142858,9.558485787388125e-05,-0.02619047619047632,5.847108120858222e-05,-0.023809523809523947,0.0001250949513409368,-0.021428571428571352,0.00012169154761519048,1.0,2.0,2.0,1.0,1.0
42,14:38:00,1,-0.030952380952380953,885511.0,-0.03214285714285725,-0.03333333333333344,0.0002797929889335121,-0.03571428571428581,0.0005773800150069853,-0.03809523809523818,0.00022390398055569292,-0.04047619047619044,0.00037016645759276024,-0.04285714285714304,0.0004219849338474,-0.030952380952380953,5.13242006381913e-06,-0.02857142857142858,9.78062244524547e-05,-0.02619047619047632,5.72928660763505e-05,-0.023809523809523947,0.00012561221652094095,-0.021428571428571352,0.00012436695807398982,1.0,2.0,2.0,1.0,1.0
42,14:38:03,1,-0.030952380952380953,1115022.0,-0.03214285714285725,-0.03333333333333344,0.00028296554870420435,-0.03571428571428581,0.0005790036529331095,-0.03809523809523818,0.00022385512773313696,-0.04047619047619044,0.00036933308591386463,-0.04285714285714304,0.0004220567762335117,-0.030952380952380953,9.598142784521778e-07,-0.02857142857142858,9.73981596993403e-05,-0.02619047619047632,5.7330224117128584e-05,-0.023809523809523947,0.0001255547426120516,-0.021428571428571352,0.00012398475657987562,1.0,2.0,2.0,1.0,1.0
42,14:38:06,1,-0.03333333333333344,380078.0,-0.03214285714285725,-0.03333333333333344,0.00028268105285520205,-0.03571428571428581,0.0005802680789286752,-0.03809523809523818,0.00022400455989624927,-0.04047619047619044,0.00036926124352775294,-0.04285714285714304,0.0004220883868834008,-0.030952380952380953,2.1874569723287357e-05,-0.02857142857142858,9.835510028234801e-05,-0.02619047619047632,5.737620324424006e-05,-0.023809523809523947,0.00012659789405839334,-0.021428571428571352,0.0001239531459299865,1.0,2.0,2.0,1.0,1.0
42,14:38:09,1,-0.030952380952380953,4570641.0,-0.029761904761904767,-0.030952380952380953,7.241712520058347e-07,-0.03333333333333344,0.0002850432305105544,-0.03571428571428581,0.0005810324819169036,-0.03809523809523818,0.00022404766532791627,-0.04047619047619044,0.0003696721819763118,-0.02857142857142858,9.928330391091105e-05,-0.02619047619047632,5.747103519390749e-05,-0.023809523809523947,0.00012634213516383574,-0.021428571428571352,0.00012373761877165141,-0.01904761904761909,0.0002113094642681792,0.0,1.0,1.0,0.0,0.0
42,14:38:12,1,-0.03333333333333344,894444.0,-0.03214285714285725,-0.03333333333333344,0.0002827816321957584,-0.03571428571428581,0.0005819635592409112,-0.03809523809523818,0.00022409364445502778,-0.04047619047619044,0.000369703792626201,-0.04285714285714304,0.00042221770317840186,-0.030952380952380953,8.103821153398627e-07,-0.02857142857142858,0.00010163686047993001,-0.02619047619047632,5.8623387067139e-05,-0.023809523809523947,0.00012650880949961486,-0.021428571428571352,0.000123685892253651,2.0,2.0,2.0,1.0,1.0
42,14:38:15,1,-0.030952380952380953,1978325.0,-0.03214285714285725,-0.03333333333333344,0.0002721087273150057,-0.03571428571428581,0.0005826187618022498,-0.03809523809523818,0.00022390398055569292,-0.04047619047619044,0.0003702670369333166,-0.04285714285714304,0.0004221717240512904,-0.030952380952380953,2.801853058355908e-06,-0.02857142857142858,0.00010297600255705191,-0.02619047619047632,5.919812615603252e-05,-0.023809523809523947,0.0001267157155716165,-0.021428571428571352,0.00012281516253397732,2.0,2.0,2.0,1.0,0.0
42,14:38:18,1,-0.030952380952380953,1764078.0,-0.03214285714285725,-0.03333333333333344,0.0002685625871365327,-0.03571428571428581,0.0005830411950325865,-0.03809523809523818,0.0002241080129322501,-0.04047619047619044,0.0003704567008326515,-0.04285714285714304,0.00042157974278973006,-0.030952380952380953,1.3793738133444472e-07,-0.02857142857142858,0.00010363695250927945,-0.02619047619047632,5.9338937232811434e-05,-0.023809523809523947,0.00012696285337984072,-0.021428571428571352,0.0001228266573157552,2.0,2.0,2.0,2.0,0.0
42,14:38:21,1,-0.030952380952380953,651328.0,-0.03214285714285725,-0.03333333333333344,0.0002677981841483043,-0.03571428571428581,0.0005831274058959205,-0.03809523809523818,0.00022411950771402796,-0.04047619047619044,0.00037050267995976296,-0.04285714285714304,0.00042122627825006055,-0.030952380952380953,1.3075314272327572e-06,-0.02857142857142858,0.0001043697448476187,-0.02619047619047632,5.92268631104772e-05,-0.023809523809523947,0.00012699205012555652,-0.021428571428571352,0.00012278355188408816,2.0,2.0,2.0,1.0,0.0
42,14:38:24,1,-0.030952380952380953,715128.0,-0.03214285714285725,-0.03333333333333344,0.0002658699345050666,-0.03571428571428581,0.0005837826084572591,-0.03809523809523818,0.0002241281288003614,-0.04047619047619044,0.00037053141691420765,-0.04285714285714304,0.0004212234045546161,-0.030952380952380953,1.729964657569494e-06,-0.02857142857142858,0.00010496459980462348,-0.02619047619047632,5.9505611568590556e-05,-0.023809523809523947,0.00012681388100799953,-0.021428571428571352,0.00012278355188408816,2.0,2.0,2.0,1.0,0.0
42,14:38:27,1,-0.030952380952380953,534639.0,-0.029761904761904767,-0.030952380952380953,3.64240897586268e-05,-0.03333333333333344,0.0002675740359036359,-0.03571428571428581,0.0005835814497761465,-0.03809523809523818,0.0002241798553183618,-0.04047619047619044,0.0003701951945472049,-0.02857142857142858,0.00010596751951474268,-0.02619047619047632,5.95458433048131e-05,-0.023809523809523947,0.00012703228186177907,-0.021428571428571352,0.00012196167498697043,-0.01904761904761909,0.00021086691516973119,1.0,1.0,1.0,0.0,0.0
42,14:38:30,1,-0.030952380952380953,647994.0,-0.029761904761904767,-0.030952380952380953,5.6353167666009597e-05,-0.03333333333333344,0.00026721195027763295,-0.03571428571428581,0.0005847194331721556,-0.03809523809523818,0.00022434365595869644,-0.04047619047619044,0.0003701549628109824,-0.02857142857142858,0.00010581233996074142,-0.02619047619047632,5.963205416814713e-05,-0.023809523809523947,0.00012740298857411537,-0.021428571428571352,0.00012204213845941553,-0.01904761904761909,0.00021053644019361742,1.0,1.0,1.0,0.0,0.0
42,14:38:33,1,-0.030952380952380953,671768.0,-0.029761904761904767,-0.030952380952380953,5.811186927802377e-05,-0.03333333333333344,0.0002702120883216571,-0.03571428571428581,0.0005912800798718751,-0.03809523809523818,0.0002241884764046952,-0.04047619047619044,0.00037017795237453814,-0.02857142857142858,0.00010393294314005962,-0.02619047619047632,5.972401242237009e-05,-0.023809523809523947,0.00012734264096978158,-0.021428571428571352,0.00012198466455052617,-0.01904761904761909,0.00021274918568585748,1.0,1.0,1.0,0.0,0.0
42,14:38:36,1,-0.030952380952380953,685414.0,-0.029761904761904767,-0.030952380952380953,5.5821534008783095e-05,-0.03333333333333344,0.0002715253671397788,-0.03571428571428581,0.0005913174379126531,-0.03809523809523818,0.00022415399205936157,-0.04047619047619044,0.00037017795237453814,-0.02857142857142858,0.00010441572397473018,-0.02619047619047632,5.9752749376814765e-05,-0.023809523809523947,0.00012179066137107017,-0.021428571428571352,0.00012256802472575308,-0.01904761904761909,0.00021261124830452302,1.0,1.0,1.0,0.0,0.0
42,14:38:39,1,-0.030952380952380953,1637207.0,-0.029761904761904767,-0.030952380952380953,4.2527818882675984e-05,-0.03333333333333344,0.00027190182124300406,-0.03571428571428581,0.0005904093501522015,-0.03809523809523818,0.000224027549459805,-0.04047619047619044,0.0003702670369333166,-0.02857142857142858,0.00010565428671129571,-0.02619047619047632,6.0508531278709744e-05,-0.023809523809523947,0.00012236540045996368,-0.021428571428571352,0.00012256802472575308,-0.01904761904761909,0.0002125796376546339,1.0,1.0,0.0,0.0,0.0
42,14:38:42,1,-0.030952380952380953,524681.0,-0.029761904761904767,-0.030952380952380953,7.903811950463682e-05,-0.03333333333333344,0.000272927730516679,-0.03571428571428581,0.0005912542166128749,-0.03809523809523818,0.00022398157033269353,-0.04047619047619044,0.0003702986475832057,-0.02857142857142858,0.00011300232596279935,-0.02619047619047632,6.0508531278709744e-05,-0.023809523809523947,0.00012282231803563404,-0.021428571428571352,0.000122309392135751,-0.01904761904761909,0.0002125796376546339,1.0,1.0,0.0,0.0,0.0
42,14:38:45,1,-0.030952380952380953,978213.0,-0.029761904761904767,-0.030952380952380953,7.376488836403878e-05,-0.03333333333333344,0.0002742668725938009,-0.03571428571428581,0.0005918318293972129,-0.03809523809523818,0.00022409651815047223,-0.04047619047619044,0.000370232552587983,-0.02857142857142858,0.00011521794515048388,-0.02619047619047632,6.0505657583265276e-05,-0.023809523809523947,0.00012306945584385825,-0.021428571428571352,0.00012226341300863953,-0.01904761904761909,0.00021266010112707897,1.0,1.0,0.0,0.0,0.0
42,14:38:48,1,-0.030952380952380953,586060.0,-0.029761904761904767,-0.030952380952380953,0.0001067208875124643,-0.03333333333333344,0.00027563762532081197,-0.03571428571428581,0.0005918720611334355,-0.03809523809523818,0.00022414537097302818,-0.04047619047619044,0.00037030726866953915,-0.02857142857142858,0.00011583866336648888,-0.02619047619047632,6.0557384101265696e-05,-0.023809523809523947,0.00012260966457274344,-0.021428571428571352,0.00012338702792742635,-0.01904761904761909,0.00021266297482252345,1.0,1.0,0.0,0.0,0.0
42,14:38:51,1,-0.030952380952380953,301767.0,-0.029761904761904767,-0.030952380952380953,0.00011572992273087023,-0.03333333333333344,0.00028186204965352876,-0.03571428571428581,0.0005971654081421447,-0.03809523809523818,0.00022428905574525156,-0.04047619047619044,0.00037006013086131497,-0.02857142857142858,0.00011587314771182249,-0.02619047619047632,6.0643594964599725e-05,-0.023809523809523947,0.00012248322197318685,-0.021428571428571352,0.0001235709444358723,-0.01904761904761909,0.00021254802700474475,1.0,1.0,0.0,0.0,0.0
42,14:38:54,1,-0.030952380952380953,499006.0,-0.029761904761904767,-0.030952380952380953,0.00012744310536252015,-0.03333333333333344,0.0002829770434859822,-0.03571428571428581,0.0005978234843989278,-0.03809523809523818,0.00022394421229191545,-0.04047619047619044,0.00037036186888298405,-0.02857142857142858,0.00011619500160160286,-0.02619047619047632,6.244827570372538e-05,-0.023809523809523947,0.00012257805392285428,-0.021428571428571352,0.00012371462920809568,-0.01904761904761909,0.00021249055309585538,1.0,1.0,0.0,0.0,0.0
42,14:38:57,1,-0.030952380952380953,471333.0,-0.029761904761904767,-0.030952380952380953,0.00012991735714020677,-0.03333333333333344,0.00028347706649331955,-0.03571428571428581,0.0005986827193368236,-0.03809523809523818,0.00022389248577391502,-0.04047619047619044,0.00037044807974631806,-0.02857142857142858,0.00011734735347483436,-0.02619047619047632,6.366384887673517e-05,-0.023809523809523947,0.00012257518022740983,-0.021428571428571352,0.0001230105738242011,-0.01904761904761909,0.00021249055309585538,1.0,1.0,0.0,0.0,0.0
42,14:39:00,1,-0.030952380952380953,646339.0,-0.029761904761904767,-0.030952380952380953,0.0001265781230337354,-0.03333333333333344,0.0002872674707845723,-0.03571428571428581,0.0005981654541568195,-0.03809523809523818,0.00022298439801346327,-0.04047619047619044,0.00037061762777754165,-0.02857142857142858,0.00012727309754002544,-0.02619047619047632,6.326440520995417e-05,-0.023809523809523947,0.00012262690674541023,-0.021428571428571352,0.00012271170949797647,-0.01904761904761909,0.00020930075115249637,1.0,1.0,0.0,0.0,0.0
42,14:39:03,1,-0.030952380952380953,1464859.0,-0.029761904761904767,-0.030952380952380953,0.00014391512765020843,-0.03333333333333344,0.0002875519666335746,-0.03571428571428581,0.0005981453382887081,-0.03809523809523818,0.00022299876649068561,-0.04047619047619044,0.0003709653449263222,-0.02857142857142858,0.00012768978337947325,-0.02619047619047632,6.362936453140156e-05,-0.023809523809523947,0.00012293439215796826,-0.021428571428571352,0.00012279217297042158,-0.01904761904761909,0.00020853634816426797,1.0,1.0,0.0,0.0,0.0
42,14:39:06,1,-0.030952380952380953,926239.0,-0.029761904761904767,-0.030952380952380953,0.000144883563014994,-0.03333333333333344,0.0002881180846361347,-0.03571428571428581,0.0005984212130513771,-0.03809523809523818,0.00022299876649068561,-0.04047619047619044,0.00037101707144432264,-0.02857142857142858,0.00012676445344635468,-0.02619047619047632,6.365810148584624e-05,-0.023809523809523947,0.00012285392868552317,-0.021428571428571352,0.0001228065414476439,-0.01904761904761909,0.00020847600055993415,1.0,1.0,0.0,0.0,0.0
42,14:39:09,1,-0.030952380952380953,686493.0,-0.029761904761904767,-0.030952380952380953,0.0001426851859999763,-0.03333333333333344,0.0002881468215905794,-0.03571428571428581,0.0005986769719459347,-0.03809523809523818,0.00022312808278568665,-0.04047619047619044,0.00037106017687598965,-0.02857142857142858,0.00012898582002492814,-0.02619047619047632,6.383052321251429e-05,-0.023809523809523947,0.00012301485563041338,-0.021428571428571352,0.0001232232272870917,-0.01904761904761909,0.00020837829491482225,1.0,0.0,0.0,0.0,0.0
42,14:39:12,1,-0.030952380952380953,1720459.0,-0.029761904761904767,-0.030952380952380953,0.00013495494525435847,-0.03333333333333344,0.0002881209583315792,-0.03571428571428581,0.0005981482119841526,-0.03809523809523818,0.00022291255562735158,-0.04047619047619044,0.00037108891383043433,-0.02857142857142858,0.00012977321257671227,-0.02619047619047632,6.472998988663265e-05,-0.023809523809523947,0.00012324762496141524,-0.021428571428571352,0.0001230450581695347,-0.01904761904761909,0.00020756216540859345,1.0,0.0,0.0,0.0,0.0
42,14:39:15,1,-0.030952380952380953,735549.0,-0.029761904761904767,-0.030952380952380953,0.00011702021198543618,-0.03333333333333344,0.00028898594066036396,-0.03571428571428581,0.0005979729165620401,-0.03809523809523818,0.00022579487215815258,-0.04047619047619044,0.0003709049973219884,-0.02857142857142858,0.00013002322408038093,-0.02619047619047632,6.472998988663265e-05,-0.023809523809523947,0.00012372465840519687,-0.021428571428571352,0.00012310253207842406,-0.01904761904761909,0.0002075334284541488,1.0,0.0,0.0,0.0,0.0
42,14:39:18,1,-0.030952380952380953,5834438.0,-0.029761904761904767,-0.030952380952380953,6.267863113055389e-05,-0.03333333333333344,0.0002891324991280318,-0.03571428571428581,0.0005979125689577063,-0.03809523809523818,0.00022579487215815258,-0.04047619047619044,0.00037102569253065606,-0.02857142857142858,0.00013185089438306233,-0.02619047619047632,6.388512342595917e-05,-0.023809523809523947,0.00012370166884164113,-0.021428571428571352,0.00012498192889910588,-0.01904761904761909,0.00020638395027636176,1.0,0.0,1.0,0.0,0.0
42,14:39:21,1,-0.030952380952380953,1119322.0,-0.029761904761904767,-0.030952380952380953,5.6017405090278e-05,-0.03333333333333344,0.0002890778989145869,-0.03571428571428581,0.0005987919197637134,-0.03809523809523818,0.00022588970410782001,-0.04047619047619044,0.0003717584848689953,-0.02857142857142858,0.0001336095959950765,-0.02619047619047632,6.387650233962577e-05,-0.023809523809523947,0.00012690296556677803,-0.021428571428571352,0.00012494169716288333,-0.01904761904761909,0.00020595864335058053,1.0,0.0,0.0,0.0,0.0
42,14:39:24,1,-0.02857142857142858,829997.0,-0.029761904761904767,-0.030952380952380953,5.232183274869267e-05,-0.03333333333333344,0.00028915548869158756,-0.03571428571428581,0.0005989269834496034,-0.03809523809523818,0.00022538968110048265,-0.04047619047619044,0.0003716176737922164,-0.02857142857142858,0.00013443722028308317,-0.02619047619047632,6.391098668495938e-05,-0.023809523809523947,0.00012703515555722352,-0.021428571428571352,0.00012507101345788437,-0.01904761904761909,0.0002057574846694678,0.0,0.0,0.0,0.0,0.0
42,14:39:27,1,-0.030952380952380953,5264061.0,-0.029761904761904767,-0.030952380952380953,1.650121903340406e-05,-0.03333333333333344,0.00028911813065080945,-0.03571428571428581,0.0005991022788717159,-0.03809523809523818,0.00023400789373844097,-0.04047619047619044,0.0003716895161783281,-0.02857142857142858,0.00013512115979886645,-0.02619047619047632,6.385351277607003e-05,-0.023809523809523947,0.00012669605949477636,-0.021428571428571352,0.0001256026471151109,-0.01904761904761909,0.0002054385044751319,0.0,0.0,0.0,0.0,0.0
42,14:39:30,1,-0.02857142857142858,2420484.0,-0.029761904761904767,-0.030952380952380953,3.102792192691444e-05,-0.03333333333333344,0.00028907215152369797,-0.03571428571428581,0.0005994614908022744,-0.03809523809523818,0.00023400789373844097,-0.04047619047619044,0.0003716435370512166,-0.02857142857142858,0.00014080532938802337,-0.02619047619047632,6.418973514307274e-05,-0.023809523809523947,0.00012667306993122062,-0.021428571428571352,0.00012605956469078123,-0.01904761904761909,0.00020538965165257594,0.0,0.0,0.0,0.0,0.0
42,14:39:33,1,-0.030952380952380953,1111952.0,-0.029761904761904767,-0.030952380952380953,2.4214390028081764e-05,-0.03333333333333344,0.00028959803779003555,-0.03571428571428581,0.0005988292778044915,-0.03809523809523818,0.00023396478830677397,-0.04047619047619044,0.0003715372103197713,-0.02857142857142858,0.0001472481545745197,-0.02619047619047632,6.466102119596543e-05,-0.023809523809523947,0.00012703515555722352,-0.021428571428571352,0.00012591587991855785,-0.01904761904761909,0.0002052430931849081,0.0,0.0,0.0,0.0,0.0
42,14:39:36,1,-0.030952380952380953,1077402.0,-0.029761904761904767,-0.030952380952380953,1.8837705851482887e-05,-0.03333333333333344,0.00028920146781869903,-0.03571428571428581,0.0005987545617229354,-0.03809523809523818,0.00023396478830677397,-0.04047619047619044,0.0003715803157514383,-0.02857142857142858,0.0001440669737174941,-0.02619047619047632,6.493114856774538e-05,-0.023809523809523947,0.00012694607099844504,-0.021428571428571352,0.00012590438513677998,-0.01904761904761909,0.0002052948197029085,0.0,0.0,0.0,0.0,0.0
42,14:39:39,1,-0.030952380952380953,3004548.0,-0.03214285714285725,-0.03333333333333344,0.00028983942820737083,-0.03571428571428581,0.0005991453843033829,-0.03809523809523818,0.00023407973612455266,-0.04047619047619044,0.00037143950467465937,-0.04285714285714304,0.0004222291979601797,-0.030952380952380953,4.08863065708872e-05,-0.02857142857142858,0.00014559577969395086,-0.02619047619047632,6.521564441674767e-05,-0.023809523809523947,0.0001272334405428918,-0.021428571428571352,0.00012615439664044866,1.0,1.0,1.0,0.0,0.0
42,14:39:42,1,-0.030952380952380953,348798.0,-0.03214285714285725,-0.03333333333333344,0.0002916067509057184,-0.03571428571428581,0.0005994413749341631,-0.03809523809523818,0.00023393317765688483,-0.04047619047619044,0.0003717038846555504,-0.04285714285714304,0.00042195044950206636,-0.030952380952380953,6.32633994165486e-05,-0.02857142857142858,0.00014602970770606546,-0.02619047619047632,6.545416113863848e-05,-0.023809523809523947,0.00012750644161011623,-0.021428571428571352,0.00012597622752289167,1.0,1.0,1.0,0.0,0.0
42,14:39:45,1,-0.030952380952380953,841949.0,-0.03214285714285725,-0.03333333333333344,0.0002877646200964652,-0.03571428571428581,0.0005996511547016093,-0.03809523809523818,0.000234137210033442,-0.04047619047619044,0.00037170675835099487,-0.04285714285714304,0.0004218584912478434,-0.030952380952380953,6.893607422392764e-05,-0.02857142857142858,0.0001463199509459567,-0.02619047619047632,6.628753281753408e-05,-0.023809523809523947,0.00012797198027211996,-0.021428571428571352,0.00012505664498066205,1.0,1.0,1.0,0.0,0.0
42,14:39:48,1,-0.03333333333333344,600071.0,-0.03214285714285725,-0.03333333333333344,0.0002880778528999122,-0.03571428571428581,0.0005999959981549453,-0.03809523809523818,0.0002341228415562197,-0.04047619047619044,0.0003745804537954625,-0.04285714285714304,0.00042220046100573507,-0.030952380952380953,6.903377986903955e-05,-0.02857142857142858,0.00014852407535186334,-0.02619047619047632,6.64369649806464e-05,-0.023809523809523947,0.00012745184139667133,-0.021428571428571352,0.00012462846435943637,1.0,2.0,1.0,0.0,0.0
42,14:39:51,1,-0.03333333333333344,4910778.0,-0.03214285714285725,-0.03333333333333344,0.000287339313170684,-0.03571428571428581,0.0005992545847302727,-0.03809523809523818,0.000234094104601775,-0.04047619047619044,0.00037529025657024597,-0.04285714285714304,0.000422114250142401,-0.030952380952380953,4.614192195841066e-05,-0.02857142857142858,0.0001500442602419867,-0.02619047619047632,6.652030214853596e-05,-0.023809523809523947,0.0001276501263823396,-0.021428571428571352,0.000124484779587213,1.0,1.0,1.0,0.0,0.0
42,14:39:54,1,-0.030952380952380953,588492.0,-0.03214285714285725,-0.03333333333333344,0.000287026080367237,-0.03571428571428581,0.0005996367862243869,-0.03809523809523818,0.00023420617872410926,-0.04047619047619044,0.0003745890748817959,-0.04285714285714304,0.0004220452814517338,-0.030952380952380953,4.63603228121902e-05,-0.02857142857142858,0.0001494235420259817,-0.02619047619047632,6.743126360443219e-05,-0.023809523809523947,0.00012759839986433918,-0.021428571428571352,0.0001244560426327683,1.0,1.0,1.0,0.0,0.0
42,14:39:57,1,-0.030952380952380953,1492905.0,-0.03214285714285725,-0.03333333333333344,0.00027887340639128245,-0.03571428571428581,0.0005981223487251525,-0.03809523809523818,0.00023419468394233136,-0.04047619047619044,0.00037461781183624053,-0.04285714285714304,0.0004220136708018446,-0.030952380952380953,5.1188274843667985e-05,-0.02857142857142858,0.00015239781681100566,-0.02619047619047632,6.739677925909858e-05,-0.023809523809523947,0.0001277650742001183,-0.021428571428571352,0.000124349715901323,1.0,1.0,1.0,0.0,0.0
42,14:40:00,1,-0.03333333333333344,794725.0,-0.03214285714285725,-0.03333333333333344,0.0002758014259611466,-0.03571428571428581,0.0005981051065524856,-0.03809523809523818,0.00023419468394233136,-0.04047619047619044,0.00037496552898502115,-0.04285714285714304,0.00042296199029851893,-0.030952380952380953,5.5087879561810514e-05,-0.02857142857142858,0.00015442664579479979,-0.02619047619047632,6.754908511765536e-05,-0.023809523809523947,0.00012785703245434126,-0.021428571428571352,0.00012419741004276622,1.0,1.0,1.0,0.0,0.0
42,14:40:03,1,-0.030952380952380953,1525570.0,-0.03214285714285725,-0.03333333333333344,0.00026814590129708494,-0.03571428571428581,0.0005977027891902602,-0.03809523809523818,0.0002341314626425531,-0.04047619047619044,0.0003747356333494637,-0.04285714285714304,0.0004227895685718509,-0.030952380952380953,5.490108935792012e-05,-0.02857142857142858,0.0001533432626122355,-0.02619047619047632,6.689100886087228e-05,-0.023809523809523947,0.0001274547150921158,-0.021428571428571352,0.00012419741004276622,2.0,1.0,1.0,0.0,0.0
42,14:40:06,1,-0.03333333333333344,1158052.0,-0.03214285714285725,-0.03333333333333344,0.0002601225436161314,-0.03571428571428581,0.0005974269144275913,-0.03809523809523818,0.0002337665033211057,-0.04047619047619044,0.00037464367509524075,-0.04285714285714304,0.00042282980030807345,-0.030952380952380953,6.513144514022477e-05,-0.02857142857142858,0.00014934595224898108,-0.02619047619047632,6.691399842442801e-05,-0.023809523809523947,0.0001273570094470039,-0.021428571428571352,0.00012311977425109088,1.0,1.0,1.0,0.0,0.0
42,14:40:09,1,-0.030952380952380953,1979671.0,-0.03214285714285725,-0.03333333333333344,0.0002492139957089324,-0.03571428571428581,0.0005977545157082606,-0.03809523809523818,0.00023365730289421594,-0.04047619047619044,0.00037445688489135036,-0.04285714285714304,0.00042289876899874066,-0.030952380952380953,6.867183792780885e-05,-0.02857142857142858,0.0001506563573716583,-0.02619047619047632,6.698296711509525e-05,-0.023809523809523947,0.00012771047398667343,-0.021428571428571352,0.00012251629820775268,1.0,1.0,1.0,0.0,0.0
42,14:40:12,1,-0.03333333333333344,8050734.0,-0.03214285714285725,-0.03333333333333344,0.0002486852357471503,-0.03571428571428581,0.0005975131252909253,-0.03809523809523818,0.00023370040832588294,-0.04047619047619044,0.000374847707471798,-0.04285714285714304,0.00042256254663173795,-0.030952380952380953,1.8597694807960954e-05,-0.02857142857142858,0.00015090636887532698,-0.02619047619047632,6.661226040275892e-05,-0.023809523809523947,0.00012825934981656672,-0.021428571428571352,0.00012218582323163891,1.0,1.0,1.0,0.0,0.0
42,14:40:15,1,-0.03333333333333344,2095587.0,-0.03214285714285725,-0.03333333333333344,0.0002453143909907899,-0.03571428571428581,0.0005970418392380327,-0.03809523809523818,0.0002339963989566631,-0.04047619047619044,0.0003750402450665773,-0.04285714285714304,0.0004226372627132941,-0.030952380952380953,1.569526240904868e-05,-0.02857142857142858,0.00015072532606232551,-0.02619047619047632,6.565244612430674e-05,-0.023809523809523947,0.0001283340658981229,-0.021428571428571352,0.00012182661130108046,1.0,1.0,0.0,0.0,0.0
42,14:40:18,1,-0.030952380952380953,3954762.0,-0.029761904761904767,-0.030952380952380953,1.111631608783401e-05,-0.03333333333333344,0.00024898697376881946,-0.03571428571428581,0.0005972947244371457,-0.03809523809523818,0.000234137210033442,-0.04047619047619044,0.00037429021055557124,-0.02857142857142858,0.00014804416821263724,-0.02619047619047632,6.62243115177558e-05,-0.023809523809523947,0.0001283340658981229,-0.021428571428571352,0.000121424293938855,-0.01904761904761909,0.0002029211472657783,0.0,0.0,0.0,0.0,0.0
42,14:40:21,1,-0.030952380952380953,1749673.0,-0.03214285714285725,-0.03333333333333344,0.00024892174088223,-0.03571428571428581,0.0005972429979191454,-0.03809523809523818,0.00023460274869544577,-0.04047619047619044,0.0003744338953277946,-0.04285714285714304,0.00042292750595318535,-0.030952380952380953,1.293162950010419e-07,-0.02857142857142858,0.00015004138654654223,-0.02619047619047632,6.62243115177558e-05,-0.023809523809523947,0.0001287507517375707,-0.021428571428571352,0.00012124899851674246,1.0,1.0,0.0,0.0,0.0
42,14:40:24,1,-0.03333333333333344,1919218.0,-0.03214285714285725,-0.03333333333333344,0.00023851034228692392,-0.03571428571428581,0.0005971395448831446,-0.03809523809523818,0.0002345826328273345,-0.04047619047619044,0.00037322406954567376,-0.04285714285714304,0.00042305682224818636,-0.030952380952380953,3.560508655695354e-05,-0.02857142857142858,0.00014996667046498607,-0.02619047619047632,6.664387105264807e-05,-0.023809523809523947,0.00012905536345468425,-0.021428571428571352,0.00012119152460785312,1.0,1.0,0.0,0.0,0.0
42,14:40:27,1,-0.03333333333333344,2244950.0,-0.03214285714285725,-0.03333333333333344,0.0002325531716305426,-0.03571428571428581,0.0005974700198592583,-0.03809523809523818,0.00023475505455400255,-0.04047619047619044,0.0003731464797686731,-0.04285714285714304,0.00042297348508029683,-0.030952380952380953,6.679330321576038e-05,-0.02857142857142858,0.00015042358804065643,-0.02619047619047632,6.570704633775163e-05,-0.023809523809523947,0.00012813003352156569,-0.021428571428571352,0.00011871152543927759,1.0,1.0,0.0,0.0,0.0
42,14:40:30,1,-0.03333333333333344,691856.0,-0.03214285714285725,-0.03333333333333344,0.00023201291688698268,-0.03571428571428581,0.0005975332411590366,-0.03809523809523818,0.00023488149715355914,-0.04047619047619044,0.0003730890058597838,-0.04285714285714304,0.0004229907272529636,-0.030952380952380953,7.404363682215214e-05,-0.02857142857142858,0.00015147536057333156,-0.02619047619047632,6.59225734960867e-05,-0.023809523809523947,0.00012785128506345234,-0.021428571428571352,0.00011869140957116631,1.0,1.0,0.0,0.0,0.0
42,14:40:33,1,-0.030952380952380953,1173372.0,-0.03214285714285725,-0.03333333333333344,0.00023589815312790286,-0.03571428571428581,0.000598070622207152,-0.03809523809523818,0.00023719482198635553,-0.04047619047619044,0.00037302291086456106,-0.04285714285714304,0.00042358270851452394,-0.030952380952380953,7.508104087760494e-05,-0.02857142857142858,0.00015278576569600878,-0.02619047619047632,6.416961927496146e-05,-0.023809523809523947,0.00012854097197012454,-0.021428571428571352,0.00011819426025927342,1.0,1.0,0.0,0.0,0.0
42,14:40:36,1,-0.03333333333333344,2085946.0,-0.03214285714285725,-0.03333333333333344,0.00022577987146793247,-0.03571428571428581,0.0005981108539433746,-0.03809523809523818,0.00023673503071524072,-0.04047619047619044,0.0003727958889244481,-0.04285714285714304,0.00042370627741863606,-0.030952380952380953,0.00010044427687047596,-0.02857142857142858,0.00015223114247522654,-0.02619047619047632,6.459779989618713e-05,-0.023809523809523947,0.00012433100814397954,-0.021428571428571352,0.00011796436462371601,1.0,1.0,0.0,0.0,0.0
42,14:40:39,1,-0.03333333333333344,1071952.0,-0.03214285714285725,-0.03333333333333344,0.00022039743990044465,-0.03571428571428581,0.0005983033915381539,-0.03809523809523818,0.00023672353593346285,-0.04047619047619044,0.00037309762694611717,-0.04285714285714304,0.00042247346207295946,-0.030952380952380953,0.00010576923452907442,-0.02857142857142858,0.00015159892947744366,-0.02619047619047632,6.404030297996042e-05,-0.023809523809523947,0.000124155712721867,-0.021428571428571352,0.00011789539593304878,1.0,1.0,0.0,0.0,0.0
42,14:40:42,1,-0.03333333333333344,533544.0,-0.03214285714285725,-0.03333333333333344,0.00021777950335053468,-0.03571428571428581,0.0005997143760013875,-0.03809523809523818,0.0002366947989790182,-0.04047619047619044,0.00037309762694611717,-0.04285714285714304,0.00042253093598184884,-0.030952380952380953,0.00010856246650109692,-0.02857142857142858,0.00015400421256446306,-0.02619047619047632,6.404030297996042e-05,-0.023809523809523947,0.00012161823964440211,-0.021428571428571352,0.00011779769028793689,1.0,1.0,0.0,0.0,0.0
42,14:40:45,1,-0.03333333333333344,2772225.0,-0.03214285714285725,-0.03333333333333344,0.00020061492046072972,-0.03571428571428581,0.0005997287444786098,-0.03809523809523818,0.00023751380218069146,-0.04047619047619044,0.0003731206165096729,-0.04285714285714304,0.00042254530445907115,-0.030952380952380953,0.00011018897812266558,-0.02857142857142858,0.00015382604344690607,-0.02619047619047632,6.392535516218172e-05,-0.023809523809523947,0.00012122454336851005,-0.021428571428571352,0.00011703328729970851,1.0,0.0,0.0,0.0,0.0
42,14:40:48,1,-0.030952380952380953,1965743.0,-0.03214285714285725,-0.03333333333333344,0.0001929967538374461,-0.03571428571428581,0.0005995304594929416,-0.03809523809523818,0.0002372781591542451,-0.04047619047619044,0.00037318096411400676,-0.04285714285714304,0.0004225769151089603,-0.030952380952380953,0.00010987861901466308,-0.02857142857142858,0.00015381742236057264,-0.02619047619047632,6.39540921166264e-05,-0.023809523809523947,0.00012021587626750192,-0.021428571428571352,0.00011695569752270788,1.0,0.0,0.0,0.0,0.0
42,14:40:51,1,-0.03333333333333344,3922839.0,-0.03214285714285725,-0.03333333333333344,0.0001594090014825088,-0.03571428571428581,0.000599938524246056,-0.03809523809523818,0.000237375864799357,-0.04047619047619044,0.00037317234302767333,-0.04285714285714304,0.0004227205998811837,-0.030952380952380953,0.00011206550124790292,-0.02857142857142858,0.00015717964603059975,-0.02619047619047632,6.401156602551575e-05,-0.023809523809523947,0.00012032220299894722,-0.021428571428571352,0.00011519412221524924,1.0,0.0,0.0,0.0,0.0
42,14:40:54,1,-0.03333333333333344,1385357.0,-0.03214285714285725,-0.03333333333333344,0.0001521805654354039,-0.03571428571428581,0.0006000419772820568,-0.03809523809523818,0.00023720919046357788,-0.04047619047619044,0.000372580361766113,-0.04285714285714304,0.00042261714684518285,-0.030952380952380953,0.00012268955330609963,-0.02857142857142858,0.00015576004048103276,-0.02619047619047632,6.418973514307274e-05,-0.023809523809523947,0.00011975608499638711,-0.021428571428571352,0.00011514239569724883,1.0,0.0,0.0,0.0,0.0
42,14:40:57,1,-0.03333333333333344,2778833.0,-0.03214285714285725,-0.03333333333333344,0.00013532921534904592,-0.03571428571428581,0.0006022346069061856,-0.03809523809523818,0.00023495046584422636,-0.04047619047619044,0.0003729826791283385,-0.04285714285714304,0.00042253093598184884,-0.030952380952380953,0.00013960125099679146,-0.02857142857142858,0.00015577153526281063,-0.02619047619047632,6.437652534696314e-05,-0.023809523809523947,0.00011946296806105141,-0.021428571428571352,0.00011488376310724674,1.0,0.0,0.0,0.0,0.0
42,14:41:00,1,-0.03333333333333344,2683057.0,-0.03214285714285725,-0.03333333333333344,0.00011798646334168395,-0.03571428571428581,0.0006030909681486369,-0.03809523809523818,0.00023474355977222468,-0.04047619047619044,0.00037277289936089235,-0.04285714285714304,0.00042340741309241145,-0.030952380952380953,0.0001401644953039071,-0.02857142857142858,0.00015596694655303442,-0.02619047619047632,6.405754515262722e-05,-0.023809523809523947,0.00012000034910916686,-0.021428571428571352,0.00011523722764691626,0.0,0.0,0.0,0.0,0.0
42,14:41:03,1,-0.030952380952380953,1980627.0,-0.03214285714285725,-0.03333333333333344,0.00010591119508403112,-0.03571428571428581,0.0006031628105347487,-0.03809523809523818,0.00023447055870500026,-0.04047619047619044,0.0003729740580420051,-0.04285714285714304,0.0004228757794351849,-0.030952380952380953,0.00013637121731720987,-0.02857142857142858,0.00015555888179992,-0.02619047619047632,6.529610788919276e-05,-0.023809523809523947,0.00012057508819806038,-0.021428571428571352,0.000115578622665719,0.0,0.0,0.0,0.0,0.0
42,14:41:06,1,-0.03333333333333344,2448388.0,-0.03214285714285725,-0.03333333333333344,9.006747756832124e-05,-0.03571428571428581,0.0006032605161798606,-0.03809523809523818,0.0002343067580646656,-0.04047619047619044,0.00037294244739211594,-0.04285714285714304,0.00042320050702040975,-0.030952380952380953,0.00013894317474000837,-0.02857142857142858,0.0001561910947977029,-0.02619047619047632,6.53104763664151e-05,-0.023809523809523947,0.00011869281768193409,-0.021428571428571352,0.00011515618943538226,0.0,0.0,0.0,0.0,0.0
42,14:41:09,1,-0.03333333333333344,6504591.0,-0.03214285714285725,-0.03333333333333344,4.770920671686884e-05,-0.03571428571428581,0.0006035852437650854,-0.03809523809523818,0.00023570337405067686,-0.04047619047619044,0.0003730056686918942,-0.04285714285714304,0.0004233326970108553,-0.030952380952380953,0.00013993459966834968,-0.02857142857142858,0.00015600717828925697,-0.02619047619047632,6.506333855819089e-05,-0.023809523809523947,0.00011879339702249046,-0.021428571428571352,0.00011517055791260461,0.0,0.0,0.0,0.0,0.0
42,14:41:12,1,-0.03333333333333344,4950999.0,-0.03214285714285725,-0.03333333333333344,1.6371557894949686e-05,-0.03571428571428581,0.0006037720339689758,-0.03809523809523818,0.00023496196062600423,-0.04047619047619044,0.00037323556432745166,-0.04285714285714304,0.0004232780967974104,-0.030952380952380953,0.00014281691619915068,-0.02857142857142858,0.00015837797703094274,-0.02619047619047632,6.464665271874309e-05,-0.023809523809523947,0.00011762092928114768,-0.021428571428571352,0.00011513894726271546,0.0,0.0,0.0,0.0,0.0
42,14:41:15,1,-0.03333333333333344,2877593.0,-0.03452380952380962,-0.03571428571428581,0.000604105382640534,-0.03809523809523818,0.00023478379150844724,-0.04047619047619044,0.00037336488062245267,-0.04285714285714304,0.00042359420329630184,-0.0452380952380953,0.0006290835434438464,-0.03333333333333344,1.7306572181716107e-05,-0.030952380952380953,0.00014304393813926363,-0.02857142857142858,0.00015902168481050346,-0.02619047619047632,6.177295727427549e-05,-0.023809523809523947,0.00011746287603170197,1.0,1.0,1.0,0.0,0.0
42,14:41:18,1,-0.03333333333333344,1122131.0,-0.03452380952380962,-0.03571428571428581,0.0005976740522358155,-0.03809523809523818,0.00023476654933578042,-0.04047619047619044,0.0003733562595361193,-0.04285714285714304,0.00042352236091019015,-0.0452380952380953,0.0006291668806117359,-0.03333333333333344,3.3402140366179125e-05,-0.030952380952380953,0.00014613603443751076,-0.02857142857142858,0.0001584785563714991,-0.02619047619047632,6.171260966994167e-05,-0.023809523809523947,0.00011500874012212664,1.0,1.0,1.0,0.0,0.0
42,14:41:21,1,-0.03333333333333344,3288877.0,-0.03452380952380962,-0.03571428571428581,0.0005756701662175271,-0.03809523809523818,0.00023518323517522822,-0.04047619047619044,0.0003732987856272299,-0.04285714285714304,0.0004232579809292991,-0.0452380952380953,0.0006296237981874063,-0.03333333333333344,4.661539201984114e-05,-0.030952380952380953,0.00014571360120717403,-0.02857142857142858,0.00015909640089205963,-0.02619047619047632,6.164364097927445e-05,-0.023809523809523947,0.00011500586642668216,1.0,1.0,1.0,0.0,0.0
42,14:41:24,1,-0.03571428571428581,3983794.0,-0.03452380952380962,-0.03571428571428581,0.0005649713980777742,-0.03809523809523818,0.00023502805562122697,-0.04047619047619044,0.0003733993649677863,-0.04285714285714304,0.0004215452584443964,-0.0452380952380953,0.0006296237981874063,-0.03333333333333344,5.664550870357529e-05,-0.030952380952380953,0.00014621649790995587,-0.02857142857142858,0.00015740379427526822,-0.02619047619047632,6.299715153361868e-05,-0.023809523809523947,0.00011548289987046379,1.0,1.0,1.0,0.0,1.0
42,14:41:27,1,-0.03571428571428581,520451.0,-0.03452380952380962,-0.03571428571428581,0.0005616436587530807,-0.03809523809523818,0.00023582981665023345,-0.04047619047619044,0.00037346545996300905,-0.04285714285714304,0.00042156824800795216,-0.0452380952380953,0.0006293019442976258,-0.03333333333333344,6.506256266042088e-05,-0.030952380952380953,0.0001477021984547456,-0.02857142857142858,0.00015889811590639137,-0.02619047619047632,6.316957326028674e-05,-0.023809523809523947,0.00011539668900712976,1.0,1.0,0.0,0.0,0.0
42,14:41:30,1,-0.03571428571428581,4130061.0,-0.03452380952380962,-0.03571428571428581,0.000534745869392864,-0.03809523809523818,0.00023569762665978793,-0.04047619047619044,0.0003734079860541197,-0.04285714285714304,0.00042225218752373544,-0.0452380952380953,0.0006294657449379606,-0.03333333333333344,6.712300229410414e-05,-0.030952380952380953,0.00014722229131551953,-0.02857142857142858,0.00015907053763305942,-0.02619047619047632,6.30574991379525e-05,-0.023809523809523947,0.00011860085942771114,1.0,1.0,0.0,0.0,0.0
42,14:41:33,1,-0.03571428571428581,945579.0,-0.03452380952380962,-0.03571428571428581,0.0005301594514634937,-0.03809523809523818,0.00023654824051135034,-0.04047619047619044,0.0003730890058597838,-0.04285714285714304,0.0004216745747393975,-0.0452380952380953,0.0006294513764607382,-0.03333333333333344,7.399400810182617e-05,-0.030952380952380953,0.00014579406467961912,-0.02857142857142858,0.0001567773286683743,-0.02619047619047632,6.27385189436166e-05,-0.023809523809523947,0.00011862384899126688,1.0,1.0,0.0,0.0,1.0
42,14:41:36,1,-0.03571428571428581,3584530.0,-0.03452380952380962,-0.03571428571428581,0.0005053249754324048,-0.03809523809523818,0.0002367292833243518,-0.04047619047619044,0.000373827545589012,-0.04285714285714304,0.0004216975643029532,-0.0452380952380953,0.0006293306812520706,-0.03333333333333344,7.577282558195162e-05,-0.030952380952380953,0.0001457595803342855,-0.02857142857142858,0.000153831790837795,-0.02619047619047632,6.250000222172579e-05,-0.023809523809523947,0.00011855775399604412,1.0,1.0,0.0,0.0,0.0
42,14:41:39,1,-0.03571428571428581,2464104.0,-0.03452380952380962,-0.03571428571428581,0.0004897552935142793,-0.03809523809523818,0.00023657697746579502,-0.04047619047619044,0.00037358040778078774,-0.04285714285714304,0.00042161422713506364,-0.0452380952380953,0.0006292990706021815,-0.03333333333333344,7.745681111240963e-05,-0.030952380952380953,0.00014486298735561163,-0.02857142857142858,0.0001521449316118925,-0.02619047619047632,6.258621308505982e-05,-0.023809523809523947,0.00011653179870769446,1.0,1.0,0.0,1.0,1.0
42,14:41:42,1,-0.03571428571428581,1723999.0,-0.03452380952380962,-0.03571428571428581,0.00047758806700240355,-0.03809523809523818,0.00023642467160723822,-0.04047619047619044,0.0003736579975577884,-0.04285714285714304,0.0004208210871923906,-0.0452380952380953,0.0006288651425900669,-0.03333333333333344,8.025579047532107e-05,-0.030952380952380953,0.00014329682333837678,-0.02857142857142858,0.00015173111946788917,-0.02619047619047632,6.280461393883936e-05,-0.023809523809523947,0.00011653179870769446,1.0,1.0,0.0,1.0,1.0
42,14:41:45,1,-0.03571428571428581,5938536.0,-0.03452380952380962,-0.03571428571428581,0.00043787934335075024,-0.03809523809523818,0.0002359591329452345,-0.04047619047619044,0.0003735832814762322,-0.04285714285714304,0.00042055958090694406,-0.0452380952380953,0.0006289283638898451,-0.03333333333333344,8.213518729600288e-05,-0.030952380952380953,0.00014256977839092647,-0.02857142857142858,0.00015185756206744576,-0.02619047619047632,6.266092916661598e-05,-0.023809523809523947,0.00011483344470001411,1.0,1.0,0.0,1.0,1.0
42,14:41:48,1,-0.03571428571428581,4422714.0,-0.03452380952380962,-0.03571428571428581,0.0004101682981797492,-0.03809523809523818,0.0002374563282718021,-0.04047619047619044,0.000373471207353898,-0.04285714285714304,0.00042055958090694406,-0.0452380952380953,0.0006284254671870633,-0.03333333333333344,8.060350762410165e-05,-0.030952380952380953,0.00014155536389902942,-0.02857142857142858,0.0001519236570626685,-0.02619047619047632,6.169824119271933e-05,-0.023809523809523947,0.00011470700210045754,1.0,1.0,0.0,1.0,1.0
42,14:41:51,1,-0.03571428571428581,4679115.0,-0.03452380952380962,-0.03571428571428581,0.0003798048321135046,-0.03809523809523818,0.00023775231890258225,-0.04047619047619044,0.00037338212279511946,-0.04285714285714304,0.0004220021760200668,-0.0452380952380953,0.0006282041926378393,-0.03333333333333344,8.344559241868011e-05,-0.030952380952380953,0.00014283990576270642,-0.02857142857142858,0.00015215067900278145,-0.02619047619047632,6.169824119271933e-05,-0.023809523809523947,0.0001147903392683471,1.0,1.0,0.0,0.0,1.0
42,14:41:54,1,-0.03571428571428581,3565337.0,-0.03452380952380962,-0.03571428571428581,0.00035465149083589747,-0.03809523809523818,0.00023786726672036097,-0.04047619047619044,0.00037331028040900777,-0.04285714285714304,0.00042199642862917784,-0.0452380952380953,0.0006279829180886152,-0.03333333333333344,0.00011441828191915188,-0.030952380952380953,0.0001392765234115666,-0.02857142857142858,0.00015092648474343824,-0.02619047619047632,6.193675791461014e-05,-0.023809523809523947,0.00011508058250823833,1.0,1.0,0.0,1.0,1.0
42,14:41:57,1,-0.03333333333333344,2291807.0,-0.03452380952380962,-0.03571428571428581,0.0003381679737664313,-0.03809523809523818,0.00023860293275414468,-0.04047619047619044,0.0003734252282267865,-0.04285714285714304,0.0004215768690942856,-0.0452380952380953,0.0006279168230933926,-0.03333333333333344,0.00011295557093791787,-0.030952380952380953,0.00013704653574665975,-0.02857142857142858,0.00014636593007306818,-0.02619047619047632,6.201434769161077e-05,-0.023809523809523947,0.00011507196142190492,1.0,0.0,0.0,1.0,1.0
42,14:42:00,1,-0.03571428571428581,7970644.0,-0.03452380952380962,-0.03571428571428581,0.0003122299986846668,-0.03809523809523818,0.00023920066140659392,-0.04047619047619044,0.00037300279499644974,-0.04285714285714304,0.0004205825704704998,-0.0452380952380953,0.0006278794650526144,-0.03333333333333344,8.636526699025918e-05,-0.030952380952380953,0.00013525334978931196,-0.02857142857142858,0.00014377673047760286,-0.02619047619047632,6.201434769161077e-05,-0.023809523809523947,0.00011526737271212872,1.0,0.0,0.0,0.0,1.0
42,14:42:03,1,-0.03333333333333344,1332322.0,-0.03452380952380962,-0.03571428571428581,0.0003038675449412661,-0.03809523809523818,0.00023759426565313655,-0.04047619047619044,0.0003728188784880038,-0.04285714285714304,0.00042093316131472483,-0.0452380952380953,0.0006277731383211692,-0.03333333333333344,9.189138332997038e-05,-0.030952380952380953,0.00011397076132758494,-0.02857142857142858,0.00014253816774103734,-0.02619047619047632,6.193675791461014e-05,-0.023809523809523947,0.00011478746557290263,1.0,0.0,0.0,0.0,1.0
42,14:42:06,1,-0.03571428571428581,3602625.0,-0.03452380952380962,-0.03571428571428581,0.0002796940188624046,-0.03809523809523818,0.00023616029162634722,-0.04047619047619044,0.0003728591102242264,-0.04285714285714304,0.0004209101717511691,-0.0452380952380953,0.0006279082020070591,-0.03333333333333344,9.989462514281264e-05,-0.030952380952380953,0.00011362304417880437,-0.02857142857142858,0.0001415295006400292,-0.02619047619047632,6.163501989294104e-05,-0.023809523809523947,0.00011297416374744358,1.0,0.0,0.0,1.0,1.0
42,14:42:09,1,-0.03571428571428581,4013331.0,-0.03452380952380962,-0.03571428571428581,0.00025350603227697143,-0.03809523809523818,0.00023716895872735535,-0.04047619047619044,0.00037338212279511946,-0.04285714285714304,0.0004216487114803973,-0.0452380952380953,0.0006286438680408428,-0.03333333333333344,0.00010632020815664219,-0.030952380952380953,0.00011343050658402503,-0.02857142857142858,0.00014146340564480644,-0.02619047619047632,6.200860030072183e-05,-0.023809523809523947,0.0001105775017467576,1.0,0.0,0.0,0.0,1.0
42,14:42:12,1,-0.03571428571428581,2371320.0,-0.03452380952380962,-0.03571428571428581,0.00024226700939365862,-0.03809523809523818,0.00023987310614059933,-0.04047619047619044,0.0003734568388766756,-0.04285714285714304,0.00042168606952117533,-0.0452380952380953,0.0006290289432304015,-0.03333333333333344,0.000110061759625339,-0.030952380952380953,0.00011104533936511692,-0.02857142857142858,0.00014163870106691898,-0.02619047619047632,6.189077878749866e-05,-0.023809523809523947,0.00011049129088342357,0.0,0.0,0.0,0.0,1.0
42,14:42:15,1,-0.03571428571428581,5032406.0,-0.03452380952380962,-0.03571428571428581,0.00020830855032638503,-0.03809523809523818,0.00024076107803293985,-0.04047619047619044,0.0003729884265192274,-0.04285714285714304,0.00042128375215894987,-0.0452380952380953,0.0006290145747531792,-0.03333333333333344,0.0001329449964496345,-0.030952380952380953,0.00010947630165243761,-0.02857142857142858,0.00013405214509352453,-0.02619047619047632,6.178445205605336e-05,-0.023809523809523947,0.00010728424676739773,0.0,0.0,0.0,0.0,1.0
42,14:42:18,1,-0.03571428571428581,6828996.0,-0.03452380952380962,-0.03571428571428581,0.00016254207667779405,-0.03809523809523818,0.00024117776387238762,-0.04047619047619044,0.0003730516478190057,-0.04285714285714304,0.00042117167803661565,-0.0452380952380953,0.0006294082710290712,-0.03333333333333344,0.00013858031321623544,-0.030952380952380953,0.00010959124947021632,-0.02857142857142858,0.00013373603859463307,-0.02619047619047632,6.185629444216505e-05,-0.023809523809523947,0.000106683644419504,0.0,0.0,0.0,0.0,1.0
42,14:42:21,1,-0.03571428571428581,7119207.0,-0.03452380952380962,-0.03571428571428581,0.00011137917656490073,-0.03809523809523818,0.00024262035898551038,-0.04047619047619044,0.0003728303732697817,-0.04285714285714304,0.00042124064672728286,-0.0452380952380953,0.0006291582595254025,-0.03333333333333344,0.00013974990726213377,-0.030952380952380953,0.00010857970867376372,-0.02857142857142858,0.00013330211058251848,-0.02619047619047632,6.185629444216505e-05,-0.023809523809523947,0.00010667789702861507,0.0,0.0,0.0,0.0,1.0
42,14:42:24,1,-0.03571428571428581,5464929.0,-0.03452380952380962,-0.03571428571428581,7.574247935805804e-05,-0.03809523809523818,0.0002429364654844018,-0.04047619047619044,0.00037310050064156164,-0.04285714285714304,0.0004209101717511691,-0.0452380952380953,0.000630046231417743,-0.03333333333333344,0.00014870146857165034,-0.030952380952380953,0.00010851361367854098,-0.02857142857142858,0.00013305784646973871,-0.02619047619047632,6.185629444216505e-05,-0.023809523809523947,0.0001089280005616332,0.0,0.0,0.0,1.0,1.0
42,14:42:27,1,-0.03571428571428581,11391580.0,-0.036904761904761996,-0.03809523809523818,0.0002419249246879492,-0.04047619047619044,0.0003733189014953412,-0.04285714285714304,0.00042141881584483983,-0.0452380952380953,0.0006300289892450762,-0.04761904761904767,0.0009444687447787207,-0.03571428571428581,2.344886629863004e-05,-0.03333333333333344,0.0001500348632578833,-0.030952380952380953,0.00010905099472665641,-0.02857142857142858,0.00013271300301640263,-0.02619047619047632,6.185629444216505e-05,1.0,1.0,1.0,1.0,2.0
42,14:42:30,1,-0.03571428571428581,350190.0,-0.036904761904761996,-0.03809523809523818,0.00024202837772395005,-0.04047619047619044,0.00037349132322200926,-0.04285714285714304,0.0004237206458958584,-0.0452380952380953,0.0006302588848806336,-0.04761904761904767,0.0009451181999491705,-0.03571428571428581,5.0743225630183284e-05,-0.03333333333333344,0.00014983083088132608,-0.030952380952380953,0.0001086975301869869,-0.02857142857142858,0.0001323681595630665,-0.02619047619047632,6.181606270594251e-05,1.0,1.0,1.0,1.0,2.0
42,14:42:33,1,-0.03571428571428581,1980802.0,-0.036904761904761996,-0.03809523809523818,0.00023318601684132326,-0.04047619047619044,0.00037458332749090695,-0.04285714285714304,0.00042405974195830557,-0.0452380952380953,0.0006304629172571908,-0.04761904761904767,0.0009452590110259494,-0.03571428571428581,7.14267635395566e-05,-0.03333333333333344,0.00015278498979823878,-0.030952380952380953,0.0001088124780047656,-0.02857142857142858,0.0001318279048195066,-0.02619047619047632,6.0816016691267775e-05,1.0,1.0,1.0,2.0,2.0
42,14:42:36,1,-0.03571428571428581,1288424.0,-0.036904761904761996,-0.03809523809523818,0.00022664835970515946,-0.04047619047619044,0.00037519255092513407,-0.04285714285714304,0.0004242350373804181,-0.0452380952380953,0.0006309284559191945,-0.04761904761904767,0.000945828002723954,-0.03571428571428581,8.31341987803176e-05,-0.03333333333333344,0.00015663861538926983,-0.030952380952380953,0.00010947630165243761,-0.02857142857142858,0.00013123017616705734,-0.02619047619047632,6.084762734115692e-05,1.0,1.0,1.0,1.0,2.0
42,14:42:39,1,-0.03809523809523818,2130392.0,-0.036904761904761996,-0.03809523809523818,0.0002146363127472849,-0.04047619047619044,0.00037522128787957875,-0.04285714285714304,0.0004245224069248649,-0.0452380952380953,0.0006315865321759776,-0.04761904761904767,0.0009459659401052884,-0.03571428571428581,9.106559820704817e-05,-0.03333333333333344,0.00015769038792194496,-0.030952380952380953,0.00010949929121599335,-0.02857142857142858,0.00013101464900872227,-0.02619047619047632,6.0919469727268615e-05,1.0,1.0,2.0,2.0,2.0
42,14:42:42,1,-0.03571428571428581,3158162.0,-0.036904761904761996,-0.03809523809523818,0.00022388099099213715,-0.04047619047619044,0.0003752184141841343,-0.04285714285714304,0.0004245195332294204,-0.0452380952380953,0.0006318480384614242,-0.04761904761904767,0.0009436353730998252,-0.03571428571428581,0.0001018821878600242,-0.03333333333333344,0.0001514630898937837,-0.030952380952380953,0.0001098326398875516,-0.02857142857142858,0.00013042841513805087,-0.02619047619047632,6.0804521909489905e-05,1.0,1.0,2.0,2.0,2.0
42,14:42:45,1,-0.03571428571428581,4713970.0,-0.036904761904761996,-0.03809523809523818,0.0001986815556396008,-0.04047619047619044,0.00037547704677413636,-0.04285714285714304,0.0004248212712510895,-0.0452380952380953,0.000631152604163863,-0.04761904761904767,0.0009433594983371563,-0.03571428571428581,0.00010053893639841672,-0.03333333333333344,0.00015151769010722857,-0.030952380952380953,0.00010969182881077269,-0.02857142857142858,0.00012867258722148116,-0.02619047619047632,6.0804521909489905e-05,1.0,1.0,2.0,2.0,2.0
42,14:42:48,1,-0.03571428571428581,3898626.0,-0.036904761904761996,-0.03809523809523818,0.00018341973271444116,-0.04047619047619044,0.0003749684026804656,-0.04285714285714304,0.0004247206919105331,-0.0452380952380953,0.0006309888035235284,-0.04761904761904767,0.0009434916883276018,-0.03571428571428581,0.00010434658286233628,-0.03333333333333344,0.0001488623955165405,-0.030952380952380953,0.00010886133082732155,-0.02857142857142858,0.00012852028136292438,-0.02619047619047632,6.066083713726653e-05,1.0,1.0,2.0,2.0,2.0
42,14:42:51,1,-0.03809523809523818,2670624.0,-0.036904761904761996,-0.03809523809523818,0.0001722870365625737,-0.04047619047619044,0.00037504311876202174,-0.04285714285714304,0.000425838559438431,-0.0452380952380953,0.0006311411093820852,-0.04761904761904767,0.0009438020474356043,-0.03571428571428581,0.00010126598134586702,-0.03333333333333344,0.00014592260507685016,-0.030952380952380953,0.00010857396128287479,-0.02857142857142858,0.00012877604025748201,-0.02619047619047632,6.037346759281977e-05,1.0,1.0,1.0,2.0,2.0
42,14:42:54,1,-0.03809523809523818,3794579.0,-0.036904761904761996,-0.03809523809523818,0.00016319753787172268,-0.04047619047619044,0.00037489656029435393,-0.04285714285714304,0.00042590752812909823,-0.0452380952380953,0.0006317589539026457,-0.04761904761904767,0.0009433594983371563,-0.03571428571428581,8.619632243507893e-05,-0.03333333333333344,0.0001452788972972894,-0.030952380952380953,0.0001079877274122034,-0.02857142857142858,0.00012691101191402254,-0.02619047619047632,6.045393106526486e-05,1.0,1.0,2.0,2.0,2.0
42,14:42:57,1,-0.03571428571428581,3777299.0,-0.036904761904761996,-0.03809523809523818,0.0001873365796052505,-0.04047619047619044,0.0003762357023714758,-0.04285714285714304,0.000426108686810211,-0.0452380952380953,0.000631724469557312,-0.04761904761904767,0.0009439802165531613,-0.03571428571428581,8.54462879240729e-05,-0.03333333333333344,0.0001431696048410502,-0.030952380952380953,0.00011675249851782958,-0.02857142857142858,0.00012681905365979958,-0.02619047619047632,6.0451057369820396e-05,1.0,1.0,2.0,2.0,2.0
42,14:43:00,1,-0.03809523809523818,2032752.0,-0.036904761904761996,-0.03809523809523818,0.00017964961671302634,-0.04047619047619044,0.00037634202910292113,-0.04285714285714304,0.0004262667400596567,-0.0452380952380953,0.0006315980269577555,-0.04761904761904767,0.0009440606800256064,-0.03571428571428581,9.009880084866594e-05,-0.03333333333333344,0.00014154309321948153,-0.030952380952380953,0.00011605419052482394,-0.02857142857142858,0.0001238016734431086,-0.02619047619047632,6.0451057369820396e-05,1.0,1.0,1.0,2.0,2.0
42,14:43:03,1,-0.03809523809523818,3686881.0,-0.036904761904761996,-0.03809523809523818,0.00017188788026533715,-0.04047619047619044,0.0003782903946142701,-0.04285714285714304,0.0004263184665776571,-0.0452380952380953,0.0006313623839313092,-0.04761904761904767,0.0009444859869513876,-0.03571428571428581,8.263006638849465e-05,-0.03333333333333344,0.00014139940844725815,-0.030952380952380953,0.00011537887209537406,-0.02857142857142858,0.00012252862636120946,-0.02619047619047632,6.0451057369820396e-05,1.0,1.0,1.0,2.0,2.0
42,14:43:06,1,-0.03809523809523818,2547781.0,-0.036904761904761996,-0.03809523809523818,0.00017192236461067076,-0.04047619047619044,0.00037775876095704364,-0.04285714285714304,0.0004253184205629824,-0.0452380952380953,0.0006319773547564252,-0.04761904761904767,0.0009451067051673926,-0.03571428571428581,8.146621973348527e-05,-0.03333333333333344,0.00013876710342012582,-0.030952380952380953,0.00011503690233748242,-0.02857142857142858,0.00012204871922198336,-0.02619047619047632,6.085912212293479e-05,1.0,1.0,2.0,2.0,2.0
42,14:43:09,1,-0.03809523809523818,1378712.0,-0.036904761904761996,-0.03809523809523818,0.00019964490456344966,-0.04047619047619044,0.00037727885381781754,-0.04285714285714304,0.0004250626616684248,-0.0452380952380953,0.0006325578412362077,-0.04761904761904767,0.0009451986634216156,-0.03571428571428581,8.79291607880929e-05,-0.03333333333333344,0.0001389021671060158,-0.030952380952380953,0.0001154104827452632,-0.02857142857142858,0.00012123546341119902,-0.02619047619047632,6.084762734115692e-05,1.0,2.0,1.0,2.0,2.0
42,14:43:12,1,-0.03809523809523818,3762844.0,-0.036904761904761996,-0.03809523809523818,0.0001794482568732325,-0.04047619047619044,0.00037795417224726745,-0.04285714285714304,0.0004254304946853166,-0.0452380952380953,0.000632891189907766,-0.04761904761904767,0.0009450837156038368,-0.03571428571428581,8.877115355332191e-05,-0.03333333333333344,0.0001375716461152273,-0.030952380952380953,0.0001149937969058154,-0.02857142857142858,0.00012080153539908443,-0.02619047619047632,6.0545889319487826e-05,1.0,2.0,1.0,2.0,2.0
42,14:43:15,1,-0.03809523809523818,1218857.0,-0.036904761904761996,-0.03809523809523818,0.00018438204710793002,-0.04047619047619044,0.00037836798439127076,-0.04285714285714304,0.00042551670554865067,-0.0452380952380953,0.0006325405990635409,-0.04761904761904767,0.0009469717335108521,-0.03571428571428581,0.00010537249213601122,-0.03333333333333344,0.00013698541224455593,-0.030952380952380953,0.00011389891894147325,-0.02857142857142858,0.00012047393411841512,-0.02619047619047632,6.047979432426507e-05,1.0,2.0,1.0,2.0,2.0
42,14:43:18,1,-0.03809523809523818,2901935.0,-0.036904761904761996,-0.03809523809523818,0.00016782094026146326,-0.04047619047619044,0.00037852891133616093,-0.04285714285714304,0.0004254046314263164,-0.0452380952380953,0.0006313451417586423,-0.04761904761904767,0.0009482045488565287,-0.03571428571428581,0.00010665416030424377,-0.03333333333333344,0.00013638768359210666,-0.030952380952380953,0.0001136287915696933,-0.02857142857142858,0.00012035323890974747,-0.02619047619047632,6.039358346093104e-05,1.0,2.0,1.0,2.0,2.0
42,14:43:21,1,-0.03809523809523818,2371013.0,-0.036904761904761996,-0.03809523809523818,0.00016224884479464058,-0.04047619047619044,0.0003774943809761526,-0.04285714285714304,0.0004251230092727586,-0.0452380952380953,0.0006310347826506399,-0.04761904761904767,0.000948440191882975,-0.03571428571428581,9.694681709283223e-05,-0.03333333333333344,0.00013571523885810125,-0.030952380952380953,0.00011337590637058014,-0.02857142857142858,0.00012035898630063641,-0.02619047619047632,6.024415129781872e-05,1.0,1.0,1.0,2.0,2.0
42,14:43:24,1,-0.03571428571428581,2556105.0,-0.036904761904761996,-0.03809523809523818,0.00017877259360032927,-0.04047619047619044,0.00037799727767893446,-0.04285714285714304,0.00042513737774998095,-0.0452380952380953,0.0006334314446513258,-0.04761904761904767,0.0009483884653649746,-0.03571428571428581,9.555307480226544e-05,-0.03333333333333344,0.00013434735982653466,-0.030952380952380953,0.00011344774875669183,-0.02857142857142858,0.00012029576500085812,-0.02619047619047632,6.030162520670808e-05,2.0,2.0,2.0,2.0,2.0
42,14:43:27,1,-0.03571428571428581,4665919.0,-0.036904761904761996,-0.03809523809523818,0.00016574038475966873,-0.04047619047619044,0.0003790662923842764,-0.04285714285714304,0.00042505691427753583,-0.0452380952380953,0.000633862498967996,-0.04761904761904767,0.0009486097399141986,-0.03571428571428581,8.14374827790406e-05,-0.03333333333333344,0.00013313178665352488,-0.030952380952380953,0.00011430985739003212,-0.02857142857142858,0.00011884454880140199,-0.02619047619047632,6.030162520670808e-05,2.0,2.0,1.0,2.0,2.0
42,14:43:30,1,-0.03571428571428581,7365112.0,-0.036904761904761996,-0.03809523809523818,0.0001540616864733524,-0.04047619047619044,0.00038108937397718156,-0.04285714285714304,0.00042531267317209344,-0.0452380952380953,0.0006342102161167766,-0.04761904761904767,0.0009485436449189758,-0.03571428571428581,4.7519255447989533e-05,-0.03333333333333344,0.00013266624799152112,-0.030952380952380953,0.00011376385525558327,-0.02857142857142858,0.00011550244099948618,-0.02619047619047632,6.030162520670808e-05,2.0,1.0,1.0,2.0,2.0
42,14:43:33,1,-0.03809523809523818,6824400.0,-0.036904761904761996,-0.03809523809523818,0.00018247966072369249,-0.04047619047619044,0.00038080200443273485,-0.04285714285714304,0.0004253873892536496,-0.0452380952380953,0.0006338653726634404,-0.04761904761904767,0.0009495724278880953,-0.03571428571428581,2.1676112315892424e-05,-0.03333333333333344,0.00013468645588898186,-0.030952380952380953,0.00011341039071591375,-0.02857142857142858,0.00011505414451014922,-0.02619047619047632,6.031311998848595e-05,2.0,1.0,2.0,2.0,2.0
42,14:43:36,1,-0.03571428571428581,7061000.0,-0.036904761904761996,-0.03809523809523818,0.00015629759395087485,-0.04047619047619044,0.0003808307413871795,-0.04285714285714304,0.00042556843206665104,-0.0452380952380953,0.0006341527422078872,-0.04761904761904767,0.0009498425552598752,-0.03571428571428581,1.1494781777870393e-07,-0.03333333333333344,0.00013128974787362114,-0.030952380952380953,0.00011307129465346659,-0.02857142857142858,0.0001141604252269198,-0.02619047619047632,6.0293004120374676e-05,1.0,2.0,1.0,2.0,2.0
42,14:43:39,1,-0.03571428571428581,2707133.0,-0.03452380952380962,-0.03571428571428581,9.845280592745992e-06,-0.03809523809523818,0.00016140127706024932,-0.04047619047619044,0.0003816727341524085,-0.04285714285714304,0.00042545348424887235,-0.0452380952380953,0.0006341987213349987,-0.03333333333333344,0.0001319420767395153,-0.030952380952380953,0.00011267472468213006,-0.02857142857142858,0.00011485011213359203,-0.02619047619047632,6.0293004120374676e-05,-0.023809523809523947,0.0001063646642251681,1.0,0.0,1.0,1.0,2.0
42,14:43:42,1,-0.03571428571428581,4481820.0,-0.03452380952380962,-0.03571428571428581,7.595177059727862e-06,-0.03809523809523818,0.00019526490417785548,-0.04047619047619044,0.0003805031401065102,-0.04285714285714304,0.00042546210533520577,-0.0452380952380953,0.000634342406107222,-0.03333333333333344,0.00011815408599695975,-0.030952380952380953,0.00011221780710645971,-0.02857142857142858,0.0001138673082915841,-0.02619047619047632,6.0293004120374676e-05,-0.023809523809523947,0.00010575544079094097,1.0,0.0,1.0,1.0,2.0
42,14:43:45,1,-0.03571428571428581,1673155.0,-0.03452380952380962,-0.03571428571428581,6.529036049830383e-06,-0.03809523809523818,0.0001939085199280668,-0.04047619047619044,0.00038056923510173293,-0.04285714285714304,0.00042282692661262897,-0.0452380952380953,0.0006340033100447749,-0.03333333333333344,0.00011909378440730066,-0.030952380952380953,0.00011151949911345407,-0.02857142857142858,0.00011223504927912651,-0.02619047619047632,6.064072126915526e-05,-0.023809523809523947,0.00010565198775494013,0.0,0.0,1.0,1.0,2.0
42,14:43:48,1,-0.03571428571428581,2077711.0,-0.03452380952380962,-0.03571428571428581,8.707297196736823e-07,-0.03809523809523818,0.0002028744497148057,-0.04047619047619044,0.0003799341484085056,-0.04285714285714304,0.0004240137628311941,-0.0452380952380953,0.000633899857008774,-0.03333333333333344,0.0001231255791158887,-0.030952380952380953,0.00011091027567922694,-0.02857142857142858,0.00011224941775634884,-0.02619047619047632,6.064072126915526e-05,-0.023809523809523947,0.0001060543051171656,0.0,0.0,1.0,1.0,2.0
42,14:43:51,1,-0.03571428571428581,952603.0,-0.036904761904761996,-0.03809523809523818,0.00020155829720123954,-0.04047619047619044,0.0003802272653438413,-0.04285714285714304,0.0004240281313084164,-0.0452380952380953,0.0006340033100447749,-0.04761904761904767,0.000952612797668342,-0.03571428571428581,6.738815817276517e-06,-0.03333333333333344,0.00012434689967978743,-0.030952380952380953,0.00011081831742500399,-0.02857142857142858,0.00011236149187868308,-0.02619047619047632,6.0770037564156297e-05,2.0,1.0,2.0,2.0,2.0
42,14:43:54,1,-0.03571428571428581,2801555.0,-0.03452380952380962,-0.03571428571428581,1.0365419468194627e-05,-0.03809523809523818,0.00020411013875592675,-0.04047619047619044,0.0003807588990010678,-0.04285714285714304,0.00042426090063941833,-0.0452380952380953,0.0006339400887449966,-0.03333333333333344,0.00012048752669786745,-0.030952380952380953,0.00010979240815132905,-0.02857142857142858,0.00011151087802712068,-0.02619047619047632,6.074130060971162e-05,-0.023809523809523947,0.00010629569553450088,0.0,1.0,1.0,1.0,1.0
42,14:43:57,1,-0.03571428571428581,1883504.0,-0.03452380952380962,-0.03571428571428581,3.21055002446809e-06,-0.03809523809523818,0.00020665623291972506,-0.04047619047619044,0.00038079050965095695,-0.04285714285714304,0.00042459999670186547,-0.0452380952380953,0.0006344631013158897,-0.03333333333333344,0.0001265768873446943,-0.030952380952380953,0.00010935273274832551,-0.02857142857142858,0.00011124649804622966,-0.02619047619047632,6.074130060971162e-05,-0.023809523809523947,0.00010633592727072343,0.0,0.0,1.0,1.0,1.0
42,14:44:00,1,-0.03571428571428581,1380656.0,-0.036904761904761996,-0.03809523809523818,0.00020570567194060405,-0.04047619047619044,0.0003804025607659538,-0.04285714285714304,0.0004245195332294204,-0.0452380952380953,0.0006343768904525556,-0.04761904761904767,0.0009553485557314751,-0.03571428571428581,6.5807625678308e-07,-0.03333333333333344,0.00012645906583147112,-0.030952380952380953,0.00010924927971232467,-0.02857142857142858,0.0001111717819646735,-0.02619047619047632,6.074130060971162e-05,1.0,1.0,2.0,2.0,2.0
42,14:44:03,1,-0.03571428571428581,838451.0,-0.036904761904761996,-0.03809523809523818,0.00020748736311617397,-0.04047619047619044,0.0003810807528908482,-0.04285714285714304,0.00042475517625586675,-0.0452380952380953,0.0006344113747978893,-0.04761904761904767,0.000954868648592249,-0.03571428571428581,4.787576610483018e-06,-0.03333333333333344,0.00012436126815700978,-0.030952380952380953,0.0001089015625635441,-0.02857142857142858,0.0001108872861156712,-0.02619047619047632,6.074130060971162e-05,1.0,2.0,2.0,2.0,2.0
42,14:44:06,1,-0.03571428571428581,2433703.0,-0.03452380952380962,-0.03571428571428581,1.9426181204600964e-06,-0.03809523809523818,0.00021081510244086744,-0.04047619047619044,0.00038122731135851605,-0.04285714285714304,0.00042481265016475607,-0.0452380952380953,0.0006317129747755343,-0.03333333333333344,0.0001240480353535628,-0.030952380952380953,0.00010865155105987541,-0.02857142857142858,0.0001110568341468948,-0.02619047619047632,6.074130060971162e-05,-0.023809523809523947,0.00010653708595183616,0.0,0.0,1.0,1.0,2.0
42,14:44:09,1,-0.03809523809523818,2081556.0,-0.036904761904761996,-0.03809523809523818,0.00023618983321551634,-0.04047619047619044,0.0003811324794088486,-0.04285714285714304,0.0004258500542202089,-0.0452380952380953,0.000631865280634091,-0.04761904761904767,0.0009553456820360306,-0.03571428571428581,1.4632857203229009e-05,-0.03333333333333344,0.00012406527752622962,-0.030952380952380953,0.00010894179429976664,-0.02857142857142858,0.00011112005544667308,-0.02619047619047632,6.074130060971162e-05,2.0,2.0,2.0,2.0,2.0
42,14:44:12,1,-0.03571428571428581,1585826.0,-0.036904761904761996,-0.03809523809523818,0.0002436068411576872,-0.04047619047619044,0.0003811238583225152,-0.04285714285714304,0.00042658284655854815,-0.0452380952380953,0.0006321928819147602,-0.04761904761904767,0.0009548025535970262,-0.03571428571428581,1.2411490624655556e-05,-0.03333333333333344,0.00012551362003024126,-0.030952380952380953,0.00010854235063298565,-0.02857142857142858,0.00011131546673689688,-0.02619047619047632,6.074130060971162e-05,1.0,2.0,2.0,2.0,2.0
42,14:44:15,1,-0.03571428571428581,2348831.0,-0.036904761904761996,-0.03809523809523818,0.0002445752765224728,-0.04047619047619044,0.0003809715524639584,-0.04285714285714304,0.0004254046314263164,-0.0452380952380953,0.0006331268329342123,-0.04761904761904767,0.0009546991005610255,-0.03571428571428581,2.655294590688061e-06,-0.03333333333333344,0.00012443311054312147,-0.030952380952380953,0.00010839004477442886,-0.02857142857142858,0.00011121488739634051,-0.02619047619047632,6.074130060971162e-05,1.0,2.0,2.0,2.0,2.0
42,14:44:18,1,-0.03571428571428581,1681314.0,-0.036904761904761996,-0.03809523809523818,0.0002464460522568212,-0.04047619047619044,0.0003822158625914129,-0.04285714285714304,0.00042621788723710074,-0.0452380952380953,0.0006333998340014367,-0.04761904761904767,0.000953454790433571,-0.03571428571428581,1.724217266680559e-08,-0.03333333333333344,0.0001235508860416699,-0.030952380952380953,0.00010837280260176205,-0.02857142857142858,0.00011102809719245011,-0.02619047619047632,6.074130060971162e-05,2.0,2.0,2.0,2.0,2.0
42,14:44:21,1,-0.03809523809523818,1880852.0,-0.036904761904761996,-0.03809523809523818,0.00023616396995651613,-0.04047619047619044,0.0003823854106226365,-0.04285714285714304,0.0004261862765872116,-0.0452380952380953,0.0006329572849029886,-0.04761904761904767,0.000953664570201017,-0.03571428571428581,3.908225804475933e-07,-0.03333333333333344,0.0001252521137447947,-0.030952380952380953,0.00010830383391109484,-0.02857142857142858,0.00011103959197422798,-0.02619047619047632,6.079877451860097e-05,1.0,2.0,2.0,2.0,2.0
42,14:44:24,1,-0.03571428571428581,2245659.0,-0.03452380952380962,-0.03571428571428581,8.67108863413653e-06,-0.03809523809523818,0.0002391554869142069,-0.04047619047619044,0.0003845234400333204,-0.04285714285714304,0.00042630409810043475,-0.0452380952380953,0.0006331124644569899,-0.03333333333333344,0.00012503658658645966,-0.030952380952380953,0.00010740436723697648,-0.02857142857142858,0.00011216895428390376,-0.02619047619047632,6.0856248427490325e-05,-0.023809523809523947,0.00011090222933198244,1.0,1.0,1.0,2.0,2.0
42,14:44:27,1,-0.03571428571428581,2490324.0,-0.036904761904761996,-0.03809523809523818,0.00027701929809051195,-0.04047619047619044,0.0003849631154363239,-0.04285714285714304,0.0004255109581577617,-0.0452380952380953,0.0006328595792578767,-0.04761904761904767,0.0009545927738295802,-0.03571428571428581,1.2709205472702398e-05,-0.03333333333333344,0.00012147320423531983,-0.030952380952380953,0.00010800784328031468,-0.02857142857142858,0.00011213734363401461,-0.02619047619047632,6.0856248427490325e-05,2.0,2.0,2.0,2.0,2.0
42,14:44:30,1,-0.03809523809523818,4274193.0,-0.036904761904761996,-0.03809523809523818,0.0002697357445647822,-0.04047619047619044,0.0003844573450380976,-0.04285714285714304,0.0004254592316397613,-0.0452380952380953,0.0006327302629628757,-0.04761904761904767,0.0009553543031223641,-0.03571428571428581,5.506000471599917e-07,-0.03333333333333344,0.00012169735247998831,-0.030952380952380953,0.0001078900217670915,-0.02857142857142858,0.00011215171211123695,-0.02619047619047632,6.0281509338596806e-05,2.0,2.0,2.0,2.0,2.0
42,14:44:33,1,-0.03333333333333344,2017723.0,-0.03452380952380962,-0.03571428571428581,1.3247735998995628e-06,-0.03809523809523818,0.000281039138226051,-0.04047619047619044,0.00038536830649399384,-0.04285714285714304,0.0004255023370714283,-0.0452380952380953,0.000631730216948201,-0.03333333333333344,0.00012180367921143361,-0.030952380952380953,0.0001079618641532032,-0.02857142857142858,0.00011201664842534698,-0.02619047619047632,6.018955108437384e-05,-0.023809523809523947,0.0001105775017467576,1.0,1.0,1.0,2.0,2.0
42,14:44:36,1,-0.03571428571428581,4165026.0,-0.036904761904761996,-0.03809523809523818,0.00027224850386142464,-0.04047619047619044,0.000387083902674341,-0.04285714285714304,0.0004260253496423214,-0.0452380952380953,0.0006196606960814371,-0.04761904761904767,0.0009554548824629204,-0.03571428571428581,5.0174722460404265e-06,-0.03333333333333344,0.00012078351732864761,-0.030952380952380953,0.0001078727795944247,-0.02857142857142858,0.00011129247717334114,-0.02619047619047632,6.018955108437384e-05,2.0,2.0,2.0,2.0,2.0
42,14:44:39,1,-0.03571428571428581,1972465.0,-0.03452380952380962,-0.03571428571428581,1.2227574116209629e-05,-0.03809523809523818,0.00027674296353657194,-0.04047619047619044,0.00038819602281134997,-0.04285714285714304,0.0004260425918149882,-0.0452380952380953,0.0006201549716978855,-0.03333333333333344,0.00011907654223463386,-0.030952380952380953,0.00010779806351286854,-0.02857142857142858,0.00011411731979525278,-0.02619047619047632,6.018955108437384e-05,-0.023809523809523947,0.00011016656329819874,1.0,1.0,1.0,2.0,2.0
42,14:44:42,1,-0.03571428571428581,2212715.0,-0.03452380952380962,-0.03571428571428581,1.6388685119798712e-05,-0.03809523809523818,0.0003079053169363786,-0.04047619047619044,0.00038849776083301905,-0.04285714285714304,0.0004260425918149882,-0.0452380952380953,0.0006203704988562206,-0.03333333333333344,0.00011832650772362781,-0.030952380952380953,0.0001082636021748723,-0.02857142857142858,0.00011688468850827508,-0.02619047619047632,5.9732633508703494e-05,-0.023809523809523947,0.00011016656329819874,1.0,1.0,1.0,2.0,2.0
42,14:44:45,1,-0.03333333333333344,3060692.0,-0.03452380952380962,-0.03571428571428581,5.238746795264431e-06,-0.03809523809523818,0.00031124455104284993,-0.04047619047619044,0.0003891587107852466,-0.04285714285714304,0.0004259650020379876,-0.0452380952380953,0.0006205285521056663,-0.03333333333333344,0.00012254221894066178,-0.030952380952380953,0.00010824061261131655,-0.02857142857142858,9.609924935844095e-05,-0.02619047619047632,5.815210101424631e-05,-0.023809523809523947,0.00011027001633419956,1.0,1.0,1.0,2.0,2.0
42,14:44:48,1,-0.03571428571428581,1204328.0,-0.03452380952380962,-0.03571428571428581,9.72745907952282e-06,-0.03809523809523818,0.0003206587773189258,-0.04047619047619044,0.0003892420479531362,-0.04285714285714304,0.0004255569372848732,-0.0452380952380953,0.0006209682275086698,-0.03333333333333344,0.00012317155824300018,-0.030952380952380953,0.00010821187565687187,-0.02857142857142858,9.609924935844095e-05,-0.02619047619047632,5.77986364745768e-05,-0.023809523809523947,0.00011000276265786408,1.0,1.0,1.0,2.0,2.0
42,14:44:51,1,-0.03571428571428581,954374.0,-0.03452380952380962,-0.03571428571428581,1.2155731730097939e-05,-0.03809523809523818,0.00031979666868558554,-0.04047619047619044,0.00038956390184291653,-0.04285714285714304,0.00042565176923454063,-0.0452380952380953,0.0006211952494487828,-0.03333333333333344,0.00012201633267432421,-0.030952380952380953,0.00010839866586076227,-0.02857142857142858,9.580325872766079e-05,-0.02619047619047632,5.796531081035592e-05,-0.023809523809523947,0.00011000276265786408,1.0,1.0,1.0,1.0,2.0
42,14:44:54,1,-0.03333333333333344,1881860.0,-0.03452380952380962,-0.03571428571428581,9.59526908907731e-06,-0.03809523809523818,0.0003164603082745586,-0.04047619047619044,0.00039074211697514823,-0.04285714285714304,0.0004299077121877971,-0.0452380952380953,0.0006195888536953254,-0.03333333333333344,0.00012267153523566282,-0.030952380952380953,0.00010866591953709776,-0.02857142857142858,9.598717523610671e-05,-0.02619047619047632,5.7968184505800386e-05,-0.023809523809523947,0.00011006598395764237,1.0,1.0,1.0,1.0,2.0
42,14:44:57,1,-0.03333333333333344,1097674.0,-0.03452380952380962,-0.03571428571428581,5.550189286449496e-05,-0.03809523809523818,0.0003178483031742365,-0.04047619047619044,0.00039132835084581966,-0.04285714285714304,0.0004298502382789078,-0.0452380952380953,0.0006217067672378981,-0.03333333333333344,0.0001202432625850877,-0.030952380952380953,0.00010807106458009296,-0.02857142857142858,9.56423317827706e-05,-0.02619047619047632,5.7968184505800386e-05,-0.023809523809523947,0.00011031024807042211,1.0,1.0,1.0,1.0,2.0
42,14:45:00,1,-0.03571428571428581,1067004.0,-0.03452380952380962,-0.03571428571428581,5.41857403509288e-05,-0.03809523809523818,0.0003120578068536343,-0.04047619047619044,0.0003910582234740397,-0.04285714285714304,0.0004287611077054546,-0.0452380952380953,0.0006217182620196759,-0.03333333333333344,0.00012301063129811,-0.030952380952380953,0.00010801646436664807,-0.02857142857142858,9.632627129855389e-05,-0.02619047619047632,5.799692146024507e-05,-0.023809523809523947,0.00011029587959319978,1.0,1.0,1.0,2.0,2.0
42,14:45:03,1,-0.03571428571428581,4512534.0,-0.03452380952380962,-0.03571428571428581,6.182689653776814e-05,-0.03809523809523818,0.0003140693936647616,-0.04047619047619044,0.00038943458554791546,-0.04285714285714304,0.0004289019187822335,-0.0452380952380953,0.0006216579144153421,-0.03333333333333344,0.00011532636967960363,-0.030952380952380953,0.0001077492106903126,-0.02857142857142858,9.655041954322236e-05,-0.02619047619047632,5.8094627105356965e-05,-0.023809523809523947,0.00011054301740142399,1.0,1.0,1.0,2.0,2.0
42,14:45:06,1,-0.03571428571428581,1389237.0,-0.03452380952380962,-0.03571428571428581,5.960265626375022e-05,-0.03809523809523818,0.00031394582476064947,-0.04047619047619044,0.0003893541220754704,-0.04285714285714304,0.00042923526745379173,-0.0452380952380953,0.0006220314948231229,-0.03333333333333344,0.0001134843308996999,-0.030952380952380953,0.00010765150504520069,-0.02857142857142858,9.692974734189209e-05,-0.02619047619047632,5.8094627105356965e-05,-0.023809523809523947,0.00011077291303698139,1.0,1.0,1.0,2.0,2.0
42,14:45:09,1,-0.03333333333333344,641109.0,-0.03452380952380962,-0.03571428571428581,8.365548713394402e-05,-0.03809523809523818,0.0003177074920974576,-0.04047619047619044,0.00038915296339435765,-0.04285714285714304,0.00042892203465034475,-0.0452380952380953,0.0006219050522235663,-0.03333333333333344,0.00011716266106861844,-0.030952380952380953,0.00010757678896364454,-0.02857142857142858,9.811658356045721e-05,-0.02619047619047632,5.866361880336155e-05,-0.023809523809523947,0.00011074130238709226,1.0,1.0,2.0,2.0,2.0
42,14:45:12,1,-0.03333333333333344,558835.0,-0.03452380952380962,-0.03571428571428581,0.00010238048665009489,-0.03809523809523818,0.00031908399221535757,-0.04047619047619044,0.00038915296339435765,-0.04285714285714304,0.0004290513509453458,-0.0452380952380953,0.0006229194667154634,-0.03333333333333344,0.00011455047190959738,-0.030952380952380953,0.00010766587352242304,-0.02857142857142858,9.541530984265766e-05,-0.02619047619047632,5.903432551569787e-05,-0.023809523809523947,0.00011073842869164778,1.0,1.0,2.0,2.0,2.0
42,14:45:15,1,-0.03333333333333344,1124543.0,-0.03452380952380962,-0.03571428571428581,0.0001161972143470951,-0.03809523809523818,0.0003202018597432555,-0.04047619047619044,0.0003889920364494675,-0.04285714285714304,0.00042872374966467647,-0.0452380952380953,0.0006226780762981281,-0.03333333333333344,0.00011294120246069554,-0.030952380952380953,0.00010865442475531989,-0.02857142857142858,9.573716373243803e-05,-0.02619047619047632,5.909179942458722e-05,-0.023809523809523947,0.00011084762911853756,1.0,1.0,2.0,2.0,2.0
42,14:45:18,1,-0.03571428571428581,1748621.0,-0.03452380952380962,-0.03571428571428581,0.0001138654403895452,-0.03809523809523818,0.0003217852659331571,-0.04047619047619044,0.000389253542734914,-0.04285714285714304,0.0004298071328472408,-0.0452380952380953,0.000622861992806574,-0.03333333333333344,0.00010806741498687849,-0.030952380952380953,0.00010905099472665641,-0.02857142857142858,9.586073263655013e-05,-0.02619047619047632,5.916076811525444e-05,-0.023809523809523947,0.0001112959256078745,1.0,1.0,2.0,2.0,2.0
42,14:45:21,1,-0.03571428571428581,706527.0,-0.03452380952380962,-0.03571428571428581,0.00010342645431797221,-0.03809523809523818,0.00033809061388506625,-0.04047619047619044,0.0003914088143182647,-0.04285714285714304,0.00042994219653313075,-0.0452380952380953,0.0006227441712933509,-0.03333333333333344,0.00011099283694934651,-0.030952380952380953,0.00010885845713187708,-0.02857142857142858,9.582337459577205e-05,-0.02619047619047632,6.281610872061723e-05,-0.023809523809523947,0.00011196549664643545,1.0,1.0,2.0,2.0,1.0
42,14:45:24,1,-0.03333333333333344,583563.0,-0.03452380952380962,-0.03571428571428581,0.0001175104356913079,-0.03809523809523818,0.0003397947152836355,-0.04047619047619044,0.0003906472850254808,-0.04285714285714304,0.0004298933437105748,-0.0452380952380953,0.0006227470449887953,-0.03333333333333344,0.00011085202587256759,-0.030952380952380953,0.00010859695084643054,-0.02857142857142858,9.593832241355076e-05,-0.02619047619047632,6.281610872061723e-05,-0.023809523809523947,0.0001122183818455486,1.0,1.0,2.0,2.0,1.0
42,14:45:27,1,-0.03333333333333344,2081220.0,-0.03452380952380962,-0.03571428571428581,0.00012678385089060485,-0.03809523809523818,0.00034124880517853615,-0.04047619047619044,0.00039102373912870605,-0.04285714285714304,0.0004299766808784644,-0.0452380952380953,0.000622818887374907,-0.03333333333333344,0.00010411895744618,-0.030952380952380953,0.00010823773891587208,-0.02857142857142858,9.581475350943866e-05,-0.02619047619047632,6.277587698439469e-05,-0.023809523809523947,0.00011248276182643962,1.0,1.0,2.0,2.0,1.0
42,14:45:30,1,-0.03571428571428581,1855250.0,-0.03452380952380962,-0.03571428571428581,0.00012618037484726666,-0.03809523809523818,0.0003436023617475551,-0.04047619047619044,0.0003910467286922618,-0.04285714285714304,0.0004296921850294621,-0.0452380952380953,0.0006229510773653525,-0.03333333333333344,9.914171693636213e-05,-0.030952380952380953,0.00010811704370720444,-0.02857142857142858,9.584061676843887e-05,-0.02619047619047632,6.268391873017172e-05,-0.023809523809523947,0.00011229022423166028,1.0,1.0,2.0,2.0,1.0
42,14:45:33,1,-0.03333333333333344,1748695.0,-0.03452380952380962,-0.03571428571428581,0.00012945351395851523,-0.03809523809523818,0.0003428293376729933,-0.04047619047619044,0.00039088292805192714,-0.04285714285714304,0.0004291030774633462,-0.0452380952380953,0.0006238965231665823,-0.03333333333333344,9.373054841442964e-05,-0.030952380952380953,0.00010883259387287688,-0.02857142857142858,9.578889025043844e-05,-0.02619047619047632,6.268391873017172e-05,-0.023809523809523947,0.00011225573988632667,1.0,1.0,2.0,2.0,1.0
42,14:45:36,1,-0.03571428571428581,3606532.0,-0.03452380952380962,-0.03571428571428581,0.0001306374764816359,-0.03809523809523818,0.00034232356727476705,-0.04047619047619044,0.00039169043647182254,-0.04285714285714304,0.000428942150518456,-0.0452380952380953,0.0006246580524593662,-0.03333333333333344,7.428999873260633e-05,-0.030952380952380953,0.000108999268208656,-0.02857142857142858,9.618258652633051e-05,-0.02619047619047632,6.300002522906316e-05,-0.023809523809523947,0.0001129626689656657,1.0,1.0,2.0,2.0,1.0
42,14:45:39,1,-0.03571428571428581,1587279.0,-0.03452380952380962,-0.03571428571428581,0.00013453133380888948,-0.03809523809523818,0.0003423063251021002,-0.04047619047619044,0.0003918226264622681,-0.04285714285714304,0.00042890766617312244,-0.0452380952380953,0.0006240085972889166,-0.03333333333333344,6.87150295703392e-05,-0.030952380952380953,0.00010877511996398752,-0.02857142857142858,9.61308600083301e-05,-0.02619047619047632,6.294829871106274e-05,-0.023809523809523947,0.00011343108132311392,1.0,2.0,2.0,2.0,1.0
42,14:45:42,1,-0.03333333333333344,991762.0,-0.03452380952380962,-0.03571428571428581,0.00015146314736769258,-0.03809523809523818,0.00033902456490451824,-0.04047619047619044,0.0003917823947260455,-0.04285714285714304,0.0004291030774633462,-0.0452380952380953,0.0006236235220993579,-0.03333333333333344,6.562580696753653e-05,-0.030952380952380953,0.00010771185264953451,-0.02857142857142858,9.606189131766287e-05,-0.02619047619047632,6.294829871106274e-05,-0.023809523809523947,0.00011343395501855839,1.0,2.0,2.0,2.0,1.0
42,14:45:45,1,-0.03571428571428581,1710928.0,-0.03452380952380962,-0.03571428571428581,0.0001468048870522106,-0.03809523809523818,0.0003393837768350767,-0.04047619047619044,0.00039137720366837556,-0.04285714285714304,0.0004291116985496796,-0.0452380952380953,0.000622241274590569,-0.03333333333333344,6.0490513208272935e-05,-0.030952380952380953,0.00010466286178295439,-0.02857142857142858,9.588084850466141e-05,-0.02619047619047632,6.294829871106274e-05,-0.023809523809523947,0.00011343395501855839,1.0,2.0,2.0,2.0,1.0
42,14:45:48,1,-0.03333333333333344,2911156.0,-0.03452380952380962,-0.03571428571428581,0.0001483669129480054,-0.03809523809523818,0.00034267990550988103,-0.04047619047619044,0.0003905150950350353,-0.04285714285714304,0.0004297525326337959,-0.0452380952380953,0.0006221895480725685,-0.03333333333333344,4.5656497323931194e-05,-0.030952380952380953,0.00010481804133695564,-0.02857142857142858,9.609350196755201e-05,-0.02619047619047632,6.217240094105648e-05,-0.023809523809523947,0.00011343395501855839,1.0,2.0,2.0,2.0,1.0
42,14:45:51,1,-0.03333333333333344,1273037.0,-0.03452380952380962,-0.03571428571428581,0.00014733238258799708,-0.03809523809523818,0.0003438063941241123,-0.04047619047619044,0.00039014438832269896,-0.04285714285714304,0.0004298128802381297,-0.0452380952380953,0.0006175025508026419,-0.03333333333333344,4.340064640002413e-05,-0.030952380952380953,0.00010499333675906816,-0.02857142857142858,9.595843828166204e-05,-0.02619047619047632,6.217240094105648e-05,-0.023809523809523947,0.00011334774415522436,1.0,2.0,1.0,2.0,1.0
42,14:45:54,1,-0.03333333333333344,863776.0,-0.03452380952380962,-0.03571428571428581,0.00015193604269003416,-0.03809523809523818,0.00034461964993489665,-0.04047619047619044,0.0003904432526489236,-0.04285714285714304,0.0004299651860966865,-0.0452380952380953,0.0006171806969128616,-0.03333333333333344,3.97136951447722e-05,-0.030952380952380953,0.00010532955912607088,-0.02857142857142858,9.594981719532863e-05,-0.02619047619047632,6.208331638227798e-05,-0.023809523809523947,0.00011349430262289221,2.0,2.0,1.0,2.0,1.0
42,14:45:57,1,-0.03571428571428581,2090960.0,-0.03452380952380962,-0.03571428571428581,0.0001538556712469385,-0.03809523809523818,0.00034553923247712627,-0.04047619047619044,0.0003895409122793608,-0.04285714285714304,0.0004299220806650195,-0.0452380952380953,0.0006167984954187474,-0.03333333333333344,3.575374282229585e-05,-0.030952380952380953,0.00010544738063929405,-0.02857142857142858,9.60417754495516e-05,-0.02619047619047632,6.169536749727486e-05,-0.023809523809523947,0.00011409777866623041,2.0,2.0,1.0,2.0,1.0
42,14:46:00,1,-0.03333333333333344,2862458.0,-0.03452380952380962,-0.03571428571428581,0.00013990962725493727,-0.03809523809523818,0.00034719735474858407,-0.04047619047619044,0.00038937711163902614,-0.04285714285714304,0.0004297237956793512,-0.0452380952380953,0.0006167266530326357,-0.03333333333333344,3.887744977043213e-05,-0.030952380952380953,0.00010477206220984416,-0.02857142857142858,9.618546022177497e-05,-0.02619047619047632,6.12930501350494e-05,-0.023809523809523947,0.00011322704894655672,2.0,2.0,2.0,2.0,1.0
42,14:46:03,1,-0.03333333333333344,1805617.0,-0.03452380952380962,-0.03571428571428581,0.0001417775292938412,-0.03809523809523818,0.00034764277754247653,-0.04047619047619044,0.0003894719435886936,-0.04285714285714304,0.0004295111422164606,-0.0452380952380953,0.0006167525162916359,-0.03333333333333344,3.415022076428293e-05,-0.030952380952380953,0.00010632673144530112,-0.02857142857142858,9.561072113288145e-05,-0.02619047619047632,6.12930501350494e-05,-0.023809523809523947,0.00011280461571621999,2.0,2.0,2.0,2.0,1.0
42,14:46:06,1,-0.03333333333333344,5033231.0,-0.03452380952380962,-0.03571428571428581,0.00014333507222474265,-0.03809523809523818,0.00034966298543993727,-0.04047619047619044,0.0003888052462455771,-0.04285714285714304,0.00042942780504857107,-0.0452380952380953,0.0006165053784834117,-0.03333333333333344,3.6143329713702323e-06,-0.030952380952380953,0.00010581233996074142,-0.02857142857142858,9.584349046388333e-05,-0.02619047619047632,6.0919469727268615e-05,-0.023809523809523947,0.00011243678269932814,2.0,2.0,2.0,2.0,1.0
42,14:46:09,1,-0.03571428571428581,2021825.0,-0.03214285714285725,-0.03333333333333344,8.046347244509275e-08,-0.03571428571428581,0.0001411662080619396,-0.03809523809523818,0.0003494043528499352,-0.04047619047619044,0.0003890351418811345,-0.04285714285714304,0.0004296260900342393,-0.030952380952380953,0.0001064359318721909,-0.02857142857142858,9.610787044477434e-05,-0.02619047619047632,6.133902926216088e-05,-0.023809523809523947,0.00011305750091533314,-0.021428571428571352,8.691351060715472e-05,1.0,1.0,1.0,1.0,0.0
42,14:46:12,1,-0.03333333333333344,3303440.0,-0.03214285714285725,-0.03333333333333344,2.9196745715790795e-06,-0.03571428571428581,0.00014503402970846634,-0.03809523809523818,0.0003484272963988162,-0.04047619047619044,0.000389880008341808,-0.04285714285714304,0.0004297640274155738,-0.030952380952380953,0.00010642156339496855,-0.02857142857142858,9.875454394912901e-05,-0.02619047619047632,6.133902926216088e-05,-0.023809523809523947,0.00011378741955822791,-0.021428571428571352,8.691351060715472e-05,1.0,1.0,1.0,1.0,0.0
42,14:46:15,1,-0.03333333333333344,663128.0,-0.03214285714285725,-0.03333333333333344,6.632489085831216e-06,-0.03571428571428581,0.00014872098096371827,-0.03809523809523818,0.00034872616072504086,-0.04047619047619044,0.0003901903674498105,-0.04285714285714304,0.0004299077121877971,-0.030952380952380953,0.0001078727795944247,-0.02857142857142858,9.99787382084722e-05,-0.02619047619047632,6.12298288352711e-05,-0.023809523809523947,0.00011297416374744358,-0.021428571428571352,8.667212018981944e-05,1.0,1.0,1.0,1.0,0.0
42,14:46:18,1,-0.03333333333333344,663031.0,-0.03214285714285725,-0.03333333333333344,6.8911216758333e-06,-0.03571428571428581,0.00015622707346466764,-0.03809523809523818,0.000348401433139816,-0.04047619047619044,0.0003904173893899234,-0.04285714285714304,0.0004298071328472408,-0.030952380952380953,0.00011556278860381998,-0.02857142857142858,9.99787382084722e-05,-0.02619047619047632,6.132466078493854e-05,-0.023809523809523947,0.00011235919292232751,-0.021428571428571352,8.681580496204281e-05,1.0,1.0,1.0,1.0,0.0
42,14:46:21,1,-0.030952380952380953,720815.0,-0.03214285714285725,-0.03333333333333344,1.5555313440903108e-05,-0.03571428571428581,0.00016056635358581368,-0.03809523809523818,0.0003497491963032713,-0.04047619047619044,0.0003919490690618246,-0.04285714285714304,0.0004291864146312358,-0.030952380952380953,0.00011482137517914734,-0.02857142857142858,9.971435822758119e-05,-0.02619047619047632,6.145110338449512e-05,-0.023809523809523947,0.00011255747790799577,-0.021428571428571352,8.683592083015409e-05,1.0,0.0,1.0,0.0,0.0
42,14:46:24,1,-0.030952380952380953,1874359.0,-0.03214285714285725,-0.03333333333333344,1.5141501296899775e-05,-0.03571428571428581,0.000160095067532921,-0.03809523809523818,0.0003512119072845053,-0.04047619047619044,0.0003921990805654933,-0.04285714285714304,0.0004293444678806815,-0.030952380952380953,0.00010952228077954909,-0.02857142857142858,9.94643467239125e-05,-0.02619047619047632,6.15947881567185e-05,-0.023809523809523947,0.0001125632252988847,-0.021428571428571352,8.680718387570942e-05,1.0,0.0,1.0,0.0,0.0
42,14:46:27,1,-0.03333333333333344,704075.0,-0.03214285714285725,-0.03333333333333344,1.9498023590712654e-05,-0.03571428571428581,0.0001706156665551169,-0.03809523809523818,0.00035078372666327964,-0.04047619047619044,0.00039169043647182254,-0.04285714285714304,0.00042921515158568047,-0.030952380952380953,0.00010996770357344157,-0.02857142857142858,9.90217976254645e-05,-0.02619047619047632,6.208619007772246e-05,-0.023809523809523947,0.0001125632252988847,-0.021428571428571352,8.680431018026494e-05,1.0,0.0,1.0,0.0,0.0
42,14:46:30,1,-0.03333333333333344,495357.0,-0.03214285714285725,-0.03333333333333344,2.537473077464889e-05,-0.03571428571428581,0.00017468769299992747,-0.03809523809523818,0.0003507636107951684,-0.04047619047619044,0.00039176227885793423,-0.04285714285714304,0.00042975828002468484,-0.030952380952380953,0.00012175560228664767,-0.02857142857142858,9.797864617912276e-05,-0.02619047619047632,6.208906377316692e-05,-0.023809523809523947,0.00011262069920777407,-0.021428571428571352,8.699684777504428e-05,1.0,1.0,1.0,0.0,0.0
42,14:46:33,1,-0.030952380952380953,715558.0,-0.03214285714285725,-0.03333333333333344,2.8107615142337577e-05,-0.03571428571428581,0.00016853511105332234,-0.03809523809523818,0.0003504963571188329,-0.04047619047619044,0.0003917737736397121,-0.04285714285714304,0.0004282524636117838,-0.030952380952380953,0.00012295105959154618,-0.02857142857142858,9.81970470329023e-05,-0.02619047619047632,6.399145015740448e-05,-0.023809523809523947,0.00011266667833488554,-0.021428571428571352,8.699972147048874e-05,1.0,1.0,1.0,0.0,0.0
42,14:46:36,1,-0.03333333333333344,1241928.0,-0.03214285714285725,-0.03333333333333344,2.4311463460195878e-05,-0.03571428571428581,0.0001703656550514482,-0.03809523809523818,0.0003502262297470529,-0.04047619047619044,0.00039477391168373627,-0.04285714285714304,0.00042785876733589175,-0.030952380952380953,0.00015379155910157246,-0.02857142857142858,9.790105640212213e-05,-0.02619047619047632,6.4609294677965e-05,-0.023809523809523947,0.00011336786002333564,-0.021428571428571352,8.700259516593321e-05,0.0,1.0,1.0,0.0,0.0
42,14:46:39,1,-0.03333333333333344,2841448.0,-0.03214285714285725,-0.03333333333333344,1.1874109576540116e-05,-0.03571428571428581,0.0001723714944716866,-0.03809523809523818,0.0003491658361280444,-0.04047619047619044,0.00039451815278917867,-0.04285714285714304,0.0004276863456092237,-0.030952380952380953,0.00016261093042064351,-0.02857142857142858,9.866258569490604e-05,-0.02619047619047632,6.52127707213032e-05,-0.023809523809523947,0.00011365810326322687,-0.021428571428571352,8.713478515637872e-05,0.0,1.0,1.0,0.0,0.0
42,14:46:42,1,-0.03333333333333344,548206.0,-0.03214285714285725,-0.03333333333333344,1.274012643568487e-05,-0.03571428571428581,0.00017617914093560617,-0.03809523809523818,0.0003474157556023636,-0.04047619047619044,0.0003949836914511824,-0.04285714285714304,0.00042751967127344456,-0.030952380952380953,0.00016106200857607546,-0.02857142857142858,9.853901679079393e-05,-0.02619047619047632,6.536220288441551e-05,-0.023809523809523947,0.0001137615562992277,-0.021428571428571352,8.735605970560272e-05,0.0,1.0,1.0,0.0,0.0
42,14:46:45,1,-0.030952380952380953,371619.0,-0.03214285714285725,-0.03333333333333344,1.5740264479709043e-05,-0.03571428571428581,0.0001858778630606843,-0.03809523809523818,0.0003485537389983728,-0.04047619047619044,0.0003949118490650707,-0.04285714285714304,0.00042767485082744584,-0.030952380952380953,0.00016012518386117902,-0.02857142857142858,9.879477568535155e-05,-0.02619047619047632,6.536220288441551e-05,-0.023809523809523947,0.00011407478910267466,-0.021428571428571352,8.735605970560272e-05,1.0,1.0,1.0,0.0,0.0
42,14:46:48,1,-0.03333333333333344,955070.0,-0.03214285714285725,-0.03333333333333344,1.569715904804203e-05,-0.03571428571428581,0.00018877167437326316,-0.03809523809523818,0.0003498900073800502,-0.04047619047619044,0.000395196344914073,-0.04285714285714304,0.0004265627306904369,-0.030952380952380953,0.00016062233317307192,-0.02857142857142858,9.892983937124153e-05,-0.02619047619047632,6.539093983886019e-05,-0.023809523809523947,0.00011508345620368279,-0.021428571428571352,8.729858579671337e-05,1.0,1.0,1.0,0.0,0.0
42,14:46:51,1,-0.03333333333333344,3445327.0,-0.03452380952380962,-0.03571428571428581,0.0001924844888875153,-0.03809523809523818,0.000350749242317946,-0.04047619047619044,0.00039619639092874773,-0.04285714285714304,0.000427128848692997,-0.0452380952380953,0.0006115856118824832,-0.03333333333333344,6.660191509915884e-06,-0.030952380952380953,0.0001589038632972803,-0.02857142857142858,9.915973500679894e-05,-0.02619047619047632,6.539093983886019e-05,-0.023809523809523947,0.0001151984040214615,2.0,2.0,2.0,1.0,1.0
42,14:46:54,1,-0.03333333333333344,1138014.0,-0.03452380952380962,-0.03571428571428581,0.00019824050086278392,-0.03809523809523818,0.00034959401674927005,-0.04047619047619044,0.00039619639092874773,-0.04285714285714304,0.00042521209383153706,-0.0452380952380953,0.0006116086014460389,-0.03333333333333344,3.8956964923380545e-06,-0.030952380952380953,0.00016024587906984667,-0.02857142857142858,9.87286806901288e-05,-0.02619047619047632,6.539093983886019e-05,-0.023809523809523947,0.00011548577356590825,2.0,2.0,2.0,1.0,1.0
42,14:46:57,1,-0.03333333333333344,1179828.0,-0.03452380952380962,-0.03571428571428581,0.00020098488001225046,-0.03809523809523818,0.0003497147119579377,-0.04047619047619044,0.0003957337259621885,-0.04285714285714304,0.0004252034727452037,-0.0452380952380953,0.0006106574082539202,-0.03333333333333344,7.677479697257413e-06,-0.030952380952380953,0.00015890673699272477,-0.02857142857142858,9.840395310490396e-05,-0.02619047619047632,6.546565592041635e-05,-0.023809523809523947,0.00011573865876502141,2.0,2.0,2.0,1.0,1.0
42,14:47:00,1,-0.030952380952380953,2131061.0,-0.03214285714285725,-0.03333333333333344,5.917973450518792e-06,-0.03571428571428581,0.00019982390705268555,-0.03809523809523818,0.0003493583737228237,-0.04047619047619044,0.00039573659965763295,-0.04285714285714304,0.0004249017347235346,-0.030952380952380953,0.00015955331846773,-0.02857142857142858,9.846717440468224e-05,-0.02619047619047632,6.548864548397209e-05,-0.023809523809523947,0.0001159886702686901,-0.021428571428571352,8.724973297415742e-05,1.0,1.0,1.0,0.0,0.0
42,14:47:03,1,-0.03333333333333344,988569.0,-0.03214285714285725,-0.03333333333333344,8.958343230765512e-06,-0.03571428571428581,0.00019941009490868222,-0.03809523809523818,0.00035080958992227986,-0.04047619047619044,0.00039528542947285154,-0.04285714285714304,0.0004245798808337542,-0.030952380952380953,0.0001572371199394891,-0.02857142857142858,9.881489155346283e-05,-0.02619047619047632,6.535645549352658e-05,-0.023809523809523947,0.00011674157847514059,-0.021428571428571352,8.742215470082548e-05,1.0,1.0,1.0,0.0,0.0
42,14:47:06,1,-0.03333333333333344,443089.0,-0.03214285714285725,-0.03333333333333344,4.010345445790534e-05,-0.03571428571428581,0.0002023814959982617,-0.03809523809523818,0.0003514015711838402,-0.04047619047619044,0.00039506128122818304,-0.04285714285714304,0.0004245942493109766,-0.030952380952380953,0.00015729172015293397,-0.02857142857142858,9.936664107880061e-05,-0.02619047619047632,6.548864548397209e-05,-0.023809523809523947,0.00011852326965071051,-0.021428571428571352,8.742215470082548e-05,1.0,1.0,1.0,0.0,0.0
42,14:47:09,1,-0.03333333333333344,375267.0,-0.03214285714285725,-0.03333333333333344,5.0825212161213947e-05,-0.03571428571428581,0.00020485862147139278,-0.03809523809523818,0.00035135271836128423,-0.04047619047619044,0.0003951245025279613,-0.04285714285714304,0.00042436435367541913,-0.030952380952380953,0.00015817107095894106,-0.02857142857142858,9.941549390135655e-05,-0.02619047619047632,6.56466987334178e-05,-0.023809523809523947,0.00011881063919515726,-0.021428571428571352,8.745089165527015e-05,1.0,1.0,1.0,0.0,0.0
42,14:47:12,1,-0.03333333333333344,387368.0,-0.03214285714285725,-0.03333333333333344,4.750034653196494e-05,-0.03571428571428581,0.0002070138930547435,-0.03809523809523818,0.00036371248246793933,-0.04047619047619044,0.0003951905975231841,-0.04285714285714304,0.00042434711150275234,-0.030952380952380953,0.00015812509183182958,-0.02857142857142858,9.938675694691188e-05,-0.02619047619047632,6.56466987334178e-05,-0.023809523809523947,0.00012103775316461966,-0.021428571428571352,8.745089165527015e-05,1.0,1.0,1.0,0.0,0.0
42,14:47:15,1,-0.030952380952380953,1718060.0,-0.03214285714285725,-0.03333333333333344,5.175341578977698e-05,-0.03571428571428581,0.00020750816867119191,-0.03809523809523818,0.0003649050660773934,-0.04047619047619044,0.0003956417677079655,-0.04285714285714304,0.00042364592981430227,-0.030952380952380953,0.0001588147787385018,-0.02857142857142858,0.00010044140317503148,-0.02619047619047632,6.507195964452429e-05,-0.023809523809523947,0.00012120442750039878,-0.021428571428571352,8.750836556415951e-05,1.0,1.0,1.0,0.0,0.0
42,14:47:18,1,-0.03333333333333344,977419.0,-0.03214285714285725,-0.03333333333333344,4.9009036640310426e-05,-0.03571428571428581,0.00019422882202230714,-0.03809523809523818,0.0003637958196358289,-0.04047619047619044,0.0003951446183960726,-0.04285714285714304,0.00042305394855274194,-0.030952380952380953,0.00016046427992362622,-0.02857142857142858,0.00010071727793770038,-0.02619047619047632,6.510069659896896e-05,-0.023809523809523947,0.00012015552866316811,-0.021428571428571352,8.73934177463808e-05,1.0,1.0,1.0,0.0,0.0
42,14:47:21,1,-0.03333333333333344,1099889.0,-0.03214285714285725,-0.03333333333333344,4.548875972083762e-05,-0.03571428571428581,0.00019473459242053343,-0.03809523809523818,0.00036369236659982806,-0.04047619047619044,0.0003953084190364073,-0.04285714285714304,0.00042305682224818636,-0.030952380952380953,0.00016160513701507983,-0.02857142857142858,0.00010043565578414255,-0.02619047619047632,6.448859946929737e-05,-0.023809523809523947,0.00012047738255294847,-0.021428571428571352,8.745089165527015e-05,1.0,1.0,0.0,0.0,0.0
42,14:47:24,1,-0.030952380952380953,2103791.0,-0.03214285714285725,-0.03333333333333344,4.530771690783616e-05,-0.03571428571428581,0.00019757380351966743,-0.03809523809523818,0.00036243368799515125,-0.04047619047619044,0.00039562739923074315,-0.04285714285714304,0.0004233585602698555,-0.030952380952380953,0.00015532323877347367,-0.02857142857142858,0.00010055060360192126,-0.02619047619047632,6.494839074041218e-05,-0.023809523809523947,0.0001208653314379516,-0.021428571428571352,8.747100752338143e-05,1.0,1.0,0.0,0.0,0.0
42,14:47:27,1,-0.030952380952380953,1028510.0,-0.03214285714285725,-0.03333333333333344,5.837441009383033e-05,-0.03571428571428581,0.00019858534431612003,-0.03809523809523818,0.0003622181608368162,-0.04047619047619044,0.00039435147845339955,-0.04285714285714304,0.0004231459068069649,-0.030952380952380953,0.000151613297954666,-0.02857142857142858,0.0001003781818752532,-0.02619047619047632,6.514380203063598e-05,-0.023809523809523947,0.00012125040662751026,-0.021428571428571352,8.67640784440424e-05,1.0,1.0,0.0,0.0,0.0
42,14:47:30,1,-0.03333333333333344,2186138.0,-0.03214285714285725,-0.03333333333333344,5.264138768211747e-05,-0.03571428571428581,0.0001993583683906818,-0.03809523809523818,0.00036251702516304084,-0.04047619047619044,0.0003940870984725085,-0.04285714285714304,0.0004230079694256304,-0.030952380952380953,0.00015387202257401755,-0.02857142857142858,0.00010033507644358618,-0.02619047619047632,6.515529681241385e-05,-0.023809523809523947,0.00012121879597762111,-0.021428571428571352,8.754284990949312e-05,1.0,1.0,0.0,0.0,0.0
42,14:47:33,1,-0.03333333333333344,1231910.0,-0.03214285714285725,-0.03333333333333344,5.4733437965689884e-05,-0.03571428571428581,0.00019757955091055635,-0.03809523809523818,0.00036233023495915045,-0.04047619047619044,0.00039407847738617515,-0.04285714285714304,0.00042294474812585214,-0.030952380952380953,0.00015443814057657766,-0.02857142857142858,9.980056909091521e-05,-0.02619047619047632,6.545128744319401e-05,-0.023809523809523947,0.00012215562069251755,-0.021428571428571352,8.727272253771316e-05,1.0,1.0,0.0,0.0,0.0
42,14:47:36,1,-0.03333333333333344,1233849.0,-0.03214285714285725,-0.03333333333333344,5.8664653333721554e-05,-0.03571428571428581,0.00019807670022244924,-0.03809523809523818,0.0003666781361666299,-0.04047619047619044,0.00039412158281784215,-0.04285714285714304,0.0004232953389700772,-0.030952380952380953,0.00015121960167877393,-0.02857142857142858,9.908214522979832e-05,-0.02619047619047632,6.545128744319401e-05,-0.023809523809523947,0.00012209239939273925,-0.021428571428571352,8.727272253771316e-05,1.0,1.0,0.0,0.0,0.0
42,14:47:39,1,-0.03333333333333344,4870666.0,-0.03214285714285725,-0.03333333333333344,3.986493773601453e-05,-0.03571428571428581,0.0001989503036375674,-0.03809523809523818,0.00036569245862917753,-0.04047619047619044,0.0003936646652421718,-0.04285714285714304,0.00042313153832974253,-0.030952380952380953,0.0001496275744025389,-0.02857142857142858,9.911088218424299e-05,-0.02619047619047632,6.556623526097272e-05,-0.023809523809523947,0.00012254356957752067,-0.021428571428571352,8.784746162660668e-05,1.0,1.0,0.0,0.0,0.0
42,14:47:42,1,-0.030952380952380953,774275.0,-0.03214285714285725,-0.03333333333333344,4.252023232670259e-05,-0.03571428571428581,0.0002041574397829427,-0.03809523809523818,0.0003647010337008362,-0.04047619047619044,0.0003937537498009503,-0.04285714285714304,0.00042313153832974253,-0.030952380952380953,0.0001464176565910686,-0.02857142857142858,9.929767238813338e-05,-0.02619047619047632,6.585360480541947e-05,-0.023809523809523947,0.00012306658214841377,-0.021428571428571352,8.784746162660668e-05,1.0,1.0,0.0,0.0,0.0
42,14:47:45,1,-0.03333333333333344,4356415.0,-0.03214285714285725,-0.03333333333333344,2.0366914145301876e-05,-0.03571428571428581,0.00020589027813595664,-0.03809523809523818,0.00036466942305094706,-0.04047619047619044,0.000393426148520281,-0.04285714285714304,0.00042326372832018807,-0.030952380952380953,0.0001456101481711732,-0.02857142857142858,9.939825172868975e-05,-0.02619047619047632,6.583636263275267e-05,-0.023809523809523947,0.00012321026692063716,-0.021428571428571352,8.815207334372025e-05,1.0,1.0,0.0,0.0,0.0
42,14:47:48,1,-0.030952380952380953,1197535.0,-0.03214285714285725,-0.03333333333333344,2.609131547068133e-05,-0.03571428571428581,0.00020875535249409086,-0.03809523809523818,0.0003646234439238356,-0.04047619047619044,0.0003935497174243931,-0.04285714285714304,0.00042325510723385465,-0.030952380952380953,0.00014564175882106234,-0.02857142857142858,0.00010131500659014964,-0.02619047619047632,6.583636263275267e-05,-0.023809523809523947,0.00012964734471624458,-0.021428571428571352,8.815207334372025e-05,1.0,1.0,0.0,0.0,0.0
42,14:47:51,1,-0.03333333333333344,830812.0,-0.03214285714285725,-0.03333333333333344,2.5513702686343345e-05,-0.03571428571428581,0.00021007725239854594,-0.03809523809523818,0.00036293083730704414,-0.04047619047619044,0.0003935353489471707,-0.04285714285714304,0.00042298785355751915,-0.030952380952380953,0.0001443945749981634,-0.02857142857142858,0.00010023449710302982,-0.02619047619047632,6.598004740497605e-05,-0.023809523809523947,0.00012961573406635544,-0.021428571428571352,8.80313781350526e-05,1.0,0.0,0.0,0.0,0.0
42,14:47:54,1,-0.03333333333333344,1151273.0,-0.03214285714285725,-0.03333333333333344,2.7427583852358763e-05,-0.03571428571428581,0.00021313486435145946,-0.03809523809523818,0.00036335039684193645,-0.04047619047619044,0.00039334568504783586,-0.04285714285714304,0.0004229303796486298,-0.030952380952380953,0.00014244908318225883,-0.02857142857142858,0.00010056209838369913,-0.02619047619047632,6.59944158821984e-05,-0.023809523809523947,0.00012988011404724647,-0.021428571428571352,8.831874767949937e-05,1.0,0.0,0.0,0.0,0.0
42,14:47:57,1,-0.03333333333333344,3606159.0,-0.03214285714285725,-0.03333333333333344,1.7688629991058074e-05,-0.03571428571428581,0.00021665226757548782,-0.03809523809523818,0.0003639136411490521,-0.04047619047619044,0.0003931847581029457,-0.04285714285714304,0.0004230654433345198,-0.030952380952380953,0.00013029047775671643,-0.02857142857142858,0.00010212251501004504,-0.02619047619047632,6.615246913164411e-05,-0.023809523809523947,0.000130541063999474,-0.021428571428571352,8.862048570116847e-05,1.0,0.0,0.0,0.0,0.0
42,14:48:00,1,-0.030952380952380953,1316022.0,-0.03214285714285725,-0.03333333333333344,1.9004782504624234e-05,-0.03571428571428581,0.00022637685295956615,-0.03809523809523818,0.00036441653785183393,-0.04047619047619044,0.00039310429463050063,-0.04285714285714304,0.0004230223379028528,-0.030952380952380953,0.00012681043257346616,-0.02857142857142858,0.00010230930521393542,-0.02619047619047632,6.741689512720986e-05,-0.023809523809523947,0.00013059853790836336,-0.021428571428571352,8.862048570116847e-05,1.0,0.0,0.0,0.0,0.0
42,14:48:03,1,-0.03333333333333344,399331.0,-0.03214285714285725,-0.03333333333333344,2.2605091842225466e-05,-0.03571428571428581,0.0002288396099554749,-0.03809523809523818,0.0003633187861920473,-0.04047619047619044,0.0003928312935632762,-0.04285714285714304,0.0004243212482437521,-0.030952380952380953,0.0001302588671068273,-0.02857142857142858,0.00010367143685461306,-0.02619047619047632,6.735654752287603e-05,-0.023809523809523947,0.0001307910755031427,-0.021428571428571352,8.847680092894509e-05,1.0,0.0,0.0,0.0,0.0
42,14:48:06,1,-0.030952380952380953,600477.0,-0.03214285714285725,-0.03333333333333344,2.8286387735937907e-05,-0.03571428571428581,0.00023447780041752032,-0.03809523809523818,0.00035850534632256406,-0.04047619047619044,0.0003927163457454975,-0.04285714285714304,0.00042376087763208096,-0.030952380952380953,0.00014786025170419133,-0.02857142857142858,0.00010375477402250262,-0.02619047619047632,6.735654752287603e-05,-0.023809523809523947,0.00013060141160380783,-0.021428571428571352,8.54594207122541e-05,0.0,0.0,0.0,0.0,0.0
42,14:48:09,1,-0.030952380952380953,4713671.0,-0.03214285714285725,-0.03333333333333344,6.2135330269822855e-06,-0.03571428571428581,0.00023993207437111982,-0.03809523809523818,0.0003588645582531225,-0.04047619047619044,0.00039288014638583213,-0.04285714285714304,0.00042374938285030307,-0.030952380952380953,0.0001487769605509765,-0.02857142857142858,0.0001031369295019421,-0.02619047619047632,6.746000055887686e-05,-0.023809523809523947,0.00013049221117691806,-0.021428571428571352,8.538470463069795e-05,0.0,0.0,0.0,0.0,0.0
42,14:48:12,1,-0.03333333333333344,2666391.0,-0.03214285714285725,-0.03333333333333344,2.0786588628011925e-06,-0.03571428571428581,0.00024099534168557283,-0.03809523809523818,0.0003592036543155697,-0.04047619047619044,0.0003933715483068361,-0.04285714285714304,0.0004237723724138588,-0.030952380952380953,0.00014640616180929073,-0.02857142857142858,0.00010307945559305274,-0.02619047619047632,6.667835539798167e-05,-0.023809523809523947,0.00013813911475464634,-0.021428571428571352,8.551689462114347e-05,0.0,0.0,0.0,0.0,0.0
42,14:48:15,1,-0.03333333333333344,826271.0,-0.03214285714285725,-0.03333333333333344,8.113591717909816e-07,-0.03571428571428581,0.0002418057238009127,-0.03809523809523818,0.00035950826603268327,-0.04047619047619044,0.0003933629272205027,-0.04285714285714304,0.0004236861615505248,-0.030952380952380953,0.00014856143339264143,-0.02857142857142858,0.00010309095037483061,-0.02619047619047632,6.673582930687104e-05,-0.023809523809523947,0.00013821957822709142,-0.021428571428571352,8.559448439814408e-05,0.0,0.0,0.0,0.0,0.0
42,14:48:18,1,-0.03333333333333344,929529.0,-0.03214285714285725,-0.03333333333333344,4.528944020480934e-06,-0.03571428571428581,0.0002429839389331444,-0.03809523809523818,0.00036049106987469116,-0.04047619047619044,0.0003936071913332824,-0.04285714285714304,0.00042360857177352416,-0.030952380952380953,0.00014827883418263248,-0.02857142857142858,0.00010632673144530112,-0.02619047619047632,6.673582930687104e-05,-0.023809523809523947,0.00013734884850741776,-0.021428571428571352,8.536458876258668e-05,0.0,0.0,0.0,0.0,0.0
42,14:48:21,1,-0.03333333333333344,2046843.0,-0.03452380952380962,-0.03571428571428581,0.0002455903807012765,-0.03809523809523818,0.0003600025416491317,-0.04047619047619044,0.0003935238541653929,-0.04285714285714304,0.0004236315613370799,-0.0452380952380953,0.0006057146520894359,-0.03333333333333344,3.0058854349131076e-05,-0.030952380952380953,0.00014744833619918134,-0.02857142857142858,0.00010657099555808087,-0.02619047619047632,6.673582930687104e-05,-0.023809523809523947,0.00013818222018631334,1.0,1.0,1.0,1.0,0.0
42,14:48:24,1,-0.03333333333333344,959781.0,-0.03452380952380962,-0.03571428571428581,0.0002495158486784193,-0.03809523809523818,0.0003607209655102486,-0.04047619047619044,0.0003941043406451753,-0.04285714285714304,0.0004236315613370799,-0.0452380952380953,0.0006061572011878839,-0.03333333333333344,3.2737138503374875e-05,-0.030952380952380953,0.0001497645347274222,-0.02857142857142858,0.00010702503943830676,-0.02619047619047632,6.669847126609295e-05,-0.023809523809523947,0.00013840349473553736,1.0,1.0,1.0,1.0,0.0
42,14:48:27,1,-0.03333333333333344,758745.0,-0.03452380952380962,-0.03571428571428581,0.0002503779573117595,-0.03809523809523818,0.0003652872675715076,-0.04047619047619044,0.00039411296173150873,-0.04285714285714304,0.00042349362395574546,-0.0452380952380953,0.0006058669579479927,-0.03333333333333344,4.522334520958659e-05,-0.030952380952380953,0.00014910645847063914,-0.02857142857142858,0.00010702791313375122,-0.02619047619047632,6.669847126609295e-05,-0.023809523809523947,0.00013850120038064924,1.0,1.0,1.0,1.0,0.0
42,14:48:30,1,-0.03333333333333344,672198.0,-0.03452380952380962,-0.03571428571428581,0.0002525734606313328,-0.03809523809523818,0.00036546831038450903,-0.04047619047619044,0.0003936646652421718,-0.04285714285714304,0.00042340741309241145,-0.0452380952380953,0.0006056054516625461,-0.03333333333333344,6.306324652884144e-05,-0.030952380952380953,0.00014797134877007445,-0.02857142857142858,0.00010723769290119736,-0.02619047619047632,6.669847126609295e-05,-0.023809523809523947,0.00013960182573588033,1.0,1.0,1.0,1.0,0.0
42,14:48:33,1,-0.03333333333333344,667129.0,-0.03452380952380962,-0.03571428571428581,0.0002529700306026693,-0.03809523809523818,0.0003653591099576193,-0.04047619047619044,0.0003937594971918392,-0.04285714285714304,0.00042324073875663233,-0.0452380952380953,0.0006054703879766561,-0.03333333333333344,0.00010932399579388084,-0.030952380952380953,0.00014802307528807485,-0.02857142857142858,0.00010841016064254014,-0.02619047619047632,6.68450297337608e-05,-0.023809523809523947,0.00013960182573588033,1.0,1.0,1.0,1.0,0.0
42,14:48:36,1,-0.03333333333333344,586021.0,-0.03452380952380962,-0.03571428571428581,0.0002535045379553403,-0.03809523809523818,0.0003658792488330679,-0.04047619047619044,0.00039379972892806175,-0.04285714285714304,0.0004228872742169628,-0.0452380952380953,0.0006055106197128786,-0.03333333333333344,0.00011013725160466517,-0.030952380952380953,0.00014816388636485376,-0.02857142857142858,0.00010773484221309025,-0.02619047619047632,6.683353495198293e-05,-0.023809523809523947,0.00013967941551288097,1.0,1.0,1.0,1.0,0.0
42,14:48:39,1,-0.03571428571428581,1141201.0,-0.03452380952380962,-0.03571428571428581,0.0002516567517845476,-0.03809523809523818,0.00036576142731984475,-0.04047619047619044,0.0003940296245636192,-0.04285714285714304,0.00042274358944473944,-0.0452380952380953,0.0006054129140677667,-0.03333333333333344,0.00010650777425830259,-0.030952380952380953,0.00014922140628841784,-0.02857142857142858,0.00010275760170327238,-0.02619047619047632,6.676169256587124e-05,-0.023809523809523947,0.0001399064374529939,1.0,1.0,1.0,1.0,0.0
42,14:48:42,1,-0.03571428571428581,793408.0,-0.03452380952380962,-0.03571428571428581,0.00025624891710480685,-0.03809523809523818,0.0003659079857875126,-0.04047619047619044,0.0003935956965515046,-0.04285714285714304,0.0004227809474855175,-0.0452380952380953,0.0006053870508087666,-0.03333333333333344,0.00011072061177989208,-0.030952380952380953,0.00015023869447575936,-0.02857142857142858,0.00010772909482220132,-0.02619047619047632,7.360683511459305e-05,-0.023809523809523947,0.00013972826833543692,1.0,1.0,1.0,1.0,0.0
42,14:48:45,1,-0.03333333333333344,531532.0,-0.03452380952380962,-0.03571428571428581,0.00025746449027781666,-0.03809523809523818,0.00036658043052151804,-0.04047619047619044,0.0003932393583163906,-0.04285714285714304,0.00042273209466296154,-0.0452380952380953,0.0006046657532522052,-0.03333333333333344,0.00011205975385701398,-0.030952380952380953,0.00014934210149708548,-0.02857142857142858,0.00010776357916753493,-0.02619047619047632,7.375051988681643e-05,-0.023809523809523947,0.00013969953138099223,1.0,1.0,1.0,0.0,0.0
42,14:48:48,1,-0.03333333333333344,1151582.0,-0.03452380952380962,-0.03571428571428581,0.0002606600396120646,-0.03809523809523818,0.0003675115078455255,-0.04047619047619044,0.00039328533744350207,-0.04285714285714304,0.000422778073790073,-0.0452380952380953,0.0006046715006430941,-0.03333333333333344,0.00010595315103752035,-0.030952380952380953,0.0001489052997895264,-0.02857142857142858,0.00010702503943830676,-0.02619047619047632,7.369017228248261e-05,-0.023809523809523947,0.0001397455105081037,1.0,1.0,1.0,0.0,0.0
42,14:48:51,1,-0.03571428571428581,363458.0,-0.03452380952380962,-0.03571428571428581,0.0002644561912942063,-0.03809523809523818,0.00036761496088152636,-0.04047619047619044,0.0003938428343597288,-0.04285714285714304,0.0004229361270395187,-0.0452380952380953,0.0006042605621945353,-0.03333333333333344,0.00010887569930454388,-0.030952380952380953,0.00014998293558120176,-0.02857142857142858,0.00010705090269730696,-0.02619047619047632,7.426491137137613e-05,-0.023809523809523947,0.00014003575374799495,1.0,1.0,1.0,0.0,0.0
42,14:48:54,1,-0.03333333333333344,323487.0,-0.03452380952380962,-0.03571428571428581,0.00026458263389376286,-0.03809523809523818,0.00036784485651708375,-0.04047619047619044,0.00039388019240050687,-0.04285714285714304,0.00042291888486685193,-0.0452380952380953,0.0006014357195726236,-0.03333333333333344,0.00010874925670498732,-0.030952380952380953,0.00015004615688098006,-0.02857142857142858,0.00010788427437620257,-0.02619047619047632,7.426491137137613e-05,-0.023809523809523947,0.00014063635609588867,1.0,1.0,1.0,0.0,0.0
42,14:48:57,1,-0.03333333333333344,662331.0,-0.03452380952380962,-0.03571428571428581,0.00026751092955167537,-0.03809523809523818,0.0003698650644145445,-0.04047619047619044,0.0003936934021966165,-0.04285714285714304,0.0004229504955167411,-0.0452380952380953,0.0006014357195726236,-0.03333333333333344,0.00014133696304524987,-0.030952380952380953,0.00014982488233175603,-0.02857142857142858,0.00010790151654886937,-0.02619047619047632,7.236252498713858e-05,-0.023809523809523947,0.00014213642511790077,1.0,1.0,1.0,0.0,0.0
42,14:49:00,1,-0.03571428571428581,1042475.0,-0.03452380952380962,-0.03571428571428581,0.00026892191401490893,-0.03809523809523818,0.0003699167909325449,-0.04047619047619044,0.0003940152560863968,-0.04285714285714304,0.000422870032044296,-0.0452380952380953,0.0006020909221339622,-0.03333333333333344,0.00014011564248135114,-0.030952380952380953,0.00014873287806285834,-0.02857142857142858,0.00010795899045775872,-0.02619047619047632,7.223320869213754e-05,-0.023809523809523947,0.00014242666835779198,1.0,1.0,1.0,0.0,0.0
42,14:49:03,1,-0.03571428571428581,1369976.0,-0.03452380952380962,-0.03571428571428581,0.0002676094685684662,-0.03809523809523818,0.0003709800582469979,-0.04047619047619044,0.0003934347696066144,-0.04285714285714304,0.0004228614109579626,-0.0452380952380953,0.0006020765536567399,-0.03333333333333344,0.00016478919156754995,-0.030952380952380953,0.00014950590213742013,-0.02857142857142858,0.00010785841111720236,-0.02619047619047632,7.223320869213754e-05,-0.023809523809523947,0.00014237494183979158,1.0,1.0,1.0,0.0,0.0
42,14:49:06,1,-0.03333333333333344,505530.0,-0.03452380952380962,-0.03571428571428581,0.00026975611906548345,-0.03809523809523818,0.00037140249147733464,-0.04047619047619044,0.0003936617915467273,-0.04285714285714304,0.0004228499161761847,-0.0452380952380953,0.0006031053366258593,-0.03333333333333344,0.00016588981692278103,-0.030952380952380953,0.00015495730239557516,-0.02857142857142858,0.0001073842513688652,-0.02619047619047632,7.221596651947074e-05,-0.023809523809523947,0.00014232321532179116,1.0,1.0,1.0,0.0,0.0
42,14:49:09,1,-0.03333333333333344,485101.0,-0.03452380952380962,-0.03571428571428581,0.0002760839964342011,-0.03809523809523818,0.0003716927347172259,-0.04047619047619044,0.00039625961222852606,-0.04285714285714304,0.00042237575642784756,-0.0452380952380953,0.0006030823470623035,-0.03333333333333344,0.0001649443711215512,-0.030952380952380953,0.00015330205381956183,-0.02857142857142858,0.00010744747266864349,-0.02619047619047632,7.221596651947074e-05,-0.023809523809523947,0.0001425588583482375,1.0,1.0,1.0,0.0,0.0
42,14:49:12,1,-0.03333333333333344,1053612.0,-0.03452380952380962,-0.03571428571428581,0.00027679954659987354,-0.03809523809523818,0.00037232207401956426,-0.04047619047619044,0.0003962797280966373,-0.04285714285714304,0.0004225970309770716,-0.0452380952380953,0.0006037777813598647,-0.03333333333333344,0.000164340895078213,-0.030952380952380953,0.00015567859995213655,-0.02857142857142858,0.0001075710415727556,-0.02619047619047632,7.215849261058139e-05,-0.023809523809523947,0.00014255598465279302,1.0,1.0,1.0,0.0,0.0
42,14:49:15,1,-0.03333333333333344,1124563.0,-0.03452380952380962,-0.03571428571428581,0.00027719611657121005,-0.03809523809523818,0.00037263243312756676,-0.04047619047619044,0.0003966389400271958,-0.04285714285714304,0.0004227205998811837,-0.0452380952380953,0.0006035478857243073,-0.03333333333333344,0.0001624586245620867,-0.030952380952380953,0.00015463257481035034,-0.02857142857142858,0.00010697906031119527,-0.02619047619047632,7.270449474503024e-05,-0.023809523809523947,0.00014219964641767904,1.0,1.0,1.0,0.0,0.0
42,14:49:18,1,-0.03571428571428581,664503.0,-0.03452380952380962,-0.03571428571428581,0.00027746624394299,-0.03809523809523818,0.0003736497213149083,-0.04047619047619044,0.00039724241607053395,-0.04285714285714304,0.0004231803911522985,-0.0452380952380953,0.00060415423546309,-0.03333333333333344,0.00016145283115652305,-0.030952380952380953,0.00013984453805312007,-0.02857142857142858,0.00010680376488908275,-0.02619047619047632,7.245160954591708e-05,-0.023809523809523947,0.0001422829835855686,1.0,1.0,1.0,0.0,0.0
42,14:49:21,1,-0.03571428571428581,1555902.0,-0.03452380952380962,-0.03571428571428581,0.00027564719472664205,-0.03809523809523818,0.00037492276839680747,-0.04047619047619044,0.00039773094429609347,-0.04285714285714304,0.0004230338326846306,-0.0452380952380953,0.000604461720875648,-0.03333333333333344,0.0001573865521026014,-0.030952380952380953,0.000141048616444352,-0.02857142857142858,0.00010683824923441636,-0.02619047619047632,7.219872434680393e-05,-0.023809523809523947,0.00014246402639857007,1.0,1.0,1.0,0.0,0.0
42,14:49:24,1,-0.03571428571428581,3643334.0,-0.03452380952380962,-0.03571428571428581,0.0002662904423594555,-0.03809523809523818,0.0003750233477373638,-0.04047619047619044,0.00040359040930736285,-0.04285714285714304,0.00042225218752373544,-0.0452380952380953,0.0006043295308852025,-0.03333333333333344,0.00014796370474019215,-0.030952380952380953,0.00014233603200347348,-0.02857142857142858,0.00010699055509297315,-0.02619047619047632,7.216998739235926e-05,-0.023809523809523947,0.00014245827900768115,1.0,1.0,1.0,0.0,0.0
42,14:49:27,1,-0.03571428571428581,797532.0,-0.03452380952380962,-0.03571428571428581,0.0002619109305020869,-0.03809523809523818,0.00037563257117159097,-0.04047619047619044,0.0004038174312474758,-0.04285714285714304,0.00042211999753328995,-0.0452380952380953,0.000603743297014531,-0.03333333333333344,0.0001494235420259817,-0.030952380952380953,0.00014131874381613196,-0.02857142857142858,0.00010689859683875018,-0.02619047619047632,7.216998739235926e-05,-0.023809523809523947,0.00014242954205323646,1.0,1.0,1.0,0.0,0.0
42,14:49:30,1,-0.03333333333333344,1326884.0,-0.03452380952380962,-0.03571428571428581,0.0002591349407027312,-0.03809523809523818,0.0003760406359247054,-0.04047619047619044,0.00040523128940615386,-0.04285714285714304,0.00042253380967729326,-0.0452380952380953,0.0006035134013789736,-0.03333333333333344,0.00014959883744809421,-0.030952380952380953,0.00013835021642199692,-0.02857142857142858,0.00010656812186263641,-0.02619047619047632,7.226194564658222e-05,-0.023809523809523947,0.00014125707431189368,1.0,1.0,1.0,0.0,0.0
42,14:49:33,1,-0.03571428571428581,901953.0,-0.03452380952380962,-0.03571428571428581,0.00025705044823817774,-0.03809523809523818,0.0003761354678743728,-0.04047619047619044,0.000405268647446932,-0.04285714285714304,0.0004227981896581843,-0.0452380952380953,0.0006041168774223119,-0.03333333333333344,0.0001496706798342059,-0.030952380952380953,0.00013806284687755015,-0.02857142857142858,0.00010656812186263641,-0.02619047619047632,7.282518995369787e-05,-0.023809523809523947,0.0001411047684533369,1.0,1.0,1.0,0.0,0.0
42,14:49:36,1,-0.03571428571428581,815664.0,-0.03452380952380962,-0.03571428571428581,0.0002869167649925295,-0.03809523809523818,0.00037627340525570724,-0.04047619047619044,0.00040391226319714326,-0.04285714285714304,0.00042335281287896655,-0.0452380952380953,0.0006040996352496451,-0.03333333333333344,0.00015371396932457182,-0.030952380952380953,0.0001386289648801103,-0.02857142857142858,0.00010637558426785707,-0.02619047619047632,7.308669623914442e-05,-0.023809523809523947,0.0001409725784628914,1.0,1.0,1.0,0.0,0.0
42,14:49:39,1,-0.03333333333333344,1513156.0,-0.03452380952380962,-0.03571428571428581,0.0002816061758111534,-0.03809523809523818,0.00037399169107279996,-0.04047619047619044,0.0004041910116552566,-0.04285714285714304,0.0004239419204450824,-0.0452380952380953,0.0006039731926500885,-0.03333333333333344,0.00015266507048734116,-0.030952380952380953,0.00013881862877944515,-0.02857142857142858,0.00010650490056285811,-0.02619047619047632,7.452641765682268e-05,-0.023809523809523947,0.00014105878932622542,1.0,1.0,1.0,0.0,0.0
42,14:49:42,1,-0.03333333333333344,1266695.0,-0.03452380952380962,-0.03571428571428581,0.00029300612563935635,-0.03809523809523818,0.00037821602337616733,-0.04047619047619044,0.0004042628540413683,-0.04285714285714304,0.0004241200895626394,-0.0452380952380953,0.0006042892991489799,-0.03333333333333344,0.00017049060332937366,-0.030952380952380953,0.00013979568523056412,-0.02857142857142858,0.00010675778576197127,-0.02619047619047632,7.449768070237801e-05,-0.023809523809523947,0.00014134615887067216,1.0,1.0,1.0,0.0,0.0
42,14:49:45,1,-0.03333333333333344,1315761.0,-0.03452380952380962,-0.03571428571428581,0.0002911583394685637,-0.03809523809523818,0.00037929365916784265,-0.04047619047619044,0.00040486058269381756,-0.04285714285714304,0.0004240970999990837,-0.0452380952380953,0.0006045623002162043,-0.03333333333333344,0.0001712233956677129,-0.030952380952380953,0.00013863758596644368,-0.02857142857142858,0.00010666295381230384,-0.02619047619047632,7.439422766637718e-05,-0.023809523809523947,0.00014120247409844878,1.0,1.0,0.0,0.0,0.0
42,14:49:48,1,-0.03333333333333344,1004245.0,-0.03452380952380962,-0.03571428571428581,0.000293477411692249,-0.03809523809523818,0.0003791327322229525,-0.04047619047619044,0.0004051105941974862,-0.04285714285714304,0.0004238815728407486,-0.0452380952380953,0.0006039616978683106,-0.03333333333333344,0.0001812985718960163,-0.030952380952380953,0.0001278324910952455,-0.02857142857142858,0.00010749345179575498,-0.02619047619047632,7.61845399282805e-05,-0.023809523809523947,0.00014137489582511685,1.0,1.0,0.0,0.0,0.0
42,14:49:51,1,-0.03571428571428581,343075.0,-0.03452380952380962,-0.03571428571428581,0.00029448607879325713,-0.03809523809523818,0.0003796787343574013,-0.04047619047619044,0.0004048433405211508,-0.04285714285714304,0.00042380398306374797,-0.0452380952380953,0.0006042260778492016,-0.03333333333333344,0.00018500276532393503,-0.030952380952380953,0.00012759397437335472,-0.02857142857142858,0.00010717447160141906,-0.02619047619047632,7.616155036472475e-05,-0.023809523809523947,0.00014147834886111768,1.0,1.0,0.0,0.0,0.0
42,14:49:54,1,-0.03333333333333344,1917828.0,-0.03452380952380962,-0.03571428571428581,0.0002932159054068025,-0.03809523809523818,0.0003792907854723982,-0.04047619047619044,0.00040632329367505155,-0.04285714285714304,0.0004232608546247436,-0.0452380952380953,0.0006039070976548657,-0.03333333333333344,0.00018199400619357746,-0.030952380952380953,0.00012914002252247827,-0.02857142857142858,0.00010697331292030633,-0.02619047619047632,7.617591884194709e-05,-0.023809523809523947,0.00014141800125678386,1.0,1.0,0.0,0.0,0.0
42,14:49:57,1,-0.03571428571428581,2965870.0,-0.03452380952380962,-0.03571428571428581,0.0002779766984647908,-0.03809523809523818,0.0003794574598081773,-0.04047619047619044,0.0004065876736559426,-0.04285714285714304,0.0004235194872147457,-0.0452380952380953,0.0006040708982952004,-0.03333333333333344,0.00018361477042425718,-0.030952380952380953,0.00012868023125136346,-0.02857142857142858,0.00010693020748863933,-0.02619047619047632,7.655237294517234e-05,-0.023809523809523947,0.00014141800125678386,1.0,1.0,0.0,0.0,0.0
