date,time,sym,n_close,amount_delta,n_midprice,n_bid1,n_bsize1,n_bid2,n_bsize2,n_bid3,n_bsize3,n_bid4,n_bsize4,n_bid5,n_bsize5,n_ask1,n_asize1,n_ask2,n_asize2,n_ask3,n_asize3,n_ask4,n_asize4,n_ask5,n_asize5,label_5,label_10,label_20,label_40,label_60
22,13:10:03,7,0.042813455657492394,221063.0,0.04332313965341483,0.042813455657492394,6.080778839335302e-06,0.041794087665647295,2.4519269513448796e-08,0.040774719673802196,4.2418336258266416e-06,0.039755351681957096,2.196926548405012e-05,0.038735983690112,1.9026953142436265e-05,0.04383282364933727,1.5201947098338254e-06,0.04485219164118237,7.243482599663043e-06,0.04587155963302747,1.6133679339849307e-05,0.04689092762487257,1.6207237148389653e-05,0.047910295616717447,3.7195731851901827e-05,0.0,0.0,0.0,0.0,0.0
22,13:10:06,7,0.042813455657492394,64498.0,0.04332313965341483,0.042813455657492394,5.737509066147018e-06,0.041794087665647295,2.4519269513448794e-07,0.040774719673802196,4.2418336258266416e-06,0.039755351681957096,2.196926548405012e-05,0.038735983690112,1.9026953142436265e-05,0.04383282364933727,3.1875050367483437e-07,0.04485219164118237,7.243482599663043e-06,0.04587155963302747,1.6133679339849307e-05,0.04689092762487257,1.6207237148389653e-05,0.047910295616717447,3.7195731851901827e-05,0.0,0.0,0.0,0.0,0.0
22,13:10:09,7,0.042813455657492394,136093.0,0.04383282364933727,0.042813455657492394,3.26106284528869e-06,0.041794087665647295,2.6971196464793677e-07,0.040774719673802196,4.2418336258266416e-06,0.039755351681957096,2.196926548405012e-05,0.038735983690112,1.9026953142436265e-05,0.04485219164118237,7.194444060636146e-06,0.04587155963302747,1.6133679339849307e-05,0.04689092762487257,1.6207237148389653e-05,0.047910295616717447,3.7195731851901827e-05,0.048929663608562546,2.9643796841759593e-05,0.0,0.0,0.0,0.0,0.0
22,13:10:12,7,0.042813455657492394,164917.0,0.04332313965341483,0.042813455657492394,2.868754533073509e-06,0.041794087665647295,4.168275817286295e-07,0.040774719673802196,4.2418336258266416e-06,0.039755351681957096,2.196926548405012e-05,0.038735983690112,1.9026953142436265e-05,0.04383282364933727,3.677890427017319e-07,0.04485219164118237,4.570882222697125e-06,0.04587155963302747,1.6133679339849307e-05,0.04689092762487257,1.6207237148389653e-05,0.047910295616717447,3.7318328199469064e-05,0.0,0.0,0.0,0.0,0.0
22,13:10:15,7,0.042813455657492394,121737.0,0.042303771661569955,0.041794087665647295,4.168275817286295e-07,0.040774719673802196,4.2418336258266416e-06,0.039755351681957096,2.196926548405012e-05,0.038735983690112,1.9026953142436265e-05,0.0377166156982669,3.449861220542246e-05,0.042813455657492394,1.0298093195648493e-06,0.04383282364933727,3.677890427017319e-07,0.04485219164118237,4.938671265398856e-06,0.04587155963302747,1.7359642815521747e-05,0.04689092762487257,1.6207237148389653e-05,0.0,1.0,0.0,0.0,1.0
22,13:10:18,7,0.042813455657492394,12276.0,0.042303771661569955,0.041794087665647295,4.168275817286295e-07,0.040774719673802196,4.2418336258266416e-06,0.039755351681957096,2.182214986696943e-05,0.038735983690112,1.9026953142436265e-05,0.0377166156982669,3.449861220542246e-05,0.042813455657492394,5.884624683227711e-06,0.04383282364933727,3.9230831221518074e-07,0.04485219164118237,4.938671265398856e-06,0.04587155963302747,1.7359642815521747e-05,0.04689092762487257,1.6207237148389653e-05,0.0,1.0,0.0,0.0,1.0
22,13:10:21,7,0.041794087665647295,37834.0,0.041284403669724634,0.040774719673802196,4.2418336258266416e-06,0.039755351681957096,2.182214986696943e-05,0.038735983690112,1.9026953142436265e-05,0.0377166156982669,3.449861220542246e-05,0.03669724770642202,1.6158198609362758e-05,0.041794087665647295,1.7899066744817621e-06,0.042813455657492394,6.399529343010135e-06,0.04383282364933727,3.9230831221518074e-07,0.04485219164118237,4.938671265398856e-06,0.04587155963302747,1.7359642815521747e-05,1.0,2.0,0.0,0.0,2.0
22,13:10:24,7,0.040774719673802196,5105.0,0.041284403669724634,0.040774719673802196,4.119237278259397e-06,0.039755351681957096,2.182214986696943e-05,0.038735983690112,1.9026953142436265e-05,0.0377166156982669,3.5111593943258674e-05,0.03669724770642202,1.6158198609362758e-05,0.041794087665647295,1.7899066744817621e-06,0.042813455657492394,6.399529343010135e-06,0.04383282364933727,3.9230831221518074e-07,0.04485219164118237,4.938671265398856e-06,0.04587155963302747,1.7359642815521747e-05,1.0,2.0,0.0,0.0,2.0
22,13:10:27,7,0.040774719673802196,2042.0,0.041284403669724634,0.040774719673802196,4.0701987392325e-06,0.039755351681957096,2.182214986696943e-05,0.038735983690112,1.9026953142436265e-05,0.0377166156982669,3.5111593943258674e-05,0.03669724770642202,1.6158198609362758e-05,0.041794087665647295,1.9615415610759035e-06,0.042813455657492394,5.860105413714262e-06,0.04383282364933727,3.9230831221518074e-07,0.04485219164118237,4.938671265398856e-06,0.04587155963302747,1.7359642815521747e-05,1.0,2.0,0.0,0.0,2.0
22,13:10:30,7,0.040774719673802196,34714.0,0.041284403669724634,0.040774719673802196,5.6884705271201205e-06,0.039755351681957096,2.182214986696943e-05,0.038735983690112,1.9026953142436265e-05,0.0377166156982669,3.4866401248124185e-05,0.03669724770642202,1.6158198609362758e-05,0.041794087665647295,1.9615415610759035e-06,0.042813455657492394,5.835586144200813e-06,0.04383282364933727,3.9230831221518074e-07,0.04485219164118237,4.938671265398856e-06,0.04587155963302747,1.7359642815521747e-05,2.0,1.0,0.0,0.0,2.0
22,13:10:33,7,0.040774719673802196,39819.0,0.041284403669724634,0.040774719673802196,4.732219016095618e-06,0.039755351681957096,2.182214986696943e-05,0.038735983690112,1.9026953142436265e-05,0.0377166156982669,3.4866401248124185e-05,0.03669724770642202,1.6158198609362758e-05,0.041794087665647295,1.9615415610759035e-06,0.042813455657492394,5.835586144200813e-06,0.04383282364933727,2.4519269513448796e-08,0.04485219164118237,4.938671265398856e-06,0.04587155963302747,1.8861938458610757e-05,2.0,1.0,0.0,0.0,2.0
22,13:10:36,7,0.040774719673802196,20420.0,0.041284403669724634,0.040774719673802196,4.487026320961129e-06,0.039755351681957096,2.182214986696943e-05,0.038735983690112,1.9026953142436265e-05,0.0377166156982669,3.459668928347625e-05,0.03669724770642202,1.6231756417903104e-05,0.041794087665647295,2.5745232989121237e-06,0.042813455657492394,5.835586144200813e-06,0.04383282364933727,2.4519269513448796e-08,0.04485219164118237,6.385308166692336e-06,0.04587155963302747,1.8861938458610757e-05,2.0,1.0,0.0,0.0,1.0
22,13:10:39,7,0.040774719673802196,38798.0,0.041284403669724634,0.040774719673802196,4.339910703880437e-06,0.039755351681957096,2.182214986696943e-05,0.038735983690112,1.9026953142436265e-05,0.0377166156982669,3.459668928347625e-05,0.03669724770642202,1.6231756417903104e-05,0.041794087665647295,2.6971196464793676e-06,0.042813455657492394,5.958182491768057e-06,0.04485219164118237,6.409827436205784e-06,0.04587155963302747,1.8861938458610757e-05,0.04689092762487257,1.6231756417903104e-05,2.0,1.0,0.0,0.0,1.0
22,13:10:42,7,0.040774719673802196,23483.0,0.041284403669724634,0.040774719673802196,3.7759675050711145e-06,0.039755351681957096,2.182214986696943e-05,0.038735983690112,1.9026953142436265e-05,0.0377166156982669,3.459668928347625e-05,0.03669724770642202,1.6231756417903104e-05,0.041794087665647295,2.868754533073509e-06,0.042813455657492394,5.958182491768057e-06,0.04485219164118237,6.409827436205784e-06,0.04587155963302747,1.8861938458610757e-05,0.04689092762487257,1.6231756417903104e-05,2.0,1.0,0.0,1.0,1.0
22,13:10:45,7,0.041794087665647295,125706.0,0.042303771661569955,0.041794087665647295,2.010580100102801e-06,0.040774719673802196,3.7759675050711145e-06,0.039755351681957096,2.182214986696943e-05,0.038735983690112,1.9026953142436265e-05,0.0377166156982669,3.459668928347625e-05,0.042813455657492394,5.958182491768057e-06,0.04485219164118237,6.409827436205784e-06,0.04587155963302747,1.8861938458610757e-05,0.04689092762487257,1.6231756417903104e-05,0.047910295616717447,3.744092454703631e-05,0.0,0.0,0.0,0.0,1.0
22,13:10:48,7,0.041794087665647295,39858.0,0.042303771661569955,0.041794087665647295,1.0543285890782983e-06,0.040774719673802196,4.266352895340091e-06,0.039755351681957096,2.397984558415292e-05,0.038735983690112,1.9026953142436265e-05,0.0377166156982669,3.459668928347625e-05,0.042813455657492394,6.30145226495634e-06,0.04485219164118237,6.409827436205784e-06,0.04587155963302747,1.8861938458610757e-05,0.04689092762487257,1.6231756417903104e-05,0.047910295616717447,3.744092454703631e-05,0.0,0.0,0.0,0.0,1.0
22,13:10:51,7,0.041794087665647295,45990.0,0.042303771661569955,0.041794087665647295,4.168275817286295e-07,0.040774719673802196,4.266352895340091e-06,0.039755351681957096,2.397984558415292e-05,0.038735983690112,1.9026953142436265e-05,0.0377166156982669,3.459668928347625e-05,0.042813455657492394,6.325971534469789e-06,0.04485219164118237,6.409827436205784e-06,0.04587155963302747,1.8861938458610757e-05,0.04689092762487257,1.6231756417903104e-05,0.047910295616717447,3.744092454703631e-05,0.0,0.0,0.0,0.0,1.0
22,13:10:54,7,0.040774719673802196,20438.0,0.042303771661569955,0.041794087665647295,1.1278863976186446e-06,0.040774719673802196,4.217314356313193e-06,0.039755351681957096,2.397984558415292e-05,0.038735983690112,1.9026953142436265e-05,0.0377166156982669,3.459668928347625e-05,0.042813455657492394,6.325971534469789e-06,0.04485219164118237,6.409827436205784e-06,0.04587155963302747,1.8861938458610757e-05,0.04689092762487257,1.6231756417903104e-05,0.047910295616717447,3.744092454703631e-05,0.0,0.0,0.0,0.0,0.0
22,13:10:57,7,0.041794087665647295,305832.0,0.042303771661569955,0.041794087665647295,2.9423123416138554e-07,0.040774719673802196,4.217314356313193e-06,0.039755351681957096,2.397984558415292e-05,0.038735983690112,2.0252916618108704e-05,0.0377166156982669,3.459668928347625e-05,0.042813455657492394,9.807707805379519e-08,0.04485219164118237,6.655020131340272e-06,0.04587155963302747,1.8861938458610757e-05,0.04689092762487257,1.6231756417903104e-05,0.047910295616717447,3.744092454703631e-05,0.0,0.0,0.0,1.0,2.0
22,13:11:00,7,0.041794087665647295,12264.0,0.041284403669724634,0.040774719673802196,4.217314356313193e-06,0.039755351681957096,2.397984558415292e-05,0.038735983690112,2.0252916618108704e-05,0.0377166156982669,3.5087074673745226e-05,0.03669724770642202,1.8463009943626942e-05,0.041794087665647295,7.846166244303615e-07,0.042813455657492394,2.2067342562103917e-07,0.04485219164118237,7.145405521609248e-06,0.04587155963302747,1.8861938458610757e-05,0.04689092762487257,1.6231756417903104e-05,1.0,0.0,0.0,1.0,2.0
22,13:11:03,7,0.041794087665647295,99116.0,0.041284403669724634,0.040774719673802196,3.7759675050711145e-06,0.039755351681957096,2.397984558415292e-05,0.038735983690112,2.0252916618108704e-05,0.0377166156982669,3.5087074673745226e-05,0.03669724770642202,1.8463009943626942e-05,0.041794087665647295,3.628851887990422e-06,0.042813455657492394,4.658661207555271e-07,0.04485219164118237,7.2680018691764925e-06,0.04587155963302747,1.8861938458610757e-05,0.04689092762487257,1.6231756417903104e-05,0.0,0.0,0.0,1.0,2.0
22,13:11:06,7,0.040774719673802196,3064.0,0.041284403669724634,0.040774719673802196,3.726928966044217e-06,0.039755351681957096,2.397984558415292e-05,0.038735983690112,2.0252916618108704e-05,0.0377166156982669,3.609236472379663e-05,0.03669724770642202,1.8463009943626942e-05,0.041794087665647295,3.7759675050711145e-06,0.042813455657492394,4.658661207555271e-07,0.04485219164118237,7.2680018691764925e-06,0.04587155963302747,1.8861938458610757e-05,0.04689092762487257,1.6158198609362758e-05,0.0,0.0,0.0,1.0,2.0
22,13:11:09,7,0.040774719673802196,126604.0,0.041284403669724634,0.040774719673802196,6.865395463765663e-07,0.039755351681957096,2.397984558415292e-05,0.038735983690112,2.0252916618108704e-05,0.0377166156982669,3.609236472379663e-05,0.03669724770642202,1.8463009943626942e-05,0.041794087665647295,3.7759675050711145e-06,0.042813455657492394,5.149046597824247e-07,0.04485219164118237,7.2680018691764925e-06,0.04587155963302747,1.9671074352554565e-05,0.04689092762487257,1.6158198609362758e-05,0.0,0.0,0.0,1.0,2.0
22,13:11:12,7,0.040774719673802196,18378.0,0.041284403669724634,0.040774719673802196,1.2995212842127862e-06,0.039755351681957096,2.397984558415292e-05,0.038735983690112,2.0252916618108704e-05,0.0377166156982669,3.609236472379663e-05,0.03669724770642202,1.8463009943626942e-05,0.041794087665647295,3.8004867745845632e-06,0.042813455657492394,4.903853902689759e-07,0.04485219164118237,7.2680018691764925e-06,0.04587155963302747,1.9671074352554565e-05,0.04689092762487257,1.6158198609362758e-05,0.0,0.0,0.0,1.0,2.0
22,13:11:15,7,0.040774719673802196,12261.0,0.041284403669724634,0.040774719673802196,2.770677455019714e-06,0.039755351681957096,2.397984558415292e-05,0.038735983690112,2.0252916618108704e-05,0.0377166156982669,3.609236472379663e-05,0.03669724770642202,1.8463009943626942e-05,0.041794087665647295,3.604332618476973e-06,0.042813455657492394,7.110588158900151e-07,0.04485219164118237,7.2680018691764925e-06,0.04587155963302747,1.9671074352554565e-05,0.04689092762487257,1.6158198609362758e-05,0.0,0.0,0.0,2.0,2.0
22,13:11:18,7,0.039755351681957096,1020113.0,0.040774719673802196,0.039755351681957096,2.2312535257238405e-06,0.038735983690112,2.0252916618108704e-05,0.0377166156982669,3.609236472379663e-05,0.03669724770642202,1.8463009943626942e-05,0.03567787971457692,3.0501971274730303e-05,0.041794087665647295,3.604332618476973e-06,0.042813455657492394,7.110588158900151e-07,0.04485219164118237,7.2680018691764925e-06,0.04587155963302747,1.9671074352554565e-05,0.04689092762487257,1.6158198609362758e-05,0.0,0.0,1.0,2.0,2.0
22,13:11:21,7,0.039755351681957096,72437.0,0.04026503567787976,0.039755351681957096,9.072129719976055e-07,0.038735983690112,2.0252916618108704e-05,0.0377166156982669,3.609236472379663e-05,0.03669724770642202,1.8463009943626942e-05,0.03567787971457692,3.0501971274730303e-05,0.040774719673802196,2.525484759885226e-06,0.041794087665647295,3.432697731882831e-06,0.042813455657492394,7.110588158900151e-07,0.04485219164118237,7.51319456431098e-06,0.04587155963302747,1.9671074352554565e-05,0.0,0.0,1.0,2.0,2.0
22,13:11:24,7,0.039755351681957096,17340.0,0.04026503567787976,0.039755351681957096,4.903853902689759e-07,0.038735983690112,2.0252916618108704e-05,0.0377166156982669,3.6288518879904215e-05,0.03669724770642202,1.8463009943626942e-05,0.03567787971457692,3.0501971274730303e-05,0.040774719673802196,3.015870150154202e-06,0.041794087665647295,3.5552940794500755e-06,0.042813455657492394,5.149046597824247e-07,0.04383282364933727,1.4711561708069277e-07,0.04485219164118237,7.51319456431098e-06,0.0,1.0,0.0,2.0,2.0
22,13:11:27,7,0.039755351681957096,68312.0,0.03924566768603466,0.038735983690112,1.956637707173214e-05,0.0377166156982669,3.6288518879904215e-05,0.03669724770642202,1.8463009943626942e-05,0.03567787971457692,3.0501971274730303e-05,0.03465851172273182,2.5916867875715376e-05,0.039755351681957096,6.71827984668497e-06,0.040774719673802196,3.015870150154202e-06,0.041794087665647295,3.5552940794500755e-06,0.042813455657492394,5.149046597824247e-07,0.04383282364933727,1.4711561708069277e-07,1.0,2.0,1.0,2.0,2.0
22,13:11:30,7,0.039755351681957096,0.0,0.03924566768603466,0.038735983690112,1.956637707173214e-05,0.0377166156982669,3.6288518879904215e-05,0.03669724770642202,1.8463009943626942e-05,0.03567787971457692,3.0501971274730303e-05,0.03465851172273182,2.5916867875715376e-05,0.039755351681957096,2.138080301572735e-05,0.040774719673802196,3.015870150154202e-06,0.041794087665647295,3.5552940794500755e-06,0.042813455657492394,5.149046597824247e-07,0.04383282364933727,1.4711561708069277e-07,1.0,1.0,1.0,2.0,2.0
22,13:11:33,7,0.038735983690112,28557.0,0.03924566768603466,0.038735983690112,1.949281926319179e-05,0.0377166156982669,3.6288518879904215e-05,0.03669724770642202,2.0914936894971824e-05,0.03567787971457692,3.0501971274730303e-05,0.03465851172273182,2.5916867875715376e-05,0.039755351681957096,2.13562837462139e-05,0.040774719673802196,3.015870150154202e-06,0.041794087665647295,3.923083122151807e-06,0.042813455657492394,4.168275817286295e-07,0.04383282364933727,1.4711561708069277e-07,1.0,1.0,1.0,2.0,2.0
22,13:11:36,7,0.038735983690112,0.0,0.03924566768603466,0.038735983690112,1.949281926319179e-05,0.0377166156982669,3.6288518879904215e-05,0.03669724770642202,2.0914936894971824e-05,0.03567787971457692,3.0501971274730303e-05,0.03465851172273182,2.6137541301336417e-05,0.039755351681957096,2.1675034249888734e-05,0.040774719673802196,3.015870150154202e-06,0.041794087665647295,1.7408681354548646e-06,0.042813455657492394,4.168275817286295e-07,0.04383282364933727,1.4711561708069277e-07,1.0,2.0,2.0,2.0,2.0
22,13:11:39,7,0.038735983690112,33627.0,0.03924566768603466,0.038735983690112,1.8683683369247983e-05,0.0377166156982669,3.6288518879904215e-05,0.03669724770642202,2.0914936894971824e-05,0.03567787971457692,3.0501971274730303e-05,0.03465851172273182,2.4911577825663977e-05,0.039755351681957096,2.1699553519402185e-05,0.040774719673802196,3.015870150154202e-06,0.041794087665647295,1.7163488659414156e-06,0.042813455657492394,4.168275817286295e-07,0.04383282364933727,1.4711561708069277e-07,2.0,2.0,2.0,2.0,2.0
22,13:11:42,7,0.039755351681957096,85628.0,0.03924566768603466,0.038735983690112,1.7408681354548645e-05,0.0377166156982669,3.592072983720249e-05,0.03669724770642202,2.0914936894971824e-05,0.03567787971457692,3.0501971274730303e-05,0.03465851172273182,2.4911577825663977e-05,0.039755351681957096,2.0914936894971824e-05,0.040774719673802196,3.015870150154202e-06,0.041794087665647295,1.7163488659414156e-06,0.042813455657492394,4.4134685124207834e-07,0.04383282364933727,1.4711561708069277e-07,2.0,2.0,2.0,2.0,2.0
22,13:11:45,7,0.038735983690112,20390.0,0.03924566768603466,0.038735983690112,1.7163488659414156e-05,0.0377166156982669,3.5969768376229384e-05,0.03669724770642202,2.0914936894971824e-05,0.03567787971457692,3.0501971274730303e-05,0.03465851172273182,2.4911577825663977e-05,0.039755351681957096,2.0669744199837336e-05,0.040774719673802196,3.015870150154202e-06,0.041794087665647295,1.7163488659414156e-06,0.042813455657492394,4.4134685124207834e-07,0.04383282364933727,1.4711561708069277e-07,1.0,2.0,2.0,2.0,2.0
22,13:11:48,7,0.039755351681957096,20386.0,0.03924566768603466,0.038735983690112,1.6820218886225874e-05,0.0377166156982669,3.5969768376229384e-05,0.03669724770642202,2.0914936894971824e-05,0.03567787971457692,3.0501971274730303e-05,0.03465851172273182,2.4911577825663977e-05,0.039755351681957096,2.037551296567595e-05,0.040774719673802196,3.015870150154202e-06,0.041794087665647295,1.7163488659414156e-06,0.042813455657492394,4.4134685124207834e-07,0.04383282364933727,1.4711561708069277e-07,1.0,2.0,2.0,2.0,2.0
22,13:11:51,7,0.038735983690112,966812.0,0.03924566768603466,0.038735983690112,1.3510117501910287e-05,0.0377166156982669,3.5969768376229384e-05,0.03669724770642202,2.0669744199837336e-05,0.03567787971457692,3.0501971274730303e-05,0.03465851172273182,2.4911577825663977e-05,0.039755351681957096,7.600973549169127e-07,0.040774719673802196,2.525484759885226e-06,0.041794087665647295,1.7163488659414156e-06,0.042813455657492394,4.4134685124207834e-07,0.04383282364933727,1.4711561708069277e-07,2.0,2.0,2.0,2.0,2.0
22,13:11:54,7,0.039755351681957096,36720.0,0.04026503567787976,0.039755351681957096,1.4711561708069277e-07,0.038735983690112,1.3510117501910287e-05,0.0377166156982669,3.5969768376229384e-05,0.03669724770642202,2.0865898355944926e-05,0.03567787971457692,3.0501971274730303e-05,0.040774719673802196,1.667310326914518e-06,0.041794087665647295,1.5937525183741717e-06,0.042813455657492394,4.4134685124207834e-07,0.04383282364933727,1.4711561708069277e-07,0.04485219164118237,1.0038679324196206e-05,1.0,0.0,2.0,2.0,2.0
22,13:11:57,7,0.040774719673802196,89848.0,0.041284403669724634,0.040774719673802196,3.996640930692154e-06,0.039755351681957096,4.903853902689759e-07,0.038735983690112,1.3510117501910287e-05,0.0377166156982669,3.5969768376229384e-05,0.03669724770642202,2.0865898355944926e-05,0.041794087665647295,1.5937525183741717e-06,0.042813455657492394,4.4134685124207834e-07,0.04383282364933727,1.4711561708069277e-07,0.04485219164118237,1.0038679324196206e-05,0.04587155963302747,1.954847800498732e-05,0.0,0.0,2.0,2.0,2.0
22,13:12:00,7,0.038735983690112,215365.0,0.03924566768603466,0.038735983690112,1.3068770650668208e-05,0.0377166156982669,3.5969768376229384e-05,0.03669724770642202,2.13562837462139e-05,0.03567787971457692,3.074716396986479e-05,0.03465851172273182,2.4911577825663977e-05,0.039755351681957096,3.506255540423178e-06,0.041794087665647295,1.8879837525355572e-06,0.042813455657492394,4.4134685124207834e-07,0.04383282364933727,1.4711561708069277e-07,0.04485219164118237,1.016127567176345e-05,2.0,2.0,2.0,2.0,2.0
22,13:12:03,7,0.038735983690112,118226.0,0.03924566768603466,0.038735983690112,1.0763959316404021e-05,0.0377166156982669,3.621496107136387e-05,0.03669724770642202,2.037551296567595e-05,0.03567787971457692,3.074716396986479e-05,0.03465851172273182,2.8050044323385424e-05,0.039755351681957096,3.4081784623693824e-06,0.040774719673802196,6.620202768631175e-06,0.041794087665647295,1.8879837525355572e-06,0.042813455657492394,4.4134685124207834e-07,0.04383282364933727,8.581744329707078e-07,2.0,2.0,2.0,2.0,2.0
22,13:12:06,7,0.039755351681957096,163179.0,0.04026503567787976,0.039755351681957096,3.947602391665256e-06,0.038735983690112,1.0249054656621597e-05,0.0377166156982669,3.621496107136387e-05,0.03669724770642202,2.037551296567595e-05,0.03567787971457692,3.074716396986479e-05,0.040774719673802196,7.968762591870858e-06,0.041794087665647295,1.8879837525355572e-06,0.042813455657492394,4.4134685124207834e-07,0.04383282364933727,8.581744329707078e-07,0.04485219164118237,9.74444809003482e-06,1.0,1.0,2.0,2.0,2.0
22,13:12:09,7,0.039755351681957096,37740.0,0.04026503567787976,0.039755351681957096,9.562515110245031e-06,0.038735983690112,1.037165100418884e-05,0.0377166156982669,3.523419029082592e-05,0.03669724770642202,2.037551296567595e-05,0.03567787971457692,3.074716396986479e-05,0.040774719673802196,8.851456294355016e-06,0.041794087665647295,1.8879837525355572e-06,0.042813455657492394,5.639431988093223e-07,0.04383282364933727,8.581744329707078e-07,0.04485219164118237,1.0332910558357591e-05,0.0,1.0,2.0,2.0,2.0
22,13:12:12,7,0.039755351681957096,166260.0,0.04026503567787976,0.039755351681957096,5.565874179552877e-06,0.038735983690112,1.037165100418884e-05,0.0377166156982669,3.523419029082592e-05,0.03669724770642202,2.037551296567595e-05,0.03567787971457692,3.074716396986479e-05,0.040774719673802196,8.851456294355016e-06,0.041794087665647295,1.8879837525355572e-06,0.042813455657492394,5.639431988093223e-07,0.04383282364933727,1.1278863976186446e-06,0.04485219164118237,1.0332910558357591e-05,0.0,2.0,2.0,2.0,2.0
22,13:12:15,7,0.039755351681957096,55080.0,0.04026503567787976,0.039755351681957096,4.315391434366988e-06,0.038735983690112,1.037165100418884e-05,0.0377166156982669,3.523419029082592e-05,0.03669724770642202,2.037551296567595e-05,0.03567787971457692,3.074716396986479e-05,0.040774719673802196,8.851456294355016e-06,0.041794087665647295,1.8879837525355572e-06,0.042813455657492394,5.639431988093223e-07,0.04383282364933727,2.3538498732910843e-06,0.04485219164118237,1.2784837509702472e-05,0.0,1.0,2.0,2.0,2.0
22,13:12:18,7,0.039755351681957096,35700.0,0.04026503567787976,0.039755351681957096,3.4572170013962804e-06,0.038735983690112,1.037165100418884e-05,0.0377166156982669,3.523419029082592e-05,0.03669724770642202,2.037551296567595e-05,0.03567787971457692,3.074716396986479e-05,0.040774719673802196,8.851456294355016e-06,0.041794087665647295,2.3293306037776356e-06,0.042813455657492394,5.639431988093223e-07,0.04383282364933727,4.315391434366988e-06,0.04485219164118237,1.2784837509702472e-05,0.0,1.0,2.0,2.0,2.0
22,13:12:21,7,0.039755351681957096,106081.0,0.04026503567787976,0.039755351681957096,9.317322415110542e-07,0.038735983690112,1.037165100418884e-05,0.0377166156982669,3.523419029082592e-05,0.03669724770642202,2.013032027054146e-05,0.03567787971457692,3.074716396986479e-05,0.040774719673802196,9.243764606570196e-06,0.041794087665647295,2.3293306037776356e-06,0.042813455657492394,5.639431988093223e-07,0.04383282364933727,4.315391434366988e-06,0.04485219164118237,1.2833876048729369e-05,1.0,1.0,2.0,2.0,2.0
22,13:12:24,7,0.038735983690112,79520.0,0.03924566768603466,0.038735983690112,9.390880223650888e-06,0.0377166156982669,3.523419029082592e-05,0.03669724770642202,2.013032027054146e-05,0.03567787971457692,3.074716396986479e-05,0.03465851172273182,2.8246198479493014e-05,0.039755351681957096,5.271642945391491e-06,0.040774719673802196,9.243764606570196e-06,0.041794087665647295,2.3293306037776356e-06,0.042813455657492394,1.4221176317800301e-06,0.04383282364933727,4.315391434366988e-06,2.0,2.0,2.0,2.0,2.0
22,13:12:27,7,0.038735983690112,105012.0,0.03924566768603466,0.038735983690112,8.238474556518795e-06,0.0377166156982669,3.523419029082592e-05,0.03669724770642202,2.013032027054146e-05,0.03567787971457692,3.074716396986479e-05,0.03465851172273182,2.8246198479493014e-05,0.039755351681957096,4.977411711230106e-06,0.040774719673802196,9.243764606570196e-06,0.041794087665647295,2.3293306037776356e-06,0.042813455657492394,1.4221176317800301e-06,0.04383282364933727,4.168275817286296e-06,2.0,2.0,2.0,2.0,2.0
22,13:12:30,7,0.040774719673802196,440865.0,0.039755351681957096,0.038735983690112,8.875975563868464e-06,0.0377166156982669,3.523419029082592e-05,0.03669724770642202,2.013032027054146e-05,0.03567787971457692,3.074716396986479e-05,0.03465851172273182,2.8246198479493014e-05,0.040774719673802196,3.898563852638359e-06,0.041794087665647295,2.3293306037776356e-06,0.042813455657492394,1.4221176317800301e-06,0.04383282364933727,4.168275817286296e-06,0.04485219164118237,1.2833876048729369e-05,2.0,2.0,2.0,2.0,2.0
22,13:12:33,7,0.038735983690112,36684.0,0.039755351681957096,0.038735983690112,9.905784883433313e-06,0.0377166156982669,3.523419029082592e-05,0.03669724770642202,2.013032027054146e-05,0.03567787971457692,3.074716396986479e-05,0.03465851172273182,2.8246198479493014e-05,0.040774719673802196,3.947602391665256e-06,0.041794087665647295,2.3293306037776356e-06,0.042813455657492394,1.4221176317800301e-06,0.04383282364933727,4.168275817286296e-06,0.04485219164118237,1.3030030204836959e-05,2.0,2.0,2.0,2.0,2.0
22,13:12:36,7,0.039755351681957096,18355.0,0.04026503567787976,0.039755351681957096,4.585103399014924e-06,0.038735983690112,1.0911074933484715e-05,0.0377166156982669,3.523419029082592e-05,0.03669724770642202,2.013032027054146e-05,0.03567787971457692,3.074716396986479e-05,0.040774719673802196,1.6182717878876205e-06,0.041794087665647295,2.3293306037776356e-06,0.042813455657492394,1.4221176317800301e-06,0.04383282364933727,4.168275817286296e-06,0.04485219164118237,1.3030030204836959e-05,1.0,2.0,2.0,2.0,2.0
22,13:12:39,7,0.039755351681957096,8160.0,0.04026503567787976,0.039755351681957096,2.4004364853666372e-05,0.038735983690112,1.1156267628619202e-05,0.0377166156982669,3.523419029082592e-05,0.03669724770642202,2.013032027054146e-05,0.03567787971457692,3.074716396986479e-05,0.040774719673802196,1.6182717878876205e-06,0.041794087665647295,2.3293306037776356e-06,0.042813455657492394,1.4221176317800301e-06,0.04383282364933727,4.168275817286296e-06,0.04485219164118237,1.3030030204836959e-05,2.0,2.0,2.0,2.0,2.0
22,13:12:42,7,0.039755351681957096,85746.0,0.040774719673802196,0.039755351681957096,2.44702309744219e-05,0.038735983690112,1.1646653018888179e-05,0.0377166156982669,3.523419029082592e-05,0.03669724770642202,2.013032027054146e-05,0.03567787971457692,3.074716396986479e-05,0.041794087665647295,2.3293306037776356e-06,0.042813455657492394,1.4221176317800301e-06,0.04383282364933727,4.168275817286296e-06,0.04485219164118237,1.3030030204836959e-05,0.04587155963302747,1.9695593622068016e-05,2.0,2.0,1.0,1.0,2.0
22,13:12:45,7,0.040774719673802196,4084.0,0.04026503567787976,0.039755351681957096,2.44702309744219e-05,0.038735983690112,1.1769249366455421e-05,0.0377166156982669,3.523419029082592e-05,0.03669724770642202,2.013032027054146e-05,0.03567787971457692,3.074716396986479e-05,0.040774719673802196,1.7163488659414157e-07,0.041794087665647295,2.3293306037776356e-06,0.042813455657492394,1.4221176317800301e-06,0.04383282364933727,4.168275817286296e-06,0.04485219164118237,1.32016650914311e-05,2.0,2.0,2.0,2.0,2.0
22,13:12:48,7,0.040774719673802196,219321.0,0.04026503567787976,0.039755351681957096,1.9713492688812832e-05,0.038735983690112,1.1769249366455421e-05,0.0377166156982669,3.523419029082592e-05,0.03669724770642202,2.013032027054146e-05,0.03567787971457692,3.074716396986479e-05,0.040774719673802196,1.2259634756724397e-07,0.041794087665647295,2.7216389159928164e-06,0.042813455657492394,1.4221176317800301e-06,0.04383282364933727,4.168275817286296e-06,0.04485219164118237,1.32016650914311e-05,2.0,2.0,2.0,2.0,2.0
22,13:12:51,7,0.040774719673802196,1021.0,0.04026503567787976,0.039755351681957096,2.059618639129699e-05,0.038735983690112,1.1769249366455421e-05,0.0377166156982669,3.538130590790661e-05,0.03669724770642202,2.013032027054146e-05,0.03567787971457692,3.074716396986479e-05,0.040774719673802196,1.2259634756724397e-07,0.041794087665647295,4.462507051447681e-06,0.042813455657492394,1.4711561708069277e-06,0.04383282364933727,4.168275817286296e-06,0.04485219164118237,1.32016650914311e-05,2.0,2.0,2.0,2.0,2.0
22,13:12:54,7,0.040774719673802196,52036.0,0.041284403669724634,0.040774719673802196,8.091358939438103e-07,0.039755351681957096,1.973801195832628e-05,0.038735983690112,1.1646653018888179e-05,0.0377166156982669,3.538130590790661e-05,0.03669724770642202,2.013032027054146e-05,0.041794087665647295,4.707699746582169e-06,0.042813455657492394,1.4711561708069277e-06,0.04383282364933727,4.168275817286296e-06,0.04485219164118237,1.2956472396296613e-05,0.04587155963302747,1.9695593622068016e-05,1.0,2.0,1.0,1.0,2.0
22,13:12:57,7,0.041794087665647295,283019.0,0.042303771661569955,0.041794087665647295,9.807707805379519e-08,0.039755351681957096,1.973801195832628e-05,0.038735983690112,1.1646653018888179e-05,0.0377166156982669,3.489092051763764e-05,0.03669724770642202,2.013032027054146e-05,0.042813455657492394,1.4711561708069277e-06,0.04383282364933727,4.168275817286296e-06,0.04485219164118237,1.2956472396296613e-05,0.04587155963302747,1.9695593622068016e-05,0.04689092762487257,1.7237046467954502e-05,0.0,1.0,2.0,2.0,1.0
22,13:13:00,7,0.039755351681957096,116290.0,0.041284403669724634,0.040774719673802196,2.010580100102801e-06,0.039755351681957096,1.708993085087381e-05,0.038735983690112,9.856746344406416e-06,0.0377166156982669,3.489092051763764e-05,0.03669724770642202,2.013032027054146e-05,0.041794087665647295,2.4519269513448796e-08,0.042813455657492394,1.4711561708069277e-06,0.04383282364933727,4.168275817286296e-06,0.04485219164118237,1.2956472396296613e-05,0.04587155963302747,1.9695593622068016e-05,2.0,2.0,2.0,2.0,2.0
22,13:13:03,7,0.040774719673802196,23483.0,0.041284403669724634,0.040774719673802196,3.849525313611461e-06,0.039755351681957096,1.7433200624062093e-05,0.038735983690112,9.537995840731582e-06,0.0377166156982669,3.489092051763764e-05,0.03669724770642202,2.013032027054146e-05,0.041794087665647295,2.6971196464793677e-07,0.042813455657492394,1.4711561708069277e-06,0.04383282364933727,4.413468512420783e-06,0.04485219164118237,1.3030030204836959e-05,0.04587155963302747,1.9695593622068016e-05,2.0,2.0,2.0,2.0,2.0
22,13:13:06,7,0.040774719673802196,13273.0,0.041284403669724634,0.040774719673802196,1.0886555663971265e-05,0.039755351681957096,1.7433200624062093e-05,0.038735983690112,9.537995840731582e-06,0.0377166156982669,3.489092051763764e-05,0.03669724770642202,2.013032027054146e-05,0.041794087665647295,3.677890427017319e-07,0.042813455657492394,1.4711561708069277e-06,0.04383282364933727,4.413468512420783e-06,0.04485219164118237,1.3569454134132833e-05,0.04587155963302747,1.9695593622068016e-05,2.0,1.0,2.0,2.0,2.0
22,13:13:09,7,0.040774719673802196,17357.0,0.041284403669724634,0.040774719673802196,1.0469728082242636e-05,0.039755351681957096,1.7433200624062093e-05,0.038735983690112,9.537995840731582e-06,0.0377166156982669,3.489092051763764e-05,0.03669724770642202,2.013032027054146e-05,0.041794087665647295,9.317322415110542e-07,0.042813455657492394,1.4711561708069277e-06,0.04383282364933727,3.1875050367483435e-06,0.04485219164118237,1.3569454134132833e-05,0.04587155963302747,1.9695593622068016e-05,2.0,1.0,2.0,2.0,2.0
22,13:13:12,7,0.040774719673802196,144982.0,0.041284403669724634,0.040774719673802196,6.987991811332907e-06,0.039755351681957096,1.7433200624062093e-05,0.038735983690112,9.537995840731582e-06,0.0377166156982669,3.489092051763764e-05,0.03669724770642202,2.013032027054146e-05,0.041794087665647295,9.317322415110542e-07,0.042813455657492394,1.4711561708069277e-06,0.04383282364933727,3.7759675050711145e-06,0.04485219164118237,1.4206955141482502e-05,0.04587155963302747,1.9695593622068016e-05,2.0,1.0,2.0,2.0,2.0
22,13:13:15,7,0.041794087665647295,54166.0,0.042303771661569955,0.041794087665647295,1.0960113472511611e-05,0.040774719673802196,7.478377201601883e-06,0.039755351681957096,1.7433200624062093e-05,0.038735983690112,9.170206798029849e-06,0.0377166156982669,3.489092051763764e-05,0.042813455657492394,1.4711561708069277e-06,0.04383282364933727,3.7759675050711145e-06,0.04485219164118237,1.4206955141482502e-05,0.04587155963302747,1.9695593622068016e-05,0.04689092762487257,1.7237046467954502e-05,1.0,1.0,1.0,2.0,2.0
22,13:13:18,7,0.041794087665647295,11242.0,0.042303771661569955,0.041794087665647295,1.1744730096941974e-05,0.040774719673802196,7.478377201601883e-06,0.039755351681957096,1.9885127575406975e-05,0.038735983690112,9.219245337056747e-06,0.0377166156982669,3.489092051763764e-05,0.042813455657492394,1.4711561708069277e-06,0.04383282364933727,3.7759675050711145e-06,0.04485219164118237,1.4206955141482502e-05,0.04587155963302747,2.3545118935679474e-05,0.04689092762487257,1.7237046467954502e-05,1.0,1.0,1.0,2.0,2.0
22,13:13:21,7,0.041794087665647295,717612.0,0.04332313965341483,0.041794087665647295,6.7918376552253165e-06,0.040774719673802196,7.72356989673637e-06,0.039755351681957096,1.9885127575406975e-05,0.038735983690112,9.219245337056747e-06,0.0377166156982669,3.489092051763764e-05,0.04485219164118237,1.239252919748729e-05,0.04587155963302747,2.3569638205192924e-05,0.04689092762487257,1.7237046467954502e-05,0.047910295616717447,3.748996308606321e-05,0.048929663608562546,2.9643796841759593e-05,0.0,0.0,1.0,1.0,1.0
22,13:13:24,7,0.041794087665647295,156366.0,0.042303771661569955,0.041794087665647295,3.3101013843155873e-06,0.040774719673802196,7.72356989673637e-06,0.039755351681957096,1.9885127575406975e-05,0.038735983690112,9.219245337056747e-06,0.0377166156982669,3.560197933352765e-05,0.042813455657492394,4.168275817286295e-07,0.04383282364933727,4.658661207555271e-07,0.04485219164118237,1.3030030204836959e-05,0.04587155963302747,2.3324445510058436e-05,0.04689092762487257,1.7237046467954502e-05,0.0,0.0,1.0,2.0,2.0
22,13:13:27,7,0.041794087665647295,8176.0,0.042303771661569955,0.041794087665647295,3.113947228207997e-06,0.040774719673802196,7.72356989673637e-06,0.039755351681957096,1.9885127575406975e-05,0.038735983690112,9.219245337056747e-06,0.0377166156982669,3.560197933352765e-05,0.042813455657492394,5.149046597824247e-07,0.04383282364933727,4.903853902689759e-07,0.04485219164118237,1.7198306022123254e-05,0.04587155963302747,2.3324445510058436e-05,0.04689092762487257,1.7237046467954502e-05,0.0,2.0,1.0,2.0,2.0
22,13:13:30,7,0.042813455657492394,24540.0,0.042303771661569955,0.041794087665647295,1.7653874049683134e-06,0.040774719673802196,7.72356989673637e-06,0.039755351681957096,1.8977914603409367e-05,0.038735983690112,9.219245337056747e-06,0.0377166156982669,3.560197933352765e-05,0.042813455657492394,2.2067342562103917e-07,0.04383282364933727,5.149046597824247e-07,0.04485219164118237,1.8620423653903284e-05,0.04587155963302747,2.3324445510058436e-05,0.04689092762487257,1.7237046467954502e-05,1.0,2.0,1.0,2.0,2.0
22,13:13:33,7,0.041794087665647295,97090.0,0.042303771661569955,0.041794087665647295,9.807707805379518e-07,0.040774719673802196,7.72356989673637e-06,0.039755351681957096,1.8463009943626942e-05,0.038735983690112,9.219245337056747e-06,0.0377166156982669,3.560197933352765e-05,0.042813455657492394,2.4519269513448794e-07,0.04383282364933727,5.394239292958735e-07,0.04485219164118237,1.9037251235631915e-05,0.04587155963302747,2.3324445510058436e-05,0.04689092762487257,1.7237046467954502e-05,1.0,2.0,1.0,2.0,2.0
22,13:13:36,7,0.041794087665647295,40880.0,0.041284403669724634,0.040774719673802196,7.72356989673637e-06,0.039755351681957096,1.8463009943626942e-05,0.038735983690112,9.219245337056747e-06,0.0377166156982669,3.560197933352765e-05,0.03669724770642202,1.9394742185137998e-05,0.041794087665647295,4.805776824635964e-06,0.042813455657492394,2.4519269513448794e-07,0.04383282364933727,5.394239292958735e-07,0.04485219164118237,1.9037251235631915e-05,0.04587155963302747,2.3324445510058436e-05,2.0,2.0,2.0,2.0,2.0
22,13:13:39,7,0.041794087665647295,12264.0,0.041284403669724634,0.040774719673802196,7.72356989673637e-06,0.039755351681957096,1.8463009943626942e-05,0.038735983690112,8.704340677274323e-06,0.0377166156982669,3.560197933352765e-05,0.03669724770642202,1.9394742185137998e-05,0.041794087665647295,4.5115455904745785e-06,0.042813455657492394,2.4519269513448794e-07,0.04383282364933727,9.072129719976055e-07,0.04485219164118237,1.9037251235631915e-05,0.04587155963302747,2.3324445510058436e-05,1.0,2.0,2.0,2.0,2.0
22,13:13:42,7,0.040774719673802196,241163.0,0.041284403669724634,0.040774719673802196,7.012511080846356e-06,0.039755351681957096,1.8463009943626942e-05,0.038735983690112,8.704340677274323e-06,0.0377166156982669,3.5651017872554546e-05,0.03669724770642202,1.9394742185137998e-05,0.041794087665647295,2.2067342562103917e-07,0.042813455657492394,2.4519269513448794e-07,0.04383282364933727,9.072129719976055e-07,0.04485219164118237,1.9037251235631915e-05,0.04587155963302747,2.3324445510058436e-05,2.0,2.0,1.0,2.0,2.0
22,13:13:45,7,0.040774719673802196,1021.0,0.042303771661569955,0.041794087665647295,1.0543285890782983e-06,0.040774719673802196,1.588848664471482e-05,0.039755351681957096,1.8463009943626942e-05,0.038735983690112,8.704340677274323e-06,0.0377166156982669,3.5651017872554546e-05,0.042813455657492394,2.4519269513448794e-07,0.04383282364933727,9.072129719976055e-07,0.04485219164118237,1.908628977465881e-05,0.04587155963302747,2.4060023595461898e-05,0.04689092762487257,1.7237046467954502e-05,2.0,2.0,1.0,1.0,2.0
22,13:13:48,7,0.041794087665647295,40885.0,0.042303771661569955,0.041794087665647295,6.620202768631175e-07,0.040774719673802196,1.588848664471482e-05,0.039755351681957096,1.8463009943626942e-05,0.038735983690112,8.704340677274323e-06,0.0377166156982669,3.570005641158145e-05,0.042813455657492394,1.2259634756724397e-07,0.04383282364933727,9.072129719976055e-07,0.04485219164118237,1.908628977465881e-05,0.04587155963302747,2.4060023595461898e-05,0.04689092762487257,1.7237046467954502e-05,2.0,2.0,0.0,1.0,2.0
22,13:13:51,7,0.041794087665647295,1022.0,0.042303771661569955,0.041794087665647295,7.110588158900151e-07,0.040774719673802196,1.588848664471482e-05,0.039755351681957096,2.24106123352922e-05,0.038735983690112,8.704340677274323e-06,0.0377166156982669,3.6362076688444564e-05,0.042813455657492394,1.2259634756724397e-07,0.04383282364933727,1.0052900500514005e-06,0.04485219164118237,1.9870906399089175e-05,0.04587155963302747,2.4060023595461898e-05,0.04689092762487257,1.7237046467954502e-05,2.0,2.0,0.0,1.0,2.0
22,13:13:54,7,0.040774719673802196,79667.0,0.041284403669724634,0.040774719673802196,1.4687042438555828e-05,0.039755351681957096,2.24106123352922e-05,0.038735983690112,8.998571911435708e-06,0.0377166156982669,3.6362076688444564e-05,0.03669724770642202,1.9639934880272486e-05,0.041794087665647295,2.4519269513448796e-08,0.042813455657492394,3.9230831221518074e-07,0.04383282364933727,1.0052900500514005e-06,0.04485219164118237,1.5212245191533902e-05,0.04587155963302747,2.283406011978946e-05,2.0,2.0,1.0,2.0,2.0
22,13:13:57,7,0.04383282364933727,74729.0,0.04434250764525993,0.04383282364933727,3.947602391665256e-06,0.042813455657492394,1.4711561708069277e-07,0.041794087665647295,7.355780854034639e-08,0.040774719673802196,1.4687042438555828e-05,0.039755351681957096,2.24106123352922e-05,0.04485219164118237,1.5212245191533902e-05,0.04587155963302747,2.283406011978946e-05,0.04689092762487257,1.7237046467954502e-05,0.047910295616717447,3.785775212876494e-05,0.048929663608562546,2.9643796841759593e-05,0.0,0.0,0.0,0.0,1.0
22,13:14:00,7,0.04383282364933727,92160.0,0.04434250764525993,0.04383282364933727,1.7408681354548646e-06,0.042813455657492394,1.4711561708069277e-07,0.041794087665647295,7.355780854034639e-08,0.040774719673802196,1.4687042438555828e-05,0.039755351681957096,2.24106123352922e-05,0.04485219164118237,1.5236764461047351e-05,0.04587155963302747,2.283406011978946e-05,0.04689092762487257,1.7237046467954502e-05,0.047910295616717447,3.785775212876494e-05,0.048929663608562546,2.9643796841759593e-05,0.0,0.0,0.0,0.0,1.0
22,13:14:03,7,0.041794087665647295,91106.0,0.042813455657492394,0.041794087665647295,2.6971196464793677e-07,0.040774719673802196,1.4809638786123073e-05,0.039755351681957096,2.3146190420695662e-05,0.038735983690112,9.072129719976054e-06,0.0377166156982669,3.6362076688444564e-05,0.04383282364933727,4.658661207555271e-07,0.04485219164118237,1.5236764461047351e-05,0.04587155963302747,2.283406011978946e-05,0.04689092762487257,1.7237046467954502e-05,0.047910295616717447,3.785775212876494e-05,1.0,0.0,1.0,2.0,2.0
22,13:14:06,7,0.04383282364933727,5120.0,0.042813455657492394,0.041794087665647295,2.7216389159928164e-06,0.040774719673802196,1.4809638786123073e-05,0.039755351681957096,2.3146190420695662e-05,0.038735983690112,9.072129719976054e-06,0.0377166156982669,3.6362076688444564e-05,0.04383282364933727,2.5745232989121237e-06,0.04485219164118237,1.5163206652507005e-05,0.04587155963302747,2.30056950063836e-05,0.04689092762487257,1.7261565737467953e-05,0.047910295616717447,3.785775212876494e-05,2.0,0.0,1.0,2.0,1.0
22,13:14:09,7,0.04383282364933727,0.0,0.042813455657492394,0.041794087665647295,2.7216389159928164e-06,0.040774719673802196,1.4809638786123073e-05,0.039755351681957096,2.3146190420695662e-05,0.038735983690112,9.072129719976054e-06,0.0377166156982669,3.6362076688444564e-05,0.04383282364933727,2.8197159940466115e-06,0.04485219164118237,1.5408399347641492e-05,0.04587155963302747,2.30056950063836e-05,0.04689092762487257,1.7261565737467953e-05,0.047910295616717447,3.785775212876494e-05,0.0,0.0,1.0,1.0,2.0
22,13:14:12,7,0.041794087665647295,65408.0,0.042813455657492394,0.041794087665647295,4.634141938041823e-06,0.040774719673802196,1.4809638786123073e-05,0.039755351681957096,2.3146190420695662e-05,0.038735983690112,9.072129719976054e-06,0.0377166156982669,3.6362076688444564e-05,0.04383282364933727,3.2120243062617922e-06,0.04485219164118237,1.5530995695208736e-05,0.04587155963302747,2.30056950063836e-05,0.04689092762487257,1.7261565737467953e-05,0.047910295616717447,3.785775212876494e-05,0.0,0.0,1.0,1.0,1.0
22,13:14:15,7,0.041794087665647295,33726.0,0.042813455657492394,0.041794087665647295,3.825006044098012e-06,0.040774719673802196,1.4809638786123073e-05,0.039755351681957096,2.3146190420695662e-05,0.038735983690112,9.072129719976054e-06,0.0377166156982669,3.6362076688444564e-05,0.04383282364933727,3.334620653829036e-06,0.04485219164118237,1.565359204277598e-05,0.04587155963302747,2.30056950063836e-05,0.04689092762487257,1.7261565737467953e-05,0.047910295616717447,3.785775212876494e-05,0.0,0.0,1.0,2.0,1.0
22,13:14:18,7,0.041794087665647295,2044.0,0.042813455657492394,0.041794087665647295,3.7759675050711145e-06,0.040774719673802196,1.4809638786123073e-05,0.039755351681957096,2.3146190420695662e-05,0.038735983690112,9.072129719976054e-06,0.0377166156982669,3.6362076688444564e-05,0.04383282364933727,3.334620653829036e-06,0.04485219164118237,1.565359204277598e-05,0.04587155963302747,2.30056950063836e-05,0.04689092762487257,1.7555796971629337e-05,0.047910295616717447,3.785775212876494e-05,0.0,0.0,1.0,2.0,1.0
22,13:14:21,7,0.042813455657492394,1023.0,0.04332313965341483,0.042813455657492394,4.658661207555271e-07,0.041794087665647295,3.7759675050711145e-06,0.040774719673802196,1.4932235133690317e-05,0.039755351681957096,2.3146190420695662e-05,0.038735983690112,9.072129719976054e-06,0.04383282364933727,3.726928966044217e-06,0.04485219164118237,1.565359204277598e-05,0.04587155963302747,2.30056950063836e-05,0.04689092762487257,1.7629354780169683e-05,0.047910295616717447,3.785775212876494e-05,0.0,0.0,1.0,1.0,2.0
22,13:14:24,7,0.041794087665647295,62361.0,0.042303771661569955,0.041794087665647295,2.746158185506265e-06,0.040774719673802196,1.4932235133690317e-05,0.039755351681957096,2.3146190420695662e-05,0.038735983690112,9.072129719976054e-06,0.0377166156982669,3.6362076688444564e-05,0.042813455657492394,7.355780854034639e-08,0.04383282364933727,4.5115455904745785e-06,0.04485219164118237,1.7026671135529112e-05,0.04587155963302747,2.30056950063836e-05,0.04689092762487257,1.7629354780169683e-05,1.0,0.0,2.0,2.0,2.0
22,13:14:27,7,0.041794087665647295,0.0,0.042303771661569955,0.041794087665647295,2.746158185506265e-06,0.040774719673802196,1.4956754403203766e-05,0.039755351681957096,2.3146190420695662e-05,0.038735983690112,9.072129719976054e-06,0.0377166156982669,3.6362076688444564e-05,0.042813455657492394,7.355780854034639e-08,0.04383282364933727,6.007221030794955e-06,0.04485219164118237,1.7026671135529112e-05,0.04587155963302747,2.30056950063836e-05,0.04689092762487257,1.7629354780169683e-05,0.0,2.0,2.0,2.0,2.0
22,13:14:30,7,0.041794087665647295,5110.0,0.042303771661569955,0.041794087665647295,2.6235618379390213e-06,0.040774719673802196,1.4956754403203766e-05,0.039755351681957096,2.3146190420695662e-05,0.038735983690112,9.072129719976054e-06,0.0377166156982669,3.6362076688444564e-05,0.042813455657492394,5.884624683227711e-07,0.04383282364933727,6.987991811332907e-06,0.04485219164118237,1.7026671135529112e-05,0.04587155963302747,2.30056950063836e-05,0.04689092762487257,1.7629354780169683e-05,0.0,2.0,2.0,2.0,2.0
22,13:14:33,7,0.041794087665647295,23506.0,0.042303771661569955,0.041794087665647295,2.0596186391296986e-06,0.040774719673802196,1.4956754403203766e-05,0.039755351681957096,2.3146190420695662e-05,0.038735983690112,9.219245337056747e-06,0.0377166156982669,3.6362076688444564e-05,0.042813455657492394,5.884624683227711e-07,0.04383282364933727,7.037030350359804e-06,0.04485219164118237,1.7026671135529112e-05,0.04587155963302747,2.30056950063836e-05,0.04689092762487257,1.7629354780169683e-05,0.0,2.0,2.0,2.0,2.0
22,13:14:36,7,0.041794087665647295,16352.0,0.042303771661569955,0.041794087665647295,1.667310326914518e-06,0.040774719673802196,1.4956754403203766e-05,0.039755351681957096,2.3146190420695662e-05,0.038735983690112,9.219245337056747e-06,0.0377166156982669,3.758804016411701e-05,0.042813455657492394,5.884624683227711e-07,0.04383282364933727,6.129817378362199e-06,0.04485219164118237,1.7026671135529112e-05,0.04587155963302747,2.30056950063836e-05,0.04689092762487257,1.7653874049683134e-05,0.0,2.0,2.0,2.0,2.0
22,13:14:39,7,0.041794087665647295,57232.0,0.042303771661569955,0.041794087665647295,1.7163488659414157e-07,0.040774719673802196,1.4956754403203766e-05,0.039755351681957096,2.3146190420695662e-05,0.038735983690112,9.219245337056747e-06,0.0377166156982669,3.758804016411701e-05,0.042813455657492394,8.33655163457259e-07,0.04383282364933727,6.129817378362199e-06,0.04485219164118237,1.72718638306636e-05,0.04587155963302747,2.30056950063836e-05,0.04689092762487257,1.7653874049683134e-05,0.0,2.0,2.0,2.0,2.0
22,13:14:42,7,0.040774719673802196,20443.0,0.041284403669724634,0.040774719673802196,1.4834158055636522e-05,0.039755351681957096,2.3146190420695662e-05,0.038735983690112,9.219245337056747e-06,0.0377166156982669,3.758804016411701e-05,0.03669724770642202,2.4543788782962244e-05,0.041794087665647295,4.4134685124207834e-07,0.042813455657492394,9.317322415110542e-07,0.04383282364933727,6.129817378362199e-06,0.04485219164118237,1.7418979447744292e-05,0.04587155963302747,2.30056950063836e-05,2.0,2.0,2.0,2.0,2.0
22,13:14:45,7,0.042813455657492394,30672.0,0.041794087665647295,0.040774719673802196,1.4466369012934789e-05,0.039755351681957096,2.3146190420695662e-05,0.038735983690112,9.954823422460211e-06,0.0377166156982669,3.758804016411701e-05,0.03669724770642202,2.4543788782962244e-05,0.042813455657492394,6.375010073496687e-07,0.04383282364933727,8.189436017491898e-06,0.04485219164118237,1.7418979447744292e-05,0.04587155963302747,2.30056950063836e-05,0.04689092762487257,1.7653874049683134e-05,2.0,2.0,1.0,2.0,2.0
22,13:14:48,7,0.042813455657492394,0.0,0.041284403669724634,0.040774719673802196,1.4466369012934789e-05,0.039755351681957096,2.3146190420695662e-05,0.038735983690112,9.954823422460211e-06,0.0377166156982669,3.758804016411701e-05,0.03669724770642202,2.4543788782962244e-05,0.041794087665647295,3.4326977318828314e-07,0.042813455657492394,1.0543285890782983e-06,0.04383282364933727,8.189436017491898e-06,0.04485219164118237,1.7002151866015664e-05,0.04587155963302747,2.30056950063836e-05,2.0,2.0,2.0,2.0,2.0
22,13:14:51,7,0.042813455657492394,0.0,0.041284403669724634,0.040774719673802196,1.5349062715418946e-05,0.039755351681957096,2.3146190420695662e-05,0.038735983690112,9.954823422460211e-06,0.0377166156982669,3.7293808929955617e-05,0.03669724770642202,2.4543788782962244e-05,0.041794087665647295,4.658661207555271e-07,0.042813455657492394,9.56251511024503e-07,0.04383282364933727,8.189436017491898e-06,0.04485219164118237,1.7149267483096356e-05,0.04587155963302747,2.30056950063836e-05,2.0,2.0,2.0,2.0,2.0
22,13:14:54,7,0.040774719673802196,46966.0,0.041284403669724634,0.040774719673802196,1.4515407551961687e-05,0.039755351681957096,2.3146190420695662e-05,0.038735983690112,9.954823422460211e-06,0.0377166156982669,3.7293808929955617e-05,0.03669724770642202,2.4543788782962244e-05,0.041794087665647295,4.658661207555271e-07,0.042813455657492394,1.2995212842127862e-06,0.04383282364933727,8.679821407760873e-06,0.04485219164118237,1.7149267483096356e-05,0.04587155963302747,2.30056950063836e-05,2.0,2.0,2.0,2.0,2.0
22,13:14:57,7,0.042813455657492394,75683.0,0.04332313965341483,0.042813455657492394,4.977411711230106e-06,0.040774719673802196,1.4564446090988584e-05,0.039755351681957096,2.339138311583015e-05,0.038735983690112,9.954823422460211e-06,0.0377166156982669,3.7293808929955617e-05,0.04383282364933727,8.361070904086039e-06,0.04485219164118237,1.7149267483096356e-05,0.04587155963302747,2.30056950063836e-05,0.04689092762487257,1.7776470397250378e-05,0.047910295616717447,3.790679066779184e-05,1.0,1.0,0.0,2.0,2.0
22,13:15:00,7,0.042813455657492394,32736.0,0.04332313965341483,0.042813455657492394,4.315391434366988e-06,0.040774719673802196,1.4564446090988584e-05,0.039755351681957096,2.339138311583015e-05,0.038735983690112,9.954823422460211e-06,0.0377166156982669,3.7293808929955617e-05,0.04383282364933727,8.385590173599488e-06,0.04485219164118237,1.7149267483096356e-05,0.04587155963302747,2.30056950063836e-05,0.04689092762487257,1.7776470397250378e-05,0.047910295616717447,3.790679066779184e-05,1.0,1.0,0.0,2.0,2.0
22,13:15:03,7,0.042813455657492394,18414.0,0.04332313965341483,0.042813455657492394,3.8740445831249095e-06,0.040774719673802196,1.4564446090988584e-05,0.039755351681957096,2.339138311583015e-05,0.038735983690112,9.954823422460211e-06,0.0377166156982669,3.7293808929955617e-05,0.04383282364933727,8.385590173599488e-06,0.04485219164118237,1.7149267483096356e-05,0.04587155963302747,2.30056950063836e-05,0.04689092762487257,1.748223916308899e-05,0.047910295616717447,3.790679066779184e-05,1.0,1.0,1.0,2.0,2.0
22,13:15:06,7,0.042813455657492394,62403.0,0.04332313965341483,0.042813455657492394,2.378369142804533e-06,0.040774719673802196,1.4564446090988584e-05,0.039755351681957096,2.339138311583015e-05,0.038735983690112,9.954823422460211e-06,0.0377166156982669,3.7293808929955617e-05,0.04383282364933727,8.875975563868464e-06,0.04485219164118237,1.7149267483096356e-05,0.04587155963302747,2.30056950063836e-05,0.04689092762487257,1.748223916308899e-05,0.047910295616717447,3.790679066779184e-05,1.0,1.0,1.0,1.0,2.0
22,13:15:09,7,0.042813455657492394,30690.0,0.04332313965341483,0.042813455657492394,1.8634644830221085e-06,0.041794087665647295,4.903853902689759e-06,0.040774719673802196,1.4564446090988584e-05,0.039755351681957096,2.339138311583015e-05,0.038735983690112,9.954823422460211e-06,0.04383282364933727,8.875975563868464e-06,0.04485219164118237,1.7149267483096356e-05,0.04587155963302747,2.30056950063836e-05,0.04689092762487257,1.748223916308899e-05,0.047910295616717447,3.790679066779184e-05,1.0,1.0,1.0,1.0,2.0
22,13:15:12,7,0.042813455657492394,31713.0,0.04332313965341483,0.042813455657492394,1.1769249366455422e-06,0.041794087665647295,5.026450250257003e-06,0.040774719673802196,1.4564446090988584e-05,0.039755351681957096,2.3489460193883948e-05,0.038735983690112,9.954823422460211e-06,0.04383282364933727,9.636072918785377e-06,0.04485219164118237,1.7639652873365333e-05,0.04587155963302747,2.30056950063836e-05,0.04689092762487257,1.748223916308899e-05,0.047910295616717447,3.790679066779184e-05,1.0,0.0,1.0,1.0,2.0
22,13:15:15,7,0.042813455657492394,3069.0,0.04332313965341483,0.042813455657492394,2.672600376965919e-06,0.041794087665647295,5.026450250257003e-06,0.040774719673802196,1.301973211164131e-05,0.039755351681957096,2.3489460193883948e-05,0.038735983690112,9.954823422460211e-06,0.04383282364933727,1.0739440046890572e-05,0.04485219164118237,1.7639652873365333e-05,0.04587155963302747,2.30056950063836e-05,0.04689092762487257,1.748223916308899e-05,0.047910295616717447,3.790679066779184e-05,1.0,0.0,1.0,1.0,2.0
22,13:15:18,7,0.042813455657492394,36828.0,0.04332313965341483,0.042813455657492394,1.7899066744817621e-06,0.041794087665647295,5.026450250257003e-06,0.040774719673802196,1.5496178332499638e-05,0.039755351681957096,2.3489460193883948e-05,0.038735983690112,9.954823422460211e-06,0.04383282364933727,1.0739440046890572e-05,0.04485219164118237,1.7884845568499822e-05,0.04587155963302747,2.30056950063836e-05,0.04689092762487257,1.748223916308899e-05,0.047910295616717447,3.820102190195322e-05,1.0,0.0,1.0,1.0,2.0
22,13:15:21,7,0.04383282364933727,249856.0,0.04332313965341483,0.042813455657492394,2.550004029398675e-06,0.041794087665647295,5.026450250257003e-06,0.040774719673802196,1.552069760201309e-05,0.039755351681957096,2.3489460193883948e-05,0.038735983690112,1.0077419770027456e-05,0.04383282364933727,4.756738285609066e-06,0.04485219164118237,1.7884845568499822e-05,0.04587155963302747,2.30056950063836e-05,0.04689092762487257,1.7359642815521747e-05,0.047910295616717447,3.820102190195322e-05,1.0,0.0,1.0,2.0,2.0
22,13:15:24,7,0.042813455657492394,22506.0,0.04332313965341483,0.042813455657492394,2.746158185506265e-06,0.041794087665647295,5.026450250257003e-06,0.040774719673802196,1.5226466367851702e-05,0.039755351681957096,2.3489460193883948e-05,0.038735983690112,1.0077419770027456e-05,0.04383282364933727,4.903853902689759e-06,0.04485219164118237,1.7884845568499822e-05,0.04587155963302747,2.30547335454105e-05,0.04689092762487257,1.7310604276494848e-05,0.047910295616717447,3.820102190195322e-05,1.0,0.0,1.0,2.0,2.0
22,13:15:27,7,0.042813455657492394,8184.0,0.04332313965341483,0.042813455657492394,2.550004029398675e-06,0.041794087665647295,5.026450250257003e-06,0.040774719673802196,1.5226466367851702e-05,0.039755351681957096,2.3489460193883948e-05,0.038735983690112,1.0077419770027456e-05,0.04383282364933727,4.903853902689759e-06,0.04485219164118237,1.7884845568499822e-05,0.04587155963302747,2.30547335454105e-05,0.04689092762487257,1.7310604276494848e-05,0.047910295616717447,3.820102190195322e-05,0.0,0.0,1.0,2.0,2.0
22,13:15:30,7,0.042813455657492394,102300.0,0.04332313965341483,0.042813455657492394,7.110588158900151e-07,0.041794087665647295,5.026450250257003e-06,0.040774719673802196,1.4613484630015482e-05,0.039755351681957096,2.3489460193883948e-05,0.038735983690112,1.0077419770027456e-05,0.04383282364933727,4.903853902689759e-06,0.04485219164118237,1.7884845568499822e-05,0.04587155963302747,2.30547335454105e-05,0.04689092762487257,1.7310604276494848e-05,0.047910295616717447,3.820102190195322e-05,0.0,0.0,1.0,2.0,2.0
22,13:15:33,7,0.042813455657492394,40920.0,0.04332313965341483,0.042813455657492394,2.3293306037776356e-06,0.041794087665647295,5.026450250257003e-06,0.040774719673802196,1.4343772665367546e-05,0.039755351681957096,2.3489460193883948e-05,0.038735983690112,1.0077419770027456e-05,0.04383282364933727,5.565874179552877e-06,0.04485219164118237,1.7884845568499822e-05,0.04587155963302747,2.30547335454105e-05,0.04689092762487257,1.7310604276494848e-05,0.047910295616717447,3.844621459708771e-05,0.0,2.0,1.0,2.0,2.0
22,13:15:36,7,0.042813455657492394,27640.0,0.04332313965341483,0.042813455657492394,4.462507051447681e-06,0.041794087665647295,5.026450250257003e-06,0.040774719673802196,1.4343772665367546e-05,0.039755351681957096,2.3489460193883948e-05,0.038735983690112,1.0077419770027456e-05,0.04383282364933727,5.10000805879735e-06,0.04485219164118237,1.543291861715494e-05,0.04587155963302747,2.30547335454105e-05,0.04689092762487257,1.748223916308899e-05,0.047910295616717447,3.849525313611461e-05,0.0,2.0,2.0,2.0,2.0
22,13:15:39,7,0.042813455657492394,114576.0,0.04332313965341483,0.042813455657492394,1.7163488659414156e-06,0.041794087665647295,5.026450250257003e-06,0.040774719673802196,1.4343772665367546e-05,0.039755351681957096,2.3489460193883948e-05,0.038735983690112,1.0077419770027456e-05,0.04383282364933727,5.271642945391491e-06,0.04485219164118237,1.584974619888357e-05,0.04587155963302747,2.30547335454105e-05,0.04689092762487257,1.748223916308899e-05,0.047910295616717447,3.849525313611461e-05,0.0,1.0,2.0,2.0,2.0
22,13:15:42,7,0.042813455657492394,71610.0,0.042303771661569955,0.041794087665647295,5.026450250257003e-06,0.040774719673802196,1.4343772665367546e-05,0.039755351681957096,8.189436017491898e-06,0.038735983690112,1.0077419770027456e-05,0.0377166156982669,3.8715926561735646e-05,0.042813455657492394,1.4711561708069277e-07,0.04383282364933727,5.271642945391491e-06,0.04485219164118237,1.584974619888357e-05,0.04587155963302747,2.30547335454105e-05,0.04689092762487257,1.7237046467954502e-05,1.0,2.0,2.0,2.0,2.0
22,13:15:45,7,0.042813455657492394,17391.0,0.042303771661569955,0.041794087665647295,5.026450250257003e-06,0.040774719673802196,1.4343772665367546e-05,0.039755351681957096,8.189436017491898e-06,0.038735983690112,1.0077419770027456e-05,0.0377166156982669,3.8715926561735646e-05,0.042813455657492394,5.884624683227711e-07,0.04383282364933727,5.271642945391491e-06,0.04485219164118237,1.584974619888357e-05,0.04587155963302747,2.30547335454105e-05,0.04689092762487257,1.7237046467954502e-05,1.0,2.0,2.0,2.0,2.0
22,13:15:48,7,0.041794087665647295,49092.0,0.042303771661569955,0.041794087665647295,4.585103399014924e-06,0.040774719673802196,1.4343772665367546e-05,0.039755351681957096,8.189436017491898e-06,0.038735983690112,1.0077419770027456e-05,0.0377166156982669,3.8715926561735646e-05,0.042813455657492394,2.3293306037776356e-06,0.04383282364933727,5.173565867337696e-06,0.04485219164118237,1.5996861815964262e-05,0.04587155963302747,2.30547335454105e-05,0.04689092762487257,1.7237046467954502e-05,2.0,2.0,2.0,2.0,2.0
22,13:15:51,7,0.041794087665647295,0.0,0.042303771661569955,0.041794087665647295,4.585103399014924e-06,0.040774719673802196,1.4343772665367546e-05,0.039755351681957096,8.189436017491898e-06,0.038735983690112,1.0077419770027456e-05,0.0377166156982669,3.8715926561735646e-05,0.042813455657492394,2.746158185506265e-06,0.04383282364933727,5.173565867337696e-06,0.04485219164118237,1.9454078817360543e-05,0.04587155963302747,2.30547335454105e-05,0.04689092762487257,1.7237046467954502e-05,2.0,2.0,2.0,2.0,2.0
22,13:15:54,7,0.041794087665647295,35770.0,0.042303771661569955,0.041794087665647295,4.2418336258266416e-06,0.040774719673802196,1.4343772665367546e-05,0.039755351681957096,8.189436017491898e-06,0.038735983690112,1.0077419770027456e-05,0.0377166156982669,3.8715926561735646e-05,0.042813455657492394,2.746158185506265e-06,0.04383282364933727,5.173565867337696e-06,0.04485219164118237,2.018965690276401e-05,0.04587155963302747,2.30547335454105e-05,0.04689092762487257,1.7237046467954502e-05,2.0,2.0,2.0,2.0,2.0
22,13:15:57,7,0.042813455657492394,94116.0,0.042303771661569955,0.041794087665647295,4.2418336258266416e-06,0.040774719673802196,1.4343772665367546e-05,0.039755351681957096,7.453857932088434e-06,0.038735983690112,1.0126458309054352e-05,0.0377166156982669,3.8715926561735646e-05,0.042813455657492394,8.826937024841567e-07,0.04383282364933727,5.173565867337696e-06,0.04485219164118237,2.018965690276401e-05,0.04587155963302747,2.30547335454105e-05,0.04689092762487257,1.7237046467954502e-05,2.0,2.0,2.0,2.0,2.0
22,13:16:00,7,0.041794087665647295,190375.0,0.042303771661569955,0.041794087665647295,3.6533711575038706e-06,0.040774719673802196,1.4343772665367546e-05,0.039755351681957096,7.453857932088434e-06,0.038735983690112,1.0126458309054352e-05,0.0377166156982669,3.8715926561735646e-05,0.042813455657492394,2.9423123416138554e-07,0.04383282364933727,2.2067342562103917e-06,0.04485219164118237,2.018965690276401e-05,0.04587155963302747,2.30547335454105e-05,0.04689092762487257,1.7237046467954502e-05,2.0,2.0,2.0,2.0,2.0
22,13:16:03,7,0.042813455657492394,441599.0,0.04383282364933727,0.042813455657492394,1.2480308182345438e-05,0.041794087665647295,3.923083122151807e-06,0.040774719673802196,1.4343772665367546e-05,0.039755351681957096,7.453857932088434e-06,0.038735983690112,1.0862036394457816e-05,0.04485219164118237,1.2882914587756267e-05,0.04587155963302747,2.30547335454105e-05,0.04689092762487257,1.7237046467954502e-05,0.047910295616717447,3.910823487395083e-05,0.048929663608562546,2.9643796841759593e-05,1.0,1.0,1.0,2.0,2.0
22,13:16:06,7,0.042813455657492394,39897.0,0.04383282364933727,0.042813455657492394,1.1524056671320934e-05,0.041794087665647295,3.923083122151807e-06,0.040774719673802196,1.4343772665367546e-05,0.039755351681957096,7.453857932088434e-06,0.038735983690112,1.1842807174995769e-05,0.04485219164118237,1.2882914587756267e-05,0.04587155963302747,2.30547335454105e-05,0.04689092762487257,1.7237046467954502e-05,0.047910295616717447,3.910823487395083e-05,0.048929663608562546,2.9643796841759593e-05,1.0,2.0,1.0,2.0,2.0
22,13:16:09,7,0.042813455657492394,33759.0,0.04332313965341483,0.042813455657492394,1.0763959316404021e-05,0.041794087665647295,3.923083122151807e-06,0.040774719673802196,1.4343772665367546e-05,0.039755351681957096,7.453857932088434e-06,0.038735983690112,1.1867326444509216e-05,0.04383282364933727,3.236543575775241e-06,0.04485219164118237,1.2882914587756267e-05,0.04587155963302747,2.30547335454105e-05,0.04689092762487257,1.7237046467954502e-05,0.047910295616717447,3.910823487395083e-05,1.0,2.0,1.0,2.0,2.0
22,13:16:12,7,0.042813455657492394,182094.0,0.04332313965341483,0.042813455657492394,6.644722038144624e-06,0.041794087665647295,3.923083122151807e-06,0.040774719673802196,1.4343772665367546e-05,0.039755351681957096,7.453857932088434e-06,0.038735983690112,1.1867326444509216e-05,0.04383282364933727,3.236543575775241e-06,0.04485219164118237,1.2882914587756267e-05,0.04587155963302747,2.30547335454105e-05,0.04689092762487257,1.7237046467954502e-05,0.047910295616717447,3.910823487395083e-05,1.0,2.0,1.0,2.0,2.0
22,13:16:15,7,0.04485219164118237,525693.0,0.04383282364933727,0.042813455657492394,6.914434002792561e-06,0.041794087665647295,3.923083122151807e-06,0.040774719673802196,1.4343772665367546e-05,0.039755351681957096,7.453857932088434e-06,0.038735983690112,1.1867326444509216e-05,0.04485219164118237,3.541072903132275e-06,0.04587155963302747,2.30547335454105e-05,0.04689092762487257,1.7237046467954502e-05,0.047910295616717447,3.910823487395083e-05,0.048929663608562546,2.9643796841759593e-05,0.0,1.0,1.0,2.0,2.0
22,13:16:18,7,0.042813455657492394,28644.0,0.04383282364933727,0.042813455657492394,6.227894456415994e-06,0.041794087665647295,3.923083122151807e-06,0.040774719673802196,1.4343772665367546e-05,0.039755351681957096,7.453857932088434e-06,0.038735983690112,1.1867326444509216e-05,0.04485219164118237,3.565592172645724e-06,0.04587155963302747,2.30547335454105e-05,0.04689092762487257,1.6599545460604833e-05,0.047910295616717447,3.910823487395083e-05,0.048929663608562546,2.9643796841759593e-05,1.0,1.0,1.0,2.0,2.0
22,13:16:21,7,0.042813455657492394,40920.0,0.04383282364933727,0.042813455657492394,2.5426482485446402e-05,0.041794087665647295,3.8004867745845632e-06,0.040774719673802196,1.4343772665367546e-05,0.039755351681957096,7.453857932088434e-06,0.038735983690112,1.1867326444509216e-05,0.04485219164118237,3.5901114421591727e-06,0.04587155963302747,2.30547335454105e-05,0.04689092762487257,1.669762253865863e-05,0.047910295616717447,3.910823487395083e-05,0.048929663608562546,2.9643796841759593e-05,2.0,2.0,1.0,2.0,2.0
22,13:16:24,7,0.042813455657492394,197439.0,0.04332313965341483,0.042813455657492394,2.0694263469350783e-05,0.041794087665647295,3.8004867745845632e-06,0.040774719673802196,1.4343772665367546e-05,0.039755351681957096,7.453857932088434e-06,0.038735983690112,1.2038961331103359e-05,0.04383282364933727,1.2259634756724397e-07,0.04485219164118237,5.232902499560242e-06,0.04587155963302747,2.30547335454105e-05,0.04689092762487257,1.669762253865863e-05,0.047910295616717447,3.910823487395083e-05,2.0,2.0,2.0,2.0,2.0
22,13:16:27,7,0.042813455657492394,17391.0,0.04332313965341483,0.042813455657492394,2.0277435887622155e-05,0.041794087665647295,3.8004867745845632e-06,0.040774719673802196,1.4343772665367546e-05,0.039755351681957096,7.453857932088434e-06,0.038735983690112,1.2038961331103359e-05,0.04383282364933727,1.2259634756724397e-07,0.04485219164118237,5.429056655667832e-06,0.04587155963302747,2.30547335454105e-05,0.04689092762487257,1.669762253865863e-05,0.047910295616717447,3.910823487395083e-05,2.0,2.0,2.0,2.0,2.0
22,13:16:30,7,0.042813455657492394,3069.0,0.04332313965341483,0.042813455657492394,2.020387807908181e-05,0.041794087665647295,3.8004867745845632e-06,0.040774719673802196,1.4343772665367546e-05,0.039755351681957096,7.453857932088434e-06,0.038735983690112,1.2038961331103359e-05,0.04383282364933727,1.2259634756724397e-07,0.04485219164118237,5.47809519469473e-06,0.04587155963302747,2.30547335454105e-05,0.04689092762487257,1.669762253865863e-05,0.047910295616717447,3.9819293689840845e-05,2.0,2.0,2.0,2.0,2.0
22,13:16:33,7,0.04485219164118237,85070.0,0.04383282364933727,0.042813455657492394,2.020387807908181e-05,0.041794087665647295,3.849525313611461e-06,0.040774719673802196,1.4343772665367546e-05,0.039755351681957096,7.772608435763268e-06,0.038735983690112,1.2038961331103359e-05,0.04485219164118237,3.565592172645724e-06,0.04587155963302747,2.30547335454105e-05,0.04689092762487257,1.669762253865863e-05,0.047910295616717447,4.0039967115461886e-05,0.048929663608562546,2.9643796841759593e-05,1.0,2.0,2.0,2.0,2.0
22,13:16:36,7,0.04383282364933727,128059.0,0.04434250764525993,0.04383282364933727,2.4519269513448796e-08,0.042813455657492394,2.020387807908181e-05,0.041794087665647295,3.849525313611461e-06,0.040774719673802196,1.4343772665367546e-05,0.039755351681957096,7.772608435763268e-06,0.04485219164118237,2.2905901579463864e-06,0.04587155963302747,2.30547335454105e-05,0.04689092762487257,1.669762253865863e-05,0.047910295616717447,4.0039967115461886e-05,0.048929663608562546,2.9643796841759593e-05,1.0,0.0,2.0,2.0,2.0
22,13:16:39,7,0.04383282364933727,17408.0,0.04434250764525993,0.04383282364933727,2.8197159940466115e-06,0.042813455657492394,2.0645224930323885e-05,0.041794087665647295,3.849525313611461e-06,0.040774719673802196,1.4343772665367546e-05,0.039755351681957096,7.772608435763268e-06,0.04485219164118237,2.2905901579463864e-06,0.04587155963302747,2.30547335454105e-05,0.04689092762487257,1.669762253865863e-05,0.047910295616717447,4.0039967115461886e-05,0.048929663608562546,3.086976031743203e-05,1.0,0.0,2.0,2.0,2.0
22,13:16:42,7,0.042813455657492394,134143.0,0.04383282364933727,0.042813455657492394,2.0498109313243193e-05,0.041794087665647295,3.849525313611461e-06,0.040774719673802196,1.4343772665367546e-05,0.039755351681957096,7.772608435763268e-06,0.038735983690112,1.2038961331103359e-05,0.04485219164118237,2.1679938103791426e-06,0.04587155963302747,2.30547335454105e-05,0.04689092762487257,1.713896938990071e-05,0.047910295616717447,4.008900565448878e-05,0.048929663608562546,3.086976031743203e-05,2.0,0.0,2.0,2.0,2.0
22,13:16:45,7,0.042813455657492394,0.0,0.04383282364933727,0.042813455657492394,2.052262858275664e-05,0.041794087665647295,3.849525313611461e-06,0.040774719673802196,1.4343772665367546e-05,0.039755351681957096,7.674531357709473e-06,0.038735983690112,1.2038961331103359e-05,0.04485219164118237,2.2905901579463864e-06,0.04587155963302747,2.30547335454105e-05,0.04689092762487257,1.713896938990071e-05,0.047910295616717447,4.008900565448878e-05,0.048929663608562546,3.086976031743203e-05,2.0,0.0,2.0,2.0,2.0
22,13:16:48,7,0.042813455657492394,53233.0,0.04383282364933727,0.042813455657492394,2.0277435887622155e-05,0.041794087665647295,3.849525313611461e-06,0.040774719673802196,1.4932235133690317e-05,0.039755351681957096,7.674531357709473e-06,0.038735983690112,1.2038961331103359e-05,0.04485219164118237,2.5357828530808746e-06,0.04587155963302747,2.30547335454105e-05,0.04689092762487257,1.713896938990071e-05,0.047910295616717447,4.008900565448878e-05,0.048929663608562546,3.086976031743203e-05,2.0,0.0,2.0,2.0,2.0
22,13:16:51,7,0.04383282364933727,10240.0,0.04434250764525993,0.04383282364933727,4.658661207555271e-06,0.042813455657492394,2.037551296567595e-05,0.041794087665647295,3.849525313611461e-06,0.040774719673802196,1.4932235133690317e-05,0.039755351681957096,7.674531357709473e-06,0.04485219164118237,2.6583792006481185e-06,0.04587155963302747,2.30547335454105e-05,0.04689092762487257,1.713896938990071e-05,0.047910295616717447,4.008900565448878e-05,0.048929663608562546,3.086976031743203e-05,0.0,1.0,2.0,2.0,2.0
22,13:16:54,7,0.04383282364933727,85032.0,0.04434250764525993,0.04383282364933727,3.604332618476973e-06,0.042813455657492394,2.037551296567595e-05,0.041794087665647295,3.334620653829036e-06,0.040774719673802196,1.4932235133690317e-05,0.039755351681957096,7.674531357709473e-06,0.04485219164118237,4.963190534912305e-06,0.04587155963302747,2.30547335454105e-05,0.04689092762487257,1.713896938990071e-05,0.047910295616717447,4.033419834962327e-05,0.048929663608562546,3.0918798856458934e-05,0.0,1.0,2.0,2.0,2.0
22,13:16:57,7,0.04383282364933727,0.0,0.04434250764525993,0.04383282364933727,3.726928966044217e-06,0.042813455657492394,2.138080301572735e-05,0.041794087665647295,3.334620653829036e-06,0.040774719673802196,1.4932235133690317e-05,0.039755351681957096,7.674531357709473e-06,0.04485219164118237,4.963190534912305e-06,0.04587155963302747,2.30547335454105e-05,0.04689092762487257,1.713896938990071e-05,0.047910295616717447,4.033419834962327e-05,0.048929663608562546,3.0918798856458934e-05,0.0,1.0,2.0,2.0,2.0
22,13:17:00,7,0.04383282364933727,395565.0,0.04434250764525993,0.04383282364933727,4.4134685124207834e-07,0.042813455657492394,2.1258206668160106e-05,0.041794087665647295,3.334620653829036e-06,0.040774719673802196,1.4932235133690317e-05,0.039755351681957096,8.410109443112937e-06,0.04485219164118237,2.4519269513448794e-07,0.04587155963302747,2.1839068162933707e-05,0.04689092762487257,1.7359642815521747e-05,0.047910295616717447,4.033419834962327e-05,0.048929663608562546,3.0918798856458934e-05,0.0,1.0,2.0,2.0,2.0
22,13:17:03,7,0.04485219164118237,10250.0,0.04434250764525993,0.04383282364933727,4.4134685124207834e-07,0.042813455657492394,2.1258206668160106e-05,0.041794087665647295,3.334620653829036e-06,0.040774719673802196,1.4932235133690317e-05,0.039755351681957096,8.410109443112937e-06,0.04485219164118237,2.4519269513448796e-08,0.04587155963302747,2.225589574466234e-05,0.04689092762487257,1.7604835510656235e-05,0.047910295616717447,4.033419834962327e-05,0.048929663608562546,3.0918798856458934e-05,0.0,2.0,2.0,2.0,2.0
22,13:17:06,7,0.04383282364933727,18432.0,0.04332313965341483,0.042813455657492394,2.1258206668160106e-05,0.041794087665647295,3.2855821148021386e-06,0.040774719673802196,1.4932235133690317e-05,0.039755351681957096,8.410109443112937e-06,0.038735983690112,1.1916364983536115e-05,0.04383282364933727,1.2259634756724397e-07,0.04485219164118237,2.402888412317982e-06,0.04587155963302747,2.225589574466234e-05,0.04689092762487257,1.7604835510656235e-05,0.047910295616717447,4.033419834962327e-05,2.0,2.0,2.0,2.0,2.0
22,13:17:09,7,0.04485219164118237,214193.0,0.04383282364933727,0.042813455657492394,2.1135610320592862e-05,0.041794087665647295,3.2855821148021386e-06,0.040774719673802196,1.4932235133690317e-05,0.039755351681957096,8.410109443112937e-06,0.038735983690112,1.1916364983536115e-05,0.04485219164118237,3.4326977318828314e-07,0.04587155963302747,2.225589574466234e-05,0.04689092762487257,1.7604835510656235e-05,0.047910295616717447,4.033419834962327e-05,0.048929663608562546,3.0918798856458934e-05,2.0,2.0,2.0,2.0,2.0
22,13:17:12,7,0.04383282364933727,48128.0,0.04332313965341483,0.042813455657492394,2.1135610320592862e-05,0.041794087665647295,3.2855821148021386e-06,0.040774719673802196,1.4932235133690317e-05,0.039755351681957096,8.410109443112937e-06,0.038735983690112,1.1916364983536115e-05,0.04383282364933727,1.8634644830221085e-06,0.04485219164118237,3.9230831221518074e-07,0.04587155963302747,2.225589574466234e-05,0.04689092762487257,1.7899066744817622e-05,0.047910295616717447,4.033419834962327e-05,2.0,2.0,2.0,2.0,2.0
22,13:17:15,7,0.04383282364933727,0.0,0.04332313965341483,0.042813455657492394,2.1135610320592862e-05,0.041794087665647295,3.2855821148021386e-06,0.040774719673802196,1.4932235133690317e-05,0.039755351681957096,8.410109443112937e-06,0.038735983690112,1.1916364983536115e-05,0.04383282364933727,1.8634644830221085e-06,0.04485219164118237,3.4326977318828314e-07,0.04587155963302747,2.225589574466234e-05,0.04689092762487257,1.7899066744817622e-05,0.047910295616717447,4.033419834962327e-05,2.0,2.0,2.0,2.0,2.0
22,13:17:18,7,0.042813455657492394,77750.0,0.04332313965341483,0.042813455657492394,1.9394742185137998e-05,0.041794087665647295,3.2855821148021386e-06,0.040774719673802196,1.4932235133690317e-05,0.039755351681957096,8.655302138247424e-06,0.038735983690112,1.1916364983536115e-05,0.04383282364933727,1.8634644830221085e-06,0.04485219164118237,3.4326977318828314e-07,0.04587155963302747,2.225589574466234e-05,0.04689092762487257,1.7899066744817622e-05,0.047910295616717447,4.033419834962327e-05,2.0,2.0,2.0,2.0,2.0
22,13:17:21,7,0.04383282364933727,98304.0,0.04434250764525993,0.04383282364933727,1.0862036394457816e-05,0.042813455657492394,1.9394742185137998e-05,0.041794087665647295,3.2855821148021386e-06,0.040774719673802196,1.4932235133690317e-05,0.039755351681957096,8.655302138247424e-06,0.04485219164118237,3.677890427017319e-07,0.04587155963302747,2.2525607709310275e-05,0.04689092762487257,1.7899066744817622e-05,0.047910295616717447,4.033419834962327e-05,0.048929663608562546,3.0918798856458934e-05,2.0,2.0,2.0,2.0,2.0
22,13:17:24,7,0.04383282364933727,31744.0,0.04434250764525993,0.04383282364933727,1.0101939039540905e-05,0.042813455657492394,1.9394742185137998e-05,0.041794087665647295,3.2855821148021386e-06,0.040774719673802196,1.4932235133690317e-05,0.039755351681957096,8.655302138247424e-06,0.04485219164118237,3.677890427017319e-07,0.04587155963302747,2.2525607709310275e-05,0.04689092762487257,1.7899066744817622e-05,0.047910295616717447,4.033419834962327e-05,0.048929663608562546,3.0918798856458934e-05,2.0,2.0,2.0,2.0,2.0
22,13:17:27,7,0.04383282364933727,0.0,0.04434250764525993,0.04383282364933727,1.0101939039540905e-05,0.042813455657492394,1.9394742185137998e-05,0.041794087665647295,3.2855821148021386e-06,0.040774719673802196,1.4932235133690317e-05,0.039755351681957096,1.1058190550565406e-05,0.04485219164118237,6.620202768631175e-07,0.04587155963302747,2.301599309957925e-05,0.04689092762487257,1.7899066744817622e-05,0.047910295616717447,4.033419834962327e-05,0.048929663608562546,3.0918798856458934e-05,2.0,2.0,2.0,2.0,2.0
22,13:17:30,7,0.04383282364933727,37888.0,0.04434250764525993,0.04383282364933727,9.194726067543298e-06,0.042813455657492394,1.9443780724164896e-05,0.041794087665647295,3.7759675050711145e-06,0.040774719673802196,1.4932235133690317e-05,0.039755351681957096,1.1058190550565406e-05,0.04485219164118237,6.865395463765663e-07,0.04587155963302747,2.301599309957925e-05,0.04689092762487257,1.7899066744817622e-05,0.047910295616717447,4.033419834962327e-05,0.048929663608562546,3.0918798856458934e-05,2.0,2.0,2.0,2.0,2.0
22,13:17:33,7,0.04485219164118237,44075.0,0.04536187563710481,0.04485219164118237,9.709630727325723e-06,0.04383282364933727,1.1131748359105754e-05,0.042813455657492394,1.9443780724164896e-05,0.041794087665647295,3.7759675050711145e-06,0.040774719673802196,1.5177427828824805e-05,0.04587155963302747,2.301599309957925e-05,0.04689092762487257,1.7899066744817622e-05,0.047910295616717447,4.033419834962327e-05,0.048929663608562546,3.0918798856458934e-05,0.04994903160040787,9.817515513184898e-05,1.0,2.0,1.0,2.0,2.0
22,13:17:36,7,0.04587155963302747,117975.0,0.04536187563710481,0.04485219164118237,9.36636095413744e-06,0.04383282364933727,1.2553865990885784e-05,0.042813455657492394,1.9443780724164896e-05,0.041794087665647295,3.7759675050711145e-06,0.040774719673802196,1.5177427828824805e-05,0.04587155963302747,2.056406614823437e-05,0.04689092762487257,1.7899066744817622e-05,0.047910295616717447,4.033419834962327e-05,0.048929663608562546,3.0918798856458934e-05,0.04994903160040787,9.817515513184898e-05,1.0,2.0,1.0,2.0,2.0
22,13:17:39,7,0.04485219164118237,48175.0,0.04536187563710481,0.04485219164118237,8.213955287005347e-06,0.04383282364933727,1.2553865990885784e-05,0.042813455657492394,1.9443780724164896e-05,0.041794087665647295,7.600973549169127e-07,0.040774719673802196,1.5177427828824805e-05,0.04587155963302747,2.056406614823437e-05,0.04689092762487257,1.7899066744817622e-05,0.047910295616717447,4.033419834962327e-05,0.048929663608562546,3.0918798856458934e-05,0.04994903160040787,9.817515513184898e-05,1.0,2.0,1.0,2.0,2.0
22,13:17:42,7,0.04485219164118237,30750.0,0.04536187563710481,0.04485219164118237,7.478377201601883e-06,0.04383282364933727,1.2553865990885784e-05,0.042813455657492394,1.9443780724164896e-05,0.041794087665647295,7.600973549169127e-07,0.040774719673802196,1.5177427828824805e-05,0.04587155963302747,2.0931855190936102e-05,0.04689092762487257,1.7899066744817622e-05,0.047910295616717447,4.033419834962327e-05,0.048929663608562546,3.0918798856458934e-05,0.04994903160040787,9.837130928795657e-05,1.0,2.0,1.0,2.0,2.0
22,13:17:45,7,0.04587155963302747,89262.0,0.04536187563710481,0.04485219164118237,7.772608435763268e-06,0.04383282364933727,1.2553865990885784e-05,0.042813455657492394,1.8144259439952107e-05,0.041794087665647295,7.600973549169127e-07,0.040774719673802196,1.5177427828824805e-05,0.04587155963302747,1.8847717282292956e-05,0.04689092762487257,1.7899066744817622e-05,0.047910295616717447,4.033419834962327e-05,0.048929663608562546,3.0918798856458934e-05,0.04994903160040787,9.837130928795657e-05,2.0,2.0,2.0,2.0,2.0
22,13:17:48,7,0.04485219164118237,85075.0,0.04536187563710481,0.04485219164118237,6.7918376552253165e-06,0.04383282364933727,1.2553865990885784e-05,0.042813455657492394,1.8144259439952107e-05,0.041794087665647295,4.903853902689759e-07,0.040774719673802196,1.5177427828824805e-05,0.04587155963302747,1.8970313629860197e-05,0.04689092762487257,1.8389452135086596e-05,0.047910295616717447,4.033419834962327e-05,0.048929663608562546,3.0918798856458934e-05,0.04994903160040787,9.829775147941622e-05,2.0,2.0,2.0,2.0,2.0
22,13:17:51,7,0.04485219164118237,0.0,0.04536187563710481,0.04485219164118237,8.066839669924654e-06,0.04383282364933727,1.2553865990885784e-05,0.042813455657492394,1.8144259439952107e-05,0.041794087665647295,4.903853902689759e-07,0.040774719673802196,1.5177427828824805e-05,0.04587155963302747,1.916646778596779e-05,0.04689092762487257,1.8389452135086596e-05,0.047910295616717447,4.033419834962327e-05,0.048929663608562546,3.0918798856458934e-05,0.04994903160040787,9.829775147941622e-05,2.0,2.0,2.0,2.0,2.0
22,13:17:54,7,0.04587155963302747,773575.0,0.04536187563710481,0.04485219164118237,7.650012088196024e-06,0.04383282364933727,1.2553865990885784e-05,0.042813455657492394,1.6844738155739322e-05,0.041794087665647295,6.129817378362199e-07,0.040774719673802196,1.5177427828824805e-05,0.04587155963302747,1.7087478923922465e-06,0.04689092762487257,1.8389452135086596e-05,0.047910295616717447,4.033419834962327e-05,0.048929663608562546,3.214476233213137e-05,0.04994903160040787,9.792996243671449e-05,2.0,2.0,2.0,2.0,2.0
22,13:17:57,7,0.04587155963302747,0.0,0.04536187563710481,0.04485219164118237,7.650012088196024e-06,0.04383282364933727,1.2651943068939579e-05,0.042813455657492394,1.6844738155739322e-05,0.041794087665647295,4.7812575551225154e-06,0.040774719673802196,1.5177427828824805e-05,0.04587155963302747,1.7087478923922465e-06,0.04689092762487257,1.8389452135086596e-05,0.047910295616717447,4.033419834962327e-05,0.048929663608562546,3.214476233213137e-05,0.04994903160040787,9.844486709649692e-05,2.0,2.0,2.0,2.0,2.0
22,13:18:00,7,0.04587155963302747,380569.0,0.04638124362895013,0.04587155963302747,1.4792720490158793e-05,0.04485219164118237,7.919724052843962e-06,0.04383282364933727,1.2651943068939579e-05,0.042813455657492394,1.669762253865863e-05,0.041794087665647295,4.7812575551225154e-06,0.04689092762487257,1.262742379942613e-05,0.047910295616717447,4.033419834962327e-05,0.048929663608562546,3.214476233213137e-05,0.04994903160040787,9.844486709649692e-05,0.050968399592252744,0.0001319406411788193,1.0,1.0,2.0,2.0,1.0
22,13:18:03,7,0.04587155963302747,10260.0,0.04638124362895013,0.04587155963302747,1.4694643412104998e-05,0.04485219164118237,7.968762591870858e-06,0.04383282364933727,1.2651943068939579e-05,0.042813455657492394,1.669762253865863e-05,0.041794087665647295,4.7812575551225154e-06,0.04689092762487257,1.2651943068939579e-05,0.047910295616717447,4.0456794697190514e-05,0.048929663608562546,3.214476233213137e-05,0.04994903160040787,9.844486709649692e-05,0.050968399592252744,0.0001319406411788193,1.0,0.0,1.0,2.0,1.0
22,13:18:06,7,0.04587155963302747,207252.0,0.04638124362895013,0.04587155963302747,9.741750970388341e-06,0.04485219164118237,7.968762591870858e-06,0.04383282364933727,1.1646653018888179e-05,0.042813455657492394,1.669762253865863e-05,0.041794087665647295,4.7812575551225154e-06,0.04689092762487257,1.2651943068939579e-05,0.047910295616717447,4.0456794697190514e-05,0.048929663608562546,3.214476233213137e-05,0.04994903160040787,9.844486709649692e-05,0.050968399592252744,0.0001319406411788193,1.0,0.0,1.0,1.0,1.0
22,13:18:09,7,0.04587155963302747,69768.0,0.04638124362895013,0.04587155963302747,9.447519736226956e-06,0.04485219164118237,7.968762591870858e-06,0.04383282364933727,1.1646653018888179e-05,0.042813455657492394,1.669762253865863e-05,0.041794087665647295,4.7812575551225154e-06,0.04689092762487257,1.2921655033587515e-05,0.047910295616717447,4.040775615816362e-05,0.048929663608562546,3.214476233213137e-05,0.04994903160040787,9.837130928795657e-05,0.050968399592252744,0.0001319406411788193,2.0,0.0,2.0,1.0,1.0
22,13:18:12,7,0.04587155963302747,157034.0,0.04638124362895013,0.04587155963302747,6.872996437314832e-06,0.04485219164118237,7.919724052843962e-06,0.04383282364933727,1.1646653018888179e-05,0.042813455657492394,1.669762253865863e-05,0.041794087665647295,4.7812575551225154e-06,0.04689092762487257,1.1573095210347831e-05,0.047910295616717447,4.040775615816362e-05,0.048929663608562546,3.214476233213137e-05,0.04994903160040787,9.837130928795657e-05,0.050968399592252744,0.0001319406411788193,1.0,0.0,1.0,1.0,1.0
22,13:18:15,7,0.04689092762487257,616100.0,0.04638124362895013,0.04587155963302747,5.8431871177499824e-06,0.04485219164118237,7.919724052843962e-06,0.04383282364933727,9.660592188298826e-06,0.042813455657492394,1.669762253865863e-05,0.041794087665647295,4.7812575551225154e-06,0.04689092762487257,5.933663222254608e-06,0.047910295616717447,4.040775615816362e-05,0.048929663608562546,3.214476233213137e-05,0.04994903160040787,9.910688737336004e-05,0.050968399592252744,0.0001319406411788193,1.0,2.0,2.0,1.0,1.0
22,13:18:18,7,0.04587155963302747,141638.0,0.04638124362895013,0.04587155963302747,5.622513692128943e-06,0.04485219164118237,7.772608435763268e-06,0.04383282364933727,8.287513095545693e-06,0.042813455657492394,1.669762253865863e-05,0.041794087665647295,4.7812575551225154e-06,0.04689092762487257,5.1490465978242474e-06,0.047910295616717447,4.055487177524431e-05,0.048929663608562546,3.4302458049314865e-05,0.04994903160040787,9.910688737336004e-05,0.050968399592252744,0.0001319406411788193,0.0,2.0,1.0,2.0,1.0
22,13:18:21,7,0.04587155963302747,30780.0,0.04638124362895013,0.04587155963302747,4.88693560672548e-06,0.04485219164118237,1.037165100418884e-05,0.04383282364933727,7.797127705276717e-06,0.042813455657492394,1.669762253865863e-05,0.041794087665647295,4.7812575551225154e-06,0.04689092762487257,5.173565867337696e-06,0.047910295616717447,4.055487177524431e-05,0.048929663608562546,3.4302458049314865e-05,0.04994903160040787,9.910688737336004e-05,0.050968399592252744,0.0001319406411788193,0.0,2.0,1.0,2.0,2.0
22,13:18:24,7,0.04689092762487257,417800.0,0.04740061162079501,0.04689092762487257,5.639431988093223e-07,0.04587155963302747,9.88371754087121e-07,0.04485219164118237,1.037165100418884e-05,0.04383282364933727,7.797127705276717e-06,0.042813455657492394,1.669762253865863e-05,0.047910295616717447,4.0701987392325e-05,0.048929663608562546,3.4302458049314865e-05,0.04994903160040787,9.910688737336004e-05,0.050968399592252744,0.0001319406411788193,0.051987767584097844,6.985539884381561e-05,0.0,1.0,0.0,1.0,1.0
22,13:18:27,7,0.04587155963302747,31829.0,0.04638124362895013,0.04587155963302747,8.412561370064282e-07,0.04485219164118237,1.039617027370229e-05,0.04383282364933727,7.797127705276717e-06,0.042813455657492394,1.669762253865863e-05,0.041794087665647295,4.7812575551225154e-06,0.04689092762487257,2.746158185506265e-06,0.047910295616717447,4.0849103009405694e-05,0.048929663608562546,3.4302458049314865e-05,0.04994903160040787,9.910688737336004e-05,0.050968399592252744,0.0001319406411788193,0.0,2.0,1.0,2.0,2.0
22,13:18:30,7,0.04689092762487257,462129.0,0.04638124362895013,0.04587155963302747,3.263514772240035e-07,0.04485219164118237,9.881265613919865e-06,0.04383282364933727,7.797127705276717e-06,0.042813455657492394,1.669762253865863e-05,0.041794087665647295,4.7812575551225154e-06,0.04689092762487257,5.075488789283901e-06,0.047910295616717447,4.055487177524431e-05,0.048929663608562546,3.4302458049314865e-05,0.04994903160040787,9.910688737336004e-05,0.050968399592252744,0.0001319406411788193,2.0,2.0,2.0,2.0,2.0
22,13:18:33,7,0.04587155963302747,13656.0,0.04536187563710481,0.04485219164118237,9.881265613919865e-06,0.04383282364933727,7.797127705276717e-06,0.042813455657492394,1.689377669476622e-05,0.041794087665647295,4.7812575551225154e-06,0.040774719673802196,1.0911074933484715e-05,0.04587155963302747,1.3951464353152365e-07,0.04689092762487257,6.30145226495634e-06,0.047910295616717447,4.0701987392325e-05,0.048929663608562546,3.4866401248124185e-05,0.04994903160040787,9.910688737336004e-05,2.0,2.0,2.0,2.0,2.0
22,13:18:36,7,0.04485219164118237,107725.0,0.04536187563710481,0.04485219164118237,9.758669266352621e-06,0.04383282364933727,7.797127705276717e-06,0.042813455657492394,1.6795699616712424e-05,0.041794087665647295,4.7812575551225154e-06,0.040774719673802196,1.078847858591747e-05,0.04587155963302747,2.7875957509839938e-06,0.04689092762487257,7.037030350359804e-06,0.047910295616717447,4.055487177524431e-05,0.048929663608562546,3.4939959056664534e-05,0.04994903160040787,9.910688737336004e-05,2.0,2.0,2.0,2.0,2.0
22,13:18:39,7,0.04485219164118237,37945.0,0.04536187563710481,0.04485219164118237,7.355780854034639e-06,0.04383282364933727,7.797127705276717e-06,0.042813455657492394,1.6795699616712424e-05,0.041794087665647295,4.7812575551225154e-06,0.040774719673802196,1.078847858591747e-05,0.04587155963302747,2.370768169255364e-06,0.04689092762487257,7.6009735491691265e-06,0.047910295616717447,1.7433200624062093e-05,0.048929663608562546,3.4939959056664534e-05,0.04994903160040787,9.770928901109345e-05,2.0,2.0,2.0,2.0,2.0
22,13:18:42,7,0.04587155963302747,107686.0,0.04536187563710481,0.04485219164118237,6.276932995442892e-06,0.04383282364933727,6.71827984668497e-06,0.042813455657492394,1.6795699616712424e-05,0.041794087665647295,4.7812575551225154e-06,0.040774719673802196,1.078847858591747e-05,0.04587155963302747,9.976890765022314e-07,0.04689092762487257,7.6009735491691265e-06,0.047910295616717447,1.7433200624062093e-05,0.048929663608562546,3.4939959056664534e-05,0.04994903160040787,9.967083057216935e-05,2.0,2.0,2.0,2.0,2.0
22,13:18:45,7,0.04689092762487257,406288.0,0.04740061162079501,0.04689092762487257,4.658661207555271e-06,0.04587155963302747,5.377320996994455e-06,0.04485219164118237,6.276932995442892e-06,0.04383282364933727,6.71827984668497e-06,0.042813455657492394,1.6795699616712424e-05,0.047910295616717447,1.6771180347198976e-05,0.048929663608562546,3.543034444693351e-05,0.04994903160040787,9.844486709649692e-05,0.050968399592252744,0.00013297045049838417,0.051987767584097844,7.223376798662015e-05,1.0,1.0,1.0,1.0,0.0
22,13:18:48,7,0.04689092762487257,20540.0,0.04740061162079501,0.04689092762487257,4.168275817286296e-06,0.04587155963302747,7.951844295906579e-06,0.04485219164118237,6.276932995442892e-06,0.04383282364933727,6.71827984668497e-06,0.042813455657492394,1.6795699616712424e-05,0.047910295616717447,1.6771180347198976e-05,0.048929663608562546,3.545486371644696e-05,0.04994903160040787,9.815063586233552e-05,0.050968399592252744,0.00013297045049838417,0.051987767584097844,7.223376798662015e-05,0.0,0.0,1.0,0.0,0.0
22,13:18:51,7,0.04689092762487257,20540.0,0.04740061162079501,0.04689092762487257,4.462507051447681e-06,0.04587155963302747,8.074440643473823e-06,0.04485219164118237,6.30145226495634e-06,0.04383282364933727,7.012511080846356e-06,0.042813455657492394,1.6795699616712424e-05,0.047910295616717447,1.6795699616712424e-05,0.048929663608562546,3.55774600640142e-05,0.04994903160040787,9.815063586233552e-05,0.050968399592252744,0.00013297045049838417,0.051987767584097844,7.223376798662015e-05,0.0,0.0,1.0,0.0,0.0
22,13:18:54,7,0.04689092762487257,153033.0,0.04740061162079501,0.04689092762487257,1.0543285890782983e-06,0.04587155963302747,8.147998452014169e-06,0.04485219164118237,6.30145226495634e-06,0.04383282364933727,7.012511080846356e-06,0.042813455657492394,1.6820218886225874e-05,0.047910295616717447,1.655050692157794e-05,0.048929663608562546,3.55774600640142e-05,0.04994903160040787,9.815063586233552e-05,0.050968399592252744,0.00013297045049838417,0.051987767584097844,7.223376798662015e-05,2.0,0.0,1.0,0.0,0.0
22,13:18:57,7,0.04689092762487257,20540.0,0.04740061162079501,0.04689092762487257,2.550004029398675e-06,0.04587155963302747,8.147998452014169e-06,0.04485219164118237,6.30145226495634e-06,0.04383282364933727,7.012511080846356e-06,0.042813455657492394,1.6820218886225874e-05,0.047910295616717447,1.6844738155739322e-05,0.048929663608562546,4.1413046208215014e-05,0.04994903160040787,9.839582855747001e-05,0.050968399592252744,0.00013297045049838417,0.051987767584097844,7.223376798662015e-05,0.0,0.0,1.0,0.0,0.0
22,13:19:00,7,0.04689092762487257,310428.0,0.04740061162079501,0.04689092762487257,2.280292064750738e-06,0.04587155963302747,8.393191147148657e-06,0.04485219164118237,6.30145226495634e-06,0.04383282364933727,7.012511080846356e-06,0.042813455657492394,1.6820218886225874e-05,0.047910295616717447,1.0126458309054352e-05,0.048929663608562546,4.1413046208215014e-05,0.04994903160040787,9.815063586233552e-05,0.050968399592252744,0.00013297045049838417,0.051987767584097844,7.223376798662015e-05,1.0,1.0,1.0,0.0,1.0
22,13:19:03,7,0.04689092762487257,114015.0,0.04638124362895013,0.04587155963302747,8.270594799581413e-06,0.04485219164118237,6.30145226495634e-06,0.04383282364933727,7.012511080846356e-06,0.042813455657492394,1.6820218886225874e-05,0.041794087665647295,4.7812575551225154e-06,0.04689092762487257,2.9423123416138554e-07,0.047910295616717447,1.0052900500514006e-05,0.048929663608562546,4.1413046208215014e-05,0.04994903160040787,9.815063586233552e-05,0.050968399592252744,0.00013297045049838417,2.0,2.0,2.0,1.0,1.0
22,13:19:06,7,0.047910295616717447,118157.0,0.04689092762487257,0.04587155963302747,8.270594799581413e-06,0.04485219164118237,6.30145226495634e-06,0.04383282364933727,7.257703775980844e-06,0.042813455657492394,1.6820218886225874e-05,0.041794087665647295,4.7812575551225154e-06,0.047910295616717447,9.023091180949157e-06,0.048929663608562546,4.1413046208215014e-05,0.04994903160040787,9.815063586233552e-05,0.050968399592252744,0.00013297045049838417,0.051987767584097844,7.223376798662015e-05,1.0,2.0,1.0,1.0,1.0
22,13:19:09,7,0.047910295616717447,416300.0,0.04841997961264011,0.047910295616717447,5.29616221490494e-06,0.04587155963302747,7.853767217852784e-06,0.04485219164118237,6.30145226495634e-06,0.04383282364933727,7.257703775980844e-06,0.042813455657492394,1.6820218886225874e-05,0.048929663608562546,4.1413046208215014e-05,0.04994903160040787,9.69246723866631e-05,0.050968399592252744,0.00013297045049838417,0.051987767584097844,7.223376798662015e-05,0.05300713557594294,3.1703415480889295e-05,0.0,0.0,0.0,0.0,0.0
22,13:19:12,7,0.04587155963302747,247698.0,0.04689092762487257,0.04587155963302747,7.240785480016564e-06,0.04485219164118237,6.30145226495634e-06,0.04383282364933727,7.257703775980844e-06,0.042813455657492394,1.6820218886225874e-05,0.041794087665647295,4.7812575551225154e-06,0.047910295616717447,4.168275817286295e-07,0.048929663608562546,4.1413046208215014e-05,0.04994903160040787,0.00010918430714338748,0.050968399592252744,0.00013297045049838417,0.051987767584097844,7.21111716390529e-05,0.0,2.0,1.0,1.0,1.0
22,13:19:15,7,0.04689092762487257,10270.0,0.04740061162079501,0.04689092762487257,6.865395463765663e-07,0.04587155963302747,7.240785480016564e-06,0.04485219164118237,6.30145226495634e-06,0.04383282364933727,7.257703775980844e-06,0.042813455657492394,1.6820218886225874e-05,0.047910295616717447,1.4711561708069277e-06,0.048929663608562546,4.1241411321620875e-05,0.04994903160040787,0.00010938046129949508,0.050968399592252744,0.00013297045049838417,0.051987767584097844,7.282223045494292e-05,1.0,1.0,1.0,0.0,1.0
22,13:19:18,7,0.04587155963302747,112888.0,0.04689092762487257,0.04587155963302747,5.230205379913763e-06,0.04485219164118237,6.30145226495634e-06,0.04383282364933727,7.257703775980844e-06,0.042813455657492394,1.6820218886225874e-05,0.041794087665647295,4.7812575551225154e-06,0.047910295616717447,2.182214986696943e-06,0.048929663608562546,4.148660401675536e-05,0.04994903160040787,0.00010938046129949508,0.050968399592252744,0.00013297045049838417,0.051987767584097844,7.282223045494292e-05,2.0,2.0,1.0,1.0,1.0
22,13:19:21,7,0.047910295616717447,59590.0,0.04689092762487257,0.04587155963302747,5.230205379913763e-06,0.04485219164118237,7.037030350359804e-06,0.04383282364933727,7.257703775980844e-06,0.042813455657492394,1.6820218886225874e-05,0.041794087665647295,4.7812575551225154e-06,0.047910295616717447,1.4245695587313751e-05,0.048929663608562546,4.148660401675536e-05,0.04994903160040787,0.00010950305764706232,0.050968399592252744,0.00013297045049838417,0.051987767584097844,7.284674972445637e-05,2.0,2.0,1.0,1.0,1.0
22,13:19:24,7,0.047910295616717447,0.0,0.04638124362895013,0.04587155963302747,6.260014699478612e-06,0.04485219164118237,7.037030350359804e-06,0.04383282364933727,7.257703775980844e-06,0.042813455657492394,1.6820218886225874e-05,0.041794087665647295,4.7812575551225154e-06,0.04689092762487257,2.672600376965919e-06,0.047910295616717447,1.4490888282448238e-05,0.048929663608562546,4.148660401675536e-05,0.04994903160040787,0.0001097972888812237,0.050968399592252744,0.00013297045049838417,2.0,2.0,2.0,2.0,2.0
22,13:19:27,7,0.04689092762487257,20540.0,0.04638124362895013,0.04587155963302747,6.260014699478612e-06,0.04485219164118237,7.037030350359804e-06,0.04383282364933727,7.257703775980844e-06,0.042813455657492394,1.6820218886225874e-05,0.041794087665647295,4.7812575551225154e-06,0.04689092762487257,2.182214986696943e-06,0.047910295616717447,1.4981273672717214e-05,0.048929663608562546,4.148660401675536e-05,0.04994903160040787,0.00011470114278391346,0.050968399592252744,0.00013297045049838417,2.0,2.0,2.0,2.0,2.0
22,13:19:30,7,0.04689092762487257,155077.0,0.04740061162079501,0.04689092762487257,1.201444206158991e-06,0.04587155963302747,6.260014699478612e-06,0.04485219164118237,7.037030350359804e-06,0.04383282364933727,7.257703775980844e-06,0.042813455657492394,1.6820218886225874e-05,0.047910295616717447,1.5398101254445845e-05,0.048929663608562546,4.222218210215883e-05,0.04994903160040787,0.00011470114278391346,0.050968399592252744,0.00013297045049838417,0.051987767584097844,7.292030753299672e-05,1.0,1.0,1.0,1.0,0.0
22,13:19:33,7,0.04689092762487257,0.0,0.04740061162079501,0.04689092762487257,1.201444206158991e-06,0.04587155963302747,7.682132331258643e-06,0.04485219164118237,7.037030350359804e-06,0.04383282364933727,7.257703775980844e-06,0.042813455657492394,1.6820218886225874e-05,0.047910295616717447,1.5398101254445845e-05,0.048929663608562546,4.222218210215883e-05,0.04994903160040787,0.00011457854643634622,0.050968399592252744,0.00013297045049838417,0.051987767584097844,7.292030753299672e-05,1.0,2.0,1.0,1.0,1.0
22,13:19:36,7,0.04689092762487257,5135.0,0.04740061162079501,0.04689092762487257,4.977411711230106e-06,0.04587155963302747,7.682132331258643e-06,0.04485219164118237,7.037030350359804e-06,0.04383282364933727,7.257703775980844e-06,0.042813455657492394,1.6820218886225874e-05,0.047910295616717447,1.6648583999631732e-05,0.048929663608562546,4.234477844972607e-05,0.04994903160040787,0.00011457854643634622,0.050968399592252744,0.00013297045049838417,0.051987767584097844,7.292030753299672e-05,1.0,0.0,1.0,1.0,0.0
22,13:19:39,7,0.04689092762487257,143792.0,0.04740061162079501,0.04689092762487257,5.3206814844183884e-06,0.04587155963302747,8.172517721527618e-06,0.04485219164118237,6.448567882037034e-06,0.04383282364933727,7.257703775980844e-06,0.042813455657492394,1.6820218886225874e-05,0.047910295616717447,1.647694911303759e-05,0.048929663608562546,4.239381698875297e-05,0.04994903160040787,0.00011457854643634622,0.050968399592252744,0.00013297045049838417,0.051987767584097844,7.292030753299672e-05,1.0,0.0,1.0,1.0,0.0
22,13:19:42,7,0.04689092762487257,49296.0,0.04740061162079501,0.04689092762487257,4.1437565477728465e-06,0.04587155963302747,8.221556260554516e-06,0.04485219164118237,6.448567882037034e-06,0.04383282364933727,7.502896471115331e-06,0.042813455657492394,1.6820218886225874e-05,0.047910295616717447,1.9468299993678344e-05,0.048929663608562546,4.244285552777986e-05,0.04994903160040787,0.00011457854643634622,0.050968399592252744,0.0001372122841242108,0.051987767584097844,7.292030753299672e-05,1.0,0.0,1.0,0.0,0.0
22,13:19:45,7,0.047910295616717447,8221.0,0.04740061162079501,0.04689092762487257,5.6149127185797746e-06,0.04587155963302747,8.221556260554516e-06,0.04485219164118237,6.448567882037034e-06,0.04383282364933727,7.208665236953946e-06,0.042813455657492394,1.6820218886225874e-05,0.047910295616717447,2.0228397348595257e-05,0.048929663608562546,4.244285552777986e-05,0.04994903160040787,0.00011396556469851001,0.050968399592252744,0.0001372122841242108,0.051987767584097844,7.292030753299672e-05,1.0,0.0,1.0,0.0,0.0
22,13:19:48,7,0.04689092762487257,69856.0,0.04740061162079501,0.04689092762487257,4.437987781934232e-06,0.04587155963302747,8.221556260554516e-06,0.04485219164118237,6.448567882037034e-06,0.04383282364933727,7.208665236953946e-06,0.042813455657492394,1.6820218886225874e-05,0.047910295616717447,2.0449070774216295e-05,0.048929663608562546,4.244285552777986e-05,0.04994903160040787,0.00011396556469851001,0.050968399592252744,0.00013782526586204703,0.051987767584097844,7.046838058165184e-05,2.0,1.0,0.0,0.0,0.0
22,13:19:51,7,0.047910295616717447,446135.0,0.04740061162079501,0.04689092762487257,4.021160200205602e-06,0.04587155963302747,8.221556260554516e-06,0.04485219164118237,6.448567882037034e-06,0.04383282364933727,7.208665236953946e-06,0.042813455657492394,1.6820218886225874e-05,0.047910295616717447,1.22105962176975e-05,0.048929663608562546,4.244285552777986e-05,0.04994903160040787,0.00011396556469851001,0.050968399592252744,0.00013782526586204703,0.051987767584097844,7.056645765970564e-05,0.0,1.0,0.0,0.0,0.0
22,13:19:54,7,0.04689092762487257,12324.0,0.04740061162079501,0.04689092762487257,3.726928966044217e-06,0.04587155963302747,8.221556260554516e-06,0.04485219164118237,6.448567882037034e-06,0.04383282364933727,7.208665236953946e-06,0.042813455657492394,1.6820218886225874e-05,0.047910295616717447,1.2774539416506823e-05,0.048929663608562546,4.2835163839995044e-05,0.04994903160040787,0.00011396556469851001,0.050968399592252744,0.00013733488047177806,0.051987767584097844,7.056645765970564e-05,0.0,1.0,0.0,0.0,1.0
22,13:19:57,7,0.04689092762487257,10270.0,0.04740061162079501,0.04689092762487257,3.481736270909729e-06,0.04587155963302747,8.270594799581413e-06,0.04485219164118237,6.4240486125235845e-06,0.04383282364933727,7.208665236953946e-06,0.042813455657492394,1.6820218886225874e-05,0.047910295616717447,1.2897135764074067e-05,0.048929663608562546,4.2835163839995044e-05,0.04994903160040787,0.00011396556469851001,0.050968399592252744,0.00013733488047177806,0.051987767584097844,7.056645765970564e-05,0.0,1.0,0.0,0.0,0.0
22,13:20:00,7,0.04689092762487257,524134.0,0.04740061162079501,0.04689092762487257,1.9615415610759037e-07,0.04587155963302747,8.270594799581413e-06,0.04485219164118237,5.639431988093223e-06,0.04383282364933727,7.208665236953946e-06,0.042813455657492394,1.6820218886225874e-05,0.047910295616717447,4.217314356313193e-06,0.048929663608562546,4.2835163839995044e-05,0.04994903160040787,0.00011403912250705035,0.050968399592252744,0.00013733488047177806,0.051987767584097844,7.056645765970564e-05,0.0,1.0,0.0,1.0,1.0
22,13:20:03,7,0.047910295616717447,420405.0,0.04841997961264011,0.047910295616717447,2.9423123416138554e-07,0.04587155963302747,8.270594799581413e-06,0.04485219164118237,5.639431988093223e-06,0.04383282364933727,7.208665236953946e-06,0.042813455657492394,1.6820218886225874e-05,0.048929663608562546,4.07510259313519e-05,0.04994903160040787,0.00011403912250705035,0.050968399592252744,0.00013733488047177806,0.051987767584097844,7.056645765970564e-05,0.05300713557594294,3.614140326282352e-05,0.0,0.0,0.0,0.0,0.0
22,13:20:06,7,0.04587155963302747,41092.0,0.04638124362895013,0.04587155963302747,8.172517721527618e-06,0.04485219164118237,5.884624683227711e-06,0.04383282364933727,7.208665236953946e-06,0.042813455657492394,1.6820218886225874e-05,0.041794087665647295,4.7812575551225154e-06,0.04689092762487257,3.359139923342485e-06,0.047910295616717447,1.7163488659414156e-06,0.048929663608562546,4.0996218626486386e-05,0.04994903160040787,0.0001139165261594831,0.050968399592252744,0.0001377026695144798,2.0,2.0,1.0,2.0,2.0
22,13:20:09,7,0.04587155963302747,17442.0,0.04638124362895013,0.04587155963302747,7.755690139798988e-06,0.04485219164118237,5.884624683227711e-06,0.04383282364933727,7.208665236953946e-06,0.042813455657492394,1.6820218886225874e-05,0.041794087665647295,4.7812575551225154e-06,0.04689092762487257,4.364429973393886e-06,0.047910295616717447,2.03509936961625e-06,0.048929663608562546,4.1069776435026735e-05,0.04994903160040787,0.0001139165261594831,0.050968399592252744,0.0001377026695144798,2.0,2.0,1.0,2.0,2.0
22,13:20:12,7,0.04689092762487257,151894.0,0.04638124362895013,0.04587155963302747,7.191746940989666e-06,0.04485219164118237,6.129817378362199e-06,0.04383282364933727,7.208665236953946e-06,0.042813455657492394,1.6820218886225874e-05,0.041794087665647295,4.7812575551225154e-06,0.04689092762487257,3.5552940794500755e-06,0.047910295616717447,2.03509936961625e-06,0.048929663608562546,4.1069776435026735e-05,0.04994903160040787,0.0001139165261594831,0.050968399592252744,0.0001377026695144798,2.0,2.0,1.0,2.0,2.0
22,13:20:15,7,0.047910295616717447,151999.0,0.04689092762487257,0.04587155963302747,7.191746940989666e-06,0.04485219164118237,6.129817378362199e-06,0.04383282364933727,7.208665236953946e-06,0.042813455657492394,1.6820218886225874e-05,0.041794087665647295,4.7812575551225154e-06,0.047910295616717447,1.9615415610759035e-06,0.048929663608562546,4.1069776435026735e-05,0.04994903160040787,0.0001139165261594831,0.050968399592252744,0.0001377026695144798,0.051987767584097844,7.130203574510909e-05,2.0,2.0,1.0,1.0,1.0
22,13:20:18,7,0.04689092762487257,17459.0,0.04740061162079501,0.04689092762487257,6.938953272306009e-06,0.04587155963302747,7.191746940989666e-06,0.04485219164118237,6.129817378362199e-06,0.04383282364933727,7.208665236953946e-06,0.042813455657492394,1.6820218886225874e-05,0.047910295616717447,2.03509936961625e-06,0.048929663608562546,4.1069776435026735e-05,0.04994903160040787,0.0001139165261594831,0.050968399592252744,0.0001377026695144798,0.051987767584097844,7.081165035484013e-05,1.0,0.0,0.0,1.0,2.0
22,13:20:21,7,0.04689092762487257,63674.0,0.04740061162079501,0.04689092762487257,5.443277831985633e-06,0.04587155963302747,7.73117087028554e-06,0.04485219164118237,6.129817378362199e-06,0.04383282364933727,7.208665236953946e-06,0.042813455657492394,1.6820218886225874e-05,0.047910295616717447,2.03509936961625e-06,0.048929663608562546,4.1069776435026735e-05,0.04994903160040787,0.0001139165261594831,0.050968399592252744,0.0001377026695144798,0.051987767584097844,7.007607226943666e-05,1.0,0.0,1.0,1.0,1.0
22,13:20:24,7,0.04689092762487257,83187.0,0.04740061162079501,0.04689092762487257,3.4572170013962804e-06,0.04587155963302747,7.73117087028554e-06,0.04485219164118237,6.129817378362199e-06,0.04383282364933727,7.208665236953946e-06,0.042813455657492394,1.6820218886225874e-05,0.047910295616717447,9.415399493164337e-06,0.048929663608562546,4.2026027946051235e-05,0.04994903160040787,0.0001139165261594831,0.050968399592252744,0.0001377026695144798,0.051987767584097844,7.007607226943666e-05,1.0,0.0,1.0,1.0,0.0
22,13:20:27,7,0.04689092762487257,45230.0,0.04740061162079501,0.04689092762487257,3.4081784623693824e-06,0.04587155963302747,7.73117087028554e-06,0.04485219164118237,6.129817378362199e-06,0.04383282364933727,7.208665236953946e-06,0.042813455657492394,1.6820218886225874e-05,0.047910295616717447,8.091358939438103e-06,0.048929663608562546,4.2026027946051235e-05,0.04994903160040787,0.0001139165261594831,0.050968399592252744,0.00013775170805350667,0.051987767584097844,7.007607226943666e-05,1.0,0.0,1.0,1.0,1.0
22,13:20:30,7,0.04689092762487257,121257.0,0.04740061162079501,0.04689092762487257,2.2557727952372892e-06,0.04587155963302747,7.73117087028554e-06,0.04485219164118237,6.129817378362199e-06,0.04383282364933727,6.963472541819458e-06,0.042813455657492394,1.6820218886225874e-05,0.047910295616717447,9.537995840731582e-06,0.048929663608562546,4.290872164853539e-05,0.04994903160040787,0.00011416171885461759,0.050968399592252744,0.00013775170805350667,0.051987767584097844,7.007607226943666e-05,1.0,0.0,1.0,0.0,1.0
22,13:20:33,7,0.04689092762487257,0.0,0.04740061162079501,0.04689092762487257,2.2557727952372892e-06,0.04587155963302747,7.73117087028554e-06,0.04485219164118237,5.860105413714262e-06,0.04383282364933727,6.963472541819458e-06,0.042813455657492394,1.6820218886225874e-05,0.047910295616717447,1.1548575940834384e-05,0.048929663608562546,4.315391434366988e-05,0.04994903160040787,0.00011416171885461759,0.050968399592252744,0.00013775170805350667,0.051987767584097844,7.007607226943666e-05,0.0,0.0,1.0,1.0,1.0
22,13:20:36,7,0.047910295616717447,33892.0,0.04740061162079501,0.04689092762487257,1.4711561708069277e-06,0.04587155963302747,7.73117087028554e-06,0.04485219164118237,5.860105413714262e-06,0.04383282364933727,6.963472541819458e-06,0.042813455657492394,1.6820218886225874e-05,0.047910295616717447,1.7604835510656235e-05,0.048929663608562546,4.342362630831782e-05,0.04994903160040787,0.0001141126803155907,0.050968399592252744,0.00013775170805350667,0.051987767584097844,7.007607226943666e-05,0.0,0.0,1.0,0.0,1.0
22,13:20:39,7,0.04689092762487257,37999.0,0.04740061162079501,0.04689092762487257,8.091358939438103e-07,0.04587155963302747,7.73117087028554e-06,0.04485219164118237,5.6149127185797746e-06,0.04383282364933727,6.963472541819458e-06,0.042813455657492394,1.6820218886225874e-05,0.047910295616717447,1.767839331919658e-05,0.048929663608562546,4.3668819003452306e-05,0.04994903160040787,0.00011421075739364448,0.050968399592252744,0.00013775170805350667,0.051987767584097844,7.007607226943666e-05,0.0,0.0,1.0,0.0,1.0
22,13:20:42,7,0.04689092762487257,84252.0,0.04740061162079501,0.04689092762487257,2.2067342562103917e-07,0.04587155963302747,7.73117087028554e-06,0.04485219164118237,5.6149127185797746e-06,0.04383282364933727,6.963472541819458e-06,0.042813455657492394,1.6820218886225874e-05,0.047910295616717447,1.7065411581360363e-05,0.048929663608562546,4.3668819003452306e-05,0.04994903160040787,0.00011421075739364448,0.050968399592252744,0.00013775170805350667,0.051987767584097844,7.01005915389501e-05,0.0,0.0,0.0,0.0,1.0
22,13:20:45,7,0.04689092762487257,41053.0,0.04740061162079501,0.04689092762487257,1.6182717878876205e-06,0.04587155963302747,7.265304749530013e-06,0.04485219164118237,5.001930980743554e-06,0.04383282364933727,6.963472541819458e-06,0.042813455657492394,1.6820218886225874e-05,0.047910295616717447,1.7997143822871416e-05,0.048929663608562546,4.3668819003452306e-05,0.04994903160040787,0.00011445595008877897,0.050968399592252744,0.00013775170805350667,0.051987767584097844,6.997799519138286e-05,0.0,0.0,0.0,0.0,1.0
22,13:20:48,7,0.04689092762487257,273382.0,0.04638124362895013,0.04587155963302747,7.020112054395524e-06,0.04485219164118237,5.001930980743554e-06,0.04383282364933727,6.963472541819458e-06,0.042813455657492394,1.6820218886225874e-05,0.041794087665647295,5.271642945391491e-06,0.04689092762487257,8.091358939438103e-07,0.047910295616717447,1.4760600247096176e-05,0.048929663608562546,4.3202952882696776e-05,0.04994903160040787,0.00011445595008877897,0.050968399592252744,0.00013775170805350667,1.0,1.0,1.0,1.0,2.0
22,13:20:51,7,0.04689092762487257,0.0,0.04638124362895013,0.04587155963302747,7.020112054395524e-06,0.04485219164118237,5.001930980743554e-06,0.04383282364933727,6.963472541819458e-06,0.042813455657492394,1.6820218886225874e-05,0.041794087665647295,5.271642945391491e-06,0.04689092762487257,2.6235618379390213e-06,0.047910295616717447,1.4736080977582727e-05,0.048929663608562546,4.3521703386371614e-05,0.04994903160040787,0.00011484825840099416,0.050968399592252744,0.00013775170805350667,1.0,2.0,1.0,1.0,2.0
22,13:20:54,7,0.04587155963302747,49291.0,0.04638124362895013,0.04587155963302747,6.897515706828281e-06,0.04485219164118237,5.001930980743554e-06,0.04383282364933727,6.963472541819458e-06,0.042813455657492394,1.6820218886225874e-05,0.041794087665647295,5.271642945391491e-06,0.04689092762487257,2.5990425684255725e-06,0.047910295616717447,1.4785119516609623e-05,0.048929663608562546,4.3521703386371614e-05,0.04994903160040787,0.00011479921986196727,0.050968399592252744,0.00013775170805350667,1.0,2.0,1.0,2.0,2.0
22,13:20:57,7,0.04587155963302747,46170.0,0.04638124362895013,0.04587155963302747,5.794148578723085e-06,0.04485219164118237,5.2471236758780425e-06,0.04383282364933727,6.963472541819458e-06,0.042813455657492394,1.6820218886225874e-05,0.041794087665647295,5.271642945391491e-06,0.04689092762487257,7.968762591870858e-06,0.047910295616717447,1.4785119516609623e-05,0.048929663608562546,4.3521703386371614e-05,0.04994903160040787,0.00011479921986196727,0.050968399592252744,0.00013775170805350667,1.0,2.0,1.0,1.0,2.0
22,13:21:00,7,0.04587155963302747,329577.0,0.04638124362895013,0.04587155963302747,3.587414322512693e-06,0.04485219164118237,5.2471236758780425e-06,0.04383282364933727,6.963472541819458e-06,0.042813455657492394,1.6820218886225874e-05,0.041794087665647295,5.271642945391491e-06,0.04689092762487257,2.770677455019714e-06,0.047910295616717447,1.5765890297147574e-05,0.048929663608562546,4.3914011698586795e-05,0.04994903160040787,0.00011479921986196727,0.050968399592252744,0.00013775170805350667,1.0,2.0,1.0,2.0,2.0
22,13:21:03,7,0.04587155963302747,41050.0,0.04638124362895013,0.04587155963302747,2.8518362371092296e-06,0.04485219164118237,5.2471236758780425e-06,0.04383282364933727,6.963472541819458e-06,0.042813455657492394,1.6820218886225874e-05,0.041794087665647295,5.271642945391491e-06,0.04689092762487257,2.550004029398675e-06,0.047910295616717447,1.5814928836174473e-05,0.048929663608562546,4.457603197544991e-05,0.04994903160040787,0.00011631941457180109,0.050968399592252744,0.00013775170805350667,1.0,2.0,1.0,2.0,2.0
22,13:21:06,7,0.04587155963302747,79056.0,0.04638124362895013,0.04587155963302747,2.287893038299907e-06,0.04485219164118237,5.49231637101253e-06,0.04383282364933727,6.963472541819458e-06,0.042813455657492394,1.6820218886225874e-05,0.041794087665647295,5.271642945391491e-06,0.04689092762487257,2.476446220858328e-06,0.047910295616717447,1.5937525183741717e-05,0.048929663608562546,4.457603197544991e-05,0.04994903160040787,0.00011141556066911133,0.050968399592252744,0.00013775170805350667,2.0,2.0,2.0,2.0,2.0
22,13:21:09,7,0.04587155963302747,125272.0,0.04638124362895013,0.04587155963302747,6.701361550720691e-06,0.04485219164118237,5.49231637101253e-06,0.04383282364933727,6.963472541819458e-06,0.042813455657492394,1.6820218886225874e-05,0.041794087665647295,4.7812575551225154e-06,0.04689092762487257,3.677890427017319e-07,0.047910295616717447,1.5839448105687924e-05,0.048929663608562546,4.560584129501476e-05,0.04994903160040787,0.00011362229492532172,0.050968399592252744,0.00013802142001815461,2.0,2.0,2.0,2.0,2.0
22,13:21:12,7,0.04587155963302747,123120.0,0.04638124362895013,0.04587155963302747,6.112899082397919e-06,0.04485219164118237,5.49231637101253e-06,0.04383282364933727,8.900494833381913e-06,0.042813455657492394,1.6820218886225874e-05,0.041794087665647295,4.7812575551225154e-06,0.04689092762487257,9.56251511024503e-07,0.047910295616717447,1.5545216871526537e-05,0.048929663608562546,4.560584129501476e-05,0.04994903160040787,0.0001138674876204562,0.050968399592252744,0.00013802142001815461,2.0,1.0,2.0,2.0,2.0
22,13:21:15,7,0.04587155963302747,64641.0,0.04638124362895013,0.04587155963302747,5.132128301859968e-06,0.04485219164118237,5.49231637101253e-06,0.04383282364933727,9.390880223650888e-06,0.042813455657492394,1.6820218886225874e-05,0.041794087665647295,4.7812575551225154e-06,0.04689092762487257,2.1086571781565966e-06,0.047910295616717447,1.5545216871526537e-05,0.048929663608562546,4.616978449382408e-05,0.04994903160040787,0.0001138674876204562,0.050968399592252744,0.0001374084382803184,2.0,1.0,2.0,2.0,2.0
22,13:21:18,7,0.04587155963302747,71835.0,0.04638124362895013,0.04587155963302747,3.783568478620284e-06,0.04485219164118237,5.49231637101253e-06,0.04383282364933727,9.390880223650888e-06,0.042813455657492394,1.6820218886225874e-05,0.041794087665647295,4.7812575551225154e-06,0.04689092762487257,1.7653874049683134e-06,0.047910295616717447,1.5962044453255164e-05,0.048929663608562546,4.641497718895857e-05,0.04994903160040787,0.00011399008396802345,0.050968399592252744,0.0001374084382803184,2.0,1.0,2.0,2.0,2.0
22,13:21:21,7,0.04689092762487257,91386.0,0.04740061162079501,0.04689092762487257,8.042320400411204e-06,0.04587155963302747,5.4999173445617e-06,0.04485219164118237,5.49231637101253e-06,0.04383282364933727,9.390880223650888e-06,0.042813455657492394,1.6820218886225874e-05,0.047910295616717447,1.8487529213140393e-05,0.048929663608562546,4.641497718895857e-05,0.04994903160040787,0.00011399008396802345,0.050968399592252744,0.0001374084382803184,0.051987767584097844,6.997799519138286e-05,1.0,0.0,1.0,1.0,2.0
22,13:21:24,7,0.04689092762487257,47242.0,0.04740061162079501,0.04689092762487257,6.914434002792561e-06,0.04587155963302747,5.4999173445617e-06,0.04485219164118237,5.49231637101253e-06,0.04383282364933727,9.390880223650888e-06,0.042813455657492394,1.6820218886225874e-05,0.047910295616717447,1.8487529213140393e-05,0.048929663608562546,4.8548153636628617e-05,0.04994903160040787,0.00011399008396802345,0.050968399592252744,0.0001374084382803184,0.051987767584097844,7.002703373040977e-05,1.0,0.0,1.0,0.0,1.0
22,13:21:27,7,0.04689092762487257,7189.0,0.04740061162079501,0.04689092762487257,8.213955287005347e-06,0.04587155963302747,5.4999173445617e-06,0.04485219164118237,5.49231637101253e-06,0.04383282364933727,9.390880223650888e-06,0.042813455657492394,1.6820218886225874e-05,0.047910295616717447,1.8487529213140393e-05,0.048929663608562546,4.869526925370931e-05,0.04994903160040787,0.00011399008396802345,0.050968399592252744,0.0001374084382803184,0.051987767584097844,7.002703373040977e-05,0.0,0.0,1.0,1.0,1.0
22,13:21:30,7,0.04689092762487257,87295.0,0.04740061162079501,0.04689092762487257,6.1543366478756476e-06,0.04587155963302747,5.4999173445617e-06,0.04485219164118237,5.49231637101253e-06,0.04383282364933727,9.390880223650888e-06,0.042813455657492394,1.6820218886225874e-05,0.047910295616717447,1.8487529213140393e-05,0.048929663608562546,4.9430847339112774e-05,0.04994903160040787,0.00011374489127288896,0.050968399592252744,0.0001374084382803184,0.051987767584097844,7.002703373040977e-05,0.0,0.0,0.0,1.0,1.0
22,13:21:33,7,0.047910295616717447,83264.0,0.04740061162079501,0.04689092762487257,6.0562595698218525e-06,0.04587155963302747,5.4999173445617e-06,0.04485219164118237,5.49231637101253e-06,0.04383282364933727,9.292803145597093e-06,0.042813455657492394,1.6820218886225874e-05,0.047910295616717447,1.7040892311846912e-05,0.048929663608562546,5.357460388688562e-05,0.04994903160040787,0.00011374489127288896,0.050968399592252744,0.0001374084382803184,0.051987767584097844,7.01986686170039e-05,0.0,0.0,1.0,1.0,1.0
22,13:21:36,7,0.04689092762487257,68809.0,0.04740061162079501,0.04689092762487257,4.413468512420783e-06,0.04587155963302747,5.4999173445617e-06,0.04485219164118237,5.49231637101253e-06,0.04383282364933727,9.292803145597093e-06,0.042813455657492394,1.6820218886225874e-05,0.047910295616717447,1.9075991681463163e-05,0.048929663608562546,5.357460388688562e-05,0.04994903160040787,0.00011337710223018723,0.050968399592252744,0.0001374084382803184,0.051987767584097844,7.04438613121384e-05,0.0,1.0,0.0,1.0,1.0
22,13:21:39,7,0.04689092762487257,34918.0,0.04740061162079501,0.04689092762487257,3.8740445831249095e-06,0.04587155963302747,5.4999173445617e-06,0.04485219164118237,5.590393449066325e-06,0.04383282364933727,9.292803145597093e-06,0.042813455657492394,1.6820218886225874e-05,0.047910295616717447,1.9075991681463163e-05,0.048929663608562546,5.3525565347858724e-05,0.04994903160040787,0.00011337710223018723,0.050968399592252744,0.0001374084382803184,0.051987767584097844,7.04438613121384e-05,0.0,1.0,0.0,1.0,2.0
22,13:21:42,7,0.04689092762487257,182806.0,0.04638124362895013,0.04587155963302747,5.4999173445617e-06,0.04485219164118237,5.590393449066325e-06,0.04383282364933727,9.292803145597093e-06,0.042813455657492394,1.6820218886225874e-05,0.041794087665647295,4.7812575551225154e-06,0.04689092762487257,3.628851887990422e-06,0.047910295616717447,2.054714785227009e-05,0.048929663608562546,5.3525565347858724e-05,0.04994903160040787,0.00011337710223018723,0.050968399592252744,0.0001374084382803184,1.0,2.0,1.0,2.0,2.0
22,13:21:45,7,0.04689092762487257,208479.0,0.04638124362895013,0.04587155963302747,5.450878805534802e-06,0.04485219164118237,5.590393449066325e-06,0.04383282364933727,9.292803145597093e-06,0.042813455657492394,1.6820218886225874e-05,0.041794087665647295,4.7812575551225154e-06,0.04689092762487257,1.1524056671320934e-06,0.047910295616717447,2.059618639129699e-05,0.048929663608562546,5.3525565347858724e-05,0.04994903160040787,0.00011337710223018723,0.050968399592252744,0.0001374084382803184,2.0,2.0,1.0,2.0,2.0
22,13:21:48,7,0.04689092762487257,1027.0,0.04638124362895013,0.04587155963302747,5.47539807504825e-06,0.04485219164118237,5.590393449066325e-06,0.04383282364933727,9.292803145597093e-06,0.042813455657492394,1.6820218886225874e-05,0.041794087665647295,4.7812575551225154e-06,0.04689092762487257,1.2995212842127862e-06,0.047910295616717447,2.1527918632808042e-05,0.048929663608562546,5.3280372652724235e-05,0.04994903160040787,0.00011330354442164688,0.050968399592252744,0.0001374084382803184,1.0,2.0,1.0,2.0,2.0
22,13:21:51,7,0.04587155963302747,26676.0,0.04638124362895013,0.04587155963302747,4.837897067698582e-06,0.04485219164118237,5.590393449066325e-06,0.04383282364933727,9.292803145597093e-06,0.042813455657492394,1.6820218886225874e-05,0.041794087665647295,5.1490465978242474e-06,0.04689092762487257,1.7163488659414157e-07,0.047910295616717447,2.196926548405012e-05,0.048929663608562546,5.3280372652724235e-05,0.04994903160040787,0.00011337710223018723,0.050968399592252744,0.0001374084382803184,2.0,2.0,1.0,2.0,2.0
22,13:21:54,7,0.04587155963302747,105678.0,0.04638124362895013,0.04587155963302747,4.592704372564094e-06,0.04485219164118237,5.590393449066325e-06,0.04383282364933727,9.292803145597093e-06,0.042813455657492394,1.6820218886225874e-05,0.041794087665647295,5.1490465978242474e-06,0.04689092762487257,4.4134685124207834e-07,0.047910295616717447,2.3710133619504985e-05,0.048929663608562546,5.3280372652724235e-05,0.04994903160040787,0.00011362229492532172,0.050968399592252744,0.00013775170805350667,2.0,2.0,2.0,2.0,2.0
22,13:21:57,7,0.04587155963302747,0.0,0.04638124362895013,0.04587155963302747,6.284533968992061e-06,0.04485219164118237,5.590393449066325e-06,0.04383282364933727,9.292803145597093e-06,0.042813455657492394,1.6820218886225874e-05,0.041794087665647295,5.1490465978242474e-06,0.04689092762487257,4.4134685124207834e-07,0.047910295616717447,2.4151480470747064e-05,0.048929663608562546,5.3280372652724235e-05,0.04994903160040787,0.00011433335374121173,0.050968399592252744,0.00013775170805350667,2.0,2.0,1.0,2.0,2.0
22,13:22:00,7,0.04587155963302747,285698.0,0.04689092762487257,0.04587155963302747,5.69607150066929e-06,0.04485219164118237,5.590393449066325e-06,0.04383282364933727,9.292803145597093e-06,0.042813455657492394,1.6820218886225874e-05,0.041794087665647295,5.1490465978242474e-06,0.047910295616717447,1.7997143822871416e-05,0.048929663608562546,5.3280372652724235e-05,0.04994903160040787,0.00011433335374121173,0.050968399592252744,0.00013775170805350667,0.051987767584097844,7.238088360370085e-05,2.0,0.0,2.0,2.0,2.0
22,13:22:03,7,0.04689092762487257,6157.0,0.04638124362895013,0.04587155963302747,5.794148578723085e-06,0.04485219164118237,5.639431988093223e-06,0.04383282364933727,9.292803145597093e-06,0.042813455657492394,1.6771180347198976e-05,0.041794087665647295,5.1490465978242474e-06,0.04689092762487257,5.884624683227711e-07,0.047910295616717447,1.811974017043866e-05,0.048929663608562546,5.3280372652724235e-05,0.04994903160040787,0.00011433335374121173,0.050968399592252744,0.00013775170805350667,2.0,2.0,2.0,2.0,2.0
22,13:22:06,7,0.04689092762487257,251658.0,0.04740061162079501,0.04689092762487257,1.3485598232396838e-06,0.04587155963302747,5.916744926290329e-06,0.04485219164118237,5.639431988093223e-06,0.04383282364933727,9.292803145597093e-06,0.042813455657492394,1.6771180347198976e-05,0.047910295616717447,1.9419261454651445e-05,0.048929663608562546,5.3280372652724235e-05,0.04994903160040787,0.00011396556469851001,0.050968399592252744,0.00013775170805350667,0.051987767584097844,7.238088360370085e-05,1.0,0.0,1.0,2.0,2.0
22,13:22:09,7,0.04689092762487257,36972.0,0.04740061162079501,0.04689092762487257,1.0862036394457816e-05,0.04587155963302747,5.916744926290329e-06,0.04485219164118237,5.639431988093223e-06,0.04383282364933727,9.292803145597093e-06,0.042813455657492394,1.6771180347198976e-05,0.047910295616717447,2.3881768506099128e-05,0.048929663608562546,5.3280372652724235e-05,0.04994903160040787,0.00011421075739364448,0.050968399592252744,0.00013775170805350667,0.051987767584097844,7.238088360370085e-05,1.0,0.0,1.0,2.0,2.0
22,13:22:12,7,0.04689092762487257,20540.0,0.04740061162079501,0.04689092762487257,1.0862036394457816e-05,0.04587155963302747,5.916744926290329e-06,0.04485219164118237,5.639431988093223e-06,0.04383282364933727,9.292803145597093e-06,0.042813455657492394,1.6869257425252773e-05,0.047910295616717447,2.4347634626854654e-05,0.048929663608562546,5.3280372652724235e-05,0.04994903160040787,0.00011396556469851001,0.050968399592252744,0.00013775170805350667,0.051987767584097844,7.238088360370085e-05,1.0,0.0,1.0,2.0,2.0
22,13:22:15,7,0.04689092762487257,98592.0,0.04740061162079501,0.04689092762487257,8.557225060193629e-06,0.04587155963302747,5.916744926290329e-06,0.04485219164118237,5.639431988093223e-06,0.04383282364933727,9.292803145597093e-06,0.042813455657492394,1.6869257425252773e-05,0.047910295616717447,2.422503827928741e-05,0.048929663608562546,5.3280372652724235e-05,0.04994903160040787,0.00011396556469851001,0.050968399592252744,0.00013775170805350667,0.051987767584097844,7.238088360370085e-05,0.0,0.0,1.0,2.0,2.0
22,13:22:18,7,0.04689092762487257,83187.0,0.04740061162079501,0.04689092762487257,6.816356924738765e-06,0.04587155963302747,5.990302734830675e-06,0.04485219164118237,5.639431988093223e-06,0.04383282364933727,9.292803145597093e-06,0.042813455657492394,1.6869257425252773e-05,0.047910295616717447,2.667696523063229e-05,0.048929663608562546,5.3280372652724235e-05,0.04994903160040787,0.00011396556469851001,0.050968399592252744,0.00013775170805350667,0.051987767584097844,7.238088360370085e-05,1.0,0.0,2.0,2.0,2.0
22,13:22:21,7,0.04689092762487257,44177.0,0.04740061162079501,0.04689092762487257,6.1543366478756476e-06,0.04587155963302747,5.990302734830675e-06,0.04485219164118237,5.639431988093223e-06,0.04383282364933727,9.292803145597093e-06,0.042813455657492394,1.8291375057032803e-05,0.047910295616717447,2.6333695457444007e-05,0.048929663608562546,5.3280372652724235e-05,0.04994903160040787,0.0001140146032375369,0.050968399592252744,0.00013775170805350667,0.051987767584097844,7.316550022813121e-05,0.0,0.0,1.0,2.0,2.0
22,13:22:24,7,0.04689092762487257,60593.0,0.04740061162079501,0.04689092762487257,4.217314356313193e-06,0.04587155963302747,5.990302734830675e-06,0.04485219164118237,5.639431988093223e-06,0.04383282364933727,9.292803145597093e-06,0.042813455657492394,1.8291375057032803e-05,0.047910295616717447,2.6775042308686086e-05,0.048929663608562546,5.3280372652724235e-05,0.04994903160040787,0.00011413719958510415,0.050968399592252744,0.00013775170805350667,0.051987767584097844,7.316550022813121e-05,0.0,1.0,0.0,1.0,2.0
22,13:22:27,7,0.048929663608562546,2236351.0,0.04740061162079501,0.04587155963302747,6.039341273857573e-06,0.04485219164118237,5.639431988093223e-06,0.04383282364933727,9.292803145597093e-06,0.042813455657492394,1.8291375057032803e-05,0.041794087665647295,5.271642945391491e-06,0.048929663608562546,3.4474092935909005e-05,0.04994903160040787,0.00011470114278391346,0.050968399592252744,0.00013775170805350667,0.051987767584097844,7.316550022813121e-05,0.05300713557594294,3.67298657311463e-05,0.0,0.0,1.0,1.0,2.0
22,13:22:30,7,0.048929663608562546,0.0,0.04638124362895013,0.04587155963302747,6.039341273857573e-06,0.04485219164118237,5.639431988093223e-06,0.04383282364933727,9.292803145597093e-06,0.042813455657492394,1.8291375057032803e-05,0.041794087665647295,5.271642945391491e-06,0.04689092762487257,1.569233248860723e-06,0.047910295616717447,3.972121661178705e-06,0.048929663608562546,3.4523131474935906e-05,0.04994903160040787,0.00011470114278391346,0.050968399592252744,0.00013775170805350667,1.0,2.0,1.0,2.0,2.0
22,13:22:33,7,0.04689092762487257,218034.0,0.04740061162079501,0.04689092762487257,6.512317982772e-06,0.04587155963302747,1.6918295964279668e-06,0.04485219164118237,5.369720023445286e-06,0.04383282364933727,9.292803145597093e-06,0.042813455657492394,1.8291375057032803e-05,0.047910295616717447,3.0894279586945484e-06,0.048929663608562546,3.4547650744449354e-05,0.04994903160040787,0.00011470114278391346,0.050968399592252744,0.00013775170805350667,0.051987767584097844,7.316550022813121e-05,0.0,1.0,1.0,1.0,2.0
22,13:22:36,7,0.04587155963302747,391992.0,0.04536187563710481,0.04485219164118237,5.369720023445286e-06,0.04383282364933727,9.292803145597093e-06,0.042813455657492394,1.8291375057032803e-05,0.041794087665647295,5.271642945391491e-06,0.040774719673802196,1.142597959326714e-05,0.04587155963302747,6.777126093517247e-06,0.047910295616717447,1.1524056671320934e-06,0.048929663608562546,3.4547650744449354e-05,0.04994903160040787,0.00011470114278391346,0.050968399592252744,0.00013775170805350667,2.0,2.0,2.0,2.0,2.0
22,13:22:39,7,0.04587155963302747,235980.0,0.04536187563710481,0.04485219164118237,5.369720023445286e-06,0.04383282364933727,9.292803145597093e-06,0.042813455657492394,1.8291375057032803e-05,0.041794087665647295,5.271642945391491e-06,0.040774719673802196,1.142597959326714e-05,0.04587155963302747,1.137694105424024e-06,0.04689092762487257,8.091358939438103e-07,0.047910295616717447,2.2312535257238405e-06,0.048929663608562546,3.4547650744449354e-05,0.04994903160040787,0.00011715306973525835,2.0,2.0,2.0,2.0,2.0
22,13:22:42,7,0.04689092762487257,75336.0,0.04638124362895013,0.04587155963302747,3.766159797265735e-06,0.04485219164118237,5.369720023445286e-06,0.04383282364933727,9.292803145597093e-06,0.042813455657492394,1.8291375057032803e-05,0.041794087665647295,5.271642945391491e-06,0.04689092762487257,1.4711561708069277e-06,0.047910295616717447,2.2312535257238405e-06,0.048929663608562546,3.535678663839316e-05,0.04994903160040787,0.00011690787704012386,0.050968399592252744,0.00013775170805350667,1.0,2.0,2.0,2.0,2.0
22,13:22:45,7,0.04587155963302747,6157.0,0.04638124362895013,0.04587155963302747,3.643563449698491e-06,0.04485219164118237,5.369720023445286e-06,0.04383282364933727,9.292803145597093e-06,0.042813455657492394,1.8291375057032803e-05,0.041794087665647295,5.271642945391491e-06,0.04689092762487257,1.569233248860723e-06,0.047910295616717447,2.476446220858328e-06,0.048929663608562546,3.535678663839316e-05,0.04994903160040787,0.00011739826243039284,0.050968399592252744,0.00013787430440107392,2.0,2.0,2.0,2.0,2.0
22,13:22:48,7,0.04587155963302747,235010.0,0.04638124362895013,0.04587155963302747,6.634914330339244e-06,0.04485219164118237,5.6149127185797746e-06,0.04383282364933727,9.292803145597093e-06,0.042813455657492394,1.853656775216729e-05,0.041794087665647295,5.271642945391491e-06,0.04689092762487257,1.9615415610759037e-07,0.047910295616717447,2.476446220858328e-06,0.048929663608562546,3.5969768376229384e-05,0.04994903160040787,0.00011739826243039284,0.050968399592252744,0.00013787430440107392,2.0,2.0,2.0,2.0,2.0
22,13:22:51,7,0.04689092762487257,19496.0,0.04638124362895013,0.04587155963302747,6.365202365691307e-06,0.04485219164118237,5.369720023445286e-06,0.04383282364933727,9.292803145597093e-06,0.042813455657492394,1.853656775216729e-05,0.041794087665647295,5.271642945391491e-06,0.04689092762487257,1.4711561708069277e-07,0.047910295616717447,4.928373172203208e-06,0.048929663608562546,3.584717202866214e-05,0.04994903160040787,0.00011739826243039284,0.050968399592252744,0.00013787430440107392,2.0,2.0,2.0,2.0,2.0
22,13:22:54,7,0.04689092762487257,32864.0,0.04740061162079501,0.04689092762487257,4.4134685124207834e-07,0.04587155963302747,6.683952869366142e-06,0.04485219164118237,5.369720023445286e-06,0.04383282364933727,9.292803145597093e-06,0.042813455657492394,1.853656775216729e-05,0.047910295616717447,4.7812575551225154e-06,0.048929663608562546,5.788999532125261e-05,0.04994903160040787,0.00011739826243039284,0.050968399592252744,0.00013787430440107392,0.051987767584097844,7.782416143568648e-05,1.0,0.0,2.0,2.0,2.0
22,13:22:57,7,0.04587155963302747,40032.0,0.04638124362895013,0.04587155963302747,1.1072902112273476e-05,0.04485219164118237,5.369720023445286e-06,0.04383282364933727,9.292803145597093e-06,0.042813455657492394,1.853656775216729e-05,0.041794087665647295,5.271642945391491e-06,0.04689092762487257,9.807707805379519e-08,0.047910295616717447,4.7812575551225154e-06,0.048929663608562546,5.8159707285900546e-05,0.04994903160040787,0.00011739826243039284,0.050968399592252744,0.00013787430440107392,2.0,2.0,2.0,2.0,2.0
22,13:23:00,7,0.04587155963302747,348420.0,0.047910295616717447,0.04689092762487257,1.2259634756724397e-07,0.04587155963302747,1.0901267225679335e-05,0.04485219164118237,5.369720023445286e-06,0.04383282364933727,9.292803145597093e-06,0.042813455657492394,1.853656775216729e-05,0.048929663608562546,5.779191824319881e-05,0.04994903160040787,0.00011764345512552732,0.050968399592252744,0.00013787430440107392,0.051987767584097844,7.782416143568648e-05,0.05300713557594294,3.6509192305525256e-05,0.0,0.0,1.0,2.0,2.0
22,13:23:03,7,0.04587155963302747,0.0,0.04740061162079501,0.04689092762487257,6.620202768631175e-07,0.04587155963302747,1.099934430373313e-05,0.04485219164118237,5.6149127185797746e-06,0.04383282364933727,9.292803145597093e-06,0.042813455657492394,1.853656775216729e-05,0.047910295616717447,7.846166244303615e-07,0.048929663608562546,5.779191824319881e-05,0.04994903160040787,0.00011891845714022666,0.050968399592252744,0.00013753103462788564,0.051987767584097844,7.782416143568648e-05,2.0,1.0,2.0,2.0,2.0
22,13:23:06,7,0.04689092762487257,57512.0,0.04740061162079501,0.04689092762487257,6.987991811332907e-06,0.04587155963302747,1.161232604156935e-05,0.04485219164118237,5.639431988093223e-06,0.04383282364933727,9.292803145597093e-06,0.042813455657492394,1.853656775216729e-05,0.047910295616717447,7.846166244303615e-07,0.048929663608562546,5.779191824319881e-05,0.04994903160040787,0.0001189429764097401,0.050968399592252744,0.00013753103462788564,0.051987767584097844,7.757896874055199e-05,0.0,1.0,2.0,2.0,2.0
22,13:23:09,7,0.04689092762487257,19515.0,0.04740061162079501,0.04689092762487257,7.306742315007741e-06,0.04587155963302747,1.161232604156935e-05,0.04485219164118237,5.639431988093223e-06,0.04383282364933727,9.292803145597093e-06,0.042813455657492394,1.853656775216729e-05,0.047910295616717447,8.091358939438103e-07,0.048929663608562546,5.779191824319881e-05,0.04994903160040787,0.0001189429764097401,0.050968399592252744,0.00013753103462788564,0.051987767584097844,7.757896874055199e-05,0.0,1.0,2.0,2.0,2.0
22,13:23:12,7,0.04689092762487257,157136.0,0.04740061162079501,0.04689092762487257,3.6778904270173194e-06,0.04587155963302747,1.161232604156935e-05,0.04485219164118237,5.639431988093223e-06,0.04383282364933727,9.292803145597093e-06,0.042813455657492394,1.853656775216729e-05,0.047910295616717447,6.865395463765663e-07,0.048929663608562546,5.759576408709122e-05,0.04994903160040787,0.00011906557275730735,0.050968399592252744,0.0001375555538973991,0.051987767584097844,7.757896874055199e-05,1.0,1.0,2.0,2.0,2.0
22,13:23:15,7,0.04689092762487257,137638.0,0.04740061162079501,0.04689092762487257,8.826937024841567e-07,0.04587155963302747,1.6418102866205314e-05,0.04485219164118237,5.639431988093223e-06,0.04383282364933727,9.292803145597093e-06,0.042813455657492394,1.853656775216729e-05,0.047910295616717447,2.7216389159928164e-06,0.048929663608562546,5.7473167739523975e-05,0.04994903160040787,0.00011967855449514357,0.050968399592252744,0.00013767815024496634,0.051987767584097844,7.757896874055199e-05,0.0,1.0,2.0,2.0,2.0
22,13:23:18,7,0.047910295616717447,328952.0,0.04841997961264011,0.047910295616717447,2.6971196464793676e-06,0.04587155963302747,1.6442622135718762e-05,0.04485219164118237,5.639431988093223e-06,0.04383282364933727,9.292803145597093e-06,0.042813455657492394,1.853656775216729e-05,0.048929663608562546,5.622268499433809e-05,0.04994903160040787,0.00011994826645979151,0.050968399592252744,0.00013767815024496634,0.051987767584097844,7.757896874055199e-05,0.05300713557594294,3.6509192305525256e-05,0.0,1.0,1.0,2.0,1.0
22,13:23:21,7,0.047910295616717447,141859.0,0.04689092762487257,0.04587155963302747,1.6442622135718762e-05,0.04485219164118237,6.375010073496687e-06,0.04383282364933727,9.292803145597093e-06,0.042813455657492394,1.853656775216729e-05,0.041794087665647295,5.3206814844183884e-06,0.047910295616717447,6.375010073496687e-07,0.048929663608562546,5.6516916228499475e-05,0.04994903160040787,0.00011994826645979151,0.050968399592252744,0.00013767815024496634,0.051987767584097844,7.868233586865719e-05,2.0,2.0,2.0,2.0,2.0
22,13:23:24,7,0.047910295616717447,52428.0,0.04638124362895013,0.04587155963302747,2.0022435484682287e-05,0.04485219164118237,6.375010073496687e-06,0.04383282364933727,9.292803145597093e-06,0.042813455657492394,1.853656775216729e-05,0.041794087665647295,5.3206814844183884e-06,0.04689092762487257,1.3485598232396838e-06,0.047910295616717447,1.3730790927531326e-06,0.048929663608562546,5.9753459804274715e-05,0.04994903160040787,0.00011994826645979151,0.050968399592252744,0.00013767815024496634,2.0,2.0,2.0,2.0,2.0
22,13:23:27,7,0.047910295616717447,123305.0,0.04740061162079501,0.04689092762487257,7.355780854034638e-07,0.04587155963302747,2.0022435484682287e-05,0.04485219164118237,6.375010073496687e-06,0.04383282364933727,9.415399493164337e-06,0.042813455657492394,1.853656775216729e-05,0.047910295616717447,1.7163488659414157e-07,0.048929663608562546,5.5339991291853934e-05,0.04994903160040787,0.00011994826645979151,0.050968399592252744,0.00013767815024496634,0.051987767584097844,7.868233586865719e-05,1.0,2.0,1.0,2.0,2.0
22,13:23:30,7,0.04587155963302747,190897.0,0.04689092762487257,0.04587155963302747,1.6982046065014637e-05,0.04485219164118237,6.497606421063931e-06,0.04383282364933727,9.415399493164337e-06,0.042813455657492394,1.853656775216729e-05,0.041794087665647295,5.3206814844183884e-06,0.047910295616717447,1.2259634756724397e-07,0.048929663608562546,5.5339991291853934e-05,0.04994903160040787,0.00012156653824767913,0.050968399592252744,0.00013767815024496634,0.051987767584097844,7.870685513817063e-05,2.0,2.0,1.0,2.0,2.0
22,13:23:33,7,0.04587155963302747,0.0,0.04740061162079501,0.04689092762487257,4.903853902689759e-07,0.04587155963302747,1.712916168209533e-05,0.04485219164118237,6.497606421063931e-06,0.04383282364933727,9.415399493164337e-06,0.042813455657492394,1.853656775216729e-05,0.047910295616717447,5.149046597824247e-07,0.048929663608562546,5.5339991291853934e-05,0.04994903160040787,0.00012156653824767913,0.050968399592252744,0.00013767815024496634,0.051987767584097844,7.870685513817063e-05,2.0,2.0,1.0,2.0,2.0
22,13:23:36,7,0.04689092762487257,62647.0,0.04740061162079501,0.04689092762487257,2.0056762462001114e-05,0.04587155963302747,1.8060893923606382e-05,0.04485219164118237,6.497606421063931e-06,0.04383282364933727,9.415399493164337e-06,0.042813455657492394,1.853656775216729e-05,0.047910295616717447,5.394239292958735e-07,0.048929663608562546,5.578133814309601e-05,0.04994903160040787,0.00012156653824767913,0.050968399592252744,0.00013767815024496634,0.051987767584097844,7.870685513817063e-05,2.0,2.0,1.0,2.0,2.0
22,13:23:39,7,0.04689092762487257,17459.0,0.04740061162079501,0.04689092762487257,1.9885127575406975e-05,0.04587155963302747,1.9262338129765374e-05,0.04485219164118237,6.497606421063931e-06,0.04383282364933727,9.415399493164337e-06,0.042813455657492394,1.853656775216729e-05,0.047910295616717447,1.3975983622665813e-06,0.048929663608562546,5.60265308382305e-05,0.04994903160040787,0.00012156653824767913,0.050968399592252744,0.00013792334294010082,0.051987767584097844,7.870685513817063e-05,2.0,2.0,2.0,2.0,2.0
22,13:23:42,7,0.04689092762487257,39032.0,0.04740061162079501,0.04689092762487257,1.9590896341245588e-05,0.04587155963302747,1.9262338129765374e-05,0.04485219164118237,6.497606421063931e-06,0.04383282364933727,9.415399493164337e-06,0.042813455657492394,1.853656775216729e-05,0.047910295616717447,1.9860608305893523e-06,0.048929663608562546,5.6516916228499475e-05,0.04994903160040787,0.00012168913459524637,0.050968399592252744,0.00013792334294010082,0.051987767584097844,7.870685513817063e-05,2.0,2.0,2.0,2.0,2.0
22,13:23:45,7,0.04689092762487257,109953.0,0.04740061162079501,0.04689092762487257,1.853656775216729e-05,0.04587155963302747,1.9262338129765374e-05,0.04485219164118237,6.497606421063931e-06,0.04383282364933727,9.415399493164337e-06,0.042813455657492394,1.853656775216729e-05,0.047910295616717447,8.091358939438103e-07,0.048929663608562546,5.663951257606672e-05,0.04994903160040787,0.00012181173094281362,0.050968399592252744,0.00013792334294010082,0.051987767584097844,7.870685513817063e-05,2.0,2.0,2.0,2.0,2.0
22,13:23:48,7,0.047910295616717447,130556.0,0.04841997961264011,0.047910295616717447,4.2418336258266416e-06,0.04689092762487257,1.853656775216729e-05,0.04587155963302747,1.9262338129765374e-05,0.04485219164118237,6.497606421063931e-06,0.04383282364933727,9.415399493164337e-06,0.048929663608562546,5.663951257606672e-05,0.04994903160040787,0.00012181173094281362,0.050968399592252744,0.00013792334294010082,0.051987767584097844,7.870685513817063e-05,0.05300713557594294,3.6509192305525256e-05,1.0,2.0,1.0,2.0,2.0
22,13:23:51,7,0.047910295616717447,65805.0,0.04841997961264011,0.047910295616717447,3.015870150154202e-06,0.04689092762487257,1.853656775216729e-05,0.04587155963302747,1.9262338129765374e-05,0.04485219164118237,6.497606421063931e-06,0.04383282364933727,9.807707805379518e-06,0.048929663608562546,5.632076207239188e-05,0.04994903160040787,0.00012156653824767913,0.050968399592252744,0.00013792334294010082,0.051987767584097844,7.870685513817063e-05,0.05300713557594294,3.6509192305525256e-05,1.0,2.0,1.0,1.0,2.0
22,13:23:54,7,0.047910295616717447,99766.0,0.04841997961264011,0.047910295616717447,2.4519269513448794e-06,0.04689092762487257,2.2091861831617365e-05,0.04587155963302747,1.9262338129765374e-05,0.04485219164118237,6.497606421063931e-06,0.04383282364933727,9.807707805379518e-06,0.048929663608562546,5.558518398698842e-05,0.04994903160040787,0.00012156653824767913,0.050968399592252744,0.0001378497851315605,0.051987767584097844,7.870685513817063e-05,0.05300713557594294,3.6509192305525256e-05,1.0,0.0,1.0,1.0,2.0
22,13:23:57,7,0.047910295616717447,10280.0,0.04841997961264011,0.047910295616717447,7.110588158900151e-06,0.04689092762487257,2.2091861831617365e-05,0.04587155963302747,1.9507530824899862e-05,0.04485219164118237,6.497606421063931e-06,0.04383282364933727,9.807707805379518e-06,0.048929663608562546,5.558518398698842e-05,0.04994903160040787,0.00012156653824767913,0.050968399592252744,0.00013858536321696393,0.051987767584097844,7.870685513817063e-05,0.05300713557594294,3.6509192305525256e-05,2.0,0.0,1.0,1.0,2.0
22,13:24:00,7,0.048929663608562546,377551.0,0.04841997961264011,0.047910295616717447,4.854815363662861e-06,0.04689092762487257,2.2091861831617365e-05,0.04587155963302747,1.8404163696794667e-05,0.04485219164118237,6.375010073496687e-06,0.04383282364933727,9.807707805379518e-06,0.048929663608562546,4.916113537446484e-05,0.04994903160040787,0.0001224492319501633,0.050968399592252744,0.00013858536321696393,0.051987767584097844,7.870685513817063e-05,0.05300713557594294,3.6509192305525256e-05,2.0,0.0,1.0,1.0,2.0
22,13:24:03,7,0.047910295616717447,37011.0,0.04841997961264011,0.047910295616717447,4.119237278259397e-06,0.04689092762487257,2.2091861831617365e-05,0.04587155963302747,1.8404163696794667e-05,0.04485219164118237,6.375010073496687e-06,0.04383282364933727,9.807707805379518e-06,0.048929663608562546,4.9185654643978286e-05,0.04994903160040787,0.00012222855852454226,0.050968399592252744,0.00013858536321696393,0.051987767584097844,7.870685513817063e-05,0.05300713557594294,3.6509192305525256e-05,2.0,0.0,2.0,2.0,2.0
22,13:24:06,7,0.047910295616717447,804646.0,0.04841997961264011,0.047910295616717447,3.334620653829036e-06,0.04689092762487257,2.2091861831617365e-05,0.04587155963302747,1.8404163696794667e-05,0.04485219164118237,6.375010073496687e-06,0.04383282364933727,9.832227074892967e-06,0.048929663608562546,3.116399155159342e-05,0.04994903160040787,0.00012222855852454226,0.050968399592252744,0.00013858536321696393,0.051987767584097844,7.870685513817063e-05,0.05300713557594294,3.65337115750387e-05,2.0,0.0,2.0,2.0,2.0
22,13:24:09,7,0.048929663608562546,353868.0,0.04841997961264011,0.047910295616717447,8.287513095545693e-06,0.04689092762487257,2.2337054526751854e-05,0.04587155963302747,1.8404163696794667e-05,0.04485219164118237,6.375010073496687e-06,0.04383282364933727,9.832227074892967e-06,0.048929663608562546,2.5377443946419504e-05,0.04994903160040787,0.00012222855852454226,0.050968399592252744,0.00013858536321696393,0.051987767584097844,7.870685513817063e-05,0.05300713557594294,3.65337115750387e-05,0.0,2.0,2.0,2.0,2.0
22,13:24:12,7,0.047910295616717447,2436729.0,0.048929663608562546,0.047910295616717447,5.271642945391491e-06,0.04689092762487257,2.3563018002424293e-05,0.04587155963302747,1.8404163696794667e-05,0.04485219164118237,6.375010073496687e-06,0.04383282364933727,9.832227074892967e-06,0.04994903160040787,9.233956898764816e-05,0.050968399592252744,0.00013868344029501774,0.051987767584097844,7.870685513817063e-05,0.05300713557594294,3.65337115750387e-05,0.05402650356778782,3.2267358679698614e-05,0.0,0.0,1.0,1.0,1.0
22,13:24:15,7,0.04994903160040787,1332820.0,0.048929663608562546,0.047910295616717447,6.497606421063931e-06,0.04689092762487257,2.3563018002424293e-05,0.04587155963302747,1.830608661874087e-05,0.04485219164118237,6.375010073496687e-06,0.04383282364933727,9.832227074892967e-06,0.04994903160040787,6.0930384740920256e-05,0.050968399592252744,0.00013868344029501774,0.051987767584097844,7.870685513817063e-05,0.05300713557594294,3.677890427017319e-05,0.05402650356778782,3.2267358679698614e-05,0.0,0.0,1.0,1.0,1.0
22,13:24:18,7,0.047910295616717447,604049.0,0.048929663608562546,0.047910295616717447,8.581744329707078e-07,0.04689092762487257,2.3563018002424293e-05,0.04587155963302747,1.830608661874087e-05,0.04485219164118237,6.375010073496687e-06,0.04383282364933727,9.832227074892967e-06,0.04994903160040787,5.465345174547736e-05,0.050968399592252744,0.00013868344029501774,0.051987767584097844,7.868233586865719e-05,0.05300713557594294,3.677890427017319e-05,0.05402650356778782,3.2267358679698614e-05,0.0,0.0,2.0,1.0,1.0
22,13:24:21,7,0.047910295616717447,947415.0,0.048929663608562546,0.047910295616717447,3.677890427017319e-07,0.04689092762487257,2.3563018002424293e-05,0.04587155963302747,1.830608661874087e-05,0.04485219164118237,6.375010073496687e-06,0.04383282364933727,9.832227074892967e-06,0.04994903160040787,3.699957769579423e-05,0.050968399592252744,0.00013868344029501774,0.051987767584097844,7.892752856379168e-05,0.05300713557594294,3.677890427017319e-05,0.05402650356778782,3.2267358679698614e-05,0.0,0.0,1.0,1.0,1.0
22,13:24:24,7,0.04689092762487257,21591.0,0.04740061162079501,0.04689092762487257,2.299907480361497e-05,0.04587155963302747,1.830608661874087e-05,0.04485219164118237,6.375010073496687e-06,0.04383282364933727,9.587034379758478e-06,0.042813455657492394,1.853656775216729e-05,0.047910295616717447,1.6599545460604833e-05,0.048929663608562546,1.2259634756724397e-07,0.04994903160040787,3.6680827192119395e-05,0.050968399592252744,0.00013868344029501774,0.051987767584097844,7.892752856379168e-05,2.0,2.0,2.0,2.0,2.0
22,13:24:27,7,0.047910295616717447,192160.0,0.04740061162079501,0.04689092762487257,2.1135610320592862e-05,0.04587155963302747,1.830608661874087e-05,0.04485219164118237,6.375010073496687e-06,0.04383282364933727,9.587034379758478e-06,0.042813455657492394,1.853656775216729e-05,0.047910295616717447,1.3877906544612018e-05,0.048929663608562546,1.3485598232396838e-06,0.04994903160040787,3.704861623482113e-05,0.050968399592252744,0.00013868344029501774,0.051987767584097844,7.892752856379168e-05,2.0,2.0,2.0,2.0,2.0
22,13:24:30,7,0.04689092762487257,54467.0,0.04740061162079501,0.04689092762487257,2.0718782738864234e-05,0.04587155963302747,1.8281567349227423e-05,0.04485219164118237,6.375010073496687e-06,0.04383282364933727,9.587034379758478e-06,0.042813455657492394,1.856108702168074e-05,0.047910295616717447,1.8781760447301776e-05,0.048929663608562546,1.3485598232396838e-06,0.04994903160040787,3.7784194320224594e-05,0.050968399592252744,0.00013868344029501774,0.051987767584097844,7.892752856379168e-05,2.0,2.0,2.0,2.0,2.0
22,13:24:33,7,0.047910295616717447,514000.0,0.04740061162079501,0.04689092762487257,2.0718782738864234e-05,0.04587155963302747,1.5143100851505977e-05,0.04485219164118237,6.375010073496687e-06,0.04383282364933727,9.194726067543298e-06,0.042813455657492394,1.856108702168074e-05,0.047910295616717447,6.7918376552253165e-06,0.048929663608562546,1.3485598232396838e-06,0.04994903160040787,3.851977240562806e-05,0.050968399592252744,0.00013868344029501774,0.051987767584097844,7.84371431735227e-05,2.0,2.0,2.0,2.0,2.0
22,13:24:36,7,0.047910295616717447,91431.0,0.04740061162079501,0.04689092762487257,1.9394742185137998e-05,0.04587155963302747,1.5143100851505977e-05,0.04485219164118237,6.375010073496687e-06,0.04383282364933727,9.194726067543298e-06,0.042813455657492394,1.856108702168074e-05,0.047910295616717447,6.10529810884875e-06,0.048929663608562546,1.4956754403203766e-06,0.04994903160040787,3.898563852638358e-05,0.050968399592252744,0.00013868344029501774,0.051987767584097844,7.84371431735227e-05,2.0,2.0,2.0,2.0,2.0
22,13:24:39,7,0.047910295616717447,612697.0,0.048929663608562546,0.047910295616717447,3.5651017872554546e-05,0.04689092762487257,1.4736080977582727e-05,0.04587155963302747,1.5143100851505977e-05,0.04485219164118237,6.375010073496687e-06,0.04383282364933727,9.194726067543298e-06,0.04994903160040787,3.780871358973804e-05,0.050968399592252744,0.00013868344029501774,0.051987767584097844,7.84371431735227e-05,0.05300713557594294,3.677890427017319e-05,0.05402650356778782,3.2267358679698614e-05,0.0,2.0,1.0,1.0,1.0
22,13:24:42,7,0.047910295616717447,696994.0,0.04841997961264011,0.047910295616717447,1.9296419914389067e-05,0.04689092762487257,1.4809638786123073e-05,0.04587155963302747,1.5143100851505977e-05,0.04485219164118237,6.375010073496687e-06,0.04383282364933727,9.194726067543298e-06,0.048929663608562546,1.2259634756724397e-07,0.04994903160040787,3.984381295935429e-05,0.050968399592252744,0.000138315651252316,0.051987767584097844,7.86332973296303e-05,0.05300713557594294,3.677890427017319e-05,1.0,2.0,1.0,2.0,1.0
22,13:24:45,7,0.047910295616717447,18504.0,0.04841997961264011,0.047910295616717447,2.0988249510817033e-05,0.04689092762487257,1.5300024176392048e-05,0.04587155963302747,1.5633486241774954e-05,0.04485219164118237,6.375010073496687e-06,0.04383282364933727,9.194726067543298e-06,0.048929663608562546,1.2259634756724397e-07,0.04994903160040787,4.018708273254258e-05,0.050968399592252744,0.000138315651252316,0.051987767584097844,7.86332973296303e-05,0.05300713557594294,3.677890427017319e-05,2.0,2.0,1.0,2.0,0.0
22,13:24:48,7,0.047910295616717447,176816.0,0.04841997961264011,0.047910295616717447,1.9394496992442864e-05,0.04689092762487257,1.5300024176392048e-05,0.04587155963302747,1.5388293546640465e-05,0.04485219164118237,6.375010073496687e-06,0.04383282364933727,9.194726067543298e-06,0.048929663608562546,8.581744329707078e-07,0.04994903160040787,4.0432275427677066e-05,0.050968399592252744,0.000138315651252316,0.051987767584097844,7.86332973296303e-05,0.05300713557594294,3.65337115750387e-05,2.0,2.0,2.0,2.0,0.0
22,13:24:51,7,0.047910295616717447,45232.0,0.04841997961264011,0.047910295616717447,1.9811324574171492e-05,0.04689092762487257,1.53245434459055e-05,0.04587155963302747,1.4211368609994922e-05,0.04485219164118237,6.375010073496687e-06,0.04383282364933727,9.194726067543298e-06,0.048929663608562546,9.807707805379518e-07,0.04994903160040787,4.057939104475776e-05,0.050968399592252744,0.000138315651252316,0.051987767584097844,7.86332973296303e-05,0.05300713557594294,3.65337115750387e-05,2.0,2.0,1.0,2.0,0.0
22,13:24:54,7,0.047910295616717447,264226.0,0.04841997961264011,0.047910295616717447,1.5667568026398647e-05,0.04689092762487257,1.53245434459055e-05,0.04587155963302747,1.4211368609994922e-05,0.04485219164118237,6.375010073496687e-06,0.04383282364933727,9.194726067543298e-06,0.048929663608562546,3.4326977318828314e-07,0.04994903160040787,4.0677468122811555e-05,0.050968399592252744,0.000138315651252316,0.051987767584097844,7.83881046344958e-05,0.05300713557594294,3.65337115750387e-05,2.0,2.0,1.0,2.0,0.0
22,13:24:57,7,0.04994903160040787,51476.0,0.04841997961264011,0.047910295616717447,1.581468364347934e-05,0.04689092762487257,1.53245434459055e-05,0.04587155963302747,1.4211368609994922e-05,0.04485219164118237,6.375010073496687e-06,0.04383282364933727,9.685111457812275e-06,0.048929663608562546,1.4711561708069277e-07,0.04994903160040787,4.0039967115461886e-05,0.050968399592252744,0.000138315651252316,0.051987767584097844,7.83881046344958e-05,0.05300713557594294,3.677890427017319e-05,2.0,2.0,1.0,2.0,0.0
22,13:25:00,7,0.04994903160040787,328492.0,0.048929663608562546,0.047910295616717447,1.5054586288562426e-05,0.04689092762487257,1.53245434459055e-05,0.04587155963302747,1.4211368609994922e-05,0.04485219164118237,6.375010073496687e-06,0.04383282364933727,9.685111457812275e-06,0.04994903160040787,3.638659595795801e-05,0.050968399592252744,0.000138315651252316,0.051987767584097844,7.86332973296303e-05,0.05300713557594294,3.677890427017319e-05,0.05402650356778782,3.2267358679698614e-05,2.0,0.0,1.0,2.0,0.0
22,13:25:03,7,0.047910295616717447,12336.0,0.049439347604485206,0.048929663608562546,2.402888412317982e-06,0.047910295616717447,1.6231511225207967e-05,0.04689092762487257,1.53245434459055e-05,0.04587155963302747,1.4211368609994922e-05,0.04485219164118237,6.399529343010135e-06,0.04994903160040787,3.584717202866214e-05,0.050968399592252744,0.000138315651252316,0.051987767584097844,7.86332973296303e-05,0.05300713557594294,3.677890427017319e-05,0.05402650356778782,3.2267358679698614e-05,2.0,1.0,1.0,1.0,0.0
22,13:25:06,7,0.048929663608562546,82320.0,0.049439347604485206,0.048929663608562546,2.8932738025869578e-06,0.047910295616717447,1.6231511225207967e-05,0.04689092762487257,1.9002433872922817e-05,0.04587155963302747,1.4211368609994922e-05,0.04485219164118237,6.399529343010135e-06,0.04994903160040787,3.5945249106715936e-05,0.050968399592252744,0.000138315651252316,0.051987767584097844,7.86332973296303e-05,0.05300713557594294,3.677890427017319e-05,0.05402650356778782,3.2267358679698614e-05,1.0,1.0,1.0,1.0,1.0
22,13:25:09,7,0.04994903160040787,24706.0,0.049439347604485206,0.048929663608562546,2.5990425684255725e-06,0.047910295616717447,1.743295543136696e-05,0.04689092762487257,1.9002433872922817e-05,0.04587155963302747,1.4211368609994922e-05,0.04485219164118237,6.399529343010135e-06,0.04994903160040787,3.5896210567689034e-05,0.050968399592252744,0.000138315651252316,0.051987767584097844,7.86332973296303e-05,0.05300713557594294,3.677890427017319e-05,0.05402650356778782,3.2267358679698614e-05,1.0,1.0,1.0,1.0,0.0
22,13:25:12,7,0.048929663608562546,812581.0,0.049439347604485206,0.048929663608562546,2.03509936961625e-06,0.047910295616717447,1.743295543136696e-05,0.04689092762487257,1.9002433872922817e-05,0.04587155963302747,1.4211368609994922e-05,0.04485219164118237,6.473087151550482e-06,0.04994903160040787,2.2091861831617365e-05,0.050968399592252744,0.0001383646897913429,0.051987767584097844,7.86332973296303e-05,0.05300713557594294,3.677890427017319e-05,0.05402650356778782,3.2267358679698614e-05,1.0,0.0,1.0,1.0,0.0
22,13:25:15,7,0.048929663608562546,29854.0,0.049439347604485206,0.048929663608562546,1.6427910574010693e-06,0.047910295616717447,1.7089685658178677e-05,0.04689092762487257,1.8879837525355573e-05,0.04587155963302747,1.4211368609994922e-05,0.04485219164118237,6.473087151550482e-06,0.04994903160040787,2.255772795237289e-05,0.050968399592252744,0.0001383646897913429,0.051987767584097844,7.86332973296303e-05,0.05300713557594294,3.677890427017319e-05,0.05402650356778782,3.2267358679698614e-05,0.0,0.0,0.0,1.0,0.0
22,13:25:18,7,0.04994903160040787,1368847.0,0.050458715596330084,0.04994903160040787,4.756738285609066e-06,0.048929663608562546,1.078847858591747e-06,0.047910295616717447,1.7089685658178677e-05,0.04689092762487257,1.8879837525355573e-05,0.04587155963302747,1.4211368609994922e-05,0.050968399592252744,0.0001383646897913429,0.051987767584097844,7.86332973296303e-05,0.05300713557594294,3.677890427017319e-05,0.05402650356778782,3.2267358679698614e-05,0.05504587155963292,7.257703775980843e-05,0.0,0.0,0.0,0.0,0.0
22,13:25:21,7,0.04994903160040787,210120.0,0.049439347604485206,0.048929663608562546,1.2259634756724397e-06,0.047910295616717447,1.7089685658178677e-05,0.04689092762487257,1.895339533389592e-05,0.04587155963302747,1.4211368609994922e-05,0.04485219164118237,6.473087151550482e-06,0.04994903160040787,1.667310326914518e-06,0.050968399592252744,0.00013824209344377565,0.051987767584097844,7.765252654909234e-05,0.05300713557594294,3.665630792260595e-05,0.05402650356778782,3.2267358679698614e-05,1.0,0.0,1.0,1.0,0.0
22,13:25:24,7,0.04994903160040787,0.0,0.049439347604485206,0.048929663608562546,1.2259634756724397e-06,0.047910295616717447,1.990940165222529e-05,0.04689092762487257,1.895339533389592e-05,0.04587155963302747,1.4211368609994922e-05,0.04485219164118237,6.473087151550482e-06,0.04994903160040787,9.439918762677787e-06,0.050968399592252744,0.00013753103462788564,0.051987767584097844,7.806935413082097e-05,0.05300713557594294,3.665630792260595e-05,0.05402650356778782,3.2267358679698614e-05,1.0,0.0,1.0,1.0,0.0
22,13:25:27,7,0.04994903160040787,95790.0,0.049439347604485206,0.048929663608562546,2.084137908643148e-06,0.047910295616717447,2.616181537815473e-05,0.04689092762487257,1.895339533389592e-05,0.04587155963302747,1.4211368609994922e-05,0.04485219164118237,6.473087151550482e-06,0.04994903160040787,7.1596266979270485e-06,0.050968399592252744,0.0001377026695144798,0.051987767584097844,7.770156508811924e-05,0.05300713557594294,3.665630792260595e-05,0.05402650356778782,3.2267358679698614e-05,0.0,0.0,1.0,0.0,0.0
22,13:25:30,7,0.048929663608562546,406755.0,0.04841997961264011,0.047910295616717447,2.515652532810333e-05,0.04689092762487257,1.895339533389592e-05,0.04587155963302747,1.4211368609994922e-05,0.04485219164118237,6.473087151550482e-06,0.04383282364933727,9.685111457812275e-06,0.048929663608562546,6.375010073496687e-07,0.04994903160040787,1.5447139793472742e-06,0.050968399592252744,0.0001377026695144798,0.051987767584097844,7.723569896736371e-05,0.05300713557594294,3.665630792260595e-05,1.0,2.0,2.0,1.0,0.0
22,13:25:33,7,0.04994903160040787,201850.0,0.049439347604485206,0.048929663608562546,1.1769249366455422e-06,0.047910295616717447,2.5205563867130227e-05,0.04689092762487257,1.895339533389592e-05,0.04587155963302747,1.4211368609994922e-05,0.04485219164118237,6.473087151550482e-06,0.04994903160040787,3.4326977318828314e-07,0.050968399592252744,0.00013819305490474877,0.051987767584097844,7.699050627222922e-05,0.05300713557594294,3.665630792260595e-05,0.05402650356778782,3.2267358679698614e-05,1.0,1.0,1.0,0.0,0.0
22,13:25:36,7,0.048929663608562546,41182.0,0.049439347604485206,0.048929663608562546,4.68318047706872e-06,0.047910295616717447,2.5205563867130227e-05,0.04689092762487257,1.895339533389592e-05,0.04587155963302747,1.4211368609994922e-05,0.04485219164118237,6.473087151550482e-06,0.04994903160040787,2.6971196464793677e-07,0.050968399592252744,0.00013819305490474877,0.051987767584097844,7.711310261979647e-05,0.05300713557594294,3.665630792260595e-05,0.05402650356778782,3.2267358679698614e-05,0.0,1.0,1.0,0.0,0.0
22,13:25:39,7,0.048929663608562546,56595.0,0.049439347604485206,0.048929663608562546,3.825006044098012e-06,0.047910295616717447,2.5205563867130227e-05,0.04689092762487257,1.895339533389592e-05,0.04587155963302747,1.3966175914860434e-05,0.04485219164118237,6.473087151550482e-06,0.04994903160040787,8.091358939438103e-07,0.050968399592252744,0.00013819305490474877,0.051987767584097844,7.708858335028301e-05,0.05300713557594294,3.76370787031439e-05,0.05402650356778782,3.2267358679698614e-05,0.0,1.0,1.0,0.0,0.0
22,13:25:42,7,0.048929663608562546,189356.0,0.04841997961264011,0.047910295616717447,2.5205563867130227e-05,0.04689092762487257,1.8463009943626942e-05,0.04587155963302747,1.3966175914860434e-05,0.04485219164118237,7.0615496198732534e-06,0.04383282364933727,9.194726067543298e-06,0.048929663608562546,2.6971196464793677e-07,0.04994903160040787,7.846166244303615e-07,0.050968399592252744,0.00013807045855718152,0.051987767584097844,7.708858335028301e-05,0.05300713557594294,3.788227139827839e-05,1.0,2.0,2.0,1.0,0.0
22,13:25:45,7,0.048929663608562546,8232.0,0.04841997961264011,0.047910295616717447,2.5205563867130227e-05,0.04689092762487257,1.8463009943626942e-05,0.04587155963302747,1.3966175914860434e-05,0.04485219164118237,7.0615496198732534e-06,0.04383282364933727,9.194726067543298e-06,0.048929663608562546,7.355780854034639e-08,0.04994903160040787,1.4466369012934789e-06,0.050968399592252744,0.00013807045855718152,0.051987767584097844,7.73337760454175e-05,0.05300713557594294,3.788227139827839e-05,2.0,1.0,2.0,0.0,0.0
22,13:25:48,7,0.04994903160040787,258646.0,0.049439347604485206,0.048929663608562546,7.846166244303615e-07,0.047910295616717447,2.5205563867130227e-05,0.04689092762487257,1.8463009943626942e-05,0.04587155963302747,1.3966175914860434e-05,0.04485219164118237,7.0615496198732534e-06,0.04994903160040787,9.072129719976055e-07,0.050968399592252744,0.0001346867993643256,0.051987767584097844,7.73337760454175e-05,0.05300713557594294,3.788227139827839e-05,0.05402650356778782,3.216928160164482e-05,1.0,0.0,1.0,0.0,0.0
22,13:25:51,7,0.048929663608562546,41160.0,0.04841997961264011,0.047910295616717447,2.5205563867130227e-05,0.04689092762487257,1.7237046467954502e-05,0.04587155963302747,1.3966175914860434e-05,0.04485219164118237,7.0615496198732534e-06,0.04383282364933727,9.194726067543298e-06,0.048929663608562546,2.2557727952372892e-06,0.04994903160040787,9.072129719976055e-07,0.050968399592252744,0.0001346867993643256,0.051987767584097844,7.71866604283368e-05,0.05300713557594294,3.8617849483681856e-05,2.0,2.0,2.0,0.0,0.0
22,13:25:54,7,0.048929663608562546,13377.0,0.04841997961264011,0.047910295616717447,2.694643200258509e-05,0.04689092762487257,2.2974555534101523e-05,0.04587155963302747,1.4211368609994922e-05,0.04485219164118237,7.0615496198732534e-06,0.04383282364933727,9.194726067543298e-06,0.048929663608562546,2.182214986696943e-06,0.04994903160040787,7.037030350359804e-06,0.050968399592252744,0.00013461324155578523,0.051987767584097844,7.71866604283368e-05,0.05300713557594294,3.8617849483681856e-05,2.0,2.0,2.0,0.0,0.0
22,13:25:57,7,0.047910295616717447,12343.0,0.04841997961264011,0.047910295616717447,2.6823835655017847e-05,0.04689092762487257,2.2974555534101523e-05,0.04587155963302747,1.4211368609994922e-05,0.04485219164118237,9.513476571218132e-06,0.04383282364933727,2.672600376965919e-06,0.048929663608562546,3.1875050367483435e-06,0.04994903160040787,7.135107428413599e-06,0.050968399592252744,0.00013461324155578523,0.051987767584097844,7.71866604283368e-05,0.05300713557594294,3.8617849483681856e-05,2.0,2.0,2.0,0.0,0.0
22,13:26:00,7,0.047910295616717447,326346.0,0.048929663608562546,0.047910295616717447,2.6431527342802667e-05,0.04689092762487257,2.2974555534101523e-05,0.04587155963302747,1.4211368609994922e-05,0.04485219164118237,9.513476571218132e-06,0.04383282364933727,2.672600376965919e-06,0.04994903160040787,3.1629857672348947e-06,0.050968399592252744,0.00013466228009481214,0.051987767584097844,7.71866604283368e-05,0.05300713557594294,3.8617849483681856e-05,0.05402650356778782,3.216928160164482e-05,0.0,2.0,2.0,0.0,0.0
22,13:26:03,7,0.047910295616717447,308813.0,0.049439347604485206,0.048929663608562546,1.9860608305893523e-06,0.047910295616717447,2.4004119660971235e-05,0.04689092762487257,2.2974555534101523e-05,0.04587155963302747,1.4211368609994922e-05,0.04485219164118237,9.513476571218132e-06,0.04994903160040787,6.375010073496687e-07,0.050968399592252744,0.00013466228009481214,0.051987767584097844,7.71866604283368e-05,0.05300713557594294,3.8617849483681856e-05,0.05402650356778782,3.216928160164482e-05,0.0,1.0,1.0,0.0,0.0
22,13:26:06,7,0.04994903160040787,37061.0,0.049439347604485206,0.048929663608562546,2.2557727952372892e-06,0.047910295616717447,2.351373427070226e-05,0.04689092762487257,2.2974555534101523e-05,0.04587155963302747,1.4211368609994922e-05,0.04485219164118237,9.513476571218132e-06,0.04994903160040787,2.2067342562103917e-07,0.050968399592252744,0.00013466228009481214,0.051987767584097844,7.71866604283368e-05,0.05300713557594294,3.8617849483681856e-05,0.05402650356778782,3.216928160164482e-05,1.0,1.0,1.0,1.0,0.0
22,13:26:09,7,0.048929663608562546,2058.0,0.049439347604485206,0.048929663608562546,3.7514482355576657e-06,0.047910295616717447,2.253296349016431e-05,0.04689092762487257,2.2950036264588072e-05,0.04587155963302747,1.4211368609994922e-05,0.04485219164118237,9.513476571218132e-06,0.04994903160040787,3.0894279586945484e-06,0.050968399592252744,0.00013466228009481214,0.051987767584097844,7.71866604283368e-05,0.05300713557594294,3.87404458312491e-05,0.05402650356778782,3.216928160164482e-05,1.0,1.0,1.0,0.0,0.0
22,13:26:12,7,0.048929663608562546,21609.0,0.049439347604485206,0.048929663608562546,3.236543575775241e-06,0.047910295616717447,2.3023348880433284e-05,0.04689092762487257,2.2950036264588072e-05,0.04587155963302747,1.4211368609994922e-05,0.04485219164118237,9.513476571218132e-06,0.04994903160040787,5.958182491768057e-06,0.050968399592252744,0.0001346867993643256,0.051987767584097844,7.71866604283368e-05,0.05300713557594294,3.972121661178705e-05,0.05402650356778782,3.221832014067172e-05,1.0,1.0,1.0,0.0,0.0
22,13:26:15,7,0.047910295616717447,310588.0,0.04841997961264011,0.047910295616717447,1.885507306314699e-05,0.04689092762487257,2.2950036264588072e-05,0.04587155963302747,1.4211368609994922e-05,0.04485219164118237,8.287513095545693e-06,0.04383282364933727,2.672600376965919e-06,0.048929663608562546,1.0298093195648493e-06,0.04994903160040787,8.826937024841567e-06,0.050968399592252744,0.0001346867993643256,0.051987767584097844,7.71866604283368e-05,0.05300713557594294,3.972121661178705e-05,2.0,2.0,2.0,0.0,0.0
22,13:26:18,7,0.048929663608562546,8232.0,0.04841997961264011,0.047910295616717447,1.9835843843684943e-05,0.04689092762487257,2.2950036264588072e-05,0.04587155963302747,1.4211368609994922e-05,0.04485219164118237,8.287513095545693e-06,0.04383282364933727,2.672600376965919e-06,0.048929663608562546,8.33655163457259e-07,0.04994903160040787,1.0886555663971265e-05,0.050968399592252744,0.00013478487644237938,0.051987767584097844,7.71866604283368e-05,0.05300713557594294,3.972121661178705e-05,2.0,2.0,2.0,0.0,0.0
22,13:26:21,7,0.04994903160040787,248147.0,0.049439347604485206,0.048929663608562546,1.1033671281051959e-05,0.047910295616717447,1.9566131879037003e-05,0.04689092762487257,2.2950036264588072e-05,0.04587155963302747,1.4211368609994922e-05,0.04485219164118237,8.287513095545693e-06,0.04994903160040787,8.287513095545693e-06,0.050968399592252744,0.00013478487644237938,0.051987767584097844,7.71866604283368e-05,0.05300713557594294,3.972121661178705e-05,0.05402650356778782,3.2340916488238964e-05,1.0,1.0,1.0,0.0,0.0
22,13:26:24,7,0.048929663608562546,103929.0,0.049439347604485206,0.048929663608562546,1.6403391304497243e-05,0.047910295616717447,1.9835843843684943e-05,0.04689092762487257,2.2950036264588072e-05,0.04587155963302747,1.4211368609994922e-05,0.04485219164118237,8.287513095545693e-06,0.04994903160040787,1.4564446090988584e-05,0.050968399592252744,0.00013478487644237938,0.051987767584097844,7.706406408076956e-05,0.05300713557594294,4.008900565448878e-05,0.05402650356778782,3.2340916488238964e-05,1.0,2.0,1.0,0.0,0.0
22,13:26:27,7,0.048929663608562546,234712.0,0.049439347604485206,0.048929663608562546,1.3363001884829594e-05,0.047910295616717447,2.047334485103461e-05,0.04689092762487257,2.2950036264588072e-05,0.04587155963302747,1.4211368609994922e-05,0.04485219164118237,8.777898485814668e-06,0.04994903160040787,1.3117809189695105e-05,0.050968399592252744,0.00013478487644237938,0.051987767584097844,7.706406408076956e-05,0.05300713557594294,4.008900565448878e-05,0.05402650356778782,3.246351283580621e-05,1.0,2.0,0.0,0.0,0.0
22,13:26:30,7,0.048929663608562546,43219.0,0.049439347604485206,0.048929663608562546,1.2504827451858885e-05,0.047910295616717447,2.047334485103461e-05,0.04689092762487257,2.2950036264588072e-05,0.04587155963302747,1.4211368609994922e-05,0.04485219164118237,8.777898485814668e-06,0.04994903160040787,1.3117809189695105e-05,0.050968399592252744,0.00013478487644237938,0.051987767584097844,7.711310261979647e-05,0.05300713557594294,4.008900565448878e-05,0.05402650356778782,3.246351283580621e-05,1.0,2.0,0.0,0.0,0.0
22,13:26:33,7,0.048929663608562546,107016.0,0.049439347604485206,0.048929663608562546,9.954823422460211e-06,0.047910295616717447,2.047334485103461e-05,0.04689092762487257,2.2876478456047726e-05,0.04587155963302747,1.4211368609994922e-05,0.04485219164118237,8.777898485814668e-06,0.04994903160040787,1.343655969336994e-05,0.050968399592252744,0.00013576564722291734,0.051987767584097844,7.706406408076956e-05,0.05300713557594294,4.008900565448878e-05,0.05402650356778782,3.268418626142724e-05,1.0,1.0,0.0,0.0,0.0
22,13:26:36,7,0.048929663608562546,0.0,0.049439347604485206,0.048929663608562546,1.0126458309054352e-05,0.047910295616717447,2.0179113616873225e-05,0.04689092762487257,2.2876478456047726e-05,0.04587155963302747,1.4260407149021819e-05,0.04485219164118237,8.777898485814668e-06,0.04994903160040787,1.5103870020284458e-05,0.050968399592252744,0.0001365012253083208,0.051987767584097844,7.706406408076956e-05,0.05300713557594294,4.008900565448878e-05,0.05402650356778782,3.268418626142724e-05,1.0,1.0,0.0,0.0,0.0
22,13:26:39,7,0.048929663608562546,84378.0,0.049439347604485206,0.048929663608562546,8.115878208951552e-06,0.047910295616717447,2.0179113616873225e-05,0.04689092762487257,2.2876478456047726e-05,0.04587155963302747,1.4260407149021819e-05,0.04485219164118237,8.777898485814668e-06,0.04994903160040787,1.753127770211589e-05,0.050968399592252744,0.0001365012253083208,0.051987767584097844,7.706406408076956e-05,0.05300713557594294,4.008900565448878e-05,0.05402650356778782,3.2733224800454144e-05,2.0,1.0,0.0,0.0,0.0
22,13:26:42,7,0.048929663608562546,610697.0,0.049439347604485206,0.048929663608562546,5.933663222254608e-06,0.047910295616717447,2.0179113616873225e-05,0.04689092762487257,2.2876478456047726e-05,0.04587155963302747,1.4260407149021819e-05,0.04485219164118237,8.777898485814668e-06,0.04994903160040787,5.663951257606672e-06,0.050968399592252744,0.0001365012253083208,0.051987767584097844,7.706406408076956e-05,0.05300713557594294,4.033419834962327e-05,0.05402650356778782,3.2733224800454144e-05,2.0,1.0,0.0,0.0,0.0
22,13:26:45,7,0.048929663608562546,28812.0,0.049439347604485206,0.048929663608562546,5.71298979663357e-06,0.047910295616717447,2.0179113616873225e-05,0.04689092762487257,2.2876478456047726e-05,0.04587155963302747,1.4260407149021819e-05,0.04485219164118237,8.777898485814668e-06,0.04994903160040787,7.453857932088434e-06,0.050968399592252744,0.00013681997581199563,0.051987767584097844,7.706406408076956e-05,0.05300713557594294,4.033419834962327e-05,0.05402650356778782,3.2733224800454144e-05,2.0,1.0,0.0,0.0,0.0
22,13:26:48,7,0.048929663608562546,39102.0,0.049439347604485206,0.048929663608562546,5.590393449066325e-06,0.047910295616717447,2.0179113616873225e-05,0.04689092762487257,2.2876478456047726e-05,0.04587155963302747,1.4260407149021819e-05,0.04485219164118237,8.777898485814668e-06,0.04994903160040787,7.821646974790167e-06,0.050968399592252744,0.00013681997581199563,0.051987767584097844,7.713762188930991e-05,0.05300713557594294,4.033419834962327e-05,0.05402650356778782,3.2733224800454144e-05,1.0,1.0,0.0,0.0,0.0
22,13:26:51,7,0.048929663608562546,51450.0,0.049439347604485206,0.048929663608562546,6.1543366478756476e-06,0.047910295616717447,2.0179113616873225e-05,0.04689092762487257,2.2876478456047726e-05,0.04587155963302747,1.4260407149021819e-05,0.04485219164118237,8.777898485814668e-06,0.04994903160040787,1.0886555663971265e-05,0.050968399592252744,0.00013689353362053596,0.051987767584097844,7.726021823687715e-05,0.05300713557594294,4.033419834962327e-05,0.05402650356778782,3.2733224800454144e-05,1.0,0.0,0.0,0.0,0.0
22,13:26:54,7,0.04994903160040787,767350.0,0.050458715596330084,0.04994903160040787,9.930304152946762e-06,0.048929663608562546,6.1543366478756476e-06,0.047910295616717447,2.0179113616873225e-05,0.04689092762487257,2.2876478456047726e-05,0.04587155963302747,1.4260407149021819e-05,0.050968399592252744,0.0001373103612022646,0.051987767584097844,7.726021823687715e-05,0.05300713557594294,4.033419834962327e-05,0.05402650356778782,3.25125513748331e-05,0.05504587155963292,7.475925274650537e-05,0.0,0.0,0.0,0.0,0.0
22,13:26:57,7,0.04994903160040787,163770.0,0.050458715596330084,0.04994903160040787,6.031740300308404e-06,0.048929663608562546,6.1543366478756476e-06,0.047910295616717447,2.0179113616873225e-05,0.04689092762487257,2.2876478456047726e-05,0.04587155963302747,1.4260407149021819e-05,0.050968399592252744,0.0001373103612022646,0.051987767584097844,7.728473750639061e-05,0.05300713557594294,4.0456794697190514e-05,0.05402650356778782,3.25125513748331e-05,0.05504587155963292,7.475925274650537e-05,0.0,0.0,0.0,0.0,0.0
22,13:27:00,7,0.04994903160040787,38110.0,0.050458715596330084,0.04994903160040787,5.222604406364593e-06,0.048929663608562546,6.1543366478756476e-06,0.047910295616717447,2.049786412054806e-05,0.04689092762487257,2.2876478456047726e-05,0.04587155963302747,1.4260407149021819e-05,0.050968399592252744,0.00013748199608885876,0.051987767584097844,7.728473750639061e-05,0.05300713557594294,4.0456794697190514e-05,0.05402650356778782,3.25125513748331e-05,0.05504587155963292,7.475925274650537e-05,0.0,0.0,0.0,0.0,0.0
22,13:27:03,7,0.048929663608562546,524476.0,0.049439347604485206,0.048929663608562546,5.663951257606672e-06,0.047910295616717447,2.049786412054806e-05,0.04689092762487257,2.2876478456047726e-05,0.04587155963302747,1.4260407149021819e-05,0.04485219164118237,8.777898485814668e-06,0.04994903160040787,5.394239292958735e-07,0.050968399592252744,0.00013145025578855033,0.051987767584097844,7.71866604283368e-05,0.05300713557594294,4.0456794697190514e-05,0.05402650356778782,3.25125513748331e-05,1.0,0.0,0.0,0.0,0.0
22,13:27:06,7,0.04994903160040787,10300.0,0.049439347604485206,0.048929663608562546,6.546644960090829e-06,0.047910295616717447,2.0595941198601853e-05,0.04689092762487257,2.2876478456047726e-05,0.04587155963302747,1.4260407149021819e-05,0.04485219164118237,8.777898485814668e-06,0.04994903160040787,3.1875050367483437e-07,0.050968399592252744,0.00013145025578855033,0.051987767584097844,7.71866604283368e-05,0.05300713557594294,4.0456794697190514e-05,0.05402650356778782,3.25125513748331e-05,0.0,0.0,1.0,0.0,0.0
22,13:27:09,7,0.04994903160040787,92690.0,0.049439347604485206,0.048929663608562546,6.30145226495634e-06,0.047910295616717447,2.0595941198601853e-05,0.04689092762487257,2.2876478456047726e-05,0.04587155963302747,1.4260407149021819e-05,0.04485219164118237,8.777898485814668e-06,0.04994903160040787,2.550004029398675e-06,0.050968399592252744,0.00013265169999470932,0.051987767584097844,7.71866604283368e-05,0.05300713557594294,4.0456794697190514e-05,0.05402650356778782,3.25125513748331e-05,0.0,0.0,0.0,0.0,0.0
22,13:27:12,7,0.048929663608562546,102981.0,0.049439347604485206,0.048929663608562546,5.835586144200813e-06,0.047910295616717447,2.069401827665565e-05,0.04689092762487257,2.2876478456047726e-05,0.04587155963302747,1.4260407149021819e-05,0.04485219164118237,8.777898485814668e-06,0.04994903160040787,6.620202768631175e-07,0.050968399592252744,0.00013265169999470932,0.051987767584097844,7.71866604283368e-05,0.05300713557594294,4.0456794697190514e-05,0.05402650356778782,3.25125513748331e-05,0.0,0.0,0.0,0.0,0.0
22,13:27:15,7,0.048929663608562546,136857.0,0.049439347604485206,0.048929663608562546,2.5745232989121237e-06,0.047910295616717447,2.069401827665565e-05,0.04689092762487257,2.2876478456047726e-05,0.04587155963302747,1.4260407149021819e-05,0.04485219164118237,8.777898485814668e-06,0.04994903160040787,8.826937024841567e-07,0.050968399592252744,0.00013265169999470932,0.051987767584097844,7.789771924422683e-05,0.05300713557594294,4.0456794697190514e-05,0.05402650356778782,3.25125513748331e-05,0.0,0.0,0.0,0.0,0.0
22,13:27:18,7,0.04994903160040787,17500.0,0.049439347604485206,0.048929663608562546,2.3293306037776356e-06,0.047910295616717447,2.069401827665565e-05,0.04689092762487257,2.2876478456047726e-05,0.04587155963302747,1.4235887879508372e-05,0.04485219164118237,8.777898485814668e-06,0.04994903160040787,1.3485598232396838e-06,0.050968399592252744,0.0001328968926898438,0.051987767584097844,7.998185715286997e-05,0.05300713557594294,4.0456794697190514e-05,0.05402650356778782,3.25125513748331e-05,0.0,0.0,0.0,0.0,0.0
22,13:27:21,7,0.04994903160040787,98785.0,0.048929663608562546,0.047910295616717447,2.069401827665565e-05,0.04689092762487257,2.2876478456047726e-05,0.04587155963302747,1.4235887879508372e-05,0.04485219164118237,5.663951257606672e-06,0.04383282364933727,7.355780854034638e-07,0.04994903160040787,1.7653874049683134e-06,0.050968399592252744,0.00013265169999470932,0.051987767584097844,8.000637642238342e-05,0.05300713557594294,4.0456794697190514e-05,0.05402650356778782,3.25125513748331e-05,0.0,0.0,0.0,0.0,0.0
22,13:27:24,7,0.04994903160040787,0.0,0.048929663608562546,0.047910295616717447,2.069401827665565e-05,0.04689092762487257,2.2876478456047726e-05,0.04587155963302747,1.4235887879508372e-05,0.04485219164118237,5.663951257606672e-06,0.04383282364933727,7.355780854034638e-07,0.04994903160040787,5.2471236758780425e-06,0.050968399592252744,0.00013260266145568244,0.051987767584097844,8.000637642238342e-05,0.05300713557594294,4.0456794697190514e-05,0.05402650356778782,3.25125513748331e-05,0.0,0.0,0.0,0.0,0.0
22,13:27:27,7,0.04994903160040787,0.0,0.04841997961264011,0.047910295616717447,2.069401827665565e-05,0.04689092762487257,2.2631285760913238e-05,0.04587155963302747,1.4235887879508372e-05,0.04485219164118237,5.663951257606672e-06,0.04383282364933727,7.355780854034638e-07,0.048929663608562546,1.1524056671320934e-06,0.04994903160040787,9.243764606570196e-06,0.050968399592252744,0.00013260266145568244,0.051987767584097844,8.000637642238342e-05,0.05300713557594294,4.0456794697190514e-05,1.0,0.0,0.0,0.0,0.0
22,13:27:30,7,0.047910295616717447,27766.0,0.04841997961264011,0.047910295616717447,1.414737331656482e-05,0.04689092762487257,2.238609306577875e-05,0.04587155963302747,1.4235887879508372e-05,0.04485219164118237,5.663951257606672e-06,0.04383282364933727,7.355780854034638e-07,0.048929663608562546,9.072129719976055e-07,0.04994903160040787,9.734149996839172e-06,0.050968399592252744,0.00013260266145568244,0.051987767584097844,8.003089569189686e-05,0.05300713557594294,4.0456794697190514e-05,0.0,0.0,0.0,0.0,0.0
22,13:27:33,7,0.047910295616717447,24672.0,0.04841997961264011,0.047910295616717447,1.355891084824205e-05,0.04689092762487257,2.238609306577875e-05,0.04587155963302747,1.4235887879508372e-05,0.04485219164118237,5.811066874687365e-06,0.04383282364933727,7.355780854034638e-07,0.048929663608562546,5.811066874687365e-06,0.04994903160040787,1.1352421784726792e-05,0.050968399592252744,0.00013272525780324968,0.051987767584097844,7.767704581860578e-05,0.05300713557594294,4.0456794697190514e-05,0.0,1.0,0.0,0.0,0.0
22,13:27:36,7,0.047910295616717447,2056.0,0.04841997961264011,0.047910295616717447,1.3264679614080665e-05,0.04689092762487257,2.238609306577875e-05,0.04587155963302747,1.4235887879508372e-05,0.04485219164118237,5.811066874687365e-06,0.04383282364933727,7.355780854034638e-07,0.048929663608562546,5.811066874687365e-06,0.04994903160040787,1.2504827451858885e-05,0.050968399592252744,0.00013272525780324968,0.051987767584097844,7.767704581860578e-05,0.05300713557594294,4.0456794697190514e-05,0.0,2.0,0.0,0.0,0.0
22,13:27:39,7,0.048929663608562546,58618.0,0.04841997961264011,0.047910295616717447,1.2406505181109957e-05,0.04689092762487257,2.238609306577875e-05,0.04587155963302747,1.4235887879508372e-05,0.04485219164118237,5.811066874687365e-06,0.04383282364933727,7.355780854034638e-07,0.048929663608562546,5.3206814844183884e-06,0.04994903160040787,1.3755310197044774e-05,0.050968399592252744,0.00013272525780324968,0.051987767584097844,7.767704581860578e-05,0.05300713557594294,4.0456794697190514e-05,0.0,1.0,0.0,0.0,0.0
22,13:27:42,7,0.048929663608562546,513002.0,0.04841997961264011,0.047910295616717447,8.088907012486758e-07,0.04689092762487257,2.24106123352922e-05,0.04587155963302747,1.3990695184373883e-05,0.04485219164118237,5.590393449066325e-06,0.04383282364933727,7.355780854034638e-07,0.048929663608562546,4.585103399014924e-06,0.04994903160040787,1.8781760447301776e-05,0.050968399592252744,0.00013272525780324968,0.051987767584097844,7.767704581860578e-05,0.05300713557594294,4.0456794697190514e-05,0.0,1.0,0.0,0.0,0.0
22,13:27:45,7,0.04689092762487257,54469.0,0.04740061162079501,0.04689092762487257,2.2288015987724956e-05,0.04587155963302747,1.3990695184373883e-05,0.04485219164118237,5.590393449066325e-06,0.04383282364933727,7.110588158900151e-07,0.042813455657492394,6.6937605771715214e-06,0.047910295616717447,5.860350606409397e-06,0.048929663608562546,4.609622668528374e-06,0.04994903160040787,2.3023594073128418e-05,0.050968399592252744,0.00013164640994465794,0.051987767584097844,7.767704581860578e-05,1.0,1.0,1.0,1.0,0.0
22,13:27:48,7,0.04689092762487257,0.0,0.04740061162079501,0.04689092762487257,2.2288015987724956e-05,0.04587155963302747,1.3990695184373883e-05,0.04485219164118237,5.590393449066325e-06,0.04383282364933727,7.110588158900151e-07,0.042813455657492394,6.6937605771715214e-06,0.047910295616717447,3.26106284528869e-06,0.048929663608562546,4.707699746582169e-06,0.04994903160040787,2.3930807045126026e-05,0.050968399592252744,0.0001312295823629293,0.051987767584097844,7.767704581860578e-05,2.0,1.0,1.0,1.0,0.0
22,13:27:51,7,0.048929663608562546,205652.0,0.04740061162079501,0.04689092762487257,2.2337054526751854e-05,0.04587155963302747,1.3990695184373883e-05,0.04485219164118237,5.590393449066325e-06,0.04383282364933727,7.110588158900151e-07,0.042813455657492394,6.6937605771715214e-06,0.047910295616717447,4.168275817286295e-07,0.048929663608562546,3.898563852638359e-06,0.04994903160040787,2.4151480470747064e-05,0.050968399592252744,0.0001312295823629293,0.051987767584097844,7.777512289665958e-05,2.0,1.0,0.0,0.0,0.0
22,13:27:54,7,0.048929663608562546,0.0,0.04740061162079501,0.04689092762487257,2.23615737962653e-05,0.04587155963302747,1.3990695184373883e-05,0.04485219164118237,5.443277831985633e-06,0.04383282364933727,7.110588158900151e-07,0.042813455657492394,6.6937605771715214e-06,0.047910295616717447,8.33655163457259e-07,0.048929663608562546,3.898563852638359e-06,0.04994903160040787,2.44702309744219e-05,0.050968399592252744,0.0001312295823629293,0.051987767584097844,7.777512289665958e-05,2.0,1.0,0.0,0.0,0.0
22,13:27:57,7,0.04689092762487257,156104.0,0.04740061162079501,0.04689092762487257,1.9223107298543855e-05,0.04587155963302747,1.3990695184373883e-05,0.04485219164118237,5.443277831985633e-06,0.04383282364933727,7.110588158900151e-07,0.042813455657492394,6.6937605771715214e-06,0.047910295616717447,2.4274076818314307e-06,0.048929663608562546,3.898563852638359e-06,0.04994903160040787,2.54755210244733e-05,0.050968399592252744,0.0001312295823629293,0.051987767584097844,7.777512289665958e-05,2.0,1.0,0.0,0.0,0.0
22,13:28:00,7,0.04689092762487257,26702.0,0.04740061162079501,0.04689092762487257,1.2774539416506823e-05,0.04587155963302747,1.3990695184373883e-05,0.04485219164118237,5.443277831985633e-06,0.04383282364933727,7.110588158900151e-07,0.042813455657492394,6.6937605771715214e-06,0.047910295616717447,2.4274076818314307e-06,0.048929663608562546,3.898563852638359e-06,0.04994903160040787,2.5892348606201928e-05,0.050968399592252744,0.0001312295823629293,0.051987767584097844,7.777512289665958e-05,1.0,1.0,0.0,0.0,0.0
22,13:28:03,7,0.048929663608562546,452303.0,0.04841997961264011,0.047910295616717447,2.03509936961625e-06,0.04689092762487257,8.459147982139834e-06,0.04587155963302747,1.3990695184373883e-05,0.04485219164118237,5.443277831985633e-06,0.04383282364933727,7.110588158900151e-07,0.048929663608562546,2.03509936961625e-06,0.04994903160040787,2.626013764890366e-05,0.050968399592252744,0.0001312295823629293,0.051987767584097844,7.777512289665958e-05,0.05300713557594294,4.0456794697190514e-05,0.0,0.0,1.0,0.0,1.0
22,13:28:06,7,0.047910295616717447,542673.0,0.048929663608562546,0.047910295616717447,1.3730790927531326e-06,0.04689092762487257,8.459147982139834e-06,0.04587155963302747,1.3990695184373883e-05,0.04485219164118237,5.443277831985633e-06,0.04383282364933727,7.110588158900151e-07,0.04994903160040787,1.6035602261795514e-05,0.050968399592252744,0.0001312295823629293,0.051987767584097844,7.777512289665958e-05,0.05300713557594294,4.0456794697190514e-05,0.05402650356778782,3.2022165984564126e-05,0.0,0.0,1.0,0.0,1.0
22,13:28:09,7,0.047910295616717447,45232.0,0.04841997961264011,0.047910295616717447,7.846166244303615e-07,0.04689092762487257,8.459147982139834e-06,0.04587155963302747,1.3990695184373883e-05,0.04485219164118237,5.369720023445286e-06,0.04383282364933727,7.110588158900151e-07,0.048929663608562546,2.4519269513448796e-08,0.04994903160040787,4.1314969130161224e-05,0.050968399592252744,0.0001312295823629293,0.051987767584097844,7.777512289665958e-05,0.05300713557594294,4.0456794697190514e-05,0.0,0.0,1.0,0.0,0.0
22,13:28:12,7,0.047910295616717447,19532.0,0.04841997961264011,0.047910295616717447,3.1875050367483437e-07,0.04689092762487257,8.459147982139834e-06,0.04587155963302747,1.3990695184373883e-05,0.04485219164118237,5.369720023445286e-06,0.04383282364933727,7.110588158900151e-07,0.048929663608562546,7.355780854034638e-07,0.04994903160040787,4.244285552777986e-05,0.050968399592252744,0.0001312295823629293,0.051987767584097844,7.630396672585265e-05,0.05300713557594294,4.0211602002056025e-05,0.0,0.0,0.0,0.0,0.0
22,13:28:15,7,0.047910295616717447,20560.0,0.04740061162079501,0.04689092762487257,8.459147982139834e-06,0.04587155963302747,1.3990695184373883e-05,0.04485219164118237,5.369720023445286e-06,0.04383282364933727,7.110588158900151e-07,0.042813455657492394,6.6937605771715214e-06,0.047910295616717447,5.5168356405259795e-06,0.048929663608562546,7.355780854034638e-07,0.04994903160040787,4.330102996075057e-05,0.050968399592252744,0.00013171996775319827,0.051987767584097844,7.630396672585265e-05,1.0,1.0,1.0,0.0,1.0
22,13:28:18,7,0.047910295616717447,115136.0,0.04740061162079501,0.04689092762487257,8.655302138247424e-06,0.04587155963302747,1.3990695184373883e-05,0.04485219164118237,5.369720023445286e-06,0.04383282364933727,7.110588158900151e-07,0.042813455657492394,6.6937605771715214e-06,0.047910295616717447,2.770677455019714e-06,0.048929663608562546,7.110588158900151e-07,0.04994903160040787,4.3840453890046445e-05,0.050968399592252744,0.00013171996775319827,0.051987767584097844,7.630396672585265e-05,1.0,1.0,1.0,0.0,1.0
22,13:28:21,7,0.047910295616717447,128500.0,0.04740061162079501,0.04689092762487257,8.655302138247424e-06,0.04587155963302747,9.086841281684123e-06,0.04485219164118237,5.369720023445286e-06,0.04383282364933727,7.110588158900151e-07,0.042813455657492394,6.6937605771715214e-06,0.047910295616717447,7.846166244303615e-07,0.048929663608562546,2.03509936961625e-06,0.04994903160040787,4.3840453890046445e-05,0.050968399592252744,0.00013171996775319827,0.051987767584097844,7.630396672585265e-05,1.0,0.0,0.0,0.0,1.0
22,13:28:24,7,0.047910295616717447,0.0,0.04740061162079501,0.04689092762487257,8.655302138247424e-06,0.04587155963302747,9.086841281684123e-06,0.04485219164118237,5.369720023445286e-06,0.04383282364933727,2.3268786768262906e-05,0.042813455657492394,6.6937605771715214e-06,0.047910295616717447,7.846166244303615e-07,0.048929663608562546,2.0596186391296986e-06,0.04994903160040787,4.401208877664059e-05,0.050968399592252744,0.00013171996775319827,0.051987767584097844,7.630396672585265e-05,1.0,0.0,0.0,0.0,1.0
22,13:28:27,7,0.047910295616717447,10275.0,0.04740061162079501,0.04689092762487257,7.748089166249819e-06,0.04587155963302747,9.086841281684123e-06,0.04485219164118237,5.369720023445286e-06,0.04383282364933727,2.3268786768262906e-05,0.042813455657492394,6.6937605771715214e-06,0.047910295616717447,6.620202768631175e-07,0.048929663608562546,5.443277831985633e-06,0.04994903160040787,4.474766686204405e-05,0.050968399592252744,0.00013171996775319827,0.051987767584097844,7.618137037828541e-05,1.0,0.0,0.0,0.0,1.0
22,13:28:30,7,0.04689092762487257,18486.0,0.04740061162079501,0.04689092762487257,7.282223045494292e-06,0.04587155963302747,9.086841281684123e-06,0.04485219164118237,5.369720023445286e-06,0.04383282364933727,2.3268786768262906e-05,0.042813455657492394,6.6937605771715214e-06,0.047910295616717447,9.56251511024503e-07,0.048929663608562546,5.982701761281507e-06,0.04994903160040787,4.48212246705844e-05,0.050968399592252744,0.00013171996775319827,0.051987767584097844,7.618137037828541e-05,1.0,0.0,1.0,0.0,1.0
22,13:28:33,7,0.04689092762487257,59566.0,0.04740061162079501,0.04689092762487257,5.663951257606672e-06,0.04587155963302747,9.086841281684123e-06,0.04485219164118237,5.369720023445286e-06,0.04383282364933727,2.3268786768262906e-05,0.042813455657492394,6.6937605771715214e-06,0.047910295616717447,9.56251511024503e-07,0.048929663608562546,5.982701761281507e-06,0.04994903160040787,4.6292380841391324e-05,0.050968399592252744,0.00013171996775319827,0.051987767584097844,7.618137037828541e-05,1.0,2.0,1.0,0.0,1.0
22,13:28:36,7,0.04689092762487257,6162.0,0.04740061162079501,0.04689092762487257,5.5168356405259795e-06,0.04587155963302747,9.086841281684123e-06,0.04485219164118237,5.369720023445286e-06,0.04383282364933727,2.3268786768262906e-05,0.042813455657492394,6.6937605771715214e-06,0.047910295616717447,9.56251511024503e-07,0.048929663608562546,5.982701761281507e-06,0.04994903160040787,4.6292380841391324e-05,0.050968399592252744,0.0001322348724129807,0.051987767584097844,7.618137037828541e-05,0.0,2.0,1.0,0.0,0.0
22,13:28:39,7,0.04689092762487257,129402.0,0.04740061162079501,0.04689092762487257,2.4274076818314307e-06,0.04587155963302747,8.841648586549636e-06,0.04485219164118237,5.369720023445286e-06,0.04383282364933727,2.3268786768262906e-05,0.042813455657492394,6.6937605771715214e-06,0.047910295616717447,9.807707805379518e-07,0.048929663608562546,6.178855917389097e-06,0.04994903160040787,4.626786157187788e-05,0.050968399592252744,0.0001322348724129807,0.051987767584097844,7.618137037828541e-05,0.0,2.0,1.0,0.0,0.0
22,13:28:42,7,0.04689092762487257,73944.0,0.04740061162079501,0.04689092762487257,1.1524056671320934e-06,0.04587155963302747,8.792610047522738e-06,0.04485219164118237,5.394239292958735e-06,0.04383282364933727,2.3268786768262906e-05,0.042813455657492394,6.6937605771715214e-06,0.047910295616717447,1.9860608305893523e-06,0.048929663608562546,7.6009735491691265e-06,0.04994903160040787,4.639045791944512e-05,0.050968399592252744,0.0001322348724129807,0.051987767584097844,7.618137037828541e-05,0.0,1.0,0.0,0.0,0.0
22,13:28:45,7,0.04689092762487257,25675.0,0.04740061162079501,0.04689092762487257,5.394239292958735e-07,0.04587155963302747,8.792610047522738e-06,0.04485219164118237,5.394239292958735e-06,0.04383282364933727,2.3268786768262906e-05,0.042813455657492394,6.6937605771715214e-06,0.047910295616717447,2.084137908643148e-06,0.048929663608562546,7.6009735491691265e-06,0.04994903160040787,4.648853499749892e-05,0.050968399592252744,0.0001322348724129807,0.051987767584097844,7.625492818682576e-05,0.0,1.0,1.0,0.0,0.0
22,13:28:48,7,0.04689092762487257,41100.0,0.04740061162079501,0.04689092762487257,4.903853902689759e-08,0.04587155963302747,8.792610047522738e-06,0.04485219164118237,5.394239292958735e-06,0.04383282364933727,2.3268786768262906e-05,0.042813455657492394,6.6937605771715214e-06,0.047910295616717447,1.6182717878876205e-06,0.048929663608562546,7.699050627222922e-06,0.04994903160040787,4.648853499749892e-05,0.050968399592252744,0.0001322348724129807,0.051987767584097844,7.625492818682576e-05,2.0,1.0,1.0,0.0,0.0
22,13:28:51,7,0.04587155963302747,12314.0,0.04638124362895013,0.04587155963302747,8.547417352388251e-06,0.04485219164118237,5.394239292958735e-06,0.04383282364933727,2.3268786768262906e-05,0.042813455657492394,6.6937605771715214e-06,0.041794087665647295,5.271642945391491e-06,0.04689092762487257,1.2750020146993375e-06,0.047910295616717447,1.4466369012934789e-06,0.048929663608562546,7.699050627222922e-06,0.04994903160040787,4.631690011090477e-05,0.050968399592252744,0.0001322348724129807,2.0,1.0,1.0,1.0,1.0
22,13:28:54,7,0.04587155963302747,0.0,0.04638124362895013,0.04587155963302747,8.547417352388251e-06,0.04485219164118237,5.394239292958735e-06,0.04383282364933727,2.3268786768262906e-05,0.042813455657492394,6.6937605771715214e-06,0.041794087665647295,5.271642945391491e-06,0.04689092762487257,1.2750020146993375e-06,0.047910295616717447,1.5447139793472742e-06,0.048929663608562546,7.699050627222922e-06,0.04994903160040787,4.670920842311996e-05,0.050968399592252744,0.00013272525780324968,2.0,1.0,1.0,1.0,0.0
22,13:28:57,7,0.04587155963302747,6156.0,0.04638124362895013,0.04587155963302747,8.400301735307558e-06,0.04485219164118237,6.669241307658072e-06,0.04383282364933727,2.3268786768262906e-05,0.042813455657492394,6.6937605771715214e-06,0.041794087665647295,5.271642945391491e-06,0.04689092762487257,2.010580100102801e-06,0.047910295616717447,1.5447139793472742e-06,0.048929663608562546,7.772608435763268e-06,0.04994903160040787,4.6758246962146854e-05,0.050968399592252744,0.00013272525780324968,2.0,1.0,1.0,1.0,0.0
22,13:29:00,7,0.04587155963302747,17442.0,0.04638124362895013,0.04587155963302747,8.155109040173069e-06,0.04485219164118237,6.669241307658072e-06,0.04383282364933727,2.3268786768262906e-05,0.042813455657492394,6.6937605771715214e-06,0.041794087665647295,5.271642945391491e-06,0.04689092762487257,2.010580100102801e-06,0.047910295616717447,1.9615415610759035e-06,0.048929663608562546,7.772608435763268e-06,0.04994903160040787,4.786161409025205e-05,0.050968399592252744,0.00013277429634227656,2.0,2.0,1.0,1.0,0.0
22,13:29:03,7,0.047910295616717447,170558.0,0.04841997961264011,0.047910295616717447,2.8197159940466115e-06,0.04587155963302747,1.7595027802850856e-05,0.04485219164118237,7.404819393061536e-06,0.04383282364933727,2.3268786768262906e-05,0.042813455657492394,6.6937605771715214e-06,0.048929663608562546,7.772608435763268e-06,0.04994903160040787,4.786161409025205e-05,0.050968399592252744,0.00013277429634227656,0.051987767584097844,7.659819796001404e-05,0.05300713557594294,4.0211602002056025e-05,0.0,0.0,0.0,1.0,0.0
22,13:29:06,7,0.047910295616717447,24672.0,0.04841997961264011,0.047910295616717447,2.2312535257238405e-06,0.04587155963302747,1.7349835107716367e-05,0.04485219164118237,9.194726067543298e-06,0.04383282364933727,2.3268786768262906e-05,0.042813455657492394,6.6937605771715214e-06,0.048929663608562546,8.532705790680182e-06,0.04994903160040787,4.908757756592449e-05,0.050968399592252744,0.00013277429634227656,0.051987767584097844,7.659819796001404e-05,0.05300713557594294,4.026064054108292e-05,0.0,0.0,0.0,1.0,0.0
22,13:29:09,7,0.047910295616717447,19532.0,0.04841997961264011,0.047910295616717447,1.7653874049683134e-06,0.04587155963302747,1.7349835107716367e-05,0.04485219164118237,9.194726067543298e-06,0.04383282364933727,2.3146190420695662e-05,0.042813455657492394,6.6937605771715214e-06,0.048929663608562546,8.655302138247424e-06,0.04994903160040787,4.908757756592449e-05,0.050968399592252744,0.00013277429634227656,0.051987767584097844,7.662271722952749e-05,0.05300713557594294,4.026064054108292e-05,0.0,0.0,0.0,0.0,0.0
22,13:29:12,7,0.047910295616717447,74016.0,0.04740061162079501,0.04689092762487257,5.149046597824247e-07,0.04587155963302747,1.7349835107716367e-05,0.04485219164118237,9.219245337056747e-06,0.04383282364933727,2.3146190420695662e-05,0.042813455657492394,6.987991811332907e-06,0.047910295616717447,4.168275817286295e-07,0.048929663608562546,1.1156267628619202e-05,0.04994903160040787,4.908757756592449e-05,0.050968399592252744,0.00013277429634227656,0.051987767584097844,7.662271722952749e-05,0.0,0.0,0.0,1.0,0.0
22,13:29:15,7,0.047910295616717447,0.0,0.04740061162079501,0.04689092762487257,5.149046597824247e-07,0.04587155963302747,1.7349835107716367e-05,0.04485219164118237,8.728859946787772e-06,0.04383282364933727,2.3146190420695662e-05,0.042813455657492394,6.987991811332907e-06,0.047910295616717447,1.7653874049683134e-06,0.048929663608562546,1.1156267628619202e-05,0.04994903160040787,4.908757756592449e-05,0.050968399592252744,0.00013277429634227656,0.051987767584097844,7.654915942098714e-05,1.0,0.0,0.0,1.0,0.0
22,13:29:18,7,0.047910295616717447,2056.0,0.04740061162079501,0.04689092762487257,5.149046597824247e-07,0.04587155963302747,1.7349835107716367e-05,0.04485219164118237,8.728859946787772e-06,0.04383282364933727,2.3146190420695662e-05,0.042813455657492394,6.987991811332907e-06,0.047910295616717447,1.9615415610759035e-06,0.048929663608562546,1.1156267628619202e-05,0.04994903160040787,4.8499115097601715e-05,0.050968399592252744,0.00013277429634227656,0.051987767584097844,7.654915942098714e-05,1.0,1.0,0.0,1.0,0.0
22,13:29:21,7,0.04689092762487257,21567.0,0.04638124362895013,0.04587155963302747,1.7496950724797062e-05,0.04485219164118237,8.728859946787772e-06,0.04383282364933727,2.339138311583015e-05,0.042813455657492394,6.987991811332907e-06,0.041794087665647295,5.762028335660467e-06,0.04689092762487257,4.4134685124207834e-07,0.047910295616717447,2.4519269513448794e-06,0.048929663608562546,1.1156267628619202e-05,0.04994903160040787,4.8964981218357244e-05,0.050968399592252744,0.0001328968926898438,2.0,1.0,1.0,1.0,1.0
22,13:29:24,7,0.04689092762487257,3081.0,0.04638124362895013,0.04587155963302747,1.7496950724797062e-05,0.04485219164118237,8.728859946787772e-06,0.04383282364933727,2.339138311583015e-05,0.042813455657492394,6.987991811332907e-06,0.041794087665647295,5.762028335660467e-06,0.04689092762487257,3.677890427017319e-07,0.047910295616717447,2.8932738025869578e-06,0.048929663608562546,1.1156267628619202e-05,0.04994903160040787,4.8964981218357244e-05,0.050968399592252744,0.0001328968926898438,2.0,1.0,1.0,1.0,0.0
22,13:29:27,7,0.04689092762487257,0.0,0.04638124362895013,0.04587155963302747,1.7496950724797062e-05,0.04485219164118237,8.728859946787772e-06,0.04383282364933727,2.339138311583015e-05,0.042813455657492394,6.987991811332907e-06,0.041794087665647295,5.762028335660467e-06,0.04689092762487257,6.865395463765663e-07,0.047910295616717447,2.8932738025869578e-06,0.048929663608562546,1.1278863976186446e-05,0.04994903160040787,4.8964981218357244e-05,0.050968399592252744,0.0001328968926898438,1.0,1.0,1.0,1.0,1.0
22,13:29:30,7,0.04587155963302747,538951.0,0.04740061162079501,0.04587155963302747,2.0537340144464712e-05,0.04485219164118237,8.189436017491898e-06,0.04383282364933727,2.2900997725561174e-05,0.042813455657492394,6.987991811332907e-06,0.041794087665647295,5.762028335660467e-06,0.048929663608562546,2.500965490371777e-06,0.04994903160040787,5.065681081478521e-05,0.050968399592252744,0.0001328968926898438,0.051987767584097844,7.654915942098714e-05,0.05300713557594294,4.026064054108292e-05,0.0,0.0,0.0,1.0,0.0
22,13:29:33,7,0.04587155963302747,13338.0,0.04740061162079501,0.04587155963302747,2.0218589640789877e-05,0.04485219164118237,8.189436017491898e-06,0.04383282364933727,2.2900997725561174e-05,0.042813455657492394,6.987991811332907e-06,0.041794087665647295,5.762028335660467e-06,0.048929663608562546,3.5798133489635243e-06,0.04994903160040787,5.2814506531968706e-05,0.050968399592252744,0.0001328968926898438,0.051987767584097844,7.654915942098714e-05,0.05300713557594294,4.026064054108292e-05,1.0,0.0,0.0,1.0,0.0
22,13:29:36,7,0.04689092762487257,4108.0,0.04740061162079501,0.04689092762487257,1.1278863976186446e-06,0.04587155963302747,2.0218589640789877e-05,0.04485219164118237,8.189436017491898e-06,0.04383282364933727,2.2900997725561174e-05,0.042813455657492394,6.840876194252214e-06,0.047910295616717447,1.0543285890782983e-06,0.048929663608562546,3.5798133489635243e-06,0.04994903160040787,5.342748826980493e-05,0.050968399592252744,0.0001328968926898438,0.051987767584097844,7.654915942098714e-05,0.0,0.0,0.0,0.0,0.0
22,13:29:39,7,0.047910295616717447,134454.0,0.04689092762487257,0.04587155963302747,1.815897100166018e-05,0.04485219164118237,8.189436017491898e-06,0.04383282364933727,2.2900997725561174e-05,0.042813455657492394,6.840876194252214e-06,0.041794087665647295,5.762028335660467e-06,0.047910295616717447,5.075488789283901e-06,0.048929663608562546,3.702409696530768e-06,0.04994903160040787,5.342748826980493e-05,0.050968399592252744,0.0001328968926898438,0.051987767584097844,7.654915942098714e-05,0.0,0.0,1.0,0.0,0.0
22,13:29:42,7,0.04689092762487257,22574.0,0.04638124362895013,0.04587155963302747,1.76685856113912e-05,0.04485219164118237,8.213955287005347e-06,0.04383282364933727,2.2900997725561174e-05,0.042813455657492394,6.840876194252214e-06,0.041794087665647295,5.762028335660467e-06,0.04689092762487257,1.4711561708069277e-07,0.047910295616717447,6.375010073496687e-06,0.048929663608562546,3.702409696530768e-06,0.04994903160040787,5.3599123156399066e-05,0.050968399592252744,0.0001328968926898438,1.0,1.0,1.0,0.0,0.0
22,13:29:45,7,0.047910295616717447,25689.0,0.04689092762487257,0.04587155963302747,1.8281567349227423e-05,0.04485219164118237,8.213955287005347e-06,0.04383282364933727,2.2900997725561174e-05,0.042813455657492394,6.840876194252214e-06,0.041794087665647295,5.762028335660467e-06,0.047910295616717447,6.350490803983238e-06,0.048929663608562546,4.094718008745949e-06,0.04994903160040787,5.372171950396631e-05,0.050968399592252744,0.0001328968926898438,0.051987767584097844,7.659819796001404e-05,0.0,0.0,1.0,0.0,0.0
22,13:29:48,7,0.047910295616717447,0.0,0.04740061162079501,0.04689092762487257,9.807707805379519e-08,0.04587155963302747,1.8281567349227423e-05,0.04485219164118237,8.213955287005347e-06,0.04383282364933727,2.2900997725561174e-05,0.042813455657492394,6.840876194252214e-06,0.047910295616717447,6.350490803983238e-06,0.048929663608562546,6.546644960090829e-06,0.04994903160040787,5.347652680883182e-05,0.050968399592252744,0.0001328968926898438,0.051987767584097844,7.659819796001404e-05,0.0,0.0,0.0,0.0,0.0
22,13:29:51,7,0.04587155963302747,92404.0,0.04638124362895013,0.04587155963302747,1.6908488256474288e-05,0.04485219164118237,8.238474556518795e-06,0.04383282364933727,2.2900997725561174e-05,0.042813455657492394,6.840876194252214e-06,0.041794087665647295,5.762028335660467e-06,0.04689092762487257,2.6971196464793676e-06,0.047910295616717447,5.860105413714262e-06,0.048929663608562546,6.546644960090829e-06,0.04994903160040787,5.347652680883182e-05,0.050968399592252744,0.0001328968926898438,1.0,1.0,1.0,1.0,0.0
22,13:29:54,7,0.04689092762487257,11297.0,0.04638124362895013,0.04587155963302747,1.6908488256474288e-05,0.04485219164118237,8.238474556518795e-06,0.04383282364933727,2.2900997725561174e-05,0.042813455657492394,6.840876194252214e-06,0.041794087665647295,5.884624683227711e-06,0.04689092762487257,2.6971196464793676e-06,0.047910295616717447,5.90914395274116e-06,0.048929663608562546,6.1543366478756476e-06,0.04994903160040787,5.347652680883182e-05,0.050968399592252744,0.0001328968926898438,1.0,1.0,1.0,0.0,0.0
22,13:29:57,7,0.04587155963302747,57456.0,0.04638124362895013,0.04587155963302747,1.5976756014963236e-05,0.04485219164118237,8.238474556518795e-06,0.04383282364933727,2.2900997725561174e-05,0.042813455657492394,6.6937605771715214e-06,0.041794087665647295,5.884624683227711e-06,0.04689092762487257,5.1490465978242474e-06,0.047910295616717447,7.6009735491691265e-06,0.048929663608562546,6.399529343010135e-06,0.04994903160040787,5.59284537601767e-05,0.050968399592252744,0.00013292141195935726,1.0,1.0,1.0,0.0,0.0
22,13:30:00,7,0.04587155963302747,17442.0,0.04638124362895013,0.04587155963302747,1.5559928433234604e-05,0.04485219164118237,8.459147982139834e-06,0.04383282364933727,2.2900997725561174e-05,0.042813455657492394,6.6937605771715214e-06,0.041794087665647295,5.884624683227711e-06,0.04689092762487257,5.1490465978242474e-06,0.047910295616717447,5.71298979663357e-06,0.048929663608562546,6.399529343010135e-06,0.04994903160040787,5.59774922992036e-05,0.050968399592252744,0.00013292141195935726,1.0,1.0,1.0,0.0,0.0
22,13:30:03,7,0.04689092762487257,283434.0,0.04638124362895013,0.04587155963302747,1.4579157652696653e-05,0.04485219164118237,8.459147982139834e-06,0.04383282364933727,2.2900997725561174e-05,0.042813455657492394,6.6937605771715214e-06,0.041794087665647295,5.884624683227711e-06,0.04689092762487257,9.807707805379519e-08,0.047910295616717447,3.4572170013962804e-06,0.048929663608562546,6.644722038144624e-06,0.04994903160040787,5.59774922992036e-05,0.050968399592252744,0.00013292141195935726,1.0,1.0,2.0,2.0,2.0
22,13:30:06,7,0.04587155963302747,29754.0,0.04638124362895013,0.04587155963302747,1.5805121128369093e-05,0.04485219164118237,8.459147982139834e-06,0.04383282364933727,2.2900997725561174e-05,0.042813455657492394,6.6937605771715214e-06,0.041794087665647295,5.884624683227711e-06,0.04689092762487257,3.4326977318828314e-07,0.047910295616717447,3.4572170013962804e-06,0.048929663608562546,6.644722038144624e-06,0.04994903160040787,5.624720426385154e-05,0.050968399592252744,0.00013292141195935726,1.0,1.0,2.0,2.0,1.0
22,13:30:09,7,0.04587155963302747,105678.0,0.04638124362895013,0.04587155963302747,1.3279636368483868e-05,0.04485219164118237,8.459147982139834e-06,0.04383282364933727,2.2900997725561174e-05,0.042813455657492394,6.6937605771715214e-06,0.041794087665647295,5.884624683227711e-06,0.04689092762487257,5.149046597824247e-07,0.047910295616717447,3.359139923342485e-06,0.048929663608562546,6.644722038144624e-06,0.04994903160040787,5.649239695898603e-05,0.050968399592252744,0.00013292141195935726,1.0,1.0,1.0,0.0,1.0
22,13:30:12,7,0.04689092762487257,20523.0,0.04638124362895013,0.04587155963302747,1.323059782945697e-05,0.04485219164118237,8.459147982139834e-06,0.04383282364933727,2.2900997725561174e-05,0.042813455657492394,6.6937605771715214e-06,0.041794087665647295,5.884624683227711e-06,0.04689092762487257,4.4134685124207834e-07,0.047910295616717447,3.432697731882831e-06,0.048929663608562546,8.189436017491898e-06,0.04994903160040787,5.649239695898603e-05,0.050968399592252744,0.00013279881561179002,1.0,1.0,1.0,0.0,0.0
22,13:30:15,7,0.04587155963302747,80028.0,0.04638124362895013,0.04587155963302747,1.1489729694002106e-05,0.04485219164118237,8.459147982139834e-06,0.04383282364933727,2.2900997725561174e-05,0.042813455657492394,6.6937605771715214e-06,0.041794087665647295,5.884624683227711e-06,0.04689092762487257,4.4134685124207834e-07,0.047910295616717447,3.432697731882831e-06,0.048929663608562546,1.0641362968836777e-05,0.04994903160040787,5.705634015779535e-05,0.050968399592252744,0.00013279881561179002,1.0,1.0,1.0,0.0,0.0
22,13:30:18,7,0.04587155963302747,9239.0,0.04638124362895013,0.04587155963302747,1.1318094807407965e-05,0.04485219164118237,8.655302138247424e-06,0.04383282364933727,2.2900997725561174e-05,0.042813455657492394,6.767318385711867e-06,0.041794087665647295,5.884624683227711e-06,0.04689092762487257,3.1875050367483437e-07,0.047910295616717447,3.923083122151807e-06,0.048929663608562546,1.0763959316404021e-05,0.04994903160040787,5.6982782349255005e-05,0.050968399592252744,0.00013279881561179002,1.0,1.0,1.0,0.0,0.0
22,13:30:21,7,0.04587155963302747,47196.0,0.04638124362895013,0.04587155963302747,1.0435401104923807e-05,0.04485219164118237,8.655302138247424e-06,0.04383282364933727,2.2900997725561174e-05,0.042813455657492394,7.012511080846356e-06,0.041794087665647295,5.884624683227711e-06,0.04689092762487257,3.1875050367483437e-07,0.047910295616717447,3.923083122151807e-06,0.048929663608562546,1.0763959316404021e-05,0.04994903160040787,5.749768700903743e-05,0.050968399592252744,0.00013279881561179002,1.0,1.0,1.0,1.0,0.0
22,13:30:24,7,0.04587155963302747,0.0,0.04638124362895013,0.04587155963302747,1.080319014762554e-05,0.04485219164118237,8.655302138247424e-06,0.04383282364933727,2.265580503042669e-05,0.042813455657492394,7.012511080846356e-06,0.041794087665647295,5.884624683227711e-06,0.04689092762487257,3.1875050367483437e-07,0.047910295616717447,3.8740445831249095e-06,0.048929663608562546,1.0763959316404021e-05,0.04994903160040787,5.749768700903743e-05,0.050968399592252744,0.00013279881561179002,1.0,1.0,1.0,0.0,0.0
22,13:30:27,7,0.04587155963302747,33858.0,0.04638124362895013,0.04587155963302747,1.0018573523195177e-05,0.04485219164118237,8.630782868733977e-06,0.04383282364933727,2.265580503042669e-05,0.042813455657492394,7.012511080846356e-06,0.041794087665647295,5.884624683227711e-06,0.04689092762487257,5.394239292958735e-07,0.047910295616717447,3.8740445831249095e-06,0.048929663608562546,1.0763959316404021e-05,0.04994903160040787,5.80371109383333e-05,0.050968399592252744,0.00013279881561179002,1.0,1.0,1.0,1.0,0.0
22,13:30:30,7,0.04587155963302747,18469.0,0.04638124362895013,0.04587155963302747,1.0092131331735525e-05,0.04485219164118237,8.630782868733977e-06,0.04383282364933727,2.265580503042669e-05,0.042813455657492394,7.012511080846356e-06,0.041794087665647295,5.884624683227711e-06,0.04689092762487257,9.072129719976055e-07,0.047910295616717447,3.8740445831249095e-06,0.048929663608562546,1.0763959316404021e-05,0.04994903160040787,5.8110668746873644e-05,0.050968399592252744,0.00013279881561179002,1.0,1.0,1.0,0.0,0.0
22,13:30:33,7,0.04587155963302747,14364.0,0.04638124362895013,0.04587155963302747,9.748861558547241e-06,0.04485219164118237,8.630782868733977e-06,0.04383282364933727,2.2900997725561174e-05,0.042813455657492394,7.012511080846356e-06,0.041794087665647295,5.884624683227711e-06,0.04689092762487257,1.7653874049683134e-06,0.047910295616717447,3.8740445831249095e-06,0.048929663608562546,1.0960113472511611e-05,0.04994903160040787,5.835586144200813e-05,0.050968399592252744,0.00013270073853373623,1.0,2.0,1.0,0.0,0.0
22,13:30:36,7,0.04587155963302747,0.0,0.04638124362895013,0.04587155963302747,9.748861558547241e-06,0.04485219164118237,9.292803145597093e-06,0.04383282364933727,2.2900997725561174e-05,0.042813455657492394,7.012511080846356e-06,0.041794087665647295,5.884624683227711e-06,0.04689092762487257,1.8634644830221085e-06,0.047910295616717447,3.8740445831249095e-06,0.048929663608562546,1.140146032375369e-05,0.04994903160040787,5.860105413714262e-05,0.050968399592252744,0.00013270073853373623,1.0,2.0,1.0,0.0,0.0
22,13:30:39,7,0.04587155963302747,14364.0,0.04638124362895013,0.04587155963302747,9.405591785358958e-06,0.04485219164118237,9.292803145597093e-06,0.04383282364933727,2.2900997725561174e-05,0.042813455657492394,7.012511080846356e-06,0.041794087665647295,5.884624683227711e-06,0.04689092762487257,1.8634644830221085e-06,0.047910295616717447,5.737509066147018e-06,0.048929663608562546,1.240675037380509e-05,0.04994903160040787,5.860105413714262e-05,0.050968399592252744,0.00013270073853373623,1.0,2.0,0.0,0.0,0.0
22,13:30:42,7,0.04689092762487257,20523.0,0.04638124362895013,0.04587155963302747,8.743571508495841e-06,0.04485219164118237,9.537995840731582e-06,0.04383282364933727,2.2900997725561174e-05,0.042813455657492394,7.012511080846356e-06,0.041794087665647295,5.884624683227711e-06,0.04689092762487257,2.2067342562103917e-06,0.047910295616717447,5.737509066147018e-06,0.048929663608562546,1.240675037380509e-05,0.04994903160040787,5.8723650484709866e-05,0.050968399592252744,0.00013270073853373623,1.0,2.0,0.0,0.0,0.0
22,13:30:45,7,0.04689092762487257,63664.0,0.04638124362895013,0.04587155963302747,8.522898082874802e-06,0.04485219164118237,9.537995840731582e-06,0.04383282364933727,2.2900997725561174e-05,0.042813455657492394,6.938953272306009e-06,0.041794087665647295,5.884624683227711e-06,0.04689092762487257,9.317322415110542e-07,0.047910295616717447,5.737509066147018e-06,0.048929663608562546,1.240675037380509e-05,0.04994903160040787,5.8723650484709866e-05,0.050968399592252744,0.00013270073853373623,1.0,2.0,0.0,0.0,0.0
22,13:30:48,7,0.04689092762487257,0.0,0.04638124362895013,0.04587155963302747,8.522898082874802e-06,0.04485219164118237,9.78318853586607e-06,0.04383282364933727,2.2900997725561174e-05,0.042813455657492394,6.938953272306009e-06,0.041794087665647295,5.884624683227711e-06,0.04689092762487257,1.0543285890782983e-06,0.047910295616717447,5.737509066147018e-06,0.048929663608562546,1.240675037380509e-05,0.04994903160040787,5.8723650484709866e-05,0.050968399592252744,0.00013270073853373623,2.0,2.0,1.0,0.0,0.0
22,13:30:51,7,0.04587155963302747,180831.0,0.04638124362895013,0.04587155963302747,7.860877806011684e-06,0.04485219164118237,9.78318853586607e-06,0.04383282364933727,2.2900997725561174e-05,0.042813455657492394,6.938953272306009e-06,0.041794087665647295,5.884624683227711e-06,0.04689092762487257,3.1875050367483437e-07,0.047910295616717447,3.138466497721446e-06,0.048929663608562546,1.2848097225047169e-05,0.04994903160040787,5.8895285371304005e-05,0.050968399592252744,0.00013270073853373623,2.0,2.0,1.0,0.0,0.0
22,13:30:54,7,0.04587155963302747,0.0,0.04638124362895013,0.04587155963302747,8.719052238982392e-06,0.04485219164118237,1.0960113472511611e-05,0.04383282364933727,2.2900997725561174e-05,0.042813455657492394,6.938953272306009e-06,0.041794087665647295,5.884624683227711e-06,0.04689092762487257,3.1875050367483437e-07,0.047910295616717447,3.2120243062617922e-06,0.048929663608562546,1.2848097225047169e-05,0.04994903160040787,5.941019003108643e-05,0.050968399592252744,0.00013270073853373623,2.0,2.0,0.0,0.0,0.0
22,13:30:57,7,0.04689092762487257,205293.0,0.04638124362895013,0.04587155963302747,6.09549040104337e-06,0.04485219164118237,1.0960113472511611e-05,0.04383282364933727,2.2900997725561174e-05,0.042813455657492394,6.938953272306009e-06,0.041794087665647295,5.884624683227711e-06,0.04689092762487257,4.903853902689759e-08,0.047910295616717447,3.2120243062617922e-06,0.048929663608562546,1.3093289920181658e-05,0.04994903160040787,5.941019003108643e-05,0.050968399592252744,0.00013270073853373623,2.0,2.0,0.0,0.0,0.0
22,13:31:00,7,0.04587155963302747,20520.0,0.04638124362895013,0.04587155963302747,5.605105010774395e-06,0.04485219164118237,1.0714920777377124e-05,0.04383282364933727,2.3146190420695662e-05,0.042813455657492394,6.938953272306009e-06,0.041794087665647295,5.884624683227711e-06,0.04689092762487257,4.903853902689759e-08,0.047910295616717447,3.2120243062617922e-06,0.048929663608562546,1.3338482615316144e-05,0.04994903160040787,5.9287593683519185e-05,0.050968399592252744,0.00013270073853373623,2.0,2.0,0.0,0.0,0.0
22,13:31:03,7,0.047910295616717447,185977.0,0.04841997961264011,0.047910295616717447,2.7951967245331627e-06,0.04587155963302747,4.526257152182648e-06,0.04485219164118237,1.0714920777377124e-05,0.04383282364933727,2.3146190420695662e-05,0.042813455657492394,6.938953272306009e-06,0.048929663608562546,1.4490888282448238e-05,0.04994903160040787,5.9287593683519185e-05,0.050968399592252744,0.00013270073853373623,0.051987767584097844,7.73828145844444e-05,0.05300713557594294,4.018708273254258e-05,0.0,0.0,0.0,0.0,0.0
22,13:31:06,7,0.047910295616717447,540200.0,0.04841997961264011,0.047910295616717447,2.182214986696943e-06,0.04587155963302747,4.526257152182648e-06,0.04485219164118237,1.0714920777377124e-05,0.04383282364933727,2.3146190420695662e-05,0.042813455657492394,6.938953272306009e-06,0.048929663608562546,2.2312535257238405e-06,0.04994903160040787,5.9287593683519185e-05,0.050968399592252744,0.00013270073853373623,0.051987767584097844,7.73828145844444e-05,0.05300713557594294,4.018708273254258e-05,0.0,0.0,0.0,0.0,0.0
22,13:31:09,7,0.04587155963302747,172546.0,0.04689092762487257,0.04587155963302747,2.589234860620193e-06,0.04485219164118237,1.0690401507863675e-05,0.04383282364933727,2.3219748229236008e-05,0.042813455657492394,6.6937605771715214e-06,0.041794087665647295,5.884624683227711e-06,0.047910295616717447,2.2067342562103917e-07,0.048929663608562546,2.2312535257238405e-06,0.04994903160040787,5.8944323910330907e-05,0.050968399592252744,0.00013270073853373623,0.051987767584097844,7.73828145844444e-05,1.0,0.0,0.0,1.0,0.0
22,13:31:12,7,0.04587155963302747,1026.0,0.04689092762487257,0.04587155963302747,2.7118312081874367e-06,0.04485219164118237,1.0690401507863675e-05,0.04383282364933727,2.3219748229236008e-05,0.042813455657492394,6.6937605771715214e-06,0.041794087665647295,5.884624683227711e-06,0.047910295616717447,1.0543285890782983e-06,0.048929663608562546,2.2312535257238405e-06,0.04994903160040787,5.8944323910330907e-05,0.050968399592252744,0.00013270073853373623,0.051987767584097844,7.73828145844444e-05,1.0,0.0,0.0,0.0,0.0
22,13:31:15,7,0.04587155963302747,0.0,0.04689092762487257,0.04587155963302747,2.7118312081874367e-06,0.04485219164118237,1.0911074933484715e-05,0.04383282364933727,2.3219748229236008e-05,0.042813455657492394,6.6937605771715214e-06,0.041794087665647295,5.884624683227711e-06,0.047910295616717447,5.3206814844183884e-06,0.048929663608562546,7.3312615845211895e-06,0.04994903160040787,5.8968843179844354e-05,0.050968399592252744,0.00013270073853373623,0.051987767584097844,7.73828145844444e-05,1.0,0.0,0.0,0.0,0.0
22,13:31:18,7,0.04587155963302747,0.0,0.04689092762487257,0.04587155963302747,2.7118312081874367e-06,0.04485219164118237,1.0911074933484715e-05,0.04383282364933727,2.3219748229236008e-05,0.042813455657492394,6.6937605771715214e-06,0.041794087665647295,5.884624683227711e-06,0.047910295616717447,6.669241307658072e-06,0.048929663608562546,7.3312615845211895e-06,0.04994903160040787,5.90424009883847e-05,0.050968399592252744,0.00013270073853373623,0.051987767584097844,7.73828145844444e-05,1.0,0.0,0.0,0.0,0.0
22,13:31:21,7,0.04587155963302747,63612.0,0.04689092762487257,0.04587155963302747,1.1916364983536115e-06,0.04485219164118237,1.140146032375369e-05,0.04383282364933727,2.3219748229236008e-05,0.042813455657492394,6.6937605771715214e-06,0.041794087665647295,5.884624683227711e-06,0.047910295616717447,6.669241307658072e-06,0.048929663608562546,7.3312615845211895e-06,0.04994903160040787,5.926307441400574e-05,0.050968399592252744,0.00013270073853373623,0.051987767584097844,7.73828145844444e-05,0.0,0.0,0.0,0.0,0.0
22,13:31:24,7,0.04587155963302747,0.0,0.04689092762487257,0.04587155963302747,1.4368291934880994e-06,0.04485219164118237,1.1450498862780587e-05,0.04383282364933727,2.3219748229236008e-05,0.042813455657492394,6.6937605771715214e-06,0.041794087665647295,5.884624683227711e-06,0.047910295616717447,6.325971534469789e-06,0.048929663608562546,7.3312615845211895e-06,0.04994903160040787,5.9508267109140226e-05,0.050968399592252744,0.00013270073853373623,0.051987767584097844,7.73828145844444e-05,0.0,0.0,0.0,0.0,0.0
22,13:31:27,7,0.04587155963302747,3078.0,0.04689092762487257,0.04587155963302747,1.363271384947753e-06,0.04485219164118237,1.1450498862780587e-05,0.04383282364933727,2.3219748229236008e-05,0.042813455657492394,6.6937605771715214e-06,0.041794087665647295,5.5168356405259795e-06,0.047910295616717447,6.325971534469789e-06,0.048929663608562546,7.3312615845211895e-06,0.04994903160040787,5.9508267109140226e-05,0.050968399592252744,0.00013270073853373623,0.051987767584097844,7.73828145844444e-05,0.0,0.0,0.0,0.0,0.0
22,13:31:30,7,0.04587155963302747,41040.0,0.04689092762487257,0.04587155963302747,3.825006044098012e-07,0.04485219164118237,1.1450498862780587e-05,0.04383282364933727,2.3219748229236008e-05,0.042813455657492394,6.6937605771715214e-06,0.041794087665647295,5.5168356405259795e-06,0.047910295616717447,6.325971534469789e-06,0.048929663608562546,7.3312615845211895e-06,0.04994903160040787,6.0611634237245425e-05,0.050968399592252744,0.00013270073853373623,0.051987767584097844,7.73828145844444e-05,0.0,0.0,0.0,0.0,0.0
22,13:31:33,7,0.04587155963302747,33858.0,0.04689092762487257,0.04587155963302747,1.4711561708069278e-08,0.04485219164118237,1.1450498862780587e-05,0.04383282364933727,2.3219748229236008e-05,0.042813455657492394,6.6937605771715214e-06,0.041794087665647295,5.5168356405259795e-06,0.047910295616717447,6.325971534469789e-06,0.048929663608562546,7.3312615845211895e-06,0.04994903160040787,6.0538076428705076e-05,0.050968399592252744,0.00013270073853373623,0.051987767584097844,7.73828145844444e-05,0.0,2.0,0.0,0.0,0.0
22,13:31:36,7,0.04587155963302747,0.0,0.04638124362895013,0.04587155963302747,1.4711561708069278e-08,0.04485219164118237,1.1278863976186446e-05,0.04383282364933727,2.3219748229236008e-05,0.042813455657492394,6.6937605771715214e-06,0.041794087665647295,5.5168356405259795e-06,0.04689092762487257,4.903853902689759e-08,0.047910295616717447,5.345200753931838e-06,0.048929663608562546,7.3312615845211895e-06,0.04994903160040787,6.0538076428705076e-05,0.050968399592252744,0.00013270073853373623,0.0,2.0,0.0,0.0,0.0
22,13:31:39,7,0.04587155963302747,3693.0,0.04536187563710481,0.04485219164118237,1.1278863976186446e-05,0.04383282364933727,2.3219748229236008e-05,0.042813455657492394,6.6937605771715214e-06,0.041794087665647295,5.5168356405259795e-06,0.040774719673802196,1.0567805160296431e-05,0.04587155963302747,2.5500040293986746e-07,0.04689092762487257,1.078847858591747e-06,0.047910295616717447,5.541354910039428e-06,0.048929663608562546,1.0960113472511611e-05,0.04994903160040787,6.112653889702784e-05,1.0,1.0,1.0,0.0,0.0
22,13:31:42,7,0.04485219164118237,109675.0,0.04536187563710481,0.04485219164118237,8.655302138247424e-06,0.04383282364933727,2.3219748229236008e-05,0.042813455657492394,6.6937605771715214e-06,0.041794087665647295,5.5168356405259795e-06,0.040774719673802196,1.0567805160296431e-05,0.04587155963302747,6.71827984668497e-07,0.04689092762487257,3.2855821148021386e-06,0.047910295616717447,5.933663222254608e-06,0.048929663608562546,1.0960113472511611e-05,0.04994903160040787,6.112653889702784e-05,1.0,1.0,0.0,0.0,0.0
22,13:31:45,7,0.04587155963302747,5130.0,0.04536187563710481,0.04485219164118237,8.753379216301221e-06,0.04383282364933727,2.3219748229236008e-05,0.042813455657492394,6.6937605771715214e-06,0.041794087665647295,5.5168356405259795e-06,0.040774719673802196,1.0567805160296431e-05,0.04587155963302747,7.94424332235741e-07,0.04689092762487257,3.2855821148021386e-06,0.047910295616717447,1.6918295964279668e-06,0.048929663608562546,1.0960113472511611e-05,0.04994903160040787,6.112653889702784e-05,1.0,1.0,1.0,0.0,0.0
22,13:31:48,7,0.04587155963302747,47593.0,0.04638124362895013,0.04587155963302747,7.257703775980844e-07,0.04485219164118237,8.410109443112937e-06,0.04383282364933727,2.3219748229236008e-05,0.042813455657492394,6.6937605771715214e-06,0.041794087665647295,5.5168356405259795e-06,0.04689092762487257,3.2855821148021386e-06,0.047910295616717447,1.8879837525355572e-06,0.048929663608562546,1.0960113472511611e-05,0.04994903160040787,6.112653889702784e-05,0.050968399592252744,0.00012730649924077748,2.0,0.0,0.0,0.0,0.0
22,13:31:51,7,0.04485219164118237,43080.0,0.04587155963302747,0.04485219164118237,9.871457906114486e-06,0.04383282364933727,2.3219748229236008e-05,0.042813455657492394,6.6937605771715214e-06,0.041794087665647295,6.987991811332907e-06,0.040774719673802196,1.0567805160296431e-05,0.04689092762487257,3.702409696530768e-06,0.047910295616717447,2.010580100102801e-06,0.048929663608562546,1.0960113472511611e-05,0.04994903160040787,6.112653889702784e-05,0.050968399592252744,0.00012730649924077748,2.0,1.0,1.0,0.0,0.0
22,13:31:54,7,0.04485219164118237,21525.0,0.04536187563710481,0.04485219164118237,9.356553246332061e-06,0.04383282364933727,2.3219748229236008e-05,0.042813455657492394,6.6937605771715214e-06,0.041794087665647295,6.987991811332907e-06,0.040774719673802196,1.0567805160296431e-05,0.04587155963302747,2.4519269513448794e-07,0.04689092762487257,3.8004867745845632e-06,0.047910295616717447,2.2557727952372892e-06,0.048929663608562546,1.0960113472511611e-05,0.04994903160040787,6.112653889702784e-05,1.0,1.0,1.0,0.0,0.0
22,13:31:57,7,0.04485219164118237,24600.0,0.04536187563710481,0.04485219164118237,8.768090778009289e-06,0.04383282364933727,2.3219748229236008e-05,0.042813455657492394,6.6937605771715214e-06,0.041794087665647295,6.987991811332907e-06,0.040774719673802196,1.0567805160296431e-05,0.04587155963302747,6.375010073496687e-07,0.04689092762487257,3.825006044098012e-06,0.047910295616717447,2.304811334264187e-06,0.048929663608562546,1.1916364983536115e-05,0.04994903160040787,6.1298173783622e-05,1.0,2.0,1.0,0.0,0.0
22,13:32:00,7,0.04485219164118237,26671.0,0.04536187563710481,0.04485219164118237,8.645494430442046e-06,0.04383282364933727,6.620202768631175e-07,0.042813455657492394,6.6937605771715214e-06,0.041794087665647295,6.987991811332907e-06,0.040774719673802196,1.0567805160296431e-05,0.04587155963302747,1.2259634756724397e-07,0.04689092762487257,3.825006044098012e-06,0.047910295616717447,2.550004029398675e-06,0.048929663608562546,1.2529346721372335e-05,0.04994903160040787,6.178855917389096e-05,1.0,1.0,1.0,0.0,0.0
22,13:32:03,7,0.04689092762487257,217635.0,0.04740061162079501,0.04689092762487257,2.2557727952372892e-06,0.04485219164118237,7.615685110877196e-06,0.04383282364933727,6.620202768631175e-07,0.042813455657492394,6.6937605771715214e-06,0.041794087665647295,6.987991811332907e-06,0.047910295616717447,2.550004029398675e-06,0.048929663608562546,1.2529346721372335e-05,0.04994903160040787,6.252413725929442e-05,0.050968399592252744,0.00013956613399750188,0.051987767584097844,7.022318788651735e-05,0.0,0.0,1.0,0.0,0.0
22,13:32:06,7,0.04689092762487257,66755.0,0.04740061162079501,0.04689092762487257,6.620202768631175e-07,0.04485219164118237,7.615685110877196e-06,0.04383282364933727,6.620202768631175e-07,0.042813455657492394,6.6937605771715214e-06,0.041794087665647295,6.987991811332907e-06,0.047910295616717447,2.746158185506265e-06,0.048929663608562546,1.2529346721372335e-05,0.04994903160040787,6.252413725929442e-05,0.050968399592252744,0.00013956613399750188,0.051987767584097844,7.022318788651735e-05,0.0,0.0,1.0,0.0,0.0
22,13:32:09,7,0.04485219164118237,44131.0,0.04536187563710481,0.04485219164118237,7.272415337688913e-06,0.04383282364933727,6.620202768631175e-07,0.042813455657492394,6.6937605771715214e-06,0.041794087665647295,6.987991811332907e-06,0.040774719673802196,1.0567805160296431e-05,0.04587155963302747,7.355780854034639e-08,0.04689092762487257,1.8634644830221085e-06,0.047910295616717447,2.746158185506265e-06,0.048929663608562546,1.2529346721372335e-05,0.04994903160040787,6.357846584837273e-05,1.0,1.0,2.0,0.0,0.0
22,13:32:12,7,0.04485219164118237,0.0,0.04536187563710481,0.04485219164118237,7.037030350359804e-06,0.04383282364933727,6.620202768631175e-07,0.042813455657492394,6.6937605771715214e-06,0.041794087665647295,6.987991811332907e-06,0.040774719673802196,1.0567805160296431e-05,0.04587155963302747,1.9615415610759037e-07,0.04689092762487257,1.7653874049683134e-06,0.047910295616717447,3.236543575775241e-06,0.048929663608562546,1.2529346721372335e-05,0.04994903160040787,6.357846584837273e-05,2.0,0.0,1.0,0.0,0.0
22,13:32:15,7,0.047910295616717447,82154.0,0.04536187563710481,0.04485219164118237,7.037030350359804e-06,0.04383282364933727,1.6182717878876205e-06,0.042813455657492394,6.6937605771715214e-06,0.041794087665647295,6.987991811332907e-06,0.040774719673802196,1.0567805160296431e-05,0.04587155963302747,2.9423123416138554e-07,0.04689092762487257,2.402888412317982e-06,0.047910295616717447,3.1875050367483435e-06,0.048929663608562546,1.2529346721372335e-05,0.04994903160040787,6.436308247280309e-05,1.0,1.0,1.0,0.0,0.0
22,13:32:18,7,0.04587155963302747,2052.0,0.04536187563710481,0.04485219164118237,7.037030350359804e-06,0.04383282364933727,1.7408681354548646e-06,0.042813455657492394,6.6937605771715214e-06,0.041794087665647295,6.987991811332907e-06,0.040774719673802196,1.0567805160296431e-05,0.04587155963302747,2.4519269513448794e-07,0.04689092762487257,3.138466497721446e-06,0.047910295616717447,3.432697731882831e-06,0.048929663608562546,1.2529346721372335e-05,0.04994903160040787,6.424048612523584e-05,1.0,1.0,1.0,0.0,0.0
22,13:32:21,7,0.04485219164118237,74835.0,0.04587155963302747,0.04485219164118237,5.6149127185797746e-06,0.04383282364933727,1.7408681354548646e-06,0.042813455657492394,7.0615496198732534e-06,0.041794087665647295,6.987991811332907e-06,0.040774719673802196,1.0567805160296431e-05,0.04689092762487257,3.138466497721446e-06,0.047910295616717447,3.825006044098012e-06,0.048929663608562546,1.2529346721372335e-05,0.04994903160040787,6.424048612523584e-05,0.050968399592252744,0.00013956613399750188,0.0,0.0,1.0,0.0,0.0
22,13:32:24,7,0.04485219164118237,0.0,0.04536187563710481,0.04485219164118237,5.565874179552877e-06,0.04383282364933727,1.7408681354548646e-06,0.042813455657492394,7.0615496198732534e-06,0.041794087665647295,8.164916747978449e-06,0.040774719673802196,1.0567805160296431e-05,0.04587155963302747,1.9615415610759037e-07,0.04689092762487257,3.2855821148021386e-06,0.047910295616717447,3.628851887990422e-06,0.048929663608562546,1.3264924806775799e-05,0.04994903160040787,6.424048612523584e-05,1.0,1.0,0.0,0.0,0.0
22,13:32:27,7,0.04485219164118237,60485.0,0.04587155963302747,0.04485219164118237,4.364429973393886e-06,0.04383282364933727,1.7408681354548646e-06,0.042813455657492394,7.0615496198732534e-06,0.041794087665647295,8.164916747978449e-06,0.040774719673802196,1.0567805160296431e-05,0.04689092762487257,3.2855821148021386e-06,0.047910295616717447,3.628851887990422e-06,0.048929663608562546,1.3264924806775799e-05,0.04994903160040787,6.487798713258551e-05,0.050968399592252744,0.00013956613399750188,0.0,0.0,0.0,0.0,0.0
22,13:32:30,7,0.04485219164118237,41000.0,0.04536187563710481,0.04485219164118237,3.4081784623693824e-06,0.04383282364933727,1.7408681354548646e-06,0.042813455657492394,7.0615496198732534e-06,0.041794087665647295,8.164916747978449e-06,0.040774719673802196,1.0567805160296431e-05,0.04587155963302747,2.2067342562103917e-07,0.04689092762487257,3.2855821148021386e-06,0.047910295616717447,4.021160200205602e-06,0.048929663608562546,1.2357711834778194e-05,0.04994903160040787,6.696212504122866e-05,1.0,1.0,0.0,0.0,0.0
22,13:32:33,7,0.04485219164118237,58425.0,0.04536187563710481,0.04485219164118237,2.2557727952372892e-06,0.04383282364933727,1.7408681354548646e-06,0.042813455657492394,7.0615496198732534e-06,0.041794087665647295,8.164916747978449e-06,0.040774719673802196,1.0567805160296431e-05,0.04587155963302747,2.2067342562103917e-07,0.04689092762487257,3.2855821148021386e-06,0.047910295616717447,4.266352895340091e-06,0.048929663608562546,1.2848097225047169e-05,0.04994903160040787,6.745251043149764e-05,1.0,2.0,0.0,0.0,0.0
22,13:32:36,7,0.04587155963302747,6152.0,0.04536187563710481,0.04485219164118237,2.157695717183494e-06,0.04383282364933727,1.7408681354548646e-06,0.042813455657492394,7.0615496198732534e-06,0.041794087665647295,8.164916747978449e-06,0.040774719673802196,1.0567805160296431e-05,0.04587155963302747,1.9615415610759037e-07,0.04689092762487257,3.2855821148021386e-06,0.047910295616717447,4.266352895340091e-06,0.048929663608562546,1.2848097225047169e-05,0.04994903160040787,6.679049015463452e-05,1.0,2.0,0.0,0.0,0.0
22,13:32:39,7,0.04485219164118237,33825.0,0.04536187563710481,0.04485219164118237,1.3485598232396838e-06,0.04383282364933727,1.7408681354548646e-06,0.042813455657492394,7.0615496198732534e-06,0.041794087665647295,8.361070904086039e-06,0.040774719673802196,1.0567805160296431e-05,0.04587155963302747,5.394239292958735e-07,0.04689092762487257,3.2855821148021386e-06,0.047910295616717447,4.266352895340091e-06,0.048929663608562546,1.2897135764074067e-05,0.04994903160040787,6.691308650220177e-05,1.0,2.0,0.0,0.0,0.0
22,13:32:42,7,0.04485219164118237,89175.0,0.04434250764525993,0.04383282364933727,1.8389452135086597e-06,0.042813455657492394,7.0615496198732534e-06,0.041794087665647295,8.361070904086039e-06,0.040774719673802196,1.0641362968836777e-05,0.039755351681957096,2.2900997725561174e-05,0.04485219164118237,7.600973549169127e-07,0.04587155963302747,5.394239292958735e-07,0.04689092762487257,3.2855821148021386e-06,0.047910295616717447,4.266352895340091e-06,0.048929663608562546,1.2897135764074067e-05,2.0,2.0,1.0,0.0,0.0
22,13:32:45,7,0.04485219164118237,47150.0,0.04536187563710481,0.04485219164118237,1.5005792942230663e-05,0.04383282364933727,1.8389452135086597e-06,0.042813455657492394,7.086068889386702e-06,0.041794087665647295,8.361070904086039e-06,0.040774719673802196,1.0641362968836777e-05,0.04587155963302747,5.394239292958735e-07,0.04689092762487257,2.3293306037776356e-06,0.047910295616717447,4.266352895340091e-06,0.048929663608562546,1.301973211164131e-05,0.04994903160040787,6.742799116198418e-05,1.0,1.0,0.0,0.0,0.0
22,13:32:48,7,0.04587155963302747,10260.0,0.04536187563710481,0.04485219164118237,1.5005792942230663e-05,0.04383282364933727,1.8389452135086597e-06,0.042813455657492394,7.086068889386702e-06,0.041794087665647295,8.361070904086039e-06,0.040774719673802196,1.0641362968836777e-05,0.04587155963302747,2.9423123416138554e-07,0.04689092762487257,2.3293306037776356e-06,0.047910295616717447,4.266352895340091e-06,0.048929663608562546,1.301973211164131e-05,0.04994903160040787,6.764866458760523e-05,2.0,1.0,0.0,0.0,0.0
22,13:32:51,7,0.04485219164118237,59450.0,0.04536187563710481,0.04485219164118237,1.669762253865863e-05,0.04383282364933727,1.9615415610759035e-06,0.042813455657492394,7.086068889386702e-06,0.041794087665647295,8.361070904086039e-06,0.040774719673802196,1.0641362968836777e-05,0.04587155963302747,6.865395463765663e-07,0.04689092762487257,2.3293306037776356e-06,0.047910295616717447,4.266352895340091e-06,0.048929663608562546,1.3068770650668208e-05,0.04994903160040787,6.777126093517248e-05,2.0,1.0,0.0,0.0,0.0
22,13:32:54,7,0.04485219164118237,3075.0,0.04536187563710481,0.04485219164118237,1.6624064730118284e-05,0.04383282364933727,1.9615415610759035e-06,0.042813455657492394,7.086068889386702e-06,0.041794087665647295,8.361070904086039e-06,0.040774719673802196,1.0641362968836777e-05,0.04587155963302747,7.110588158900151e-07,0.04689092762487257,2.3293306037776356e-06,0.047910295616717447,4.266352895340091e-06,0.048929663608562546,1.4098579970233058e-05,0.04994903160040787,6.777126093517248e-05,2.0,0.0,0.0,0.0,0.0
22,13:32:57,7,0.04485219164118237,17425.0,0.04536187563710481,0.04485219164118237,1.7433200624062093e-05,0.04383282364933727,1.9615415610759035e-06,0.042813455657492394,7.699050627222922e-06,0.041794087665647295,8.361070904086039e-06,0.040774719673802196,1.0641362968836777e-05,0.04587155963302747,7.110588158900151e-07,0.04689092762487257,2.3293306037776356e-06,0.047910295616717447,4.0701987392325e-06,0.048929663608562546,1.4221176317800302e-05,0.04994903160040787,6.750154897052453e-05,1.0,0.0,0.0,0.0,0.0
22,13:33:00,7,0.04587155963302747,8208.0,0.04536187563710481,0.04485219164118237,4.339910703880437e-06,0.04383282364933727,1.9615415610759035e-06,0.042813455657492394,7.699050627222922e-06,0.041794087665647295,8.361070904086039e-06,0.040774719673802196,1.0641362968836777e-05,0.04587155963302747,5.394239292958735e-07,0.04689092762487257,2.3293306037776356e-06,0.047910295616717447,4.0701987392325e-06,0.048929663608562546,1.4221176317800302e-05,0.04994903160040787,6.858039682911628e-05,1.0,0.0,0.0,0.0,0.0
22,13:33:03,7,0.04689092762487257,144740.0,0.04740061162079501,0.04689092762487257,4.266352895340091e-06,0.04587155963302747,2.084137908643148e-06,0.04485219164118237,3.825006044098012e-06,0.04383282364933727,1.9615415610759035e-06,0.042813455657492394,7.699050627222922e-06,0.047910295616717447,4.0701987392325e-06,0.048929663608562546,1.4221176317800302e-05,0.04994903160040787,6.858039682911628e-05,0.050968399592252744,0.00013995844230971707,0.051987767584097844,7.012511080846356e-05,0.0,0.0,0.0,0.0,0.0
22,13:33:06,7,0.04587155963302747,256674.0,0.04689092762487257,0.04587155963302747,2.2067342562103917e-07,0.04485219164118237,3.825006044098012e-06,0.04383282364933727,8.091358939438103e-06,0.042813455657492394,8.287513095545693e-06,0.041794087665647295,8.361070904086039e-06,0.047910295616717447,4.0701987392325e-06,0.048929663608562546,1.4221176317800302e-05,0.04994903160040787,7.04438613121384e-05,0.050968399592252744,0.00014049786623901295,0.051987767584097844,7.012511080846356e-05,0.0,0.0,0.0,0.0,0.0
22,13:33:09,7,0.04587155963302747,3078.0,0.04638124362895013,0.04587155963302747,1.7163488659414157e-07,0.04485219164118237,3.825006044098012e-06,0.04383282364933727,8.091358939438103e-06,0.042813455657492394,8.287513095545693e-06,0.041794087665647295,8.361070904086039e-06,0.04689092762487257,3.677890427017319e-07,0.047910295616717447,4.1437565477728465e-06,0.048929663608562546,1.4613484630015482e-05,0.04994903160040787,7.056645765970564e-05,0.050968399592252744,0.00014049786623901295,0.0,0.0,0.0,0.0,0.0
22,13:33:12,7,0.04587155963302747,17442.0,0.04536187563710481,0.04485219164118237,3.8740445831249095e-06,0.04383282364933727,8.091358939438103e-06,0.042813455657492394,8.287513095545693e-06,0.041794087665647295,8.361070904086039e-06,0.040774719673802196,1.0641362968836777e-05,0.04587155963302747,9.807707805379519e-08,0.04689092762487257,3.677890427017319e-07,0.047910295616717447,4.1437565477728465e-06,0.048929663608562546,1.4490888282448238e-05,0.04994903160040787,7.056645765970564e-05,0.0,0.0,0.0,0.0,0.0
22,13:33:15,7,0.04485219164118237,14354.0,0.04536187563710481,0.04485219164118237,3.628851887990422e-06,0.04383282364933727,8.091358939438103e-06,0.042813455657492394,8.287513095545693e-06,0.041794087665647295,8.361070904086039e-06,0.040774719673802196,1.0641362968836777e-05,0.04587155963302747,2.4519269513448794e-06,0.04689092762487257,2.6235618379390213e-06,0.047910295616717447,4.1437565477728465e-06,0.048929663608562546,1.4490888282448238e-05,0.04994903160040787,7.056645765970564e-05,0.0,0.0,0.0,0.0,0.0
22,13:33:18,7,0.04485219164118237,24600.0,0.04536187563710481,0.04485219164118237,3.2855821148021386e-06,0.04383282364933727,8.336551634572591e-06,0.042813455657492394,8.287513095545693e-06,0.041794087665647295,8.361070904086039e-06,0.040774719673802196,1.0837517124944367e-05,0.04587155963302747,2.4519269513448794e-06,0.04689092762487257,2.6235618379390213e-06,0.047910295616717447,4.830296094149413e-06,0.048929663608562546,1.4490888282448238e-05,0.04994903160040787,7.152270917073014e-05,0.0,0.0,0.0,0.0,0.0
22,13:33:21,7,0.04485219164118237,20500.0,0.04536187563710481,0.04485219164118237,2.7951967245331627e-06,0.04383282364933727,8.336551634572591e-06,0.042813455657492394,8.287513095545693e-06,0.041794087665647295,8.361070904086039e-06,0.040774719673802196,1.0837517124944367e-05,0.04587155963302747,2.4519269513448794e-06,0.04689092762487257,2.500965490371777e-06,0.047910295616717447,7.282223045494292e-06,0.048929663608562546,1.4490888282448238e-05,0.04994903160040787,7.152270917073014e-05,0.0,0.0,0.0,0.0,0.0
22,13:33:24,7,0.04485219164118237,118902.0,0.04434250764525993,0.04383282364933727,8.336551634572591e-06,0.042813455657492394,8.287513095545693e-06,0.041794087665647295,8.361070904086039e-06,0.040774719673802196,1.0837517124944367e-05,0.039755351681957096,1.956637707173214e-05,0.04485219164118237,2.1086571781565966e-06,0.04587155963302747,2.6971196464793676e-06,0.04689092762487257,2.746158185506265e-06,0.047910295616717447,7.282223045494292e-06,0.048929663608562546,1.4490888282448238e-05,1.0,1.0,0.0,0.0,0.0
22,13:33:27,7,0.04485219164118237,24596.0,0.04434250764525993,0.04383282364933727,8.238474556518795e-06,0.042813455657492394,8.287513095545693e-06,0.041794087665647295,8.361070904086039e-06,0.040774719673802196,1.0837517124944367e-05,0.039755351681957096,1.956637707173214e-05,0.04485219164118237,2.084137908643148e-06,0.04587155963302747,3.1875050367483435e-06,0.04689092762487257,2.746158185506265e-06,0.047910295616717447,7.282223045494292e-06,0.048929663608562546,1.4490888282448238e-05,1.0,1.0,1.0,0.0,0.0
22,13:33:30,7,0.04383282364933727,31764.0,0.04434250764525993,0.04383282364933727,7.968762591870858e-06,0.042813455657492394,8.287513095545693e-06,0.041794087665647295,8.361070904086039e-06,0.040774719673802196,1.0837517124944367e-05,0.039755351681957096,1.956637707173214e-05,0.04485219164118237,1.5937525183741717e-06,0.04587155963302747,3.1875050367483435e-06,0.04689092762487257,2.746158185506265e-06,0.047910295616717447,7.94424332235741e-06,0.048929663608562546,1.4736080977582727e-05,1.0,1.0,1.0,0.0,0.0
22,13:33:33,7,0.04383282364933727,62474.0,0.04434250764525993,0.04383282364933727,6.71827984668497e-06,0.042813455657492394,8.287513095545693e-06,0.041794087665647295,8.361070904086039e-06,0.040774719673802196,1.0837517124944367e-05,0.039755351681957096,1.956637707173214e-05,0.04485219164118237,1.3730790927531326e-06,0.04587155963302747,3.4081784623693824e-06,0.04689092762487257,2.746158185506265e-06,0.047910295616717447,7.895204783330513e-06,0.048929663608562546,1.4858677325149971e-05,1.0,1.0,0.0,0.0,1.0
22,13:33:36,7,0.04383282364933727,0.0,0.04434250764525993,0.04383282364933727,6.71827984668497e-06,0.042813455657492394,8.287513095545693e-06,0.041794087665647295,8.361070904086039e-06,0.040774719673802196,1.0837517124944367e-05,0.039755351681957096,1.956637707173214e-05,0.04485219164118237,1.3730790927531326e-06,0.04587155963302747,3.5307748099366267e-06,0.04689092762487257,2.746158185506265e-06,0.047910295616717447,7.895204783330513e-06,0.048929663608562546,1.4858677325149971e-05,1.0,1.0,0.0,0.0,1.0
22,13:33:39,7,0.04383282364933727,13312.0,0.04434250764525993,0.04383282364933727,2.098849470351217e-05,0.042813455657492394,8.287513095545693e-06,0.041794087665647295,8.361070904086039e-06,0.040774719673802196,1.0837517124944367e-05,0.039755351681957096,1.956637707173214e-05,0.04485219164118237,1.6427910574010693e-06,0.04587155963302747,3.4081784623693824e-06,0.04689092762487257,2.4519269513448794e-07,0.047910295616717447,8.066839669924654e-06,0.048929663608562546,1.4858677325149971e-05,1.0,0.0,1.0,0.0,0.0
22,13:33:42,7,0.04383282364933727,41988.0,0.04434250764525993,0.04383282364933727,2.0081281731514565e-05,0.042813455657492394,8.287513095545693e-06,0.041794087665647295,8.361070904086039e-06,0.040774719673802196,1.0837517124944367e-05,0.039755351681957096,1.956637707173214e-05,0.04485219164118237,1.5447139793472742e-06,0.04587155963302747,3.6533711575038706e-06,0.04689092762487257,2.4519269513448794e-07,0.047910295616717447,8.066839669924654e-06,0.048929663608562546,1.4956754403203766e-05,1.0,0.0,0.0,0.0,0.0
22,13:33:45,7,0.04383282364933727,107534.0,0.04434250764525993,0.04383282364933727,1.7850028205790724e-05,0.042813455657492394,8.287513095545693e-06,0.041794087665647295,8.361070904086039e-06,0.040774719673802196,1.0837517124944367e-05,0.039755351681957096,1.956637707173214e-05,0.04485219164118237,1.9370222915624548e-06,0.04587155963302747,1.2504827451858885e-06,0.04689092762487257,2.4519269513448794e-07,0.047910295616717447,8.066839669924654e-06,0.048929663608562546,1.4956754403203766e-05,1.0,0.0,0.0,0.0,0.0
22,13:33:48,7,0.04383282364933727,9219.0,0.04434250764525993,0.04383282364933727,2.0498109313243193e-05,0.042813455657492394,8.287513095545693e-06,0.041794087665647295,7.870685513817063e-06,0.040774719673802196,1.0837517124944367e-05,0.039755351681957096,1.956637707173214e-05,0.04485219164118237,1.9860608305893523e-06,0.04587155963302747,1.2504827451858885e-06,0.04689092762487257,2.4519269513448794e-07,0.047910295616717447,8.066839669924654e-06,0.048929663608562546,1.4956754403203766e-05,1.0,0.0,1.0,0.0,0.0
22,13:33:51,7,0.04383282364933727,216083.0,0.04434250764525993,0.04383282364933727,1.5790409566661025e-05,0.042813455657492394,8.287513095545693e-06,0.041794087665647295,6.399529343010135e-06,0.040774719673802196,1.0837517124944367e-05,0.039755351681957096,1.956637707173214e-05,0.04485219164118237,1.5201947098338254e-06,0.04587155963302747,1.667310326914518e-06,0.04689092762487257,2.4519269513448794e-07,0.047910295616717447,3.072264470035134e-05,0.048929663608562546,1.5152908559311356e-05,1.0,0.0,0.0,0.0,0.0
22,13:33:54,7,0.04485219164118237,20500.0,0.04434250764525993,0.04383282364933727,2.7951967245331627e-06,0.042813455657492394,8.287513095545693e-06,0.041794087665647295,6.399529343010135e-06,0.040774719673802196,1.0837517124944367e-05,0.039755351681957096,1.956637707173214e-05,0.04485219164118237,1.1769249366455422e-06,0.04587155963302747,1.7653874049683134e-06,0.04689092762487257,2.4519269513448794e-07,0.047910295616717447,3.072264470035134e-05,0.048929663608562546,1.5152908559311356e-05,0.0,0.0,0.0,0.0,0.0
22,13:33:57,7,0.04383282364933727,58368.0,0.04434250764525993,0.04383282364933727,1.3975983622665813e-06,0.042813455657492394,8.287513095545693e-06,0.041794087665647295,6.644722038144624e-06,0.040774719673802196,1.0837517124944367e-05,0.039755351681957096,2.1037533242539065e-05,0.04485219164118237,8.287513095545693e-06,0.04587155963302747,1.7653874049683134e-06,0.04689092762487257,2.4519269513448794e-07,0.047910295616717447,3.077168323937824e-05,0.048929663608562546,1.059232442980988e-05,0.0,1.0,0.0,0.0,1.0
22,13:34:00,7,0.04383282364933727,5120.0,0.04434250764525993,0.04383282364933727,1.2750020146993375e-06,0.042813455657492394,8.287513095545693e-06,0.041794087665647295,6.644722038144624e-06,0.040774719673802196,1.0837517124944367e-05,0.039755351681957096,1.708993085087381e-05,0.04485219164118237,8.410109443112937e-06,0.04587155963302747,1.7653874049683134e-06,0.04689092762487257,2.4519269513448794e-07,0.047910295616717447,3.077168323937824e-05,0.048929663608562546,1.059232442980988e-05,0.0,1.0,0.0,0.0,1.0
22,13:34:03,7,0.04383282364933727,29696.0,0.04434250764525993,0.04383282364933727,5.639431988093223e-07,0.042813455657492394,8.557225060193629e-06,0.041794087665647295,6.644722038144624e-06,0.040774719673802196,1.0837517124944367e-05,0.039755351681957096,1.708993085087381e-05,0.04485219164118237,8.777898485814668e-06,0.04587155963302747,1.7653874049683134e-06,0.04689092762487257,2.746158185506265e-06,0.047910295616717447,2.993802807592098e-05,0.048929663608562546,1.02000161175947e-05,0.0,0.0,0.0,0.0,1.0
22,13:34:06,7,0.04485219164118237,275706.0,0.04434250764525993,0.04383282364933727,9.807707805379519e-08,0.042813455657492394,8.557225060193629e-06,0.041794087665647295,6.644722038144624e-06,0.040774719673802196,1.0837517124944367e-05,0.039755351681957096,1.7163488659414156e-05,0.04485219164118237,3.0649086891810996e-06,0.04587155963302747,1.7653874049683134e-06,0.04689092762487257,3.5798133489635243e-06,0.047910295616717447,2.993802807592098e-05,0.048929663608562546,1.02000161175947e-05,0.0,0.0,1.0,1.0,1.0
22,13:34:09,7,0.04383282364933727,4096.0,0.04332313965341483,0.042813455657492394,8.557225060193629e-06,0.041794087665647295,6.644722038144624e-06,0.040774719673802196,1.0837517124944367e-05,0.039755351681957096,1.7408681354548645e-05,0.038735983690112,1.753127770211589e-05,0.04383282364933727,2.9423123416138554e-07,0.04485219164118237,3.0649086891810996e-06,0.04587155963302747,1.7653874049683134e-06,0.04689092762487257,3.5798133489635243e-06,0.047910295616717447,2.9398604146625107e-05,1.0,2.0,1.0,2.0,2.0
22,13:34:12,7,0.04383282364933727,0.0,0.04332313965341483,0.042813455657492394,8.557225060193629e-06,0.041794087665647295,6.644722038144624e-06,0.040774719673802196,1.0837517124944367e-05,0.039755351681957096,1.7408681354548645e-05,0.038735983690112,1.753127770211589e-05,0.04383282364933727,7.355780854034638e-07,0.04485219164118237,4.192795086799744e-06,0.04587155963302747,1.7653874049683134e-06,0.04689092762487257,3.5798133489635243e-06,0.047910295616717447,2.974187391981339e-05,2.0,1.0,0.0,1.0,2.0
22,13:34:15,7,0.04383282364933727,26624.0,0.04332313965341483,0.042813455657492394,8.557225060193629e-06,0.041794087665647295,6.644722038144624e-06,0.040774719673802196,1.0837517124944367e-05,0.039755351681957096,1.7408681354548645e-05,0.038735983690112,1.998320465346077e-05,0.04383282364933727,4.805776824635964e-06,0.04485219164118237,4.217314356313193e-06,0.04587155963302747,2.010580100102801e-06,0.04689092762487257,3.5798133489635243e-06,0.047910295616717447,2.974187391981339e-05,2.0,1.0,0.0,1.0,2.0
22,13:34:18,7,0.04383282364933727,13312.0,0.04332313965341483,0.042813455657492394,8.557225060193629e-06,0.041794087665647295,6.644722038144624e-06,0.040774719673802196,1.0837517124944367e-05,0.039755351681957096,1.7408681354548645e-05,0.038735983690112,1.998320465346077e-05,0.04383282364933727,4.487026320961129e-06,0.04485219164118237,4.217314356313193e-06,0.04587155963302747,2.010580100102801e-06,0.04689092762487257,3.5798133489635243e-06,0.047910295616717447,2.974187391981339e-05,1.0,2.0,0.0,1.0,2.0
22,13:34:21,7,0.042813455657492394,28654.0,0.04332313965341483,0.042813455657492394,9.023091180949157e-06,0.041794087665647295,6.644722038144624e-06,0.040774719673802196,1.0837517124944367e-05,0.039755351681957096,1.7408681354548645e-05,0.038735983690112,2.017935880956836e-05,0.04383282364933727,4.315391434366988e-06,0.04485219164118237,4.217314356313193e-06,0.04587155963302747,2.010580100102801e-06,0.04689092762487257,3.5798133489635243e-06,0.047910295616717447,2.974187391981339e-05,1.0,0.0,0.0,1.0,2.0
22,13:34:24,7,0.04383282364933727,145308.0,0.04332313965341483,0.042813455657492394,6.375010073496687e-06,0.041794087665647295,6.644722038144624e-06,0.040774719673802196,1.0837517124944367e-05,0.039755351681957096,1.7457719893575543e-05,0.038735983690112,2.017935880956836e-05,0.04383282364933727,3.898563852638359e-06,0.04485219164118237,4.339910703880437e-06,0.04587155963302747,1.7163488659414156e-06,0.04689092762487257,3.923083122151807e-06,0.047910295616717447,2.974187391981339e-05,2.0,1.0,0.0,1.0,2.0
22,13:34:27,7,0.04383282364933727,189440.0,0.04434250764525993,0.04383282364933727,2.8197159940466115e-06,0.042813455657492394,6.375010073496687e-06,0.041794087665647295,6.644722038144624e-06,0.040774719673802196,1.0837517124944367e-05,0.039755351681957096,1.7457719893575543e-05,0.04485219164118237,4.217314356313193e-06,0.04587155963302747,1.7163488659414156e-06,0.04689092762487257,3.923083122151807e-06,0.047910295616717447,2.9398604146625107e-05,0.048929663608562546,1.02000161175947e-05,0.0,0.0,0.0,0.0,1.0
22,13:34:30,7,0.04383282364933727,0.0,0.04434250764525993,0.04383282364933727,2.8197159940466115e-06,0.042813455657492394,6.52212569057738e-06,0.041794087665647295,6.52212569057738e-06,0.040774719673802196,1.0837517124944367e-05,0.039755351681957096,1.7457719893575543e-05,0.04485219164118237,4.462507051447681e-06,0.04587155963302747,1.7163488659414156e-06,0.04689092762487257,3.923083122151807e-06,0.047910295616717447,2.9398604146625107e-05,0.048929663608562546,1.02000161175947e-05,0.0,0.0,0.0,0.0,2.0
22,13:34:33,7,0.04383282364933727,117760.0,0.04332313965341483,0.042813455657492394,6.52212569057738e-06,0.041794087665647295,6.52212569057738e-06,0.040774719673802196,1.0837517124944367e-05,0.039755351681957096,1.8977914603409367e-05,0.038735983690112,2.017935880956836e-05,0.04383282364933727,1.4711561708069277e-07,0.04485219164118237,4.462507051447681e-06,0.04587155963302747,4.1437565477728465e-06,0.04689092762487257,3.923083122151807e-06,0.047910295616717447,2.890821875635613e-05,2.0,0.0,1.0,2.0,2.0
22,13:34:36,7,0.04383282364933727,0.0,0.04332313965341483,0.042813455657492394,7.674531357709473e-06,0.041794087665647295,6.52212569057738e-06,0.040774719673802196,1.0837517124944367e-05,0.039755351681957096,1.8977914603409367e-05,0.038735983690112,2.0007723922974216e-05,0.04383282364933727,2.6971196464793677e-07,0.04485219164118237,4.462507051447681e-06,0.04587155963302747,4.1437565477728465e-06,0.04689092762487257,4.0701987392325e-06,0.047910295616717447,2.890821875635613e-05,0.0,2.0,1.0,2.0,2.0
22,13:34:39,7,0.04383282364933727,223025.0,0.04434250764525993,0.04383282364933727,1.9615415610759037e-07,0.042813455657492394,2.5990425684255725e-06,0.041794087665647295,6.52212569057738e-06,0.040774719673802196,1.1033671281051959e-05,0.039755351681957096,1.8977914603409367e-05,0.04485219164118237,4.462507051447681e-06,0.04587155963302747,4.1437565477728465e-06,0.04689092762487257,4.0701987392325e-06,0.047910295616717447,2.890821875635613e-05,0.048929663608562546,1.0935594202998162e-05,0.0,0.0,0.0,0.0,2.0
22,13:34:42,7,0.042813455657492394,46053.0,0.04332313965341483,0.042813455657492394,2.182214986696943e-06,0.041794087665647295,6.52212569057738e-06,0.040774719673802196,1.1033671281051959e-05,0.039755351681957096,1.8977914603409367e-05,0.038735983690112,2.0007723922974216e-05,0.04383282364933727,1.7163488659414157e-07,0.04485219164118237,4.585103399014924e-06,0.04587155963302747,4.1437565477728465e-06,0.04689092762487257,4.0701987392325e-06,0.047910295616717447,2.890821875635613e-05,0.0,0.0,1.0,1.0,2.0
22,13:34:45,7,0.042813455657492394,81840.0,0.04332313965341483,0.042813455657492394,2.2067342562103917e-07,0.041794087665647295,6.52212569057738e-06,0.040774719673802196,1.1033671281051959e-05,0.039755351681957096,1.9468299993678344e-05,0.038735983690112,2.0007723922974216e-05,0.04383282364933727,1.912503022049006e-06,0.04485219164118237,4.732219016095618e-06,0.04587155963302747,4.1437565477728465e-06,0.04689092762487257,4.0701987392325e-06,0.047910295616717447,2.890821875635613e-05,0.0,0.0,0.0,1.0,2.0
22,13:34:48,7,0.04485219164118237,96267.0,0.04383282364933727,0.042813455657492394,2.2067342562103917e-07,0.041794087665647295,6.52212569057738e-06,0.040774719673802196,1.1033671281051959e-05,0.039755351681957096,1.9468299993678344e-05,0.038735983690112,2.0007723922974216e-05,0.04485219164118237,5.001930980743554e-06,0.04587155963302747,4.1437565477728465e-06,0.04689092762487257,4.0701987392325e-06,0.047910295616717447,2.890821875635613e-05,0.048929663608562546,1.0935594202998162e-05,0.0,0.0,1.0,1.0,1.0
22,13:34:51,7,0.042813455657492394,9207.0,0.042303771661569955,0.041794087665647295,6.52212569057738e-06,0.040774719673802196,1.1033671281051959e-05,0.039755351681957096,1.9590896341245588e-05,0.038735983690112,2.0007723922974216e-05,0.0377166156982669,3.991737076789464e-05,0.042813455657492394,7.600973549169127e-07,0.04485219164118237,5.4187585624721835e-06,0.04587155963302747,5.49231637101253e-06,0.04689092762487257,4.119237278259397e-06,0.047910295616717447,2.890821875635613e-05,2.0,1.0,1.0,2.0,2.0
22,13:34:54,7,0.042813455657492394,31713.0,0.04332313965341483,0.042813455657492394,1.2259634756724397e-07,0.041794087665647295,6.52212569057738e-06,0.040774719673802196,1.1033671281051959e-05,0.039755351681957096,1.9590896341245588e-05,0.038735983690112,2.0007723922974216e-05,0.04383282364933727,1.4711561708069277e-07,0.04485219164118237,5.4187585624721835e-06,0.04587155963302747,5.49231637101253e-06,0.04689092762487257,4.119237278259397e-06,0.047910295616717447,2.890821875635613e-05,1.0,0.0,0.0,1.0,2.0
22,13:34:57,7,0.041794087665647295,58259.0,0.042813455657492394,0.041794087665647295,5.2471236758780425e-06,0.040774719673802196,1.1107229089592305e-05,0.039755351681957096,1.9590896341245588e-05,0.038735983690112,2.0007723922974216e-05,0.0377166156982669,3.991737076789464e-05,0.04383282364933727,4.903853902689759e-07,0.04485219164118237,5.4187585624721835e-06,0.04587155963302747,5.49231637101253e-06,0.04689092762487257,4.119237278259397e-06,0.047910295616717447,2.8246198479493014e-05,0.0,0.0,1.0,2.0,2.0
22,13:35:00,7,0.041794087665647295,16365.0,0.042303771661569955,0.041794087665647295,5.173565867337696e-06,0.040774719673802196,1.2578385260399233e-05,0.039755351681957096,1.9590896341245588e-05,0.038735983690112,2.0252916618108704e-05,0.0377166156982669,3.991737076789464e-05,0.042813455657492394,1.4711561708069277e-06,0.04383282364933727,4.903853902689759e-07,0.04485219164118237,5.4187585624721835e-06,0.04587155963302747,5.49231637101253e-06,0.04689092762487257,4.119237278259397e-06,1.0,2.0,1.0,2.0,2.0
22,13:35:03,7,0.042813455657492394,1023.0,0.042303771661569955,0.041794087665647295,5.663951257606672e-06,0.040774719673802196,1.279905868602027e-05,0.039755351681957096,1.9590896341245588e-05,0.038735983690112,2.0252916618108704e-05,0.0377166156982669,3.991737076789464e-05,0.042813455657492394,2.157695717183494e-06,0.04383282364933727,4.903853902689759e-07,0.04485219164118237,5.6884705271201205e-06,0.04587155963302747,5.49231637101253e-06,0.04689092762487257,4.119237278259397e-06,1.0,2.0,1.0,2.0,2.0
22,13:35:06,7,0.04485219164118237,330877.0,0.04383282364933727,0.042813455657492394,1.2259634756724397e-07,0.041794087665647295,5.663951257606672e-06,0.040774719673802196,1.279905868602027e-05,0.039755351681957096,1.949281926319179e-05,0.038735983690112,2.0252916618108704e-05,0.04485219164118237,4.4134685124207834e-07,0.04587155963302747,5.49231637101253e-06,0.04689092762487257,4.119237278259397e-06,0.047910295616717447,2.8246198479493014e-05,0.048929663608562546,1.1058190550565406e-05,0.0,0.0,1.0,1.0,2.0
22,13:35:09,7,0.041794087665647295,18401.0,0.04332313965341483,0.041794087665647295,5.345200753931838e-06,0.040774719673802196,1.279905868602027e-05,0.039755351681957096,1.949281926319179e-05,0.038735983690112,2.0252916618108704e-05,0.0377166156982669,3.991737076789464e-05,0.04485219164118237,4.4134685124207834e-07,0.04587155963302747,5.49231637101253e-06,0.04689092762487257,4.119237278259397e-06,0.047910295616717447,2.8246198479493014e-05,0.048929663608562546,1.1058190550565406e-05,0.0,0.0,2.0,2.0,2.0
22,13:35:12,7,0.042813455657492394,19437.0,0.042303771661569955,0.041794087665647295,5.467797101499081e-06,0.040774719673802196,1.279905868602027e-05,0.039755351681957096,1.949281926319179e-05,0.038735983690112,2.0252916618108704e-05,0.0377166156982669,3.991737076789464e-05,0.042813455657492394,4.168275817286295e-07,0.04485219164118237,4.4134685124207834e-07,0.04587155963302747,5.49231637101253e-06,0.04689092762487257,4.119237278259397e-06,0.047910295616717447,2.8246198479493014e-05,1.0,2.0,2.0,2.0,2.0
22,13:35:15,7,0.042813455657492394,72613.0,0.042303771661569955,0.041794087665647295,6.129817378362199e-06,0.040774719673802196,1.279905868602027e-05,0.039755351681957096,1.949281926319179e-05,0.038735983690112,2.0252916618108704e-05,0.0377166156982669,3.991737076789464e-05,0.042813455657492394,1.7653874049683134e-06,0.04485219164118237,7.355780854034638e-07,0.04587155963302747,5.49231637101253e-06,0.04689092762487257,4.388949242907334e-06,0.047910295616717447,2.8246198479493014e-05,2.0,1.0,2.0,2.0,2.0
22,13:35:18,7,0.041794087665647295,48037.0,0.042303771661569955,0.041794087665647295,5.933663222254608e-06,0.040774719673802196,1.279905868602027e-05,0.039755351681957096,1.949281926319179e-05,0.038735983690112,2.037551296567595e-05,0.0377166156982669,4.040775615816362e-05,0.042813455657492394,1.6918295964279668e-06,0.04485219164118237,7.355780854034638e-07,0.04587155963302747,5.49231637101253e-06,0.04689092762487257,4.388949242907334e-06,0.047910295616717447,2.8246198479493014e-05,2.0,2.0,2.0,2.0,2.0
22,13:35:21,7,0.041794087665647295,42940.0,0.042303771661569955,0.041794087665647295,5.29616221490494e-06,0.040774719673802196,1.279905868602027e-05,0.039755351681957096,1.9615415610759035e-05,0.038735983690112,2.0865898355944926e-05,0.0377166156982669,4.040775615816362e-05,0.042813455657492394,1.2995212842127862e-06,0.04485219164118237,1.078847858591747e-06,0.04587155963302747,5.49231637101253e-06,0.04689092762487257,4.388949242907334e-06,0.047910295616717447,2.8246198479493014e-05,2.0,1.0,2.0,2.0,2.0
22,13:35:24,7,0.042813455657492394,37851.0,0.042303771661569955,0.041794087665647295,5.29616221490494e-06,0.040774719673802196,1.4123099239746507e-05,0.039755351681957096,1.9615415610759035e-05,0.038735983690112,2.0865898355944926e-05,0.0377166156982669,4.040775615816362e-05,0.042813455657492394,3.9230831221518074e-07,0.04485219164118237,1.078847858591747e-06,0.04587155963302747,5.49231637101253e-06,0.04689092762487257,4.388949242907334e-06,0.047910295616717447,2.8246198479493014e-05,1.0,1.0,2.0,2.0,2.0
22,13:35:27,7,0.041794087665647295,48050.0,0.042303771661569955,0.041794087665647295,4.854815363662861e-06,0.040774719673802196,1.3926945083638917e-05,0.039755351681957096,1.9615415610759035e-05,0.038735983690112,2.0865898355944926e-05,0.0377166156982669,4.040775615816362e-05,0.042813455657492394,4.903853902689759e-08,0.04485219164118237,1.078847858591747e-06,0.04587155963302747,5.49231637101253e-06,0.04689092762487257,4.388949242907334e-06,0.047910295616717447,2.8246198479493014e-05,2.0,1.0,2.0,2.0,2.0
22,13:35:30,7,0.042813455657492394,5115.0,0.04332313965341483,0.042813455657492394,2.280292064750738e-06,0.041794087665647295,5.026450250257003e-06,0.040774719673802196,1.3926945083638917e-05,0.039755351681957096,1.956637707173214e-05,0.038735983690112,2.0890417625458373e-05,0.04383282364933727,3.9230831221518074e-07,0.04485219164118237,1.078847858591747e-06,0.04587155963302747,5.49231637101253e-06,0.04689092762487257,4.388949242907334e-06,0.047910295616717447,2.8246198479493014e-05,0.0,0.0,1.0,2.0,2.0
22,13:35:33,7,0.042813455657492394,82863.0,0.04332313965341483,0.042813455657492394,2.4519269513448794e-07,0.041794087665647295,5.026450250257003e-06,0.040774719673802196,1.3926945083638917e-05,0.039755351681957096,1.9811569766866626e-05,0.038735983690112,2.1135610320592862e-05,0.04383282364933727,3.9230831221518074e-07,0.04485219164118237,1.078847858591747e-06,0.04587155963302747,5.49231637101253e-06,0.04689092762487257,4.388949242907334e-06,0.047910295616717447,2.8246198479493014e-05,1.0,0.0,2.0,2.0,2.0
22,13:35:36,7,0.042813455657492394,0.0,0.04332313965341483,0.042813455657492394,2.4519269513448794e-07,0.041794087665647295,6.0562595698218525e-06,0.040774719673802196,1.4172137778773404e-05,0.039755351681957096,1.9811569766866626e-05,0.038735983690112,2.162599571086184e-05,0.04383282364933727,3.9230831221518074e-07,0.04485219164118237,1.078847858591747e-06,0.04587155963302747,5.49231637101253e-06,0.04689092762487257,4.388949242907334e-06,0.047910295616717447,2.8491391174627502e-05,0.0,2.0,2.0,2.0,2.0
22,13:35:39,7,0.042813455657492394,19437.0,0.042303771661569955,0.041794087665647295,7.380300123548088e-06,0.040774719673802196,1.4662523169042379e-05,0.039755351681957096,1.9836089036380077e-05,0.038735983690112,2.162599571086184e-05,0.0377166156982669,4.040775615816362e-05,0.042813455657492394,3.677890427017319e-07,0.04383282364933727,3.9230831221518074e-07,0.04485219164118237,1.078847858591747e-06,0.04587155963302747,5.49231637101253e-06,0.04689092762487257,3.923083122151807e-06,1.0,2.0,2.0,2.0,2.0
22,13:35:42,7,0.042813455657492394,32736.0,0.04332313965341483,0.042813455657492394,1.7163488659414157e-07,0.041794087665647295,8.483667251653283e-06,0.040774719673802196,1.5152908559311356e-05,0.039755351681957096,1.9836089036380077e-05,0.038735983690112,2.162599571086184e-05,0.04383282364933727,1.4466369012934789e-06,0.04485219164118237,1.078847858591747e-06,0.04587155963302747,5.49231637101253e-06,0.04689092762487257,3.923083122151807e-06,0.047910295616717447,2.8491391174627502e-05,0.0,2.0,1.0,2.0,2.0
22,13:35:45,7,0.041794087665647295,9205.0,0.042303771661569955,0.041794087665647295,8.434628712626386e-06,0.040774719673802196,1.5152908559311356e-05,0.039755351681957096,1.9836089036380077e-05,0.038735983690112,2.162599571086184e-05,0.0377166156982669,4.040775615816362e-05,0.042813455657492394,1.2259634756724397e-07,0.04383282364933727,1.569233248860723e-06,0.04485219164118237,1.078847858591747e-06,0.04587155963302747,5.49231637101253e-06,0.04689092762487257,3.923083122151807e-06,1.0,2.0,2.0,2.0,2.0
22,13:35:48,7,0.042813455657492394,5115.0,0.04332313965341483,0.042813455657492394,1.4711561708069277e-07,0.041794087665647295,8.679821407760873e-06,0.040774719673802196,1.5152908559311356e-05,0.039755351681957096,1.836493286557315e-05,0.038735983690112,2.162599571086184e-05,0.04383282364933727,1.569233248860723e-06,0.04485219164118237,1.078847858591747e-06,0.04587155963302747,5.49231637101253e-06,0.04689092762487257,3.923083122151807e-06,0.047910295616717447,2.8491391174627502e-05,0.0,1.0,1.0,2.0,2.0
22,13:35:51,7,0.041794087665647295,33732.0,0.042303771661569955,0.041794087665647295,8.017801130897757e-06,0.040774719673802196,1.5152908559311356e-05,0.039755351681957096,1.836493286557315e-05,0.038735983690112,2.162599571086184e-05,0.0377166156982669,4.082458373989225e-05,0.042813455657492394,2.746158185506265e-06,0.04383282364933727,1.569233248860723e-06,0.04485219164118237,1.7899066744817621e-06,0.04587155963302747,5.49231637101253e-06,0.04689092762487257,3.923083122151807e-06,2.0,2.0,2.0,2.0,2.0
22,13:35:54,7,0.041794087665647295,23525.0,0.042303771661569955,0.041794087665647295,7.919724052843962e-06,0.040774719673802196,1.6378872034983796e-05,0.039755351681957096,1.8487529213140393e-05,0.038735983690112,2.13562837462139e-05,0.0377166156982669,4.082458373989225e-05,0.042813455657492394,3.26106284528869e-06,0.04383282364933727,1.814425943995211e-06,0.04485219164118237,1.7899066744817621e-06,0.04587155963302747,5.49231637101253e-06,0.04689092762487257,3.923083122151807e-06,2.0,2.0,2.0,2.0,2.0
22,13:35:57,7,0.042813455657492394,35795.0,0.042303771661569955,0.041794087665647295,1.1916364983536115e-05,0.040774719673802196,1.6378872034983796e-05,0.039755351681957096,1.8487529213140393e-05,0.038735983690112,2.1601476441348388e-05,0.0377166156982669,4.082458373989225e-05,0.042813455657492394,2.868754533073509e-06,0.04383282364933727,1.814425943995211e-06,0.04485219164118237,1.7899066744817621e-06,0.04587155963302747,5.49231637101253e-06,0.04689092762487257,3.923083122151807e-06,2.0,2.0,2.0,2.0,2.0
22,13:36:00,7,0.042813455657492394,29667.0,0.042303771661569955,0.041794087665647295,1.3387521154343043e-05,0.040774719673802196,1.6624064730118284e-05,0.039755351681957096,1.8487529213140393e-05,0.038735983690112,2.1601476441348388e-05,0.0377166156982669,4.082458373989225e-05,0.042813455657492394,2.2557727952372892e-06,0.04383282364933727,1.814425943995211e-06,0.04485219164118237,1.7899066744817621e-06,0.04587155963302747,5.49231637101253e-06,0.04689092762487257,3.923083122151807e-06,2.0,2.0,2.0,2.0,2.0
22,13:36:03,7,0.042813455657492394,49082.0,0.042303771661569955,0.041794087665647295,1.2848097225047169e-05,0.040774719673802196,1.6624064730118284e-05,0.039755351681957096,1.8487529213140393e-05,0.038735983690112,2.1601476441348388e-05,0.0377166156982669,4.082458373989225e-05,0.042813455657492394,1.6182717878876205e-06,0.04383282364933727,1.3975983622665813e-06,0.04485219164118237,1.7899066744817621e-06,0.04587155963302747,5.49231637101253e-06,0.04689092762487257,3.923083122151807e-06,2.0,2.0,2.0,2.0,2.0
22,13:36:06,7,0.04383282364933727,145314.0,0.04434250764525993,0.04383282364933727,3.334620653829036e-06,0.042813455657492394,4.903853902689759e-07,0.041794087665647295,1.2504827451858885e-05,0.040774719673802196,1.6624064730118284e-05,0.039755351681957096,1.836493286557315e-05,0.04485219164118237,1.7899066744817621e-06,0.04587155963302747,5.49231637101253e-06,0.04689092762487257,3.923083122151807e-06,0.047910295616717447,2.8491391174627502e-05,0.048929663608562546,1.1548575940834384e-05,0.0,1.0,1.0,2.0,2.0
22,13:36:09,7,0.04383282364933727,104448.0,0.04434250764525993,0.04383282364933727,8.33655163457259e-07,0.042813455657492394,7.110588158900151e-07,0.041794087665647295,1.2750020146993374e-05,0.040774719673802196,1.6624064730118284e-05,0.039755351681957096,1.836493286557315e-05,0.04485219164118237,1.7899066744817621e-06,0.04587155963302747,5.49231637101253e-06,0.04689092762487257,3.923083122151807e-06,0.047910295616717447,2.8491391174627502e-05,0.048929663608562546,1.2284154026237846e-05,0.0,0.0,1.0,2.0,2.0
22,13:36:12,7,0.04383282364933727,34816.0,0.04383282364933727,0.042813455657492394,9.56251511024503e-07,0.041794087665647295,1.3093289920181658e-05,0.040774719673802196,1.655050692157794e-05,0.039755351681957096,1.836493286557315e-05,0.038735983690112,2.1846669136482877e-05,0.04485219164118237,1.7899066744817621e-06,0.04587155963302747,5.49231637101253e-06,0.04689092762487257,3.923083122151807e-06,0.047910295616717447,2.807456359289887e-05,0.048929663608562546,1.2284154026237846e-05,0.0,0.0,1.0,2.0,2.0
22,13:36:15,7,0.04485219164118237,10250.0,0.04332313965341483,0.042813455657492394,9.56251511024503e-07,0.041794087665647295,1.5545216871526537e-05,0.040774719673802196,1.655050692157794e-05,0.039755351681957096,1.8438490674113494e-05,0.038735983690112,2.1920226945023223e-05,0.04383282364933727,8.826937024841567e-07,0.04485219164118237,1.2504827451858885e-06,0.04587155963302747,5.49231637101253e-06,0.04689092762487257,3.923083122151807e-06,0.047910295616717447,2.807456359289887e-05,1.0,1.0,2.0,2.0,2.0
22,13:36:18,7,0.04485219164118237,0.0,0.04332313965341483,0.042813455657492394,1.2995212842127862e-06,0.041794087665647295,1.5545216871526537e-05,0.040774719673802196,1.655050692157794e-05,0.039755351681957096,1.8438490674113494e-05,0.038735983690112,2.1920226945023223e-05,0.04383282364933727,8.826937024841567e-07,0.04485219164118237,1.324040553726235e-06,0.04587155963302747,5.49231637101253e-06,0.04689092762487257,3.923083122151807e-06,0.047910295616717447,2.807456359289887e-05,2.0,1.0,2.0,2.0,2.0
22,13:36:21,7,0.042813455657492394,55242.0,0.04332313965341483,0.042813455657492394,6.620202768631175e-07,0.041794087665647295,1.5545216871526537e-05,0.040774719673802196,1.655050692157794e-05,0.039755351681957096,1.8438490674113494e-05,0.038735983690112,2.1871188405996324e-05,0.04383282364933727,8.826937024841567e-07,0.04485219164118237,2.0596186391296986e-06,0.04587155963302747,5.49231637101253e-06,0.04689092762487257,3.923083122151807e-06,0.047910295616717447,2.807456359289887e-05,2.0,1.0,2.0,2.0,2.0
22,13:36:24,7,0.042813455657492394,0.0,0.04332313965341483,0.042813455657492394,1.0298093195648493e-06,0.041794087665647295,1.694281523379312e-05,0.040774719673802196,1.655050692157794e-05,0.039755351681957096,1.8438490674113494e-05,0.038735983690112,2.1871188405996324e-05,0.04383282364933727,8.826937024841567e-07,0.04485219164118237,2.304811334264187e-06,0.04587155963302747,5.49231637101253e-06,0.04689092762487257,3.923083122151807e-06,0.047910295616717447,2.807456359289887e-05,1.0,1.0,2.0,2.0,2.0
22,13:36:27,7,0.042813455657492394,2046.0,0.04332313965341483,0.042813455657492394,9.807707805379518e-07,0.041794087665647295,1.694281523379312e-05,0.040774719673802196,1.6795699616712424e-05,0.039755351681957096,1.8438490674113494e-05,0.038735983690112,2.1846669136482877e-05,0.04383282364933727,8.826937024841567e-07,0.04485219164118237,2.304811334264187e-06,0.04587155963302747,5.49231637101253e-06,0.04689092762487257,4.168275817286296e-06,0.047910295616717447,2.812360213192577e-05,1.0,2.0,2.0,2.0,2.0
22,13:36:30,7,0.042813455657492394,0.0,0.04332313965341483,0.042813455657492394,1.6427910574010693e-06,0.041794087665647295,1.7065411581360363e-05,0.040774719673802196,1.6795699616712424e-05,0.039755351681957096,1.8438490674113494e-05,0.038735983690112,2.1846669136482877e-05,0.04383282364933727,8.826937024841567e-07,0.04485219164118237,2.304811334264187e-06,0.04587155963302747,5.49231637101253e-06,0.04689092762487257,4.168275817286296e-06,0.047910295616717447,2.812360213192577e-05,1.0,2.0,2.0,2.0,2.0
22,13:36:33,7,0.04383282364933727,71662.0,0.04434250764525993,0.04383282364933727,2.4519269513448794e-07,0.042813455657492394,1.201444206158991e-06,0.041794087665647295,1.7555796971629337e-05,0.040774719673802196,1.6795699616712424e-05,0.039755351681957096,1.8487529213140393e-05,0.04485219164118237,2.304811334264187e-06,0.04587155963302747,5.49231637101253e-06,0.04689092762487257,4.168275817286296e-06,0.047910295616717447,2.8148121401439217e-05,0.048929663608562546,1.2357711834778194e-05,0.0,1.0,2.0,2.0,2.0
22,13:36:36,7,0.04383282364933727,5120.0,0.04434250764525993,0.04383282364933727,3.1875050367483437e-07,0.042813455657492394,1.6182717878876205e-06,0.041794087665647295,1.7629354780169683e-05,0.040774719673802196,1.6795699616712424e-05,0.039755351681957096,1.8487529213140393e-05,0.04485219164118237,2.304811334264187e-06,0.04587155963302747,5.49231637101253e-06,0.04689092762487257,4.168275817286296e-06,0.047910295616717447,2.8148121401439217e-05,0.048929663608562546,1.2357711834778194e-05,0.0,1.0,1.0,2.0,2.0
22,13:36:39,7,0.04383282364933727,13312.0,0.04332313965341483,0.042813455657492394,1.6182717878876205e-06,0.041794087665647295,1.689377669476622e-05,0.040774719673802196,1.6795699616712424e-05,0.039755351681957096,1.8487529213140393e-05,0.038735983690112,2.2337054526751854e-05,0.04383282364933727,9.807707805379519e-08,0.04485219164118237,2.3293306037776356e-06,0.04587155963302747,5.49231637101253e-06,0.04689092762487257,3.334620653829036e-06,0.047910295616717447,2.8148121401439217e-05,1.0,2.0,2.0,2.0,2.0
22,13:36:42,7,0.04383282364933727,0.0,0.04332313965341483,0.042813455657492394,2.3293306037776356e-06,0.041794087665647295,1.689377669476622e-05,0.040774719673802196,1.6795699616712424e-05,0.039755351681957096,1.8487529213140393e-05,0.038735983690112,2.2582247221886343e-05,0.04383282364933727,5.884624683227711e-07,0.04485219164118237,2.4274076818314307e-06,0.04587155963302747,5.5168356405259795e-06,0.04689092762487257,3.334620653829036e-06,0.047910295616717447,2.8148121401439217e-05,2.0,2.0,2.0,2.0,2.0
22,13:36:45,7,0.042813455657492394,5115.0,0.04332313965341483,0.042813455657492394,2.476446220858328e-06,0.041794087665647295,1.689377669476622e-05,0.040774719673802196,1.6795699616712424e-05,0.039755351681957096,1.8487529213140393e-05,0.038735983690112,2.2582247221886343e-05,0.04383282364933727,5.884624683227711e-07,0.04485219164118237,2.4274076818314307e-06,0.04587155963302747,5.5168356405259795e-06,0.04689092762487257,3.334620653829036e-06,0.047910295616717447,2.8148121401439217e-05,2.0,2.0,2.0,2.0,2.0
22,13:36:48,7,0.04383282364933727,6141.0,0.04332313965341483,0.042813455657492394,2.402888412317982e-06,0.041794087665647295,1.689377669476622e-05,0.040774719673802196,1.6673103269145183e-05,0.039755351681957096,1.853656775216729e-05,0.038735983690112,2.2582247221886343e-05,0.04383282364933727,7.600973549169127e-07,0.04485219164118237,2.4274076818314307e-06,0.04587155963302747,5.5168356405259795e-06,0.04689092762487257,3.334620653829036e-06,0.047910295616717447,2.8221679209979563e-05,2.0,2.0,2.0,2.0,2.0
22,13:36:51,7,0.042813455657492394,17391.0,0.04332313965341483,0.042813455657492394,2.7216389159928164e-06,0.041794087665647295,1.689377669476622e-05,0.040774719673802196,1.6673103269145183e-05,0.039755351681957096,1.853656775216729e-05,0.038735983690112,2.2827439917020828e-05,0.04383282364933727,9.072129719976055e-07,0.04485219164118237,2.4274076818314307e-06,0.04587155963302747,5.5168356405259795e-06,0.04689092762487257,3.334620653829036e-06,0.047910295616717447,2.8221679209979563e-05,2.0,2.0,2.0,2.0,2.0
22,13:36:54,7,0.042813455657492394,10230.0,0.04332313965341483,0.042813455657492394,2.7657736011170243e-05,0.041794087665647295,1.647694911303759e-05,0.040774719673802196,1.6673103269145183e-05,0.039755351681957096,1.853656775216729e-05,0.038735983690112,2.2827439917020828e-05,0.04383282364933727,1.1524056671320934e-06,0.04485219164118237,2.3293306037776356e-06,0.04587155963302747,5.5168356405259795e-06,0.04689092762487257,3.334620653829036e-06,0.047910295616717447,2.8221679209979563e-05,2.0,2.0,2.0,2.0,2.0
22,13:36:57,7,0.04383282364933727,71680.0,0.04434250764525993,0.04383282364933727,8.33655163457259e-07,0.042813455657492394,2.9374084877111657e-05,0.041794087665647295,1.5005792942230663e-05,0.040774719673802196,1.6673103269145183e-05,0.039755351681957096,1.853656775216729e-05,0.04485219164118237,2.3293306037776356e-06,0.04587155963302747,5.5168356405259795e-06,0.04689092762487257,3.334620653829036e-06,0.047910295616717447,2.8221679209979563e-05,0.048929663608562546,1.2455788912831989e-05,1.0,1.0,1.0,2.0,2.0
22,13:37:00,7,0.04383282364933727,25600.0,0.04434250764525993,0.04383282364933727,2.2067342562103917e-07,0.042813455657492394,2.9668316111273043e-05,0.041794087665647295,1.5054831481257561e-05,0.040774719673802196,1.6673103269145183e-05,0.039755351681957096,1.853656775216729e-05,0.04485219164118237,2.3293306037776356e-06,0.04587155963302747,5.5168356405259795e-06,0.04689092762487257,3.334620653829036e-06,0.047910295616717447,2.8221679209979563e-05,0.048929663608562546,1.2455788912831989e-05,2.0,2.0,1.0,2.0,2.0
22,13:37:03,7,0.04383282364933727,44024.0,0.04434250764525993,0.04383282364933727,3.8740445831249095e-06,0.042813455657492394,3.5479382985960407e-05,0.041794087665647295,1.5054831481257561e-05,0.040774719673802196,1.6673103269145183e-05,0.039755351681957096,1.870820263876143e-05,0.04485219164118237,2.3293306037776356e-06,0.04587155963302747,6.669241307658072e-06,0.04689092762487257,3.0649086891810996e-06,0.047910295616717447,2.8221679209979563e-05,0.048929663608562546,1.2455788912831989e-05,2.0,2.0,1.0,2.0,2.0
22,13:37:06,7,0.04587155963302747,406053.0,0.04434250764525993,0.04383282364933727,2.0596186391296986e-06,0.042813455657492394,3.543034444693351e-05,0.041794087665647295,1.5054831481257561e-05,0.040774719673802196,1.6673103269145183e-05,0.039755351681957096,1.9198588029030408e-05,0.04485219164118237,1.9615415610759037e-07,0.04587155963302747,1.1033671281051959e-06,0.04689092762487257,3.0649086891810996e-06,0.047910295616717447,2.8221679209979563e-05,0.048929663608562546,1.2455788912831989e-05,1.0,2.0,2.0,2.0,2.0
22,13:37:09,7,0.04485219164118237,10242.0,0.04434250764525993,0.04383282364933727,1.8634644830221085e-06,0.042813455657492394,3.685246207871354e-05,0.041794087665647295,1.5103870020284458e-05,0.040774719673802196,1.6673103269145183e-05,0.039755351681957096,1.9198588029030408e-05,0.04485219164118237,1.4711561708069277e-07,0.04587155963302747,1.1033671281051959e-06,0.04689092762487257,3.0649086891810996e-06,0.047910295616717447,2.8221679209979563e-05,0.048929663608562546,1.2700981607966476e-05,1.0,2.0,2.0,2.0,2.0
22,13:37:12,7,0.04383282364933727,27648.0,0.04434250764525993,0.04383282364933727,7.037030350359804e-06,0.042813455657492394,3.641111522747146e-05,0.041794087665647295,1.5103870020284458e-05,0.040774719673802196,1.6673103269145183e-05,0.039755351681957096,1.9198588029030408e-05,0.04485219164118237,1.4711561708069277e-07,0.04587155963302747,1.1033671281051959e-06,0.04689092762487257,3.0649086891810996e-06,0.047910295616717447,2.8221679209979563e-05,0.048929663608562546,1.2700981607966476e-05,1.0,2.0,2.0,2.0,2.0
22,13:37:15,7,0.04383282364933727,19463.0,0.04485219164118237,0.04383282364933727,7.306742315007741e-06,0.042813455657492394,3.641111522747146e-05,0.041794087665647295,1.5103870020284458e-05,0.040774719673802196,1.6673103269145183e-05,0.039755351681957096,1.9198588029030408e-05,0.04587155963302747,1.1033671281051959e-06,0.04689092762487257,3.0649086891810996e-06,0.047910295616717447,2.8221679209979563e-05,0.048929663608562546,1.3289444076289248e-05,0.04994903160040787,7.971214518822204e-05,2.0,0.0,2.0,1.0,1.0
22,13:37:18,7,0.04383282364933727,119832.0,0.04536187563710481,0.04485219164118237,2.4519269513448794e-07,0.04383282364933727,5.222604406364593e-06,0.042813455657492394,3.641111522747146e-05,0.041794087665647295,1.5103870020284458e-05,0.040774719673802196,1.544713979347274e-05,0.04587155963302747,8.091358939438103e-07,0.04689092762487257,3.0649086891810996e-06,0.047910295616717447,2.8221679209979563e-05,0.048929663608562546,1.3289444076289248e-05,0.04994903160040787,7.971214518822204e-05,1.0,0.0,2.0,1.0,1.0
22,13:37:21,7,0.04383282364933727,27658.0,0.04434250764525993,0.04383282364933727,4.805776824635964e-06,0.042813455657492394,3.641111522747146e-05,0.041794087665647295,1.5201947098338253e-05,0.040774719673802196,1.544713979347274e-05,0.039755351681957096,1.9198588029030408e-05,0.04485219164118237,2.6971196464793677e-07,0.04587155963302747,8.091358939438103e-07,0.04689092762487257,3.0649086891810996e-06,0.047910295616717447,2.8221679209979563e-05,0.048929663608562546,1.3289444076289248e-05,2.0,2.0,2.0,2.0,2.0
22,13:37:24,7,0.04383282364933727,18432.0,0.04434250764525993,0.04383282364933727,4.487026320961129e-06,0.042813455657492394,3.641111522747146e-05,0.041794087665647295,1.5201947098338253e-05,0.040774719673802196,1.4956754403203766e-05,0.039755351681957096,1.9198588029030408e-05,0.04485219164118237,3.1875050367483437e-07,0.04587155963302747,8.581744329707078e-07,0.04689092762487257,3.0649086891810996e-06,0.047910295616717447,2.8221679209979563e-05,0.048929663608562546,1.3289444076289248e-05,2.0,1.0,2.0,2.0,2.0
22,13:37:27,7,0.04383282364933727,3072.0,0.04434250764525993,0.04383282364933727,4.413468512420783e-06,0.042813455657492394,3.641111522747146e-05,0.041794087665647295,1.5201947098338253e-05,0.040774719673802196,1.4956754403203766e-05,0.039755351681957096,1.9223107298543855e-05,0.04485219164118237,3.1875050367483437e-07,0.04587155963302747,8.581744329707078e-07,0.04689092762487257,3.0649086891810996e-06,0.047910295616717447,2.8221679209979563e-05,0.048929663608562546,1.3289444076289248e-05,2.0,1.0,2.0,2.0,2.0
22,13:37:30,7,0.04485219164118237,64535.0,0.04536187563710481,0.04485219164118237,9.807707805379518e-07,0.04383282364933727,3.432697731882831e-06,0.042813455657492394,3.646015376649836e-05,0.041794087665647295,1.5201947098338253e-05,0.040774719673802196,1.4883196594663418e-05,0.04587155963302747,1.2504827451858885e-06,0.04689092762487257,3.0649086891810996e-06,0.047910295616717447,2.8221679209979563e-05,0.048929663608562546,1.3289444076289248e-05,0.04994903160040787,8.137945551513655e-05,0.0,0.0,2.0,2.0,1.0
22,13:37:33,7,0.04485219164118237,25625.0,0.04536187563710481,0.04485219164118237,3.677890427017319e-07,0.04383282364933727,5.173565867337696e-06,0.042813455657492394,3.646015376649836e-05,0.041794087665647295,1.5201947098338253e-05,0.040774719673802196,1.4883196594663418e-05,0.04587155963302747,1.324040553726235e-06,0.04689092762487257,3.0649086891810996e-06,0.047910295616717447,2.8221679209979563e-05,0.048929663608562546,1.3289444076289248e-05,0.04994903160040787,8.137945551513655e-05,0.0,0.0,2.0,2.0,1.0
22,13:37:36,7,0.04485219164118237,15375.0,0.04485219164118237,0.04383282364933727,5.173565867337696e-06,0.042813455657492394,3.646015376649836e-05,0.041794087665647295,1.4221176317800302e-05,0.040774719673802196,1.4883196594663418e-05,0.039755351681957096,1.9223107298543855e-05,0.04587155963302747,1.3485598232396838e-06,0.04689092762487257,3.0649086891810996e-06,0.047910295616717447,2.8221679209979563e-05,0.048929663608562546,1.3289444076289248e-05,0.04994903160040787,8.137945551513655e-05,1.0,2.0,2.0,2.0,1.0
22,13:37:39,7,0.04587155963302747,1026.0,0.04536187563710481,0.04485219164118237,2.2557727952372892e-06,0.04383282364933727,5.173565867337696e-06,0.042813455657492394,3.646015376649836e-05,0.041794087665647295,1.4221176317800302e-05,0.040774719673802196,1.4883196594663418e-05,0.04587155963302747,1.6182717878876205e-06,0.04689092762487257,3.0649086891810996e-06,0.047910295616717447,2.8197159940466115e-05,0.048929663608562546,1.3289444076289248e-05,0.04994903160040787,8.152657113221725e-05,0.0,2.0,2.0,2.0,1.0
22,13:37:42,7,0.04485219164118237,47150.0,0.04536187563710481,0.04485219164118237,1.1278863976186446e-06,0.04383282364933727,5.663951257606672e-06,0.042813455657492394,3.646015376649836e-05,0.041794087665647295,1.3608194579964082e-05,0.040774719673802196,1.4883196594663418e-05,0.04587155963302747,1.7163488659414156e-06,0.04689092762487257,3.0649086891810996e-06,0.047910295616717447,2.8197159940466115e-05,0.048929663608562546,1.3289444076289248e-05,0.04994903160040787,8.275253460788969e-05,0.0,2.0,1.0,2.0,1.0
22,13:37:45,7,0.04485219164118237,56375.0,0.04434250764525993,0.04383282364933727,5.4187585624721835e-06,0.042813455657492394,3.646015376649836e-05,0.041794087665647295,1.2995212842127862e-05,0.040774719673802196,1.4883196594663418e-05,0.039755351681957096,1.914954949000351e-05,0.04485219164118237,1.2259634756724397e-07,0.04587155963302747,1.7163488659414156e-06,0.04689092762487257,2.8197159940466115e-06,0.047910295616717447,2.8197159940466115e-05,0.048929663608562546,1.3289444076289248e-05,1.0,2.0,2.0,2.0,2.0
22,13:37:48,7,0.04485219164118237,0.0,0.04434250764525993,0.04383282364933727,5.4187585624721835e-06,0.042813455657492394,3.665630792260595e-05,0.041794087665647295,1.2995212842127862e-05,0.040774719673802196,1.4883196594663418e-05,0.039755351681957096,1.914954949000351e-05,0.04485219164118237,2.2067342562103917e-07,0.04587155963302747,1.7163488659414156e-06,0.04689092762487257,2.8197159940466115e-06,0.047910295616717447,2.8197159940466115e-05,0.048929663608562546,1.3289444076289248e-05,1.0,2.0,2.0,2.0,2.0
22,13:37:51,7,0.04587155963302747,59499.0,0.04485219164118237,0.04383282364933727,5.663951257606672e-06,0.042813455657492394,3.665630792260595e-05,0.041794087665647295,1.2995212842127862e-05,0.040774719673802196,1.4883196594663418e-05,0.039755351681957096,1.914954949000351e-05,0.04587155963302747,5.149046597824247e-07,0.04689092762487257,2.8197159940466115e-06,0.047910295616717447,2.8197159940466115e-05,0.048929663608562546,1.3289444076289248e-05,0.04994903160040787,8.275253460788969e-05,2.0,2.0,1.0,1.0,2.0
22,13:37:54,7,0.04587155963302747,54292.0,0.04434250764525993,0.04383282364933727,5.590393449066325e-06,0.042813455657492394,3.665630792260595e-05,0.041794087665647295,1.2995212842127862e-05,0.040774719673802196,1.5618774680066882e-05,0.039755351681957096,1.914954949000351e-05,0.04485219164118237,1.2259634756724397e-07,0.04587155963302747,2.6971196464793677e-07,0.04689092762487257,2.8197159940466115e-06,0.047910295616717447,2.8197159940466115e-05,0.048929663608562546,1.3289444076289248e-05,2.0,2.0,2.0,2.0,2.0
22,13:37:57,7,0.04587155963302747,0.0,0.04434250764525993,0.04383282364933727,6.375010073496687e-06,0.042813455657492394,3.6901500617740436e-05,0.041794087665647295,1.2995212842127862e-05,0.040774719673802196,1.5618774680066882e-05,0.039755351681957096,1.914954949000351e-05,0.04485219164118237,1.1524056671320934e-06,0.04587155963302747,5.149046597824247e-07,0.04689092762487257,2.8197159940466115e-06,0.047910295616717447,2.8197159940466115e-05,0.048929663608562546,1.262742379942613e-05,2.0,2.0,2.0,2.0,2.0
22,13:38:00,7,0.04485219164118237,19457.0,0.04434250764525993,0.04383282364933727,5.933663222254608e-06,0.042813455657492394,3.6901500617740436e-05,0.041794087665647295,1.2995212842127862e-05,0.040774719673802196,1.5618774680066882e-05,0.039755351681957096,1.914954949000351e-05,0.04485219164118237,1.1524056671320934e-06,0.04587155963302747,5.639431988093223e-07,0.04689092762487257,2.8197159940466115e-06,0.047910295616717447,2.8197159940466115e-05,0.048929663608562546,1.262742379942613e-05,2.0,2.0,2.0,2.0,2.0
22,13:38:03,7,0.04383282364933727,45083.0,0.04434250764525993,0.04383282364933727,2.64808110745247e-05,0.042813455657492394,3.702409696530768e-05,0.041794087665647295,1.3264924806775799e-05,0.040774719673802196,1.4294734126340648e-05,0.039755351681957096,4.6978920387767895e-05,0.04485219164118237,5.884624683227711e-07,0.04587155963302747,5.639431988093223e-07,0.04689092762487257,4.094718008745949e-06,0.047910295616717447,2.8197159940466115e-05,0.048929663608562546,1.262742379942613e-05,2.0,2.0,2.0,2.0,2.0
22,13:38:06,7,0.04587155963302747,75872.0,0.04638124362895013,0.04587155963302747,4.585103399014924e-06,0.04383282364933727,2.6137541301336417e-05,0.042813455657492394,3.702409696530768e-05,0.041794087665647295,1.3264924806775799e-05,0.040774719673802196,1.4294734126340648e-05,0.04689092762487257,4.094718008745949e-06,0.047910295616717447,2.8197159940466115e-05,0.048929663608562546,1.262742379942613e-05,0.04994903160040787,8.275253460788969e-05,0.050968399592252744,0.0001404733469694995,2.0,1.0,1.0,0.0,1.0
22,13:38:09,7,0.04587155963302747,12312.0,0.04638124362895013,0.04587155963302747,4.290872164853539e-06,0.04485219164118237,2.4519269513448794e-07,0.04383282364933727,2.6137541301336417e-05,0.042813455657492394,3.702409696530768e-05,0.041794087665647295,1.3264924806775799e-05,0.04689092762487257,4.094718008745949e-06,0.047910295616717447,2.8197159940466115e-05,0.048929663608562546,1.262742379942613e-05,0.04994903160040787,8.275253460788969e-05,0.050968399592252744,0.0001404733469694995,0.0,1.0,1.0,0.0,1.0
22,13:38:12,7,0.047910295616717447,833407.0,0.04689092762487257,0.04587155963302747,2.64808110745247e-06,0.04485219164118237,4.168275817286295e-07,0.04383282364933727,5.29616221490494e-06,0.042813455657492394,3.702409696530768e-05,0.041794087665647295,1.3264924806775799e-05,0.047910295616717447,1.404954143120616e-05,0.048929663608562546,1.262742379942613e-05,0.04994903160040787,8.275253460788969e-05,0.050968399592252744,0.0001404733469694995,0.051987767584097844,7.750541093201164e-05,2.0,0.0,0.0,0.0,1.0
22,13:38:15,7,0.047910295616717447,651692.0,0.04841997961264011,0.047910295616717447,2.966831611127304e-06,0.04587155963302747,2.64808110745247e-06,0.04485219164118237,4.168275817286295e-07,0.04383282364933727,5.29616221490494e-06,0.042813455657492394,3.702409696530768e-05,0.048929663608562546,1.262742379942613e-05,0.04994903160040787,8.275253460788969e-05,0.050968399592252744,0.0001404733469694995,0.051987767584097844,7.750541093201164e-05,0.05300713557594294,3.587169129817559e-05,0.0,0.0,0.0,0.0,0.0
22,13:38:18,7,0.04587155963302747,126440.0,0.04689092762487257,0.04587155963302747,2.5990425684255725e-06,0.04485219164118237,6.889914733279112e-06,0.04383282364933727,5.29616221490494e-06,0.042813455657492394,3.677890427017319e-05,0.041794087665647295,1.3264924806775799e-05,0.047910295616717447,7.355780854034639e-08,0.048929663608562546,1.262742379942613e-05,0.04994903160040787,8.226214921762071e-05,0.050968399592252744,0.0001404733469694995,0.051987767584097844,7.750541093201164e-05,1.0,0.0,0.0,0.0,0.0
22,13:38:21,7,0.04587155963302747,62610.0,0.04689092762487257,0.04587155963302747,1.3975983622665813e-06,0.04485219164118237,6.889914733279112e-06,0.04383282364933727,5.29616221490494e-06,0.042813455657492394,3.677890427017319e-05,0.041794087665647295,1.3264924806775799e-05,0.047910295616717447,1.7163488659414157e-07,0.048929663608562546,1.262742379942613e-05,0.04994903160040787,8.226214921762071e-05,0.050968399592252744,0.0001404733469694995,0.051987767584097844,7.750541093201164e-05,0.0,0.0,0.0,0.0,0.0
22,13:38:24,7,0.04587155963302747,65664.0,0.04536187563710481,0.04485219164118237,6.889914733279112e-06,0.04383282364933727,5.29616221490494e-06,0.042813455657492394,3.677890427017319e-05,0.041794087665647295,1.3755310197044774e-05,0.040774719673802196,1.4294734126340648e-05,0.04587155963302747,2.4519269513448796e-08,0.047910295616717447,9.439918762677787e-06,0.048929663608562546,1.159761447986128e-05,0.04994903160040787,8.23602262956745e-05,0.050968399592252744,0.0001404733469694995,2.0,1.0,2.0,1.0,2.0
22,13:38:27,7,0.04587155963302747,1026.0,0.04740061162079501,0.04689092762487257,1.201444206158991e-06,0.04485219164118237,6.889914733279112e-06,0.04383282364933727,1.1156267628619202e-05,0.042813455657492394,3.677890427017319e-05,0.041794087665647295,1.3755310197044774e-05,0.047910295616717447,9.832227074892967e-06,0.048929663608562546,1.159761447986128e-05,0.04994903160040787,8.23602262956745e-05,0.050968399592252744,0.0001404733469694995,0.051987767584097844,7.750541093201164e-05,0.0,0.0,1.0,0.0,1.0
22,13:38:30,7,0.04689092762487257,50323.0,0.04638124362895013,0.04485219164118237,7.355780854034639e-06,0.04383282364933727,1.1156267628619202e-05,0.042813455657492394,3.709765477384803e-05,0.041794087665647295,1.3755310197044774e-05,0.040774719673802196,1.4294734126340648e-05,0.047910295616717447,9.832227074892967e-06,0.048929663608562546,1.159761447986128e-05,0.04994903160040787,8.23602262956745e-05,0.050968399592252744,0.0001404733469694995,0.051987767584097844,7.750541093201164e-05,1.0,0.0,2.0,0.0,1.0
22,13:38:33,7,0.04587155963302747,31787.0,0.04689092762487257,0.04587155963302747,1.4711561708069277e-07,0.04485219164118237,6.889914733279112e-06,0.04383282364933727,1.1156267628619202e-05,0.042813455657492394,3.709765477384803e-05,0.041794087665647295,1.3755310197044774e-05,0.047910295616717447,1.0077419770027456e-05,0.048929663608562546,1.1524056671320934e-05,0.04994903160040787,8.052128108216584e-05,0.050968399592252744,0.0001404733469694995,0.051987767584097844,7.750541093201164e-05,0.0,0.0,1.0,0.0,1.0
22,13:38:36,7,0.04587155963302747,0.0,0.04638124362895013,0.04587155963302747,1.4711561708069277e-07,0.04485219164118237,7.502896471115331e-06,0.04383282364933727,1.1107229089592305e-05,0.042813455657492394,3.709765477384803e-05,0.041794087665647295,1.3877906544612018e-05,0.04689092762487257,3.9230831221518074e-07,0.047910295616717447,1.0150977578567801e-05,0.048929663608562546,1.3902425814125468e-05,0.04994903160040787,8.027608838703135e-05,0.050968399592252744,0.0001404733469694995,0.0,1.0,1.0,0.0,1.0
22,13:38:39,7,0.04689092762487257,12322.0,0.04638124362895013,0.04587155963302747,9.807707805379519e-08,0.04485219164118237,7.502896471115331e-06,0.04383282364933727,1.1107229089592305e-05,0.042813455657492394,3.709765477384803e-05,0.041794087665647295,1.3828868005585122e-05,0.04689092762487257,2.4690904400042936e-05,0.047910295616717447,1.0249054656621597e-05,0.048929663608562546,1.3902425814125468e-05,0.04994903160040787,7.978570299676237e-05,0.050968399592252744,0.0001404733469694995,0.0,1.0,1.0,0.0,1.0
22,13:38:42,7,0.04587155963302747,24624.0,0.04536187563710481,0.04485219164118237,7.502896471115331e-06,0.04383282364933727,1.1842807174995769e-05,0.042813455657492394,3.709765477384803e-05,0.041794087665647295,1.4074060700719609e-05,0.040774719673802196,1.4294734126340648e-05,0.04587155963302747,2.6971196464793677e-07,0.04689092762487257,2.483802001712363e-05,0.047910295616717447,1.0249054656621597e-05,0.048929663608562546,1.3902425814125468e-05,0.04994903160040787,7.978570299676237e-05,2.0,1.0,2.0,1.0,2.0
22,13:38:45,7,0.04587155963302747,11286.0,0.04638124362895013,0.04587155963302747,4.658661207555271e-07,0.04485219164118237,7.5274157406287806e-06,0.04383282364933727,2.5720713719607785e-05,0.042813455657492394,3.655823084455216e-05,0.041794087665647295,1.3583675310450633e-05,0.04689092762487257,2.483802001712363e-05,0.047910295616717447,1.0126458309054352e-05,0.048929663608562546,1.3902425814125468e-05,0.04994903160040787,8.066839669924654e-05,0.050968399592252744,0.0001404733469694995,0.0,0.0,0.0,0.0,1.0
22,13:38:48,7,0.04689092762487257,12313.0,0.04638124362895013,0.04587155963302747,3.1875050367483437e-07,0.04485219164118237,7.5274157406287806e-06,0.04383282364933727,2.5720713719607785e-05,0.042813455657492394,3.655823084455216e-05,0.041794087665647295,1.3534636771423735e-05,0.04689092762487257,2.525484759885226e-05,0.047910295616717447,1.0126458309054352e-05,0.048929663608562546,1.3902425814125468e-05,0.04994903160040787,8.066839669924654e-05,0.050968399592252744,0.0001404733469694995,1.0,0.0,0.0,1.0,1.0
22,13:38:51,7,0.04485219164118237,60523.0,0.04536187563710481,0.04485219164118237,7.380300123548088e-06,0.04383282364933727,2.5230328329338812e-05,0.042813455657492394,3.655823084455216e-05,0.041794087665647295,1.343655969336994e-05,0.040774719673802196,1.4294734126340648e-05,0.04587155963302747,7.355780854034639e-08,0.04689092762487257,2.5892348606201928e-05,0.047910295616717447,1.0126458309054352e-05,0.048929663608562546,1.3926945083638917e-05,0.04994903160040787,8.091358939438103e-05,2.0,1.0,1.0,1.0,2.0
22,13:38:54,7,0.04485219164118237,1025.0,0.04536187563710481,0.04485219164118237,7.502896471115331e-06,0.04383282364933727,2.5230328329338812e-05,0.042813455657492394,3.655823084455216e-05,0.041794087665647295,1.343655969336994e-05,0.040774719673802196,1.4294734126340648e-05,0.04587155963302747,1.4956754403203766e-06,0.04689092762487257,2.5892348606201928e-05,0.047910295616717447,1.2504827451858885e-06,0.048929663608562546,1.647694911303759e-05,0.04994903160040787,8.115878208951552e-05,2.0,2.0,1.0,1.0,2.0
22,13:38:57,7,0.04689092762487257,127277.0,0.04587155963302747,0.04485219164118237,7.404819393061536e-06,0.04383282364933727,2.5230328329338812e-05,0.042813455657492394,3.5945249106715936e-05,0.041794087665647295,1.343655969336994e-05,0.040774719673802196,1.4294734126340648e-05,0.04689092762487257,2.4887058556150526e-05,0.047910295616717447,1.2504827451858885e-06,0.048929663608562546,1.647694911303759e-05,0.04994903160040787,8.115878208951552e-05,0.050968399592252744,0.0001404243084304726,0.0,2.0,1.0,1.0,1.0
22,13:39:00,7,0.04485219164118237,18450.0,0.04536187563710481,0.04485219164118237,6.963472541819458e-06,0.04383282364933727,2.5230328329338812e-05,0.042813455657492394,3.5945249106715936e-05,0.041794087665647295,1.343655969336994e-05,0.040774719673802196,1.4294734126340648e-05,0.04587155963302747,1.2259634756724397e-07,0.04689092762487257,2.4887058556150526e-05,0.047910295616717447,1.2504827451858885e-06,0.048929663608562546,1.647694911303759e-05,0.04994903160040787,8.115878208951552e-05,1.0,2.0,1.0,2.0,2.0
22,13:39:03,7,0.04689092762487257,220783.0,0.04638124362895013,0.04587155963302747,8.581744329707078e-07,0.04485219164118237,7.1596266979270485e-06,0.04383282364933727,2.5500040293986748e-05,0.042813455657492394,3.6190441801850425e-05,0.041794087665647295,1.3191366998235453e-05,0.04689092762487257,2.015483954005491e-05,0.047910295616717447,1.2504827451858885e-06,0.048929663608562546,1.6722141808172078e-05,0.04994903160040787,8.128137843708276e-05,0.050968399592252744,0.0001404243084304726,0.0,2.0,0.0,1.0,1.0
22,13:39:06,7,0.04689092762487257,311171.0,0.04638124362895013,0.04587155963302747,6.129817378362199e-07,0.04485219164118237,7.772608435763268e-06,0.04383282364933727,2.5500040293986748e-05,0.042813455657492394,3.538130590790661e-05,0.041794087665647295,1.3191366998235453e-05,0.04689092762487257,1.2970693572614413e-05,0.047910295616717447,1.2504827451858885e-06,0.048929663608562546,1.6722141808172078e-05,0.04994903160040787,8.128137843708276e-05,0.050968399592252744,0.0001404243084304726,0.0,0.0,0.0,1.0,1.0
22,13:39:09,7,0.04587155963302747,37994.0,0.04638124362895013,0.04587155963302747,4.903853902689759e-07,0.04485219164118237,7.895204783330513e-06,0.04383282364933727,2.4764462208583282e-05,0.042813455657492394,3.538130590790661e-05,0.041794087665647295,1.3191366998235453e-05,0.04689092762487257,1.2480308182345438e-05,0.047910295616717447,1.1524056671320934e-06,0.048929663608562546,1.6722141808172078e-05,0.04994903160040787,8.128137843708276e-05,0.050968399592252744,0.0001404243084304726,2.0,1.0,0.0,1.0,1.0
22,13:39:12,7,0.04587155963302747,103626.0,0.04536187563710481,0.04485219164118237,8.508186521166732e-06,0.04383282364933727,2.4764462208583282e-05,0.042813455657492394,3.538130590790661e-05,0.041794087665647295,1.12053061676461e-05,0.040774719673802196,1.4294734126340648e-05,0.04587155963302747,2.2067342562103917e-07,0.04689092762487257,1.3363001884829594e-05,0.047910295616717447,1.3975983622665813e-06,0.048929663608562546,1.6722141808172078e-05,0.04994903160040787,8.140397478465e-05,2.0,2.0,1.0,2.0,1.0
22,13:39:15,7,0.04485219164118237,7175.0,0.04536187563710481,0.04485219164118237,9.170206798029849e-06,0.04383282364933727,2.4764462208583282e-05,0.042813455657492394,3.538130590790661e-05,0.041794087665647295,1.1695691557915075e-05,0.040774719673802196,1.4294734126340648e-05,0.04587155963302747,1.201444206158991e-06,0.04689092762487257,1.3706271658017877e-05,0.047910295616717447,1.3975983622665813e-06,0.048929663608562546,1.6722141808172078e-05,0.04994903160040787,8.140397478465e-05,2.0,1.0,1.0,2.0,1.0
22,13:39:18,7,0.04587155963302747,40005.0,0.04536187563710481,0.04485219164118237,9.292803145597093e-06,0.04383282364933727,2.4764462208583282e-05,0.042813455657492394,3.538130590790661e-05,0.041794087665647295,1.1695691557915075e-05,0.040774719673802196,1.4294734126340648e-05,0.04587155963302747,2.6971196464793676e-06,0.04689092762487257,1.3755310197044774e-05,0.047910295616717447,1.3975983622665813e-06,0.048929663608562546,1.6722141808172078e-05,0.04994903160040787,8.140397478465e-05,2.0,1.0,1.0,1.0,1.0
22,13:39:21,7,0.04587155963302747,0.0,0.04536187563710481,0.04485219164118237,9.292803145597093e-06,0.04383282364933727,2.500965490371777e-05,0.042813455657492394,3.538130590790661e-05,0.041794087665647295,1.1695691557915075e-05,0.040774719673802196,1.4294734126340648e-05,0.04587155963302747,2.6971196464793676e-06,0.04689092762487257,1.3755310197044774e-05,0.047910295616717447,1.3975983622665813e-06,0.048929663608562546,1.6967334503306566e-05,0.04994903160040787,7.699050627222922e-05,2.0,1.0,1.0,1.0,1.0
22,13:39:24,7,0.04689092762487257,745492.0,0.04740061162079501,0.04689092762487257,6.71827984668497e-06,0.04485219164118237,9.170206798029849e-06,0.04383282364933727,2.500965490371777e-05,0.042813455657492394,3.538130590790661e-05,0.041794087665647295,1.1695691557915075e-05,0.047910295616717447,1.3975983622665813e-06,0.048929663608562546,1.708993085087381e-05,0.04994903160040787,7.699050627222922e-05,0.050968399592252744,0.0001406204625865802,0.051987767584097844,7.461213712942469e-05,0.0,0.0,0.0,1.0,0.0
22,13:39:27,7,0.04689092762487257,6162.0,0.04740061162079501,0.04689092762487257,6.571164229604277e-06,0.04485219164118237,9.170206798029849e-06,0.04383282364933727,2.4788981478096733e-05,0.042813455657492394,3.538130590790661e-05,0.041794087665647295,1.2186076948184051e-05,0.047910295616717447,1.6427910574010693e-06,0.048929663608562546,1.708993085087381e-05,0.04994903160040787,7.699050627222922e-05,0.050968399592252744,0.0001406204625865802,0.051987767584097844,7.461213712942469e-05,0.0,0.0,0.0,1.0,0.0
22,13:39:30,7,0.04689092762487257,10270.0,0.04740061162079501,0.04689092762487257,6.325971534469789e-06,0.04485219164118237,9.170206798029849e-06,0.04383282364933727,2.4985135634204323e-05,0.042813455657492394,3.601880691525628e-05,0.041794087665647295,1.2186076948184051e-05,0.047910295616717447,2.0596186391296986e-06,0.048929663608562546,1.748223916308899e-05,0.04994903160040787,7.699050627222922e-05,0.050968399592252744,0.0001406204625865802,0.051987767584097844,7.461213712942469e-05,0.0,0.0,0.0,1.0,0.0
22,13:39:33,7,0.04689092762487257,40053.0,0.04740061162079501,0.04689092762487257,5.369720023445286e-06,0.04485219164118237,9.292803145597093e-06,0.04383282364933727,2.4985135634204323e-05,0.042813455657492394,3.601880691525628e-05,0.041794087665647295,1.2186076948184051e-05,0.047910295616717447,2.1086571781565966e-06,0.048929663608562546,1.7580316241142788e-05,0.04994903160040787,7.699050627222922e-05,0.050968399592252744,0.0001406204625865802,0.051987767584097844,7.461213712942469e-05,0.0,0.0,0.0,0.0,0.0
22,13:39:36,7,0.04689092762487257,224913.0,0.04587155963302747,0.04485219164118237,9.954823422460211e-06,0.04383282364933727,2.5230328329338812e-05,0.042813455657492394,3.601880691525628e-05,0.041794087665647295,1.2186076948184051e-05,0.040774719673802196,1.4294734126340648e-05,0.04689092762487257,3.972121661178705e-06,0.047910295616717447,2.476446220858328e-06,0.048929663608562546,1.7457719893575543e-05,0.04994903160040787,7.743185312347129e-05,0.050968399592252744,0.0001406204625865802,0.0,0.0,1.0,1.0,1.0
22,13:39:39,7,0.04689092762487257,0.0,0.04638124362895013,0.04587155963302747,7.355780854034639e-08,0.04485219164118237,1.0077419770027456e-05,0.04383282364933727,2.5230328329338812e-05,0.042813455657492394,3.601880691525628e-05,0.041794087665647295,1.2137038409157154e-05,0.04689092762487257,4.2418336258266416e-06,0.047910295616717447,2.476446220858328e-06,0.048929663608562546,1.954185780221869e-05,0.04994903160040787,7.743185312347129e-05,0.050968399592252744,0.00014135604067198366,0.0,0.0,0.0,1.0,1.0
22,13:39:42,7,0.04689092762487257,0.0,0.04638124362895013,0.04587155963302747,7.355780854034639e-08,0.04485219164118237,1.0077419770027456e-05,0.04383282364933727,2.5230328329338812e-05,0.042813455657492394,3.601880691525628e-05,0.041794087665647295,1.2137038409157154e-05,0.04689092762487257,4.977411711230106e-06,0.047910295616717447,2.402888412317982e-06,0.048929663608562546,1.968897341929938e-05,0.04994903160040787,7.743185312347129e-05,0.050968399592252744,0.00014135604067198366,0.0,0.0,0.0,1.0,1.0
22,13:39:45,7,0.04587155963302747,23598.0,0.04536187563710481,0.04485219164118237,1.0126458309054352e-05,0.04383282364933727,2.5230328329338812e-05,0.042813455657492394,3.6288518879904215e-05,0.041794087665647295,1.2137038409157154e-05,0.040774719673802196,1.4294734126340648e-05,0.04587155963302747,1.8879837525355572e-06,0.04689092762487257,5.394239292958735e-06,0.047910295616717447,3.334620653829036e-06,0.048929663608562546,1.9713492688812832e-05,0.04994903160040787,7.743185312347129e-05,1.0,1.0,1.0,2.0,2.0
22,13:39:48,7,0.04587155963302747,10260.0,0.04536187563710481,0.04485219164118237,1.3313963345802697e-05,0.04383282364933727,2.5230328329338812e-05,0.042813455657492394,3.6288518879904215e-05,0.041794087665647295,1.2137038409157154e-05,0.040774719673802196,1.4294734126340648e-05,0.04587155963302747,3.0894279586945484e-06,0.04689092762487257,6.031740300308404e-06,0.047910295616717447,3.506255540423178e-06,0.048929663608562546,2.0081281731514565e-05,0.04994903160040787,7.743185312347129e-05,1.0,1.0,2.0,2.0,2.0
22,13:39:51,7,0.04587155963302747,0.0,0.04536187563710481,0.04485219164118237,1.3313963345802697e-05,0.04383282364933727,2.5230328329338812e-05,0.042813455657492394,3.6288518879904215e-05,0.041794087665647295,1.2137038409157154e-05,0.040774719673802196,1.4294734126340648e-05,0.04587155963302747,3.6533711575038706e-06,0.04689092762487257,6.031740300308404e-06,0.047910295616717447,3.506255540423178e-06,0.048929663608562546,1.968897341929938e-05,0.04994903160040787,7.767704581860578e-05,1.0,1.0,1.0,2.0,2.0
22,13:39:54,7,0.04587155963302747,31783.0,0.04536187563710481,0.04485219164118237,1.3485598232396838e-05,0.04383282364933727,2.5230328329338812e-05,0.042813455657492394,3.6288518879904215e-05,0.041794087665647295,1.2137038409157154e-05,0.040774719673802196,1.4294734126340648e-05,0.04587155963302747,3.6778904270173194e-06,0.04689092762487257,6.178855917389097e-06,0.047910295616717447,4.168275817286296e-06,0.048929663608562546,1.968897341929938e-05,0.04994903160040787,7.767704581860578e-05,1.0,1.0,1.0,2.0,2.0
22,13:39:57,7,0.04587155963302747,7182.0,0.04536187563710481,0.04485219164118237,1.3730790927531325e-05,0.04383282364933727,2.5230328329338812e-05,0.042813455657492394,3.6288518879904215e-05,0.041794087665647295,1.2137038409157154e-05,0.040774719673802196,1.4294734126340648e-05,0.04587155963302747,3.825006044098012e-06,0.04689092762487257,6.178855917389097e-06,0.047910295616717447,4.168275817286296e-06,0.048929663608562546,1.968897341929938e-05,0.04994903160040787,7.767704581860578e-05,1.0,1.0,1.0,2.0,1.0
22,13:40:00,7,0.04485219164118237,38980.0,0.04536187563710481,0.04485219164118237,2.6162060570849864e-05,0.04383282364933727,2.5230328329338812e-05,0.042813455657492394,3.6288518879904215e-05,0.041794087665647295,1.2137038409157154e-05,0.040774719673802196,1.4294734126340648e-05,0.04587155963302747,3.0894279586945484e-06,0.04689092762487257,6.178855917389097e-06,0.047910295616717447,4.168275817286296e-06,0.048929663608562546,1.968897341929938e-05,0.04994903160040787,7.767704581860578e-05,1.0,1.0,2.0,2.0,1.0
22,13:40:03,7,0.04485219164118237,18461.0,0.04536187563710481,0.04485219164118237,2.576950706593955e-05,0.04383282364933727,2.5230328329338812e-05,0.042813455657492394,3.6362076688444564e-05,0.041794087665647295,1.2137038409157154e-05,0.040774719673802196,1.4294734126340648e-05,0.04587155963302747,3.4572170013962804e-06,0.04689092762487257,6.178855917389097e-06,0.047910295616717447,4.168275817286296e-06,0.048929663608562546,2.0914936894971824e-05,0.04994903160040787,7.767704581860578e-05,1.0,1.0,2.0,2.0,1.0
22,13:40:06,7,0.04485219164118237,277083.0,0.04536187563710481,0.04485219164118237,2.6701239307450603e-05,0.04383282364933727,2.5230328329338812e-05,0.042813455657492394,3.6362076688444564e-05,0.041794087665647295,1.2137038409157154e-05,0.040774719673802196,1.4294734126340648e-05,0.04587155963302747,7.110588158900151e-07,0.04689092762487257,3.825006044098012e-06,0.047910295616717447,5.198085136851145e-06,0.048929663608562546,2.1037533242539065e-05,0.04994903160040787,7.772608435763268e-05,1.0,1.0,2.0,2.0,2.0
22,13:40:09,7,0.04587155963302747,10260.0,0.04536187563710481,0.04485219164118237,3.025653338690068e-05,0.04383282364933727,2.5230328329338812e-05,0.042813455657492394,3.6362076688444564e-05,0.041794087665647295,1.2137038409157154e-05,0.040774719673802196,1.4294734126340648e-05,0.04587155963302747,1.2504827451858885e-06,0.04689092762487257,3.825006044098012e-06,0.047910295616717447,5.2471236758780425e-06,0.048929663608562546,2.1037533242539065e-05,0.04994903160040787,7.701502554174266e-05,1.0,1.0,2.0,2.0,2.0
22,13:40:12,7,0.04485219164118237,22558.0,0.04536187563710481,0.04485219164118237,2.98642250746855e-05,0.04383282364933727,2.3563018002424293e-05,0.042813455657492394,3.6362076688444564e-05,0.041794087665647295,1.2137038409157154e-05,0.040774719673802196,1.4294734126340648e-05,0.04587155963302747,2.03509936961625e-06,0.04689092762487257,3.506255540423178e-06,0.047910295616717447,5.6149127185797746e-06,0.048929663608562546,2.1282725937673554e-05,0.04994903160040787,7.701502554174266e-05,1.0,1.0,2.0,1.0,2.0
22,13:40:15,7,0.04485219164118237,41010.0,0.04536187563710481,0.04485219164118237,2.9128646989282034e-05,0.04383282364933727,2.3563018002424293e-05,0.042813455657492394,3.6362076688444564e-05,0.041794087665647295,1.2137038409157154e-05,0.040774719673802196,1.4294734126340648e-05,0.04587155963302747,1.7899066744817621e-06,0.04689092762487257,3.923083122151807e-06,0.047910295616717447,5.6149127185797746e-06,0.048929663608562546,2.1282725937673554e-05,0.04994903160040787,7.701502554174266e-05,1.0,1.0,2.0,1.0,2.0
22,13:40:18,7,0.04485219164118237,73803.0,0.04536187563710481,0.04485219164118237,2.743681739285407e-05,0.04383282364933727,2.3563018002424293e-05,0.042813455657492394,3.6362076688444564e-05,0.041794087665647295,1.2137038409157154e-05,0.040774719673802196,1.5030312211744112e-05,0.04587155963302747,1.7163488659414156e-06,0.04689092762487257,3.923083122151807e-06,0.047910295616717447,5.6149127185797746e-06,0.048929663608562546,2.177311132794253e-05,0.04994903160040787,7.701502554174266e-05,1.0,2.0,1.0,1.0,2.0
22,13:40:21,7,0.04587155963302747,1026.0,0.04536187563710481,0.04485219164118237,2.743681739285407e-05,0.04383282364933727,2.3563018002424293e-05,0.042813455657492394,3.6362076688444564e-05,0.041794087665647295,1.2137038409157154e-05,0.040774719673802196,1.5030312211744112e-05,0.04587155963302747,1.6918295964279668e-06,0.04689092762487257,3.923083122151807e-06,0.047910295616717447,5.6149127185797746e-06,0.048929663608562546,2.177311132794253e-05,0.04994903160040787,7.701502554174266e-05,1.0,2.0,1.0,1.0,2.0
22,13:40:24,7,0.04485219164118237,107677.0,0.04536187563710481,0.04485219164118237,2.6382488803775768e-05,0.04383282364933727,2.3563018002424293e-05,0.042813455657492394,3.6362076688444564e-05,0.041794087665647295,1.2137038409157154e-05,0.040774719673802196,1.5030312211744112e-05,0.04587155963302747,8.091358939438103e-07,0.04689092762487257,4.952892441716656e-06,0.047910295616717447,5.222604406364593e-06,0.048929663608562546,2.177311132794253e-05,0.04994903160040787,7.701502554174266e-05,1.0,1.0,2.0,1.0,2.0
22,13:40:27,7,0.04587155963302747,19479.0,0.04536187563710481,0.04485219164118237,2.601469976107404e-05,0.04383282364933727,2.3563018002424293e-05,0.042813455657492394,3.6362076688444564e-05,0.041794087665647295,1.2137038409157154e-05,0.040774719673802196,1.5030312211744112e-05,0.04587155963302747,7.110588158900151e-07,0.04689092762487257,4.952892441716656e-06,0.047910295616717447,5.222604406364593e-06,0.048929663608562546,2.177311132794253e-05,0.04994903160040787,7.701502554174266e-05,1.0,1.0,2.0,1.0,2.0
22,13:40:30,7,0.04485219164118237,108650.0,0.04536187563710481,0.04485219164118237,2.3415657192648465e-05,0.04383282364933727,2.3563018002424293e-05,0.042813455657492394,3.6362076688444564e-05,0.041794087665647295,1.2137038409157154e-05,0.040774719673802196,1.5030312211744112e-05,0.04587155963302747,7.600973549169127e-07,0.04689092762487257,4.952892441716656e-06,0.047910295616717447,5.222604406364593e-06,0.048929663608562546,2.177311132794253e-05,0.04994903160040787,7.809387340033441e-05,1.0,2.0,2.0,1.0,2.0
22,13:40:33,7,0.04485219164118237,46153.0,0.04536187563710481,0.04485219164118237,2.2998829610919837e-05,0.04383282364933727,2.3563018002424293e-05,0.042813455657492394,3.6362076688444564e-05,0.041794087665647295,1.2137038409157154e-05,0.040774719673802196,1.5030312211744112e-05,0.04587155963302747,7.355780854034639e-08,0.04689092762487257,4.952892441716656e-06,0.047910295616717447,5.271642945391491e-06,0.048929663608562546,2.177311132794253e-05,0.04994903160040787,7.809387340033441e-05,2.0,2.0,2.0,1.0,2.0
22,13:40:36,7,0.04485219164118237,36905.0,0.04536187563710481,0.04485219164118237,2.2238732256002923e-05,0.04383282364933727,2.3563018002424293e-05,0.042813455657492394,3.6362076688444564e-05,0.041794087665647295,1.2137038409157154e-05,0.040774719673802196,1.5030312211744112e-05,0.04587155963302747,4.903853902689759e-08,0.04689092762487257,4.952892441716656e-06,0.047910295616717447,5.271642945391491e-06,0.048929663608562546,2.177311132794253e-05,0.04994903160040787,7.809387340033441e-05,2.0,2.0,2.0,2.0,2.0
22,13:40:39,7,0.04587155963302747,3078.0,0.04536187563710481,0.04485219164118237,2.2483924951137412e-05,0.04383282364933727,2.4372153896368102e-05,0.042813455657492394,3.6362076688444564e-05,0.041794087665647295,1.2137038409157154e-05,0.040774719673802196,1.5030312211744112e-05,0.04587155963302747,2.2067342562103917e-07,0.04689092762487257,4.952892441716656e-06,0.047910295616717447,5.271642945391491e-06,0.048929663608562546,2.177311132794253e-05,0.04994903160040787,7.821646974790165e-05,1.0,2.0,2.0,2.0,2.0
22,13:40:42,7,0.04485219164118237,61505.0,0.04536187563710481,0.04485219164118237,2.1135365127897728e-05,0.04383282364933727,2.4372153896368102e-05,0.042813455657492394,3.6362076688444564e-05,0.041794087665647295,1.2137038409157154e-05,0.040774719673802196,1.4956754403203766e-05,0.04587155963302747,2.4519269513448794e-07,0.04689092762487257,5.663951257606672e-06,0.047910295616717447,5.271642945391491e-06,0.048929663608562546,2.2263496718211508e-05,0.04994903160040787,7.83390660954689e-05,1.0,2.0,2.0,2.0,2.0
22,13:40:45,7,0.04587155963302747,4104.0,0.04536187563710481,0.04485219164118237,2.1135365127897728e-05,0.04383282364933727,2.4372153896368102e-05,0.042813455657492394,3.6362076688444564e-05,0.041794087665647295,1.2137038409157154e-05,0.040774719673802196,1.5005792942230663e-05,0.04587155963302747,1.4711561708069277e-07,0.04689092762487257,5.663951257606672e-06,0.047910295616717447,5.271642945391491e-06,0.048929663608562546,2.2263496718211508e-05,0.04994903160040787,7.83390660954689e-05,2.0,2.0,2.0,2.0,2.0
22,13:40:48,7,0.04587155963302747,25633.0,0.04638124362895013,0.04587155963302747,2.4519269513448796e-08,0.04485219164118237,2.0718537546169097e-05,0.04383282364933727,2.4372153896368102e-05,0.042813455657492394,3.6362076688444564e-05,0.041794087665647295,1.2137038409157154e-05,0.04689092762487257,5.663951257606672e-06,0.047910295616717447,5.90914395274116e-06,0.048929663608562546,2.2263496718211508e-05,0.04994903160040787,7.83390660954689e-05,0.050968399592252744,0.0001414786370195509,1.0,0.0,1.0,1.0,2.0
22,13:40:51,7,0.04485219164118237,25633.0,0.04587155963302747,0.04485219164118237,2.030170996444047e-05,0.04383282364933727,2.4372153896368102e-05,0.042813455657492394,3.6362076688444564e-05,0.041794087665647295,1.2137038409157154e-05,0.040774719673802196,1.5005792942230663e-05,0.04689092762487257,5.663951257606672e-06,0.047910295616717447,5.90914395274116e-06,0.048929663608562546,2.2263496718211508e-05,0.04994903160040787,7.83390660954689e-05,0.050968399592252744,0.0001414786370195509,2.0,0.0,1.0,1.0,2.0
22,13:40:54,7,0.04485219164118237,36900.0,0.04536187563710481,0.04485219164118237,1.9590651148550454e-05,0.04383282364933727,2.4372153896368102e-05,0.042813455657492394,3.6362076688444564e-05,0.041794087665647295,1.2137038409157154e-05,0.040774719673802196,1.5005792942230663e-05,0.04587155963302747,1.2259634756724397e-07,0.04689092762487257,5.663951257606672e-06,0.047910295616717447,5.90914395274116e-06,0.048929663608562546,2.2263496718211508e-05,0.04994903160040787,7.83390660954689e-05,2.0,2.0,2.0,2.0,2.0
22,13:40:57,7,0.04485219164118237,10255.0,0.04536187563710481,0.04485219164118237,1.946805480098321e-05,0.04383282364933727,2.4543788782962244e-05,0.042813455657492394,3.6362076688444564e-05,0.041794087665647295,1.2137038409157154e-05,0.040774719673802196,1.5005792942230663e-05,0.04587155963302747,6.129817378362199e-07,0.04689092762487257,5.663951257606672e-06,0.047910295616717447,6.1543366478756476e-06,0.048929663608562546,2.2263496718211508e-05,0.04994903160040787,7.83390660954689e-05,2.0,2.0,2.0,1.0,2.0
22,13:41:00,7,0.04587155963302747,37950.0,0.04638124362895013,0.04587155963302747,1.9370222915624548e-06,0.04485219164118237,1.9173823566821823e-05,0.04383282364933727,2.4543788782962244e-05,0.042813455657492394,3.6362076688444564e-05,0.041794087665647295,1.2137038409157154e-05,0.04689092762487257,5.663951257606672e-06,0.047910295616717447,6.276932995442892e-06,0.048929663608562546,2.2263496718211508e-05,0.04994903160040787,7.83390660954689e-05,0.050968399592252744,0.0001414786370195509,2.0,2.0,1.0,0.0,2.0
22,13:41:03,7,0.04587155963302747,29754.0,0.04638124362895013,0.04587155963302747,1.2259634756724397e-06,0.04485219164118237,1.9173823566821823e-05,0.04383282364933727,2.466638513052949e-05,0.042813455657492394,3.6116883993310075e-05,0.041794087665647295,1.1891845714022666e-05,0.04689092762487257,5.663951257606672e-06,0.047910295616717447,6.276932995442892e-06,0.048929663608562546,2.2263496718211508e-05,0.04994903160040787,7.8290027556442e-05,0.050968399592252744,0.0001414786370195509,0.0,1.0,1.0,0.0,2.0
22,13:41:06,7,0.047910295616717447,283469.0,0.04689092762487257,0.04587155963302747,8.826937024841567e-07,0.04485219164118237,1.9173823566821823e-05,0.04383282364933727,2.4592827321989143e-05,0.042813455657492394,3.6116883993310075e-05,0.041794087665647295,1.1891845714022666e-05,0.047910295616717447,5.5168356405259795e-06,0.048929663608562546,2.2263496718211508e-05,0.04994903160040787,7.83881046344958e-05,0.050968399592252744,0.0001414786370195509,0.051987767584097844,7.608329330023162e-05,0.0,0.0,1.0,1.0,2.0
22,13:41:09,7,0.047910295616717447,0.0,0.04689092762487257,0.04587155963302747,8.826937024841567e-07,0.04485219164118237,1.9173823566821823e-05,0.04383282364933727,2.4592827321989143e-05,0.042813455657492394,3.6116883993310075e-05,0.041794087665647295,1.1891845714022666e-05,0.047910295616717447,6.30145226495634e-06,0.048929663608562546,2.2263496718211508e-05,0.04994903160040787,7.86332973296303e-05,0.050968399592252744,0.0001414786370195509,0.051987767584097844,7.608329330023162e-05,1.0,0.0,1.0,1.0,2.0
22,13:41:12,7,0.04587155963302747,31806.0,0.04689092762487257,0.04587155963302747,3.1875050367483437e-07,0.04485219164118237,1.9173823566821823e-05,0.04383282364933727,2.4592827321989143e-05,0.042813455657492394,3.6116883993310075e-05,0.041794087665647295,1.1891845714022666e-05,0.047910295616717447,6.30145226495634e-06,0.048929663608562546,2.2263496718211508e-05,0.04994903160040787,7.819195047838821e-05,0.050968399592252744,0.0001414786370195509,0.051987767584097844,7.608329330023162e-05,1.0,0.0,0.0,1.0,2.0
22,13:41:15,7,0.04587155963302747,3078.0,0.04689092762487257,0.04587155963302747,2.4519269513448794e-07,0.04485219164118237,1.9296419914389067e-05,0.04383282364933727,2.4592827321989143e-05,0.042813455657492394,3.6116883993310075e-05,0.041794087665647295,1.1891845714022666e-05,0.047910295616717447,6.30145226495634e-06,0.048929663608562546,2.2263496718211508e-05,0.04994903160040787,7.819195047838821e-05,0.050968399592252744,0.00014160123336711815,0.051987767584097844,7.608329330023162e-05,1.0,0.0,0.0,1.0,2.0
22,13:41:18,7,0.04587155963302747,13338.0,0.04536187563710481,0.04485219164118237,1.9296419914389067e-05,0.04383282364933727,2.4592827321989143e-05,0.042813455657492394,3.6116883993310075e-05,0.041794087665647295,1.1891845714022666e-05,0.040774719673802196,1.5005792942230663e-05,0.04587155963302747,1.7163488659414156e-06,0.047910295616717447,5.394239292958735e-06,0.048929663608562546,2.2263496718211508e-05,0.04994903160040787,7.819195047838821e-05,0.050968399592252744,0.00014160123336711815,2.0,2.0,1.0,2.0,2.0
22,13:41:21,7,0.04587155963302747,0.0,0.04536187563710481,0.04485219164118237,1.9296419914389067e-05,0.04383282364933727,2.4592827321989143e-05,0.042813455657492394,3.6116883993310075e-05,0.041794087665647295,1.1891845714022666e-05,0.040774719673802196,1.5005792942230663e-05,0.04587155963302747,1.7163488659414156e-06,0.047910295616717447,5.394239292958735e-06,0.048929663608562546,2.238609306577875e-05,0.04994903160040787,7.819195047838821e-05,0.050968399592252744,0.00014160123336711815,2.0,2.0,1.0,2.0,2.0
22,13:41:24,7,0.04587155963302747,97470.0,0.04689092762487257,0.04587155963302747,2.5745232989121237e-06,0.04485219164118237,2.1797385404760845e-05,0.04383282364933727,2.4592827321989143e-05,0.042813455657492394,3.6116883993310075e-05,0.041794087665647295,1.2137038409157154e-05,0.047910295616717447,5.394239292958735e-06,0.048929663608562546,2.238609306577875e-05,0.04994903160040787,7.84861817125496e-05,0.050968399592252744,0.00014160123336711815,0.051987767584097844,7.605877403071816e-05,0.0,0.0,0.0,1.0,2.0
22,13:41:27,7,0.047910295616717447,72988.0,0.04689092762487257,0.04587155963302747,2.5745232989121237e-06,0.04485219164118237,2.103728804984393e-05,0.04383282364933727,2.4592827321989143e-05,0.042813455657492394,3.6116883993310075e-05,0.041794087665647295,1.2137038409157154e-05,0.047910295616717447,4.168275817286296e-06,0.048929663608562546,2.24106123352922e-05,0.04994903160040787,7.84861817125496e-05,0.050968399592252744,0.00014160123336711815,0.051987767584097844,7.605877403071816e-05,0.0,0.0,0.0,1.0,2.0
22,13:41:30,7,0.04587155963302747,9234.0,0.04689092762487257,0.04587155963302747,2.402888412317982e-06,0.04485219164118237,2.103728804984393e-05,0.04383282364933727,2.4592827321989143e-05,0.042813455657492394,3.6116883993310075e-05,0.041794087665647295,1.2137038409157154e-05,0.047910295616717447,4.487026320961129e-06,0.048929663608562546,2.24106123352922e-05,0.04994903160040787,7.83881046344958e-05,0.050968399592252744,0.00014160123336711815,0.051987767584097844,7.605877403071816e-05,0.0,1.0,0.0,1.0,2.0
22,13:41:33,7,0.04587155963302747,120042.0,0.04638124362895013,0.04587155963302747,2.6971196464793677e-07,0.04485219164118237,2.245940568162396e-05,0.04383282364933727,2.4592827321989143e-05,0.042813455657492394,3.6116883993310075e-05,0.041794087665647295,1.2137038409157154e-05,0.04689092762487257,3.9230831221518074e-07,0.047910295616717447,2.5132251251285015e-05,0.048929663608562546,2.24106123352922e-05,0.04994903160040787,7.83881046344958e-05,0.050968399592252744,0.00014160123336711815,1.0,1.0,1.0,2.0,2.0
22,13:41:36,7,0.04587155963302747,43092.0,0.04638124362895013,0.04587155963302747,2.500965490371777e-06,0.04485219164118237,2.2483924951137412e-05,0.04383282364933727,2.4592827321989143e-05,0.042813455657492394,3.6116883993310075e-05,0.041794087665647295,1.2137038409157154e-05,0.04689092762487257,8.091358939438103e-07,0.047910295616717447,2.5230328329338812e-05,0.048929663608562546,2.280292064750738e-05,0.04994903160040787,7.83881046344958e-05,0.050968399592252744,0.00014160123336711815,1.0,2.0,1.0,2.0,2.0
22,13:41:39,7,0.04689092762487257,9240.0,0.04638124362895013,0.04587155963302747,2.550004029398675e-06,0.04485219164118237,2.2483924951137412e-05,0.04383282364933727,2.483802001712363e-05,0.042813455657492394,3.6116883993310075e-05,0.041794087665647295,1.2137038409157154e-05,0.04689092762487257,6.620202768631175e-07,0.047910295616717447,2.505869344274467e-05,0.048929663608562546,2.3097151881668767e-05,0.04994903160040787,7.83881046344958e-05,0.050968399592252744,0.00014160123336711815,1.0,2.0,1.0,2.0,2.0
22,13:41:42,7,0.04587155963302747,55414.0,0.04638124362895013,0.04587155963302747,2.1331764476700454e-06,0.04485219164118237,2.265555983773155e-05,0.04383282364933727,2.483802001712363e-05,0.042813455657492394,3.6116883993310075e-05,0.041794087665647295,1.2137038409157154e-05,0.04689092762487257,4.168275817286295e-07,0.047910295616717447,2.5107731981771567e-05,0.048929663608562546,2.3097151881668767e-05,0.04994903160040787,7.83881046344958e-05,0.050968399592252744,0.00014160123336711815,1.0,0.0,1.0,1.0,2.0
22,13:41:45,7,0.04689092762487257,3079.0,0.04638124362895013,0.04587155963302747,2.3293306037776356e-06,0.04485219164118237,2.123344220595152e-05,0.04383282364933727,2.483802001712363e-05,0.042813455657492394,3.6116883993310075e-05,0.041794087665647295,1.2137038409157154e-05,0.04689092762487257,3.9230831221518074e-07,0.047910295616717447,2.5107731981771567e-05,0.048929663608562546,2.3097151881668767e-05,0.04994903160040787,7.83881046344958e-05,0.050968399592252744,0.00014160123336711815,2.0,0.0,1.0,2.0,2.0
22,13:41:48,7,0.04587155963302747,18468.0,0.04638124362895013,0.04587155963302747,1.8879837525355572e-06,0.04485219164118237,2.123344220595152e-05,0.04383282364933727,2.483802001712363e-05,0.042813455657492394,3.6116883993310075e-05,0.041794087665647295,1.2137038409157154e-05,0.04689092762487257,6.375010073496687e-07,0.047910295616717447,2.5107731981771567e-05,0.048929663608562546,2.3097151881668767e-05,0.04994903160040787,7.887849002476477e-05,0.050968399592252744,0.00014160123336711815,1.0,0.0,1.0,2.0,2.0
22,13:41:51,7,0.04587155963302747,9234.0,0.04638124362895013,0.04587155963302747,1.667310326914518e-06,0.04485219164118237,2.147863490108601e-05,0.04383282364933727,2.483802001712363e-05,0.042813455657492394,3.6116883993310075e-05,0.041794087665647295,1.2137038409157154e-05,0.04689092762487257,7.846166244303615e-07,0.047910295616717447,2.5107731981771567e-05,0.048929663608562546,2.358753727193774e-05,0.04994903160040787,7.880493221622443e-05,0.050968399592252744,0.0001416747911756585,2.0,0.0,1.0,2.0,2.0
22,13:41:54,7,0.04587155963302747,68744.0,0.04638124362895013,0.04587155963302747,7.355780854034639e-08,0.04485219164118237,2.147863490108601e-05,0.04383282364933727,2.483802001712363e-05,0.042813455657492394,3.6116883993310075e-05,0.041794087665647295,1.2137038409157154e-05,0.04689092762487257,8.581744329707078e-07,0.047910295616717447,2.4347634626854654e-05,0.048929663608562546,2.4077922662206718e-05,0.04994903160040787,8.003089569189686e-05,0.050968399592252744,0.00014204258021836022,2.0,0.0,1.0,2.0,2.0
22,13:41:57,7,0.04587155963302747,0.0,0.04638124362895013,0.04587155963302747,3.677890427017319e-07,0.04485219164118237,2.147863490108601e-05,0.04383282364933727,2.4788981478096733e-05,0.042813455657492394,3.6116883993310075e-05,0.041794087665647295,1.2137038409157154e-05,0.04689092762487257,1.1769249366455422e-06,0.047910295616717447,2.4347634626854654e-05,0.048929663608562546,2.4077922662206718e-05,0.04994903160040787,8.120782062854241e-05,0.050968399592252744,0.00014204258021836022,0.0,0.0,0.0,2.0,2.0
22,13:42:00,7,0.04587155963302747,125324.0,0.04689092762487257,0.04587155963302747,1.2259634756724397e-06,0.04485219164118237,2.147863490108601e-05,0.04383282364933727,2.4788981478096733e-05,0.042813455657492394,3.538130590790661e-05,0.041794087665647295,1.2137038409157154e-05,0.047910295616717447,2.3072632612155316e-05,0.048929663608562546,2.3661095080478087e-05,0.04994903160040787,8.120782062854241e-05,0.050968399592252744,0.00014204258021836022,0.051987767584097844,7.605877403071816e-05,0.0,0.0,0.0,2.0,2.0
22,13:42:03,7,0.04689092762487257,27712.0,0.04638124362895013,0.04587155963302747,8.33655163457259e-07,0.04485219164118237,2.147863490108601e-05,0.04383282364933727,2.4788981478096733e-05,0.042813455657492394,3.538130590790661e-05,0.041794087665647295,1.2137038409157154e-05,0.04689092762487257,2.2312535257238405e-06,0.047910295616717447,2.3317825307289805e-05,0.048929663608562546,2.444571170490845e-05,0.04994903160040787,8.123233989805587e-05,0.050968399592252744,0.00014204258021836022,0.0,0.0,0.0,2.0,2.0
22,13:42:06,7,0.047910295616717447,282561.0,0.04689092762487257,0.04587155963302747,4.168275817286295e-07,0.04485219164118237,2.147863490108601e-05,0.04383282364933727,2.481350074761018e-05,0.042813455657492394,3.538130590790661e-05,0.041794087665647295,1.2137038409157154e-05,0.047910295616717447,2.0056762462001114e-05,0.048929663608562546,2.444571170490845e-05,0.04994903160040787,8.110974355048862e-05,0.050968399592252744,0.00014206709948787368,0.051987767584097844,7.610781256974506e-05,0.0,0.0,1.0,2.0,2.0
22,13:42:09,7,0.04587155963302747,5130.0,0.04689092762487257,0.04587155963302747,2.9423123416138554e-07,0.04485219164118237,2.147863490108601e-05,0.04383282364933727,2.481350074761018e-05,0.042813455657492394,3.538130590790661e-05,0.041794087665647295,1.2137038409157154e-05,0.047910295616717447,2.0056762462001114e-05,0.048929663608562546,2.444571170490845e-05,0.04994903160040787,8.088907012486757e-05,0.050968399592252744,0.00014206709948787368,0.051987767584097844,7.610781256974506e-05,0.0,0.0,1.0,2.0,2.0
22,13:42:12,7,0.04587155963302747,12312.0,0.04536187563710481,0.04485219164118237,2.147863490108601e-05,0.04383282364933727,2.481350074761018e-05,0.042813455657492394,3.538130590790661e-05,0.041794087665647295,1.2137038409157154e-05,0.040774719673802196,1.552069760201309e-05,0.04587155963302747,1.0543285890782983e-06,0.04689092762487257,2.4519269513448796e-08,0.047910295616717447,2.0056762462001114e-05,0.048929663608562546,2.444571170490845e-05,0.04994903160040787,8.088907012486757e-05,1.0,2.0,2.0,2.0,2.0
22,13:42:15,7,0.04587155963302747,10260.0,0.04536187563710481,0.04485219164118237,2.147863490108601e-05,0.04383282364933727,2.481350074761018e-05,0.042813455657492394,3.538130590790661e-05,0.041794087665647295,1.2137038409157154e-05,0.040774719673802196,1.552069760201309e-05,0.04587155963302747,8.091358939438103e-07,0.04689092762487257,2.4519269513448796e-08,0.047910295616717447,2.0669744199837336e-05,0.048929663608562546,2.444571170490845e-05,0.04994903160040787,8.101166647243482e-05,1.0,2.0,2.0,2.0,2.0
22,13:42:18,7,0.04587155963302747,0.0,0.04536187563710481,0.04485219164118237,2.231229006454327e-05,0.04383282364933727,2.481350074761018e-05,0.042813455657492394,3.538130590790661e-05,0.041794087665647295,1.2137038409157154e-05,0.040774719673802196,1.5300024176392048e-05,0.04587155963302747,2.7951967245331627e-06,0.04689092762487257,2.4519269513448796e-08,0.047910295616717447,2.074330200837768e-05,0.048929663608562546,2.444571170490845e-05,0.04994903160040787,8.101166647243482e-05,2.0,2.0,2.0,2.0,2.0
22,13:42:21,7,0.04587155963302747,51300.0,0.04536187563710481,0.04485219164118237,2.37344076963233e-05,0.04383282364933727,2.4592827321989143e-05,0.042813455657492394,3.538130590790661e-05,0.041794087665647295,1.2137038409157154e-05,0.040774719673802196,1.5300024176392048e-05,0.04587155963302747,1.569233248860723e-06,0.04689092762487257,2.4519269513448796e-08,0.047910295616717447,2.096397543399872e-05,0.048929663608562546,2.444571170490845e-05,0.04994903160040787,8.101166647243482e-05,2.0,2.0,2.0,2.0,2.0
22,13:42:24,7,0.04587155963302747,35888.0,0.04536187563710481,0.04485219164118237,2.2949791071892938e-05,0.04383282364933727,2.4592827321989143e-05,0.042813455657492394,3.538130590790661e-05,0.041794087665647295,1.2137038409157154e-05,0.040774719673802196,1.5300024176392048e-05,0.04587155963302747,2.010580100102801e-06,0.04689092762487257,2.4519269513448796e-08,0.047910295616717447,2.096397543399872e-05,0.048929663608562546,2.444571170490845e-05,0.04994903160040787,8.339003561523935e-05,2.0,2.0,2.0,2.0,2.0
22,13:42:27,7,0.04587155963302747,65664.0,0.04536187563710481,0.04485219164118237,2.47396977463747e-05,0.04383282364933727,2.4592827321989143e-05,0.042813455657492394,3.545486371644696e-05,0.041794087665647295,1.2137038409157154e-05,0.040774719673802196,1.5422620523959292e-05,0.04587155963302747,4.903853902689759e-07,0.04689092762487257,6.620202768631175e-07,0.047910295616717447,2.096397543399872e-05,0.048929663608562546,2.444571170490845e-05,0.04994903160040787,8.339003561523935e-05,2.0,1.0,2.0,2.0,2.0
22,13:42:30,7,0.04485219164118237,14350.0,0.04536187563710481,0.04485219164118237,2.439642797318642e-05,0.04383282364933727,2.4592827321989143e-05,0.042813455657492394,3.545486371644696e-05,0.041794087665647295,1.2137038409157154e-05,0.040774719673802196,1.5422620523959292e-05,0.04587155963302747,8.826937024841567e-07,0.04689092762487257,6.620202768631175e-07,0.047910295616717447,2.096397543399872e-05,0.048929663608562546,2.505869344274467e-05,0.04994903160040787,8.339003561523935e-05,2.0,1.0,2.0,2.0,2.0
22,13:42:33,7,0.04689092762487257,64639.0,0.04587155963302747,0.04485219164118237,2.4175754547565378e-05,0.04383282364933727,2.4739942939069835e-05,0.042813455657492394,3.545486371644696e-05,0.041794087665647295,1.2137038409157154e-05,0.040774719673802196,1.5422620523959292e-05,0.04689092762487257,4.168275817286295e-07,0.047910295616717447,2.096397543399872e-05,0.048929663608562546,2.505869344274467e-05,0.04994903160040787,8.339003561523935e-05,0.050968399592252744,0.00014206709948787368,2.0,0.0,2.0,2.0,2.0
22,13:42:36,7,0.04587155963302747,25630.0,0.04638124362895013,0.04587155963302747,1.2259634756724397e-07,0.04485219164118237,2.36853691572964e-05,0.04383282364933727,2.4739942939069835e-05,0.042813455657492394,3.545486371644696e-05,0.041794087665647295,1.2137038409157154e-05,0.04689092762487257,4.168275817286295e-07,0.047910295616717447,3.033033638813616e-05,0.048929663608562546,2.5794271528148135e-05,0.04994903160040787,8.339003561523935e-05,0.050968399592252744,0.0001430969088074385,1.0,2.0,2.0,2.0,2.0
22,13:42:39,7,0.04689092762487257,3081.0,0.04638124362895013,0.04587155963302747,1.2259634756724397e-07,0.04485219164118237,2.36853691572964e-05,0.04383282364933727,2.4739942939069835e-05,0.042813455657492394,3.520967102131247e-05,0.041794087665647295,1.2137038409157154e-05,0.04689092762487257,8.33655163457259e-07,0.047910295616717447,3.033033638813616e-05,0.048929663608562546,2.5794271528148135e-05,0.04994903160040787,8.339003561523935e-05,0.050968399592252744,0.0001430969088074385,1.0,2.0,2.0,2.0,2.0
22,13:42:42,7,0.04587155963302747,47182.0,0.04638124362895013,0.04587155963302747,3.677890427017319e-07,0.04485219164118237,2.4273831625619175e-05,0.04383282364933727,2.4739942939069835e-05,0.042813455657492394,3.520967102131247e-05,0.041794087665647295,1.2137038409157154e-05,0.04689092762487257,1.078847858591747e-06,0.047910295616717447,3.033033638813616e-05,0.048929663608562546,2.5794271528148135e-05,0.04994903160040787,8.339003561523935e-05,0.050968399592252744,0.0001430969088074385,0.0,1.0,1.0,2.0,2.0
22,13:42:45,7,0.04689092762487257,10270.0,0.04638124362895013,0.04587155963302747,1.4466369012934789e-06,0.04485219164118237,2.4273831625619175e-05,0.04383282364933727,2.4739942939069835e-05,0.042813455657492394,3.520967102131247e-05,0.041794087665647295,1.4588965360502033e-05,0.04689092762487257,1.0543285890782983e-06,0.047910295616717447,3.037937492716306e-05,0.048929663608562546,2.5892348606201928e-05,0.04994903160040787,8.339003561523935e-05,0.050968399592252744,0.00014260652341716953,0.0,1.0,2.0,2.0,2.0
22,13:42:48,7,0.04587155963302747,21546.0,0.04638124362895013,0.04587155963302747,9.56251511024503e-07,0.04485219164118237,2.4715178476861253e-05,0.04383282364933727,2.4985135634204323e-05,0.042813455657492394,3.520967102131247e-05,0.041794087665647295,1.4588965360502033e-05,0.04689092762487257,1.0543285890782983e-06,0.047910295616717447,3.037937492716306e-05,0.048929663608562546,2.5892348606201928e-05,0.04994903160040787,8.339003561523935e-05,0.050968399592252744,0.00014297431245987127,0.0,1.0,2.0,2.0,2.0
22,13:42:51,7,0.04587155963302747,0.0,0.04638124362895013,0.04587155963302747,9.56251511024503e-07,0.04485219164118237,2.4715178476861253e-05,0.04383282364933727,2.4985135634204323e-05,0.042813455657492394,3.520967102131247e-05,0.041794087665647295,1.4588965360502033e-05,0.04689092762487257,1.6427910574010693e-06,0.047910295616717447,3.037937492716306e-05,0.048929663608562546,2.5892348606201928e-05,0.04994903160040787,8.339003561523935e-05,0.050968399592252744,0.00014297431245987127,2.0,1.0,2.0,2.0,2.0
22,13:42:54,7,0.04587155963302747,25655.0,0.04638124362895013,0.04587155963302747,8.33655163457259e-07,0.04485219164118237,2.4715178476861253e-05,0.04383282364933727,2.4985135634204323e-05,0.042813455657492394,3.520967102131247e-05,0.041794087665647295,1.4588965360502033e-05,0.04689092762487257,1.5201947098338254e-06,0.047910295616717447,3.037937492716306e-05,0.048929663608562546,2.5892348606201928e-05,0.04994903160040787,8.339003561523935e-05,0.050968399592252744,0.00014297431245987127,2.0,1.0,2.0,2.0,2.0
22,13:42:57,7,0.04587155963302747,36936.0,0.04536187563710481,0.04485219164118237,4.867050479150073e-05,0.04383282364933727,2.4985135634204323e-05,0.042813455657492394,3.520967102131247e-05,0.041794087665647295,1.4588965360502033e-05,0.040774719673802196,1.5422620523959292e-05,0.04587155963302747,4.903853902689759e-07,0.04689092762487257,1.5201947098338254e-06,0.047910295616717447,3.0305817118622712e-05,0.048929663608562546,2.6186579840363315e-05,0.04994903160040787,8.339003561523935e-05,2.0,2.0,2.0,2.0,2.0
22,13:43:00,7,0.04587155963302747,12312.0,0.04536187563710481,0.04485219164118237,4.867050479150073e-05,0.04383282364933727,2.4985135634204323e-05,0.042813455657492394,3.520967102131247e-05,0.041794087665647295,1.4588965360502033e-05,0.040774719673802196,1.5422620523959292e-05,0.04587155963302747,4.658661207555271e-07,0.04689092762487257,1.667310326914518e-06,0.047910295616717447,3.0305817118622712e-05,0.048929663608562546,2.7412543316035755e-05,0.04994903160040787,8.339003561523935e-05,2.0,2.0,2.0,2.0,2.0
22,13:43:03,7,0.04587155963302747,20510.0,0.04536187563710481,0.04485219164118237,4.842531209636624e-05,0.04383282364933727,2.4985135634204323e-05,0.042813455657492394,3.520967102131247e-05,0.041794087665647295,1.4588965360502033e-05,0.040774719673802196,1.5422620523959292e-05,0.04587155963302747,6.375010073496687e-07,0.04689092762487257,1.2995212842127862e-06,0.047910295616717447,3.0305817118622712e-05,0.048929663608562546,2.7412543316035755e-05,0.04994903160040787,8.339003561523935e-05,2.0,2.0,2.0,2.0,2.0
22,13:43:06,7,0.04689092762487257,132423.0,0.04740061162079501,0.04689092762487257,5.050969519770452e-06,0.04587155963302747,6.865395463765662e-06,0.04485219164118237,4.864598552198728e-05,0.04383282364933727,2.4985135634204323e-05,0.042813455657492394,3.520967102131247e-05,0.047910295616717447,3.0673606161324445e-05,0.048929663608562546,2.7412543316035755e-05,0.04994903160040787,8.339003561523935e-05,0.050968399592252744,0.00014194450314030643,0.051987767584097844,7.669627503806783e-05,0.0,2.0,2.0,2.0,2.0
22,13:43:09,7,0.04689092762487257,146861.0,0.04740061162079501,0.04689092762487257,1.5447139793472742e-06,0.04587155963302747,2.2704843569453583e-05,0.04485219164118237,4.864598552198728e-05,0.04383282364933727,2.4985135634204323e-05,0.042813455657492394,3.520967102131247e-05,0.047910295616717447,3.069812543083789e-05,0.048929663608562546,2.7412543316035755e-05,0.04994903160040787,8.378234392745454e-05,0.050968399592252744,0.00014194450314030643,0.051987767584097844,7.669627503806783e-05,0.0,1.0,2.0,2.0,2.0
22,13:43:12,7,0.04587155963302747,521271.0,0.04638124362895013,0.04587155963302747,1.181828790548232e-05,0.04485219164118237,4.857242771344693e-05,0.04383282364933727,2.4985135634204323e-05,0.042813455657492394,3.545486371644696e-05,0.041794087665647295,1.3657233118990979e-05,0.04689092762487257,5.149046597824247e-07,0.047910295616717447,3.069812543083789e-05,0.048929663608562546,2.7412543316035755e-05,0.04994903160040787,8.378234392745454e-05,0.050968399592252744,0.00014194450314030643,1.0,1.0,2.0,2.0,2.0
22,13:43:15,7,0.04587155963302747,0.0,0.04638124362895013,0.04587155963302747,1.2676462338453028e-05,0.04485219164118237,4.857242771344693e-05,0.04383282364933727,2.4985135634204323e-05,0.042813455657492394,3.545486371644696e-05,0.041794087665647295,1.3657233118990979e-05,0.04689092762487257,4.217314356313193e-06,0.047910295616717447,3.072264470035134e-05,0.048929663608562546,2.7976486514845074e-05,0.04994903160040787,8.353715123232005e-05,0.050968399592252744,0.00014194450314030643,2.0,2.0,2.0,2.0,2.0
22,13:43:18,7,0.04689092762487257,2054.0,0.04638124362895013,0.04587155963302747,1.2676462338453028e-05,0.04485219164118237,4.857242771344693e-05,0.04383282364933727,2.4985135634204323e-05,0.042813455657492394,3.5479382985960407e-05,0.041794087665647295,1.4147618509259954e-05,0.04689092762487257,5.835586144200813e-06,0.047910295616717447,3.072264470035134e-05,0.048929663608562546,2.7976486514845074e-05,0.04994903160040787,8.353715123232005e-05,0.050968399592252744,0.00014194450314030643,2.0,2.0,2.0,2.0,2.0
22,13:43:21,7,0.04689092762487257,0.0,0.04638124362895013,0.04587155963302747,1.2872616494560618e-05,0.04485219164118237,4.857242771344693e-05,0.04383282364933727,2.4985135634204323e-05,0.042813455657492394,3.5479382985960407e-05,0.041794087665647295,1.4147618509259954e-05,0.04689092762487257,5.835586144200813e-06,0.047910295616717447,3.074716396986479e-05,0.048929663608562546,2.7976486514845074e-05,0.04994903160040787,8.353715123232005e-05,0.050968399592252744,0.00014191998387079298,2.0,2.0,2.0,2.0,2.0
22,13:43:24,7,0.04587155963302747,130302.0,0.04638124362895013,0.04587155963302747,9.78318853586607e-06,0.04485219164118237,4.881762040858142e-05,0.04383282364933727,2.4985135634204323e-05,0.042813455657492394,3.5479382985960407e-05,0.041794087665647295,1.4147618509259954e-05,0.04689092762487257,6.178855917389097e-06,0.047910295616717447,3.074716396986479e-05,0.048929663608562546,2.7976486514845074e-05,0.04994903160040787,8.353715123232005e-05,0.050968399592252744,0.00014191998387079298,2.0,2.0,2.0,2.0,2.0
22,13:43:27,7,0.04689092762487257,41080.0,0.04638124362895013,0.04587155963302747,9.856746344406416e-06,0.04485219164118237,4.881762040858142e-05,0.04383282364933727,2.4985135634204323e-05,0.042813455657492394,3.037937492716306e-05,0.041794087665647295,1.4147618509259954e-05,0.04689092762487257,5.198085136851145e-06,0.047910295616717447,3.074716396986479e-05,0.048929663608562546,2.7976486514845074e-05,0.04994903160040787,8.353715123232005e-05,0.050968399592252744,0.00014191998387079298,1.0,2.0,2.0,2.0,2.0
22,13:43:30,7,0.048929663608562546,1677642.0,0.04740061162079501,0.04587155963302747,1.2308673295751295e-05,0.04485219164118237,4.7910407436583814e-05,0.04383282364933727,2.4985135634204323e-05,0.042813455657492394,3.037937492716306e-05,0.041794087665647295,1.4147618509259954e-05,0.048929663608562546,2.4004364853666372e-05,0.04994903160040787,8.468955689945215e-05,0.050968399592252744,0.00014191998387079298,0.051987767584097844,7.706406408076956e-05,0.05300713557594294,3.631303814941767e-05,2.0,2.0,2.0,2.0,2.0
22,13:43:33,7,0.04994903160040787,3470098.0,0.04740061162079501,0.04689092762487257,2.4519269513448794e-07,0.04587155963302747,1.22105962176975e-05,0.04485219164118237,4.7910407436583814e-05,0.04383282364933727,2.4911577825663977e-05,0.042813455657492394,3.037937492716306e-05,0.047910295616717447,2.4519269513448794e-07,0.04994903160040787,2.626013764890366e-05,0.050968399592252744,0.00014191998387079298,0.051987767584097844,7.706406408076956e-05,0.05300713557594294,3.631303814941767e-05,2.0,1.0,2.0,2.0,2.0
22,13:43:36,7,0.04587155963302747,53382.0,0.04791029561671767,0.04587155963302747,1.1376941054240241e-05,0.04485219164118237,4.612050076210205e-05,0.04383282364933727,2.4911577825663977e-05,0.042813455657492394,3.037937492716306e-05,0.041794087665647295,1.4147618509259954e-05,0.04994903160040787,2.6382733996470905e-05,0.050968399592252744,0.00014191998387079298,0.051987767584097844,7.706406408076956e-05,0.05300713557594294,3.631303814941767e-05,0.05402650356778782,4.07510259313519e-05,2.0,2.0,1.0,2.0,2.0
22,13:43:39,7,0.048929663608562546,15435.0,0.04740061162079501,0.04587155963302747,1.2112519139643705e-05,0.04485219164118237,4.612050076210205e-05,0.04383282364933727,2.4911577825663977e-05,0.042813455657492394,3.037937492716306e-05,0.041794087665647295,1.4147618509259954e-05,0.048929663608562546,1.0543285890782983e-06,0.04994903160040787,2.6382733996470905e-05,0.050968399592252744,0.00014191998387079298,0.051987767584097844,7.706406408076956e-05,0.05300713557594294,3.631303814941767e-05,2.0,2.0,2.0,2.0,2.0
22,13:43:42,7,0.04689092762487257,534040.0,0.04638124362895013,0.04587155963302747,1.2112519139643705e-05,0.04485219164118237,4.4845498747402713e-05,0.04383282364933727,2.4911577825663977e-05,0.042813455657492394,3.037937492716306e-05,0.041794087665647295,1.4147618509259954e-05,0.04689092762487257,4.977411711230106e-06,0.047910295616717447,1.1033671281051959e-06,0.048929663608562546,9.807707805379518e-07,0.04994903160040787,2.6382733996470905e-05,0.050968399592252744,0.000142140657296414,2.0,2.0,2.0,2.0,2.0
22,13:43:45,7,0.047910295616717447,322469.0,0.04841997961264011,0.047910295616717447,9.072129719976055e-07,0.04587155963302747,1.0641362968836777e-05,0.04485219164118237,4.4845498747402713e-05,0.04383282364933727,2.4911577825663977e-05,0.042813455657492394,3.037937492716306e-05,0.048929663608562546,9.807707805379518e-07,0.04994903160040787,2.665244596111884e-05,0.050968399592252744,0.000142140657296414,0.051987767584097844,7.706406408076956e-05,0.05300713557594294,3.631303814941767e-05,2.0,1.0,2.0,2.0,2.0
22,13:43:48,7,0.047910295616717447,26732.0,0.04841997961264011,0.047910295616717447,3.9230831221518074e-07,0.04689092762487257,5.124527328310798e-06,0.04587155963302747,1.2357711834778194e-05,0.04485219164118237,4.472290239983547e-05,0.04383282364933727,2.4911577825663977e-05,0.048929663608562546,9.317322415110542e-07,0.04994903160040787,2.665244596111884e-05,0.050968399592252744,0.000142140657296414,0.051987767584097844,7.706406408076956e-05,0.05300713557594294,3.631303814941767e-05,0.0,1.0,2.0,2.0,2.0
22,13:43:51,7,0.047910295616717447,4112.0,0.04841997961264011,0.047910295616717447,7.4293386625749855e-06,0.04689092762487257,5.860105413714262e-06,0.04587155963302747,1.5741371027634127e-05,0.04485219164118237,4.423251700956649e-05,0.04383282364933727,2.4102441931720166e-05,0.048929663608562546,1.1769249366455422e-06,0.04994903160040787,2.910437291246372e-05,0.050968399592252744,0.000142140657296414,0.051987767584097844,7.679435211612163e-05,0.05300713557594294,3.631303814941767e-05,2.0,2.0,2.0,2.0,2.0
22,13:43:54,7,0.048929663608562546,237491.0,0.04841997961264011,0.047910295616717447,2.3293306037776356e-06,0.04689092762487257,7.5274157406287806e-06,0.04587155963302747,1.5790409566661025e-05,0.04485219164118237,4.445319043518753e-05,0.04383282364933727,2.4102441931720166e-05,0.048929663608562546,6.129817378362199e-07,0.04994903160040787,3.4694766361530046e-05,0.050968399592252744,0.000142140657296414,0.051987767584097844,7.679435211612163e-05,0.05300713557594294,3.631303814941767e-05,2.0,2.0,0.0,2.0,2.0
22,13:43:57,7,0.047910295616717447,29833.0,0.04841997961264011,0.047910295616717447,2.1331764476700454e-06,0.04689092762487257,7.5274157406287806e-06,0.04587155963302747,1.6011082992282063e-05,0.04485219164118237,4.469838313032202e-05,0.04383282364933727,2.4102441931720166e-05,0.048929663608562546,1.4711561708069277e-07,0.04994903160040787,3.4694766361530046e-05,0.050968399592252744,0.000142140657296414,0.051987767584097844,7.679435211612163e-05,0.05300713557594294,3.631303814941767e-05,1.0,1.0,1.0,2.0,2.0
22,13:44:00,7,0.047910295616717447,18518.0,0.049439347604485206,0.048929663608562546,2.4519269513448796e-08,0.047910295616717447,2.1086571781565966e-06,0.04689092762487257,7.453857932088434e-06,0.04587155963302747,1.630531422644345e-05,0.04485219164118237,4.445319043518753e-05,0.04994903160040787,3.704861623482113e-05,0.050968399592252744,0.000142140657296414,0.051987767584097844,7.679435211612163e-05,0.05300713557594294,3.631303814941767e-05,0.05402650356778782,4.07510259313519e-05,0.0,0.0,1.0,2.0,2.0
22,13:44:03,7,0.047910295616717447,124389.0,0.04740061162079501,0.04689092762487257,7.453857932088434e-06,0.04587155963302747,1.630531422644345e-05,0.04485219164118237,4.445319043518753e-05,0.04383282364933727,2.4102441931720166e-05,0.042813455657492394,2.9962547345434427e-05,0.047910295616717447,4.903853902689759e-07,0.048929663608562546,1.1769249366455422e-06,0.04994903160040787,3.758804016411701e-05,0.050968399592252744,0.000142140657296414,0.051987767584097844,7.679435211612163e-05,2.0,2.0,2.0,2.0,2.0
22,13:44:06,7,0.04994903160040787,334491.0,0.048929663608562546,0.047910295616717447,5.541354910039428e-06,0.04689092762487257,1.956637707173214e-05,0.04587155963302747,1.630531422644345e-05,0.04485219164118237,4.447770970470098e-05,0.04383282364933727,2.4102441931720166e-05,0.04994903160040787,3.3738514850505546e-05,0.050968399592252744,0.000142140657296414,0.051987767584097844,7.679435211612163e-05,0.05300713557594294,3.631303814941767e-05,0.05402650356778782,4.07510259313519e-05,2.0,0.0,1.0,2.0,2.0
22,13:44:09,7,0.048929663608562546,1029.0,0.049439347604485206,0.048929663608562546,1.1278863976186446e-06,0.047910295616717447,6.031740300308404e-06,0.04689092762487257,1.956637707173214e-05,0.04587155963302747,1.630531422644345e-05,0.04485219164118237,4.447770970470098e-05,0.04994903160040787,3.4130823162720726e-05,0.050968399592252744,0.000142140657296414,0.051987767584097844,7.679435211612163e-05,0.05300713557594294,3.631303814941767e-05,0.05402650356778782,4.07510259313519e-05,1.0,0.0,0.0,2.0,2.0
22,13:44:12,7,0.048929663608562546,143969.0,0.04841997961264011,0.047910295616717447,6.840876194252214e-06,0.04689092762487257,1.956637707173214e-05,0.04587155963302747,1.689377669476622e-05,0.04485219164118237,4.447770970470098e-05,0.04383282364933727,2.4102441931720166e-05,0.048929663608562546,5.1490465978242474e-06,0.04994903160040787,3.4130823162720726e-05,0.050968399592252744,0.000142140657296414,0.051987767584097844,7.679435211612163e-05,0.05300713557594294,3.631303814941767e-05,1.0,1.0,1.0,2.0,2.0
22,13:44:15,7,0.048929663608562546,159406.0,0.04841997961264011,0.047910295616717447,6.178855917389097e-06,0.04689092762487257,3.082072177840514e-05,0.04587155963302747,1.689377669476622e-05,0.04485219164118237,4.447770970470098e-05,0.04383282364933727,2.4347634626854654e-05,0.048929663608562546,3.5307748099366267e-06,0.04994903160040787,3.4130823162720726e-05,0.050968399592252744,0.000142140657296414,0.051987767584097844,7.679435211612163e-05,0.05300713557594294,3.570005641158145e-05,1.0,2.0,2.0,2.0,2.0
22,13:44:18,7,0.047910295616717447,1028.0,0.04841997961264011,0.047910295616717447,6.276932995442892e-06,0.04689092762487257,3.082072177840514e-05,0.04587155963302747,1.689377669476622e-05,0.04485219164118237,4.447770970470098e-05,0.04383282364933727,2.4347634626854654e-05,0.048929663608562546,6.375010073496687e-06,0.04994903160040787,3.4130823162720726e-05,0.050968399592252744,0.000142140657296414,0.051987767584097844,7.679435211612163e-05,0.05300713557594294,3.570005641158145e-05,1.0,2.0,1.0,2.0,2.0
22,13:44:21,7,0.048929663608562546,288120.0,0.049439347604485206,0.048929663608562546,1.4956754403203766e-06,0.047910295616717447,6.276932995442892e-06,0.04689092762487257,3.082072177840514e-05,0.04587155963302747,1.7580316241142788e-05,0.04485219164118237,4.447770970470098e-05,0.04994903160040787,3.4081784623693824e-05,0.050968399592252744,0.000142140657296414,0.051987767584097844,7.679435211612163e-05,0.05300713557594294,3.5503902255473854e-05,0.05402650356778782,4.07510259313519e-05,0.0,1.0,1.0,2.0,2.0
22,13:44:24,7,0.048929663608562546,52489.0,0.049439347604485206,0.048929663608562546,9.072129719976055e-07,0.047910295616717447,6.52212569057738e-06,0.04689092762487257,3.082072177840514e-05,0.04587155963302747,1.807070163141176e-05,0.04485219164118237,4.447770970470098e-05,0.04994903160040787,3.7146693312874925e-05,0.050968399592252744,0.000142140657296414,0.051987767584097844,7.679435211612163e-05,0.05300713557594294,3.5503902255473854e-05,0.05402650356778782,4.07510259313519e-05,0.0,0.0,2.0,2.0,2.0
22,13:44:27,7,0.047910295616717447,73025.0,0.04841997961264011,0.047910295616717447,5.6884705271201205e-06,0.04689092762487257,3.082072177840514e-05,0.04587155963302747,1.807070163141176e-05,0.04485219164118237,4.631665491820964e-05,0.04383282364933727,2.4347634626854654e-05,0.048929663608562546,5.639431988093223e-07,0.04994903160040787,3.927986976054497e-05,0.050968399592252744,0.00014226325364398126,0.051987767584097844,7.679435211612163e-05,0.05300713557594294,3.5503902255473854e-05,1.0,2.0,2.0,2.0,2.0
22,13:44:30,7,0.047910295616717447,0.0,0.04841997961264011,0.047910295616717447,5.4187585624721835e-06,0.04689092762487257,3.082072177840514e-05,0.04587155963302747,1.807070163141176e-05,0.04485219164118237,4.631665491820964e-05,0.04383282364933727,2.4347634626854654e-05,0.048929663608562546,2.4274076818314307e-06,0.04994903160040787,3.950054318616601e-05,0.050968399592252744,0.00014226325364398126,0.051987767584097844,7.632848599536611e-05,0.05300713557594294,3.5503902255473854e-05,2.0,2.0,2.0,2.0,2.0
22,13:44:33,7,0.048929663608562546,5145.0,0.04841997961264011,0.047910295616717447,6.669241307658072e-06,0.04689092762487257,3.082072177840514e-05,0.04587155963302747,1.8340413596059698e-05,0.04485219164118237,4.631665491820964e-05,0.04383282364933727,2.4347634626854654e-05,0.048929663608562546,2.550004029398675e-06,0.04994903160040787,3.9745735881300496e-05,0.050968399592252744,0.00014226325364398126,0.051987767584097844,7.632848599536611e-05,0.05300713557594294,3.5503902255473854e-05,2.0,2.0,2.0,2.0,2.0
22,13:44:36,7,0.047910295616717447,37014.0,0.04841997961264011,0.047910295616717447,6.080778839335302e-06,0.04689092762487257,3.057552908327065e-05,0.04587155963302747,1.6918295964279668e-05,0.04485219164118237,4.631665491820964e-05,0.04383282364933727,2.4347634626854654e-05,0.048929663608562546,2.746158185506265e-06,0.04994903160040787,4.0701987392325e-05,0.050968399592252744,0.00014226325364398126,0.051987767584097844,7.632848599536611e-05,0.05300713557594294,3.5503902255473854e-05,2.0,2.0,2.0,2.0,2.0
22,13:44:39,7,0.048929663608562546,24696.0,0.04841997961264011,0.047910295616717447,6.571164229604277e-06,0.04689092762487257,3.057552908327065e-05,0.04587155963302747,1.6918295964279668e-05,0.04485219164118237,4.631665491820964e-05,0.04383282364933727,2.4347634626854654e-05,0.048929663608562546,2.182214986696943e-06,0.04994903160040787,4.0456794697190514e-05,0.050968399592252744,0.00014226325364398126,0.051987767584097844,7.632848599536611e-05,0.05300713557594294,3.560197933352765e-05,0.0,1.0,2.0,2.0,2.0
22,13:44:42,7,0.048929663608562546,19535.0,0.04841997961264011,0.047910295616717447,6.178855917389097e-06,0.04689092762487257,3.057552908327065e-05,0.04587155963302747,1.6918295964279668e-05,0.04485219164118237,4.631665491820964e-05,0.04383282364933727,2.4347634626854654e-05,0.048929663608562546,2.182214986696943e-06,0.04994903160040787,4.111881497405363e-05,0.050968399592252744,0.00014226325364398126,0.051987767584097844,7.632848599536611e-05,0.05300713557594294,3.560197933352765e-05,2.0,1.0,2.0,2.0,2.0
22,13:44:45,7,0.047910295616717447,6912013.0,0.049439347604485206,0.047910295616717447,6.031740300308404e-06,0.04689092762487257,3.069812543083789e-05,0.04587155963302747,1.6918295964279668e-05,0.04485219164118237,4.631665491820964e-05,0.04383282364933727,2.4347634626854654e-05,0.050968399592252744,2.1530370559759386e-05,0.051987767584097844,7.632848599536611e-05,0.05300713557594294,3.560197933352765e-05,0.05402650356778782,4.0996218626486386e-05,0.05504587155963292,9.005927692289743e-05,0.0,2.0,2.0,2.0,2.0
22,13:44:48,7,0.048929663608562546,3087.0,0.049439347604485206,0.048929663608562546,4.4134685124207834e-07,0.047910295616717447,6.031740300308404e-06,0.04689092762487257,3.069812543083789e-05,0.04587155963302747,1.6918295964279668e-05,0.04485219164118237,4.631665491820964e-05,0.04994903160040787,5.394239292958735e-06,0.050968399592252744,2.1530370559759386e-05,0.051987767584097844,7.265059556834878e-05,0.05300713557594294,3.560197933352765e-05,0.05402650356778782,4.0996218626486386e-05,1.0,0.0,2.0,2.0,2.0
22,13:44:51,7,0.04994903160040787,58710.0,0.049439347604485206,0.048929663608562546,9.513476571218132e-06,0.047910295616717447,6.178855917389097e-06,0.04689092762487257,3.069812543083789e-05,0.04587155963302747,1.6918295964279668e-05,0.04485219164118237,4.631665491820964e-05,0.04994903160040787,4.168275817286296e-06,0.050968399592252744,2.1530370559759386e-05,0.051987767584097844,7.265059556834878e-05,0.05300713557594294,3.560197933352765e-05,0.05402650356778782,4.0996218626486386e-05,1.0,1.0,2.0,2.0,2.0
22,13:44:54,7,0.047910295616717447,723074.0,0.04740061162079501,0.04689092762487257,3.069812543083789e-05,0.04587155963302747,1.6918295964279668e-05,0.04485219164118237,4.631665491820964e-05,0.04383282364933727,2.4347634626854654e-05,0.042813455657492394,4.707699746582169e-06,0.047910295616717447,2.157695717183494e-06,0.04994903160040787,5.639431988093223e-06,0.050968399592252744,2.1530370559759386e-05,0.051987767584097844,7.265059556834878e-05,0.05300713557594294,3.560197933352765e-05,2.0,2.0,2.0,2.0,2.0
22,13:44:57,7,0.047910295616717447,227185.0,0.048929663608562546,0.047910295616717447,2.2067342562103917e-06,0.04689092762487257,3.0624567622297544e-05,0.04587155963302747,1.6918295964279668e-05,0.04485219164118237,4.631665491820964e-05,0.04383282364933727,2.4347634626854654e-05,0.04994903160040787,5.884624683227711e-06,0.050968399592252744,2.165296690732663e-05,0.051987767584097844,7.265059556834878e-05,0.05300713557594294,3.560197933352765e-05,0.05402650356778782,4.0996218626486386e-05,0.0,2.0,2.0,2.0,2.0
22,13:45:00,7,0.047910295616717447,41141.0,0.048929663608562546,0.047910295616717447,1.3534636771423735e-05,0.04689092762487257,3.0624567622297544e-05,0.04587155963302747,1.6918295964279668e-05,0.04485219164118237,4.631665491820964e-05,0.04383282364933727,2.4347634626854654e-05,0.04994903160040787,5.835586144200813e-06,0.050968399592252744,2.165296690732663e-05,0.051987767584097844,7.265059556834878e-05,0.05300713557594294,3.560197933352765e-05,0.05402650356778782,4.0996218626486386e-05,2.0,2.0,2.0,2.0,2.0
22,13:45:03,7,0.047910295616717447,112052.0,0.049439347604485206,0.048929663608562546,3.8740445831249095e-06,0.047910295616717447,1.5422620523959292e-05,0.04689092762487257,3.0624567622297544e-05,0.04587155963302747,1.6182717878876206e-05,0.04485219164118237,4.631665491820964e-05,0.04994903160040787,6.4240486125235845e-06,0.050968399592252744,2.309960380862011e-05,0.051987767584097844,7.520059959774745e-05,0.05300713557594294,3.560197933352765e-05,0.05402650356778782,4.0996218626486386e-05,0.0,1.0,2.0,2.0,2.0
22,13:45:06,7,0.050968399592252744,487992.0,0.049439347604485206,0.047910295616717447,1.4417330473907892e-05,0.04689092762487257,3.0624567622297544e-05,0.04587155963302747,1.6182717878876206e-05,0.04485219164118237,4.631665491820964e-05,0.04383282364933727,2.3612056541451192e-05,0.050968399592252744,2.3197680886673905e-05,0.051987767584097844,7.520059959774745e-05,0.05300713557594294,3.560197933352765e-05,0.05402650356778782,4.0996218626486386e-05,0.05504587155963292,9.067225866073365e-05,1.0,2.0,2.0,2.0,2.0
22,13:45:09,7,0.047910295616717447,20560.0,0.04841997961264011,0.047910295616717447,1.5250985637365151e-05,0.04689092762487257,3.0624567622297544e-05,0.04587155963302747,1.6182717878876206e-05,0.04485219164118237,4.631665491820964e-05,0.04383282364933727,2.3612056541451192e-05,0.048929663608562546,3.8740445831249095e-06,0.050968399592252744,2.373710481596978e-05,0.051987767584097844,7.520059959774745e-05,0.05300713557594294,3.560197933352765e-05,0.05402650356778782,4.0996218626486386e-05,2.0,2.0,2.0,2.0,2.0
22,13:45:12,7,0.047910295616717447,71960.0,0.04841997961264011,0.047910295616717447,1.4221176317800302e-05,0.04689092762487257,3.0624567622297544e-05,0.04587155963302747,1.6182717878876206e-05,0.04485219164118237,4.631665491820964e-05,0.04383282364933727,2.3612056541451192e-05,0.048929663608562546,3.8740445831249095e-06,0.04994903160040787,3.677890427017319e-07,0.050968399592252744,2.432556728429255e-05,0.051987767584097844,7.517608032823401e-05,0.05300713557594294,3.56264986030411e-05,2.0,2.0,2.0,2.0,2.0
22,13:45:15,7,0.051987767584097844,2883630.0,0.04994903160040787,0.047910295616717447,1.2774539416506823e-05,0.04689092762487257,3.0624567622297544e-05,0.04587155963302747,1.6182717878876206e-05,0.04485219164118237,4.631665491820964e-05,0.04383282364933727,2.3612056541451192e-05,0.051987767584097844,3.9233283148469415e-05,0.05300713557594294,3.56264986030411e-05,0.05402650356778782,4.109429570454018e-05,0.05504587155963292,9.05496623131664e-05,0.05606523955147802,4.607170741577029e-05,1.0,2.0,2.0,2.0,2.0
22,13:45:18,7,0.047910295616717447,708412.0,0.048929663608562546,0.047910295616717447,3.8004867745845632e-06,0.04689092762487257,3.0624567622297544e-05,0.04587155963302747,1.6182717878876206e-05,0.04485219164118237,4.631665491820964e-05,0.04383282364933727,2.3612056541451192e-05,0.04994903160040787,2.9423123416138554e-07,0.050968399592252744,1.8389452135086597e-06,0.051987767584097844,3.477077609702174e-05,0.05300713557594294,3.56264986030411e-05,0.05402650356778782,4.109429570454018e-05,2.0,2.0,2.0,2.0,2.0
22,13:45:21,7,0.048929663608562546,4083869.0,0.049439347604485206,0.048929663608562546,1.7408681354548646e-06,0.047910295616717447,4.536064859988027e-06,0.04689092762487257,3.0624567622297544e-05,0.04587155963302747,1.4221176317800302e-05,0.04485219164118237,4.631665491820964e-05,0.04994903160040787,3.677890427017319e-07,0.050968399592252744,4.903853902689759e-07,0.05402650356778782,1.6700074465609974e-05,0.05504587155963292,9.05496623131664e-05,0.05606523955147802,4.607170741577029e-05,2.0,2.0,2.0,2.0,2.0
22,13:45:24,7,0.050968399592252744,684948.0,0.050458715596330084,0.04994903160040787,5.835586144200813e-06,0.048929663608562546,1.0763959316404021e-05,0.047910295616717447,1.5103870020284458e-05,0.04689092762487257,3.0624567622297544e-05,0.04587155963302747,1.4221176317800302e-05,0.050968399592252744,3.677890427017319e-07,0.051987767584097844,2.4519269513448796e-08,0.05402650356778782,1.6700074465609974e-05,0.05504587155963292,9.05496623131664e-05,0.05606523955147802,4.607170741577029e-05,2.0,2.0,2.0,2.0,2.0
22,13:45:27,7,0.050968399592252744,64923.0,0.050458715596330084,0.04994903160040787,7.94424332235741e-06,0.048929663608562546,1.1499537401807485e-05,0.047910295616717447,1.8634644830221085e-05,0.04689092762487257,3.0624567622297544e-05,0.04587155963302747,1.4343772665367546e-05,0.050968399592252744,8.140397478465e-06,0.051987767584097844,1.7163488659414157e-07,0.05402650356778782,1.6700074465609974e-05,0.05504587155963292,9.030446961803192e-05,0.05606523955147802,4.621882303285098e-05,2.0,2.0,2.0,2.0,2.0
22,13:45:30,7,0.050968399592252744,1006179.0,0.04994903160040787,0.048929663608562546,1.8879837525355572e-06,0.047910295616717447,1.968897341929938e-05,0.04689092762487257,3.0624567622297544e-05,0.04587155963302747,1.3877906544612018e-05,0.04485219164118237,4.631665491820964e-05,0.050968399592252744,2.1086571781565966e-06,0.051987767584097844,2.9423123416138554e-07,0.05300713557594294,2.4519269513448794e-07,0.05402650356778782,1.6700074465609974e-05,0.05504587155963292,8.94462951850612e-05,2.0,2.0,2.0,2.0,2.0
22,13:45:33,7,0.050968399592252744,10310.0,0.049439347604485206,0.048929663608562546,4.339910703880437e-06,0.047910295616717447,2.059618639129699e-05,0.04689092762487257,3.033033638813616e-05,0.04587155963302747,1.3657233118990979e-05,0.04485219164118237,4.631665491820964e-05,0.04994903160040787,4.168275817286295e-07,0.050968399592252744,2.2067342562103917e-06,0.051987767584097844,5.149046597824247e-07,0.05300713557594294,2.4519269513448794e-07,0.05402650356778782,1.6700074465609974e-05,2.0,2.0,2.0,2.0,2.0
22,13:45:36,7,0.05402650356778782,456854.0,0.05147808358817518,0.048929663608562546,4.339910703880437e-06,0.047910295616717447,2.074330200837768e-05,0.04689092762487257,3.378755338953244e-05,0.04587155963302747,1.3657233118990979e-05,0.04485219164118237,4.673348249993827e-05,0.05402650356778782,1.2458240839783333e-05,0.05504587155963292,9.202081848397334e-05,0.05606523955147802,4.631690011090477e-05,0.057084607543322896,2.4151480470747064e-05,0.05810397553516822,5.4015950738127694e-05,0.0,2.0,2.0,1.0,2.0
22,13:45:39,7,0.05402650356778782,294505.0,0.05249745158002028,0.050968399592252744,3.2120243062617922e-06,0.048929663608562546,6.350490803983238e-06,0.047910295616717447,2.1086571781565964e-05,0.04689092762487257,3.378755338953244e-05,0.04587155963302747,1.3657233118990979e-05,0.05402650356778782,9.44237068962913e-06,0.05504587155963292,9.189822213640609e-05,0.05606523955147802,4.631690011090477e-05,0.057084607543322896,2.4151480470747064e-05,0.05810397553516822,5.394239292958735e-05,0.0,2.0,1.0,0.0,1.0
22,13:45:42,7,0.05402650356778782,285438.0,0.05249745158002028,0.050968399592252744,4.903853902689759e-07,0.04994903160040787,2.4519269513448794e-07,0.048929663608562546,6.963472541819458e-06,0.047910295616717447,2.1062052512052516e-05,0.04689092762487257,3.378755338953244e-05,0.05402650356778782,9.27073580303499e-06,0.05504587155963292,9.192274140591953e-05,0.05606523955147802,4.631690011090477e-05,0.057084607543322896,2.4151480470747064e-05,0.05810397553516822,5.394239292958735e-05,0.0,1.0,1.0,0.0,1.0
22,13:45:45,7,0.04994903160040787,39160.0,0.051987767584097844,0.04994903160040787,2.157695717183494e-06,0.048929663608562546,9.121168259002952e-06,0.047910295616717447,2.1013013973025618e-05,0.04689092762487257,2.397984558415292e-05,0.04587155963302747,1.3657233118990979e-05,0.05402650356778782,9.785640462817414e-06,0.05504587155963292,9.130975966808331e-05,0.05606523955147802,4.631690011090477e-05,0.057084607543322896,2.4151480470747064e-05,0.05810397553516822,5.394239292958735e-05,2.0,2.0,1.0,1.0,1.0
22,13:45:48,7,0.050968399592252744,47528.0,0.050458715596330084,0.04994903160040787,4.756738285609066e-06,0.048929663608562546,9.219245337056747e-06,0.047910295616717447,2.1013013973025618e-05,0.04689092762487257,2.397984558415292e-05,0.04587155963302747,1.3657233118990979e-05,0.050968399592252744,4.388949242907334e-06,0.05300713557594294,3.604332618476973e-06,0.05402650356778782,1.0741891973841918e-05,0.05504587155963292,9.327130122915922e-05,0.05606523955147802,4.631690011090477e-05,2.0,2.0,2.0,2.0,2.0
22,13:45:51,7,0.050968399592252744,161867.0,0.050458715596330084,0.04994903160040787,5.982701761281507e-06,0.048929663608562546,1.1058190550565406e-05,0.047910295616717447,1.9590896341245588e-05,0.04689092762487257,2.3857249236585677e-05,0.04587155963302747,1.3559156040937184e-05,0.050968399592252744,9.317322415110542e-07,0.05300713557594294,6.0562595698218525e-06,0.05402650356778782,1.088900759092261e-05,0.05504587155963292,9.332033976818611e-05,0.05606523955147802,4.631690011090477e-05,2.0,2.0,2.0,2.0,1.0
22,13:45:54,7,0.04994903160040787,472191.0,0.051478083588175405,0.04994903160040787,1.995868538394732e-05,0.048929663608562546,1.1058190550565406e-05,0.047910295616717447,1.968897341929938e-05,0.04689092762487257,2.3857249236585677e-05,0.04587155963302747,1.2725500877479925e-05,0.05300713557594294,5.71298979663357e-06,0.05402650356778782,1.1551027867785728e-05,0.05504587155963292,9.344293611575336e-05,0.05606523955147802,4.624334230236443e-05,0.057084607543322896,2.4151480470747064e-05,2.0,2.0,1.0,2.0,0.0
22,13:45:57,7,0.05300713557594294,43378.0,0.051987767584097844,0.050968399592252744,1.7653874049683134e-06,0.04994903160040787,2.792744797581818e-05,0.048929663608562546,1.1548575940834384e-05,0.047910295616717447,1.968897341929938e-05,0.04689092762487257,2.397984558415292e-05,0.05300713557594294,4.7812575551225154e-06,0.05402650356778782,1.1551027867785728e-05,0.05504587155963292,9.349197465478025e-05,0.05606523955147802,4.624334230236443e-05,0.057084607543322896,2.4151480470747064e-05,2.0,2.0,1.0,1.0,0.0
22,13:46:00,7,0.05504587155963292,2363993.0,0.05402650356778782,0.05300713557594294,1.3975983622665813e-06,0.050968399592252744,4.830296094149413e-06,0.04994903160040787,2.7951967245331627e-05,0.048929663608562546,1.1548575940834384e-05,0.047910295616717447,1.608464080082241e-05,0.05504587155963292,5.752220627855088e-05,0.05606523955147802,4.624334230236443e-05,0.057084607543322896,2.4151480470747064e-05,0.05810397553516822,5.394239292958735e-05,0.05912334352701332,3.143370351624136e-05,0.0,0.0,0.0,0.0,0.0
22,13:46:03,7,0.05300713557594294,1909395.0,0.05402650356778782,0.05300713557594294,3.7759675050711145e-06,0.051987767584097844,3.4326977318828314e-07,0.050968399592252744,9.145687528516401e-06,0.04994903160040787,2.6799561578199533e-05,0.048929663608562546,9.096648989489503e-06,0.05504587155963292,1.334093454226749e-05,0.05606523955147802,4.648853499749892e-05,0.057084607543322896,2.422503827928741e-05,0.05810397553516822,5.394239292958735e-05,0.05912334352701332,3.143370351624136e-05,0.0,0.0,0.0,0.0,0.0
22,13:46:06,7,0.05402650356778782,434104.0,0.05300713557594294,0.051987767584097844,3.9230831221518074e-07,0.050968399592252744,1.4858677325149971e-05,0.04994903160040787,2.6799561578199533e-05,0.048929663608562546,9.096648989489503e-06,0.047910295616717447,9.734149996839172e-06,0.05402650356778782,1.7163488659414156e-06,0.05504587155963292,1.334093454226749e-05,0.05606523955147802,4.648853499749892e-05,0.057084607543322896,2.422503827928741e-05,0.05810397553516822,5.394239292958735e-05,0.0,0.0,0.0,1.0,0.0
22,13:46:09,7,0.05402650356778782,39279.0,0.05351681957186538,0.05300713557594294,4.903853902689759e-07,0.051987767584097844,3.9230831221518074e-07,0.050968399592252744,1.4858677325149971e-05,0.04994903160040787,2.670148450014574e-05,0.048929663608562546,9.096648989489503e-06,0.05402650356778782,1.1033671281051959e-06,0.05504587155963292,1.3512569428861631e-05,0.05606523955147802,4.648853499749892e-05,0.057084607543322896,2.422503827928741e-05,0.05810397553516822,5.394239292958735e-05,0.0,0.0,0.0,0.0,0.0
22,13:46:12,7,0.05300713557594294,163272.0,0.05249745158002028,0.051987767584097844,9.317322415110542e-07,0.050968399592252744,1.6035602261795514e-05,0.04994903160040787,2.6726003769659187e-05,0.048929663608562546,6.10529810884875e-06,0.047910295616717447,9.660592188298826e-06,0.05300713557594294,1.5300024176392048e-05,0.05402650356778782,2.6971196464793677e-07,0.05504587155963292,1.5008244869182008e-05,0.05606523955147802,4.648853499749892e-05,0.057084607543322896,2.422503827928741e-05,1.0,0.0,1.0,1.0,0.0
22,13:46:15,7,0.05300713557594294,118795.0,0.05249745158002028,0.051987767584097844,1.9370222915624548e-06,0.050968399592252744,1.5054831481257561e-05,0.04994903160040787,2.6726003769659187e-05,0.048929663608562546,4.8793346331763105e-06,0.047910295616717447,9.660592188298826e-06,0.05300713557594294,1.2897135764074067e-05,0.05402650356778782,2.476446220858328e-06,0.05504587155963292,1.557218806799133e-05,0.05606523955147802,4.5262571521826475e-05,0.057084607543322896,2.422503827928741e-05,1.0,1.0,1.0,1.0,0.0
22,13:46:18,7,0.051987767584097844,156936.0,0.051478083588175405,0.050968399592252744,1.0935594202998162e-05,0.04994903160040787,2.665244596111884e-05,0.048929663608562546,4.315391434366988e-06,0.047910295616717447,9.660592188298826e-06,0.04689092762487257,2.397984558415292e-05,0.051987767584097844,1.0298093195648493e-06,0.05300713557594294,1.1965403522563013e-05,0.05402650356778782,3.2120243062617922e-06,0.05504587155963292,1.6307766153394794e-05,0.05606523955147802,4.513997517425923e-05,2.0,2.0,1.0,2.0,1.0
22,13:46:21,7,0.051987767584097844,122808.0,0.051478083588175405,0.050968399592252744,1.0935594202998162e-05,0.04994903160040787,2.665244596111884e-05,0.048929663608562546,4.315391434366988e-06,0.047910295616717447,9.660592188298826e-06,0.04689092762487257,2.397984558415292e-05,0.051987767584097844,3.26106284528869e-06,0.05300713557594294,1.243126964331854e-05,0.05402650356778782,3.2120243062617922e-06,0.05504587155963292,1.6356804692421692e-05,0.05606523955147802,4.513997517425923e-05,2.0,2.0,1.0,2.0,1.0
22,13:46:24,7,0.050968399592252744,249667.0,0.051987767584097844,0.050968399592252744,8.900494833381913e-06,0.04994903160040787,2.665244596111884e-05,0.048929663608562546,4.315391434366988e-06,0.047910295616717447,7.404819393061536e-06,0.04689092762487257,1.9075991681463163e-05,0.05300713557594294,1.243126964331854e-05,0.05402650356778782,3.26106284528869e-06,0.05504587155963292,1.473853290453407e-05,0.05606523955147802,4.513997517425923e-05,0.057084607543322896,2.3268786768262906e-05,2.0,0.0,1.0,1.0,1.0
22,13:46:27,7,0.051987767584097844,24786.0,0.05249745158002028,0.051987767584097844,2.1086571781565966e-06,0.050968399592252744,7.4293386625749855e-06,0.04994903160040787,2.7437062585549202e-05,0.048929663608562546,4.315391434366988e-06,0.047910295616717447,7.404819393061536e-06,0.05300713557594294,1.343655969336994e-05,0.05402650356778782,3.3836591928559337e-06,0.05504587155963292,1.6209689075341e-05,0.05606523955147802,4.513997517425923e-05,0.057084607543322896,2.3268786768262906e-05,0.0,0.0,0.0,1.0,1.0
22,13:46:30,7,0.051987767584097844,31992.0,0.05249745158002028,0.051987767584097844,2.3293306037776356e-06,0.050968399592252744,9.905784883433313e-06,0.04994903160040787,2.7191869890414714e-05,0.048929663608562546,4.315391434366988e-06,0.047910295616717447,7.404819393061536e-06,0.05300713557594294,1.3485598232396838e-05,0.05402650356778782,3.628851887990422e-06,0.05504587155963292,1.662651665706963e-05,0.05606523955147802,4.513997517425923e-05,0.057084607543322896,2.3268786768262906e-05,1.0,0.0,0.0,1.0,1.0
22,13:46:33,7,0.051987767584097844,143495.0,0.05249745158002028,0.051987767584097844,5.394239292958735e-07,0.050968399592252744,1.0150977578567801e-05,0.04994903160040787,2.6946677195280225e-05,0.048929663608562546,3.825006044098012e-06,0.047910295616717447,7.576454279655678e-06,0.05300713557594294,1.2700981607966476e-05,0.05402650356778782,3.604332618476973e-06,0.05504587155963292,1.7288536933932745e-05,0.05606523955147802,4.513997517425923e-05,0.057084607543322896,2.3268786768262906e-05,1.0,0.0,0.0,1.0,2.0
22,13:46:36,7,0.051987767584097844,97975.0,0.05249745158002028,0.051987767584097844,1.5201947098338254e-06,0.050968399592252744,8.557225060193629e-06,0.04994903160040787,2.6946677195280225e-05,0.048929663608562546,3.825006044098012e-06,0.047910295616717447,7.3312615845211895e-06,0.05300713557594294,1.32158862677489e-05,0.05402650356778782,4.658661207555271e-06,0.05504587155963292,1.741113328149999e-05,0.05606523955147802,4.5164494443772685e-05,0.057084607543322896,1.9125030220490062e-05,1.0,0.0,0.0,1.0,2.0
22,13:46:39,7,0.051987767584097844,46440.0,0.05249745158002028,0.051987767584097844,2.868754533073509e-06,0.050968399592252744,8.826937024841567e-06,0.04994903160040787,2.6946677195280225e-05,0.048929663608562546,3.825006044098012e-06,0.047910295616717447,7.3312615845211895e-06,0.05300713557594294,1.3706271658017877e-05,0.05402650356778782,4.732219016095618e-06,0.05504587155963292,2.1089023708517308e-05,0.05606523955147802,4.5164494443772685e-05,0.057084607543322896,1.9125030220490062e-05,0.0,1.0,0.0,1.0,1.0
22,13:46:42,7,0.050968399592252744,278487.0,0.051987767584097844,0.050968399592252744,5.075488789283901e-06,0.04994903160040787,2.6946677195280225e-05,0.048929663608562546,3.825006044098012e-06,0.047910295616717447,7.3312615845211895e-06,0.04689092762487257,1.9223107298543855e-05,0.05300713557594294,5.90914395274116e-06,0.05402650356778782,4.8793346331763105e-06,0.05504587155963292,2.1775563254893875e-05,0.05606523955147802,4.5164494443772685e-05,0.057084607543322896,1.9125030220490062e-05,0.0,2.0,0.0,1.0,1.0
22,13:46:45,7,0.05300713557594294,40250.0,0.05249745158002028,0.051987767584097844,4.8793346331763105e-06,0.050968399592252744,5.369720023445286e-06,0.04994903160040787,2.7020235003820574e-05,0.048929663608562546,3.825006044098012e-06,0.047910295616717447,7.576454279655678e-06,0.05300713557594294,6.276932995442892e-06,0.05402650356778782,4.8793346331763105e-06,0.05504587155963292,2.5723165646559133e-05,0.05606523955147802,4.5164494443772685e-05,0.057084607543322896,1.9125030220490062e-05,0.0,1.0,1.0,0.0,0.0
22,13:46:48,7,0.051987767584097844,291266.0,0.05249745158002028,0.051987767584097844,4.266352895340091e-06,0.050968399592252744,5.369720023445286e-06,0.04994903160040787,2.7020235003820574e-05,0.048929663608562546,3.825006044098012e-06,0.047910295616717447,7.086068889386702e-06,0.05300713557594294,4.658661207555271e-07,0.05402650356778782,7.306742315007741e-06,0.05504587155963292,3.001403781141267e-05,0.05606523955147802,4.5262571521826475e-05,0.057084607543322896,1.9125030220490062e-05,0.0,0.0,1.0,0.0,0.0
22,13:46:51,7,0.05300713557594294,139330.0,0.05249745158002028,0.051987767584097844,1.5447139793472742e-06,0.050968399592252744,5.860105413714262e-06,0.04994903160040787,2.7020235003820574e-05,0.048929663608562546,4.315391434366988e-06,0.047910295616717447,6.10529810884875e-06,0.05300713557594294,2.4519269513448794e-07,0.05402650356778782,8.410109443112937e-06,0.05504587155963292,3.14851939822196e-05,0.05606523955147802,4.5262571521826475e-05,0.057084607543322896,1.9051472411949716e-05,0.0,0.0,1.0,0.0,0.0
22,13:46:54,7,0.051987767584097844,65016.0,0.051478083588175405,0.050968399592252744,5.860105413714262e-06,0.04994903160040787,2.7118312081874368e-05,0.048929663608562546,4.315391434366988e-06,0.047910295616717447,6.595683499117726e-06,0.04689092762487257,1.9223107298543855e-05,0.051987767584097844,2.746158185506265e-06,0.05300713557594294,6.129817378362199e-07,0.05402650356778782,8.925014102895362e-06,0.05504587155963292,3.1975579372488575e-05,0.05606523955147802,4.5262571521826475e-05,2.0,1.0,2.0,0.0,1.0
22,13:46:57,7,0.051987767584097844,78432.0,0.051478083588175405,0.050968399592252744,5.860105413714262e-06,0.04994903160040787,2.7118312081874368e-05,0.048929663608562546,4.315391434366988e-06,0.047910295616717447,6.595683499117726e-06,0.04689092762487257,1.9223107298543855e-05,0.051987767584097844,9.56251511024503e-07,0.05300713557594294,1.1524056671320934e-06,0.05402650356778782,9.194726067543298e-06,0.05504587155963292,3.271115745789204e-05,0.05606523955147802,4.5262571521826475e-05,2.0,1.0,2.0,0.0,1.0
22,13:47:00,7,0.050968399592252744,24767.0,0.051478083588175405,0.050968399592252744,5.835586144200813e-06,0.04994903160040787,2.7559658933116446e-05,0.048929663608562546,4.315391434366988e-06,0.047910295616717447,6.595683499117726e-06,0.04689092762487257,1.9223107298543855e-05,0.051987767584097844,1.2750020146993375e-06,0.05300713557594294,2.64808110745247e-06,0.05402650356778782,9.464438032191236e-06,0.05504587155963292,3.271115745789204e-05,0.05606523955147802,4.5262571521826475e-05,2.0,1.0,2.0,1.0,1.0
22,13:47:03,7,0.050968399592252744,75277.0,0.051478083588175405,0.050968399592252744,4.388949242907334e-06,0.04994903160040787,2.7559658933116446e-05,0.048929663608562546,4.315391434366988e-06,0.047910295616717447,6.595683499117726e-06,0.04689092762487257,1.9223107298543855e-05,0.051987767584097844,6.080778839335302e-06,0.05300713557594294,2.64808110745247e-06,0.05402650356778782,9.464438032191236e-06,0.05504587155963292,3.447654486286035e-05,0.05606523955147802,4.563036056452821e-05,1.0,1.0,2.0,1.0,1.0
22,13:47:06,7,0.050968399592252744,36085.0,0.051478083588175405,0.050968399592252744,4.756738285609066e-06,0.04994903160040787,2.7559658933116446e-05,0.048929663608562546,4.315391434366988e-06,0.047910295616717447,6.595683499117726e-06,0.04689092762487257,1.9223107298543855e-05,0.051987767584097844,6.080778839335302e-06,0.05300713557594294,3.138466497721446e-06,0.05402650356778782,9.464438032191236e-06,0.05504587155963292,3.447654486286035e-05,0.05606523955147802,4.5483244947447516e-05,1.0,1.0,2.0,0.0,2.0
22,13:47:09,7,0.050968399592252744,297216.0,0.05249745158002028,0.051987767584097844,2.6971196464793676e-06,0.050968399592252744,4.462507051447681e-06,0.04994903160040787,2.7559658933116446e-05,0.048929663608562546,4.315391434366988e-06,0.047910295616717447,6.595683499117726e-06,0.05300713557594294,2.6235618379390213e-06,0.05402650356778782,9.709630727325723e-06,0.05504587155963292,3.4648179749454495e-05,0.05606523955147802,4.5483244947447516e-05,0.057084607543322896,1.954185780221869e-05,0.0,0.0,1.0,0.0,1.0
22,13:47:12,7,0.051987767584097844,31992.0,0.05249745158002028,0.051987767584097844,1.9370222915624548e-06,0.050968399592252744,4.609622668528374e-06,0.04994903160040787,2.8148121401439217e-05,0.048929663608562546,4.315391434366988e-06,0.047910295616717447,6.595683499117726e-06,0.05300713557594294,2.966831611127304e-06,0.05402650356778782,1.061684369932333e-05,0.05504587155963292,3.459914121042759e-05,0.05606523955147802,4.5483244947447516e-05,0.057084607543322896,1.954185780221869e-05,0.0,0.0,1.0,0.0,1.0
22,13:47:15,7,0.051987767584097844,25800.0,0.05249745158002028,0.051987767584097844,1.324040553726235e-06,0.050968399592252744,4.609622668528374e-06,0.04994903160040787,2.8148121401439217e-05,0.048929663608562546,4.315391434366988e-06,0.047910295616717447,6.595683499117726e-06,0.05300713557594294,2.7951967245331627e-06,0.05402650356778782,1.061684369932333e-05,0.05504587155963292,3.479529536653519e-05,0.05606523955147802,4.560584129501476e-05,0.057084607543322896,1.954185780221869e-05,0.0,1.0,1.0,0.0,0.0
22,13:47:18,7,0.050968399592252744,60883.0,0.051478083588175405,0.050968399592252744,5.71298979663357e-06,0.04994903160040787,2.8148121401439217e-05,0.048929663608562546,4.315391434366988e-06,0.047910295616717447,8.974052641922259e-06,0.04689092762487257,2.1675034249888734e-05,0.051987767584097844,1.3485598232396838e-06,0.05300713557594294,4.413468512420783e-06,0.05402650356778782,1.081299785543092e-05,0.05504587155963292,3.5040488061669675e-05,0.05606523955147802,4.560584129501476e-05,1.0,2.0,2.0,1.0,1.0
22,13:47:21,7,0.051987767584097844,49536.0,0.051478083588175405,0.050968399592252744,5.71298979663357e-06,0.04994903160040787,3.5503902255473854e-05,0.048929663608562546,4.315391434366988e-06,0.047910295616717447,8.900494833381913e-06,0.04689092762487257,2.1675034249888734e-05,0.051987767584097844,1.7899066744817621e-06,0.05300713557594294,4.5115455904745785e-06,0.05402650356778782,1.1058190550565406e-05,0.05504587155963292,3.511404587021002e-05,0.05606523955147802,4.560584129501476e-05,1.0,2.0,2.0,1.0,1.0
22,13:47:24,7,0.051987767584097844,103200.0,0.051478083588175405,0.050968399592252744,6.938953272306009e-06,0.04994903160040787,3.55774600640142e-05,0.048929663608562546,3.040389419667651e-06,0.047910295616717447,8.900494833381913e-06,0.04689092762487257,2.1675034249888734e-05,0.051987767584097844,2.5745232989121237e-06,0.05300713557594294,4.5115455904745785e-06,0.05402650356778782,1.0886555663971265e-05,0.05504587155963292,3.511404587021002e-05,0.05606523955147802,4.560584129501476e-05,1.0,2.0,2.0,2.0,1.0
22,13:47:27,7,0.051987767584097844,8256.0,0.051478083588175405,0.050968399592252744,7.797127705276717e-06,0.04994903160040787,3.55774600640142e-05,0.048929663608562546,3.040389419667651e-06,0.047910295616717447,8.900494833381913e-06,0.04689092762487257,2.1675034249888734e-05,0.051987767584097844,3.0649086891810996e-06,0.05300713557594294,5.198085136851145e-06,0.05402650356778782,1.0886555663971265e-05,0.05504587155963292,3.5849623955613483e-05,0.05606523955147802,4.560584129501476e-05,0.0,2.0,2.0,2.0,1.0
22,13:47:30,7,0.050968399592252744,30930.0,0.051478083588175405,0.050968399592252744,9.072129719976054e-06,0.04994903160040787,3.55774600640142e-05,0.048929663608562546,3.040389419667651e-06,0.047910295616717447,8.900494833381913e-06,0.04689092762487257,2.1675034249888734e-05,0.051987767584097844,3.8740445831249095e-06,0.05300713557594294,5.198085136851145e-06,0.05402650356778782,1.1156267628619202e-05,0.05504587155963292,3.609481665074797e-05,0.05606523955147802,4.560584129501476e-05,2.0,2.0,2.0,1.0,1.0
22,13:47:33,7,0.050968399592252744,20620.0,0.051478083588175405,0.050968399592252744,7.355780854034639e-06,0.04994903160040787,3.55774600640142e-05,0.048929663608562546,3.040389419667651e-06,0.047910295616717447,8.900494833381913e-06,0.04689092762487257,2.1675034249888734e-05,0.051987767584097844,4.168275817286296e-06,0.05300713557594294,7.306742315007741e-06,0.05402650356778782,1.1450498862780587e-05,0.05504587155963292,3.6707798388584194e-05,0.05606523955147802,4.521353298279958e-05,2.0,2.0,2.0,2.0,2.0
22,13:47:36,7,0.050968399592252744,55674.0,0.051478083588175405,0.050968399592252744,6.276932995442892e-06,0.04994903160040787,3.55774600640142e-05,0.048929663608562546,3.040389419667651e-06,0.047910295616717447,8.900494833381913e-06,0.04689092762487257,2.1675034249888734e-05,0.051987767584097844,5.90914395274116e-06,0.05300713557594294,8.361070904086039e-06,0.05402650356778782,1.1940884253049564e-05,0.05504587155963292,4.021405392900737e-05,0.05606523955147802,4.521353298279958e-05,2.0,2.0,2.0,2.0,2.0
22,13:47:39,7,0.050968399592252744,117544.0,0.051478083588175405,0.050968399592252744,3.7514482355576657e-06,0.04994903160040787,3.55774600640142e-05,0.048929663608562546,3.040389419667651e-06,0.047910295616717447,8.900494833381913e-06,0.04689092762487257,2.1675034249888734e-05,0.051987767584097844,6.276932995442892e-06,0.05300713557594294,8.140397478465e-06,0.05402650356778782,1.201444206158991e-05,0.05504587155963292,3.96746299997115e-05,0.05606523955147802,4.521353298279958e-05,2.0,2.0,2.0,2.0,1.0
22,13:47:42,7,0.04994903160040787,432765.0,0.050968399592252744,0.04994903160040787,2.9177930721004066e-05,0.048929663608562546,3.040389419667651e-06,0.047910295616717447,9.121168259002952e-06,0.04689092762487257,2.1675034249888734e-05,0.04587155963302747,1.2897135764074067e-05,0.051987767584097844,6.129817378362199e-06,0.05300713557594294,8.385590173599488e-06,0.05402650356778782,1.201444206158991e-05,0.05504587155963292,4.090059347538393e-05,0.05606523955147802,4.521353298279958e-05,2.0,2.0,2.0,2.0,2.0
22,13:47:45,7,0.051987767584097844,348828.0,0.05249745158002028,0.051987767584097844,4.881786560127655e-05,0.04994903160040787,2.9177930721004066e-05,0.048929663608562546,3.040389419667651e-06,0.047910295616717447,9.121168259002952e-06,0.04689092762487257,2.1748592058429083e-05,0.05300713557594294,9.145687528516401e-06,0.05402650356778782,1.2259634756724398e-05,0.05504587155963292,4.065540078024945e-05,0.05606523955147802,5.318229557467044e-05,0.057084607543322896,1.9639934880272486e-05,1.0,1.0,0.0,0.0,1.0
22,13:47:48,7,0.051987767584097844,124872.0,0.05249745158002028,0.051987767584097844,4.585103399014925e-05,0.04994903160040787,2.9423123416138555e-05,0.048929663608562546,3.040389419667651e-06,0.047910295616717447,9.121168259002952e-06,0.04689092762487257,2.1748592058429083e-05,0.05300713557594294,9.537995840731582e-06,0.05402650356778782,1.2038961331103359e-05,0.05504587155963292,4.077799712781669e-05,0.05606523955147802,5.318229557467044e-05,0.057084607543322896,1.9639934880272486e-05,1.0,2.0,0.0,0.0,1.0
22,13:47:51,7,0.051987767584097844,178566.0,0.05249745158002028,0.051987767584097844,4.246737479729332e-05,0.04994903160040787,2.8834660947815784e-05,0.048929663608562546,2.8197159940466115e-06,0.047910295616717447,9.611553649271928e-06,0.04689092762487257,2.1748592058429083e-05,0.05300713557594294,7.748089166249819e-06,0.05402650356778782,1.2038961331103359e-05,0.05504587155963292,4.077799712781669e-05,0.05606523955147802,5.318229557467044e-05,0.057084607543322896,1.9639934880272486e-05,1.0,1.0,0.0,0.0,1.0
22,13:47:54,7,0.05300713557594294,279676.0,0.05249745158002028,0.051987767584097844,3.606784545428318e-05,0.04994903160040787,2.8834660947815784e-05,0.048929663608562546,2.8197159940466115e-06,0.047910295616717447,9.513476571218132e-06,0.04689092762487257,2.1748592058429083e-05,0.05300713557594294,7.650012088196024e-06,0.05402650356778782,1.2038961331103359e-05,0.05504587155963292,4.077799712781669e-05,0.05606523955147802,5.318229557467044e-05,0.057084607543322896,1.9639934880272486e-05,1.0,1.0,0.0,0.0,1.0
22,13:47:57,7,0.05300713557594294,33040.0,0.05249745158002028,0.051987767584097844,3.5896210567689034e-05,0.04994903160040787,2.8834660947815784e-05,0.048929663608562546,2.8197159940466115e-06,0.047910295616717447,8.606263599220527e-06,0.04689092762487257,2.1748592058429083e-05,0.05300713557594294,9.97934269197366e-06,0.05402650356778782,1.2357711834778194e-05,0.05504587155963292,4.090059347538393e-05,0.05606523955147802,5.318229557467044e-05,0.057084607543322896,1.856108702168074e-05,1.0,1.0,0.0,0.0,1.0
22,13:48:00,7,0.051987767584097844,486072.0,0.05249745158002028,0.051987767584097844,2.4347634626854654e-05,0.04994903160040787,2.8834660947815784e-05,0.048929663608562546,2.8197159940466115e-06,0.047910295616717447,8.606263599220527e-06,0.04689092762487257,2.1748592058429083e-05,0.05300713557594294,1.0518766621269533e-05,0.05402650356778782,1.2480308182345438e-05,0.05504587155963292,4.090059347538393e-05,0.05606523955147802,5.318229557467044e-05,0.057084607543322896,1.856108702168074e-05,1.0,1.0,0.0,0.0,1.0
22,13:48:03,7,0.051987767584097844,301606.0,0.05249745158002028,0.051987767584097844,2.339138311583015e-05,0.04994903160040787,2.8834660947815784e-05,0.048929663608562546,2.8197159940466115e-06,0.047910295616717447,8.606263599220527e-06,0.04689092762487257,2.1748592058429083e-05,0.05300713557594294,3.604332618476973e-06,0.05402650356778782,1.223511548721095e-05,0.05504587155963292,4.090059347538393e-05,0.05606523955147802,5.315777630515699e-05,0.057084607543322896,1.856108702168074e-05,2.0,1.0,0.0,0.0,2.0
22,13:48:06,7,0.051987767584097844,121787.0,0.05249745158002028,0.051987767584097844,2.076782127789113e-05,0.04994903160040787,2.8834660947815784e-05,0.048929663608562546,2.8197159940466115e-06,0.047910295616717447,8.606263599220527e-06,0.04689092762487257,2.1748592058429083e-05,0.05300713557594294,5.050969519770452e-06,0.05402650356778782,1.32158862677489e-05,0.05504587155963292,4.090059347538393e-05,0.05606523955147802,5.315777630515699e-05,0.057084607543322896,1.9272145837570753e-05,1.0,1.0,0.0,1.0,2.0
22,13:48:09,7,0.051987767584097844,391358.0,0.05249745158002028,0.051987767584097844,1.7065411581360363e-05,0.04994903160040787,2.8834660947815784e-05,0.048929663608562546,2.8197159940466115e-06,0.047910295616717447,8.606263599220527e-06,0.04689092762487257,2.1748592058429083e-05,0.05300713557594294,5.394239292958735e-07,0.05402650356778782,1.3166847728722003e-05,0.05504587155963292,4.090059347538393e-05,0.05606523955147802,5.315777630515699e-05,0.057084607543322896,1.9272145837570753e-05,1.0,1.0,0.0,1.0,2.0
22,13:48:12,7,0.05300713557594294,270482.0,0.05249745158002028,0.051987767584097844,1.304425138115476e-05,0.04994903160040787,2.8834660947815784e-05,0.048929663608562546,2.9177930721004065e-06,0.047910295616717447,8.606263599220527e-06,0.04689092762487257,2.1748592058429083e-05,0.05300713557594294,4.903853902689759e-07,0.05402650356778782,1.3534636771423735e-05,0.05504587155963292,4.090059347538393e-05,0.05606523955147802,5.315777630515699e-05,0.057084607543322896,1.9272145837570753e-05,1.0,1.0,0.0,1.0,1.0
22,13:48:15,7,0.051987767584097844,105274.0,0.05249745158002028,0.051987767584097844,1.0837517124944367e-05,0.04994903160040787,2.8834660947815784e-05,0.048929663608562546,2.9177930721004065e-06,0.047910295616717447,8.606263599220527e-06,0.04689092762487257,2.2484170143832546e-05,0.05300713557594294,3.4326977318828314e-07,0.05402650356778782,1.3534636771423735e-05,0.05504587155963292,4.0949632014410835e-05,0.05606523955147802,4.531161006085338e-05,0.057084607543322896,1.9639934880272486e-05,1.0,0.0,0.0,0.0,1.0
22,13:48:18,7,0.051987767584097844,264392.0,0.05351681957186538,0.05300713557594294,4.903853902689759e-08,0.051987767584097844,9.464438032191236e-06,0.04994903160040787,2.890821875635613e-05,0.048929663608562546,2.9177930721004065e-06,0.047910295616717447,8.606263599220527e-06,0.05402650356778782,1.3657233118990979e-05,0.05504587155963292,4.0949632014410835e-05,0.05606523955147802,4.531161006085338e-05,0.057084607543322896,1.9639934880272486e-05,0.05810397553516822,5.7154417235849144e-05,0.0,0.0,0.0,0.0,0.0
22,13:48:21,7,0.05300713557594294,12396.0,0.05249745158002028,0.051987767584097844,1.993416611443387e-05,0.04994903160040787,2.890821875635613e-05,0.048929663608562546,2.9177930721004065e-06,0.047910295616717447,8.606263599220527e-06,0.04689092762487257,2.2484170143832546e-05,0.05300713557594294,8.312032365059142e-06,0.05402650356778782,1.3657233118990979e-05,0.05504587155963292,4.0949632014410835e-05,0.05606523955147802,4.531161006085338e-05,0.057084607543322896,1.973801195832628e-05,1.0,0.0,0.0,0.0,1.0
22,13:48:24,7,0.051987767584097844,125904.0,0.05249745158002028,0.051987767584097844,1.694281523379312e-05,0.04994903160040787,2.890821875635613e-05,0.048929663608562546,2.9177930721004065e-06,0.047910295616717447,8.851456294355016e-06,0.04689092762487257,2.2484170143832546e-05,0.05300713557594294,1.5103870020284458e-05,0.05402650356778782,1.3975983622665813e-05,0.05504587155963292,4.0949632014410835e-05,0.05606523955147802,4.751834431706377e-05,0.057084607543322896,1.973801195832628e-05,1.0,0.0,1.0,0.0,2.0
22,13:48:27,7,0.051987767584097844,10320.0,0.05249745158002028,0.051987767584097844,1.669762253865863e-05,0.04994903160040787,2.890821875635613e-05,0.048929663608562546,2.9177930721004065e-06,0.047910295616717447,8.777898485814668e-06,0.04689092762487257,2.2484170143832546e-05,0.05300713557594294,1.5177427828824805e-05,0.05402650356778782,1.4098579970233058e-05,0.05504587155963292,4.2690500149865696e-05,0.05606523955147802,4.751834431706377e-05,0.057084607543322896,1.9885127575406975e-05,1.0,0.0,1.0,0.0,2.0
22,13:48:30,7,0.051987767584097844,150672.0,0.05249745158002028,0.051987767584097844,1.4221176317800302e-05,0.04994903160040787,2.915341145149062e-05,0.048929663608562546,2.9177930721004065e-06,0.047910295616717447,8.777898485814668e-06,0.04689092762487257,2.2484170143832546e-05,0.05300713557594294,1.5300024176392048e-05,0.05402650356778782,1.4025022161692712e-05,0.05504587155963292,4.261694234132535e-05,0.05606523955147802,4.751834431706377e-05,0.057084607543322896,1.9885127575406975e-05,0.0,0.0,1.0,0.0,2.0
22,13:48:33,7,0.051987767584097844,142507.0,0.05249745158002028,0.051987767584097844,1.3068770650668208e-05,0.04994903160040787,2.915341145149062e-05,0.048929663608562546,2.9177930721004065e-06,0.047910295616717447,8.777898485814668e-06,0.04689092762487257,2.2484170143832546e-05,0.05300713557594294,1.2700981607966476e-05,0.05402650356778782,1.4270214856827199e-05,0.05504587155963292,4.310732773159433e-05,0.05606523955147802,4.751834431706377e-05,0.057084607543322896,1.9885127575406975e-05,0.0,0.0,2.0,1.0,2.0
22,13:48:36,7,0.051987767584097844,81528.0,0.05249745158002028,0.051987767584097844,1.1376941054240241e-05,0.04994903160040787,2.915341145149062e-05,0.048929663608562546,2.9177930721004065e-06,0.047910295616717447,8.777898485814668e-06,0.04689092762487257,2.2484170143832546e-05,0.05300713557594294,1.2946174303100964e-05,0.05402650356778782,1.4270214856827199e-05,0.05504587155963292,4.310732773159433e-05,0.05606523955147802,4.751834431706377e-05,0.057084607543322896,2.2582247221886343e-05,0.0,0.0,2.0,1.0,2.0
22,13:48:39,7,0.051987767584097844,194017.0,0.05249745158002028,0.051987767584097844,7.306742315007741e-06,0.04994903160040787,2.9447642685652002e-05,0.048929663608562546,2.9177930721004065e-06,0.047910295616717447,8.777898485814668e-06,0.04689092762487257,2.3219748229236008e-05,0.05300713557594294,1.3706271658017877e-05,0.05402650356778782,1.4270214856827199e-05,0.05504587155963292,4.3720309469430545e-05,0.05606523955147802,4.756738285609066e-05,0.057084607543322896,2.2582247221886343e-05,0.0,0.0,1.0,0.0,2.0
22,13:48:42,7,0.051987767584097844,284859.0,0.05249745158002028,0.051987767584097844,1.2750020146993375e-06,0.04994903160040787,2.9447642685652002e-05,0.048929663608562546,2.9177930721004065e-06,0.047910295616717447,8.777898485814668e-06,0.04689092762487257,2.3219748229236008e-05,0.05300713557594294,1.7702912588710032e-05,0.05402650356778782,1.4270214856827199e-05,0.05504587155963292,4.35977131218633e-05,0.05606523955147802,4.756738285609066e-05,0.057084607543322896,2.2582247221886343e-05,0.0,0.0,1.0,1.0,2.0
22,13:48:45,7,0.050968399592252744,56757.0,0.051478083588175405,0.050968399592252744,1.7163488659414157e-07,0.04994903160040787,2.9447642685652002e-05,0.048929663608562546,2.9177930721004065e-06,0.047910295616717447,8.581744329707078e-06,0.04689092762487257,2.3219748229236008e-05,0.051987767584097844,6.178855917389097e-06,0.05300713557594294,1.7629354780169683e-05,0.05402650356778782,1.4098579970233058e-05,0.05504587155963292,4.2371749646190865e-05,0.05606523955147802,4.756738285609066e-05,1.0,1.0,1.0,2.0,2.0
22,13:48:48,7,0.050968399592252744,3093.0,0.051478083588175405,0.050968399592252744,9.807707805379519e-08,0.04994903160040787,2.9447642685652002e-05,0.048929663608562546,2.9177930721004065e-06,0.047910295616717447,8.581744329707078e-06,0.04689092762487257,2.3219748229236008e-05,0.051987767584097844,4.388949242907334e-06,0.05300713557594294,1.856108702168074e-05,0.05402650356778782,1.4147618509259954e-05,0.05504587155963292,4.2298191837650515e-05,0.05606523955147802,4.756738285609066e-05,1.0,1.0,1.0,2.0,2.0
22,13:48:51,7,0.04994903160040787,21666.0,0.050458715596330084,0.04994903160040787,2.9423123416138555e-05,0.048929663608562546,2.9177930721004065e-06,0.047910295616717447,8.581744329707078e-06,0.04689092762487257,2.3219748229236008e-05,0.04587155963302747,1.4000502892179263e-05,0.050968399592252744,1.2259634756724397e-07,0.051987767584097844,6.497606421063931e-06,0.05300713557594294,1.826685578751935e-05,0.05402650356778782,1.5741371027634127e-05,0.05504587155963292,4.178328717786809e-05,1.0,2.0,2.0,2.0,2.0
22,13:48:54,7,0.04994903160040787,0.0,0.050458715596330084,0.04994903160040787,2.9423123416138555e-05,0.048929663608562546,2.9177930721004065e-06,0.047910295616717447,8.581744329707078e-06,0.04689092762487257,2.3219748229236008e-05,0.04587155963302747,1.4000502892179263e-05,0.050968399592252744,3.138466497721446e-06,0.051987767584097844,7.968762591870858e-06,0.05300713557594294,1.870820263876143e-05,0.05402650356778782,1.6378872034983796e-05,0.05504587155963292,4.1905883525435335e-05,2.0,2.0,2.0,2.0,2.0
22,13:48:57,7,0.050968399592252744,4124.0,0.050458715596330084,0.04994903160040787,2.9423123416138555e-05,0.048929663608562546,2.9177930721004065e-06,0.047910295616717447,8.581744329707078e-06,0.04689092762487257,2.3219748229236008e-05,0.04587155963302747,1.4000502892179263e-05,0.050968399592252744,3.138466497721446e-06,0.051987767584097844,8.704340677274323e-06,0.05300713557594294,1.8438490674113494e-05,0.05402650356778782,1.6231756417903104e-05,0.05504587155963292,4.2151076220569824e-05,2.0,2.0,2.0,2.0,2.0
22,13:49:00,7,0.04994903160040787,1054034.0,0.051478083588175405,0.04994903160040787,2.9594758302732698e-05,0.048929663608562546,2.9177930721004065e-06,0.047910295616717447,8.336551634572591e-06,0.04689092762487257,2.3219748229236008e-05,0.04587155963302747,1.4000502892179263e-05,0.05300713557594294,5.762028335660467e-06,0.05402650356778782,1.6231756417903104e-05,0.05504587155963292,4.2151076220569824e-05,0.05606523955147802,4.78370948207386e-05,0.057084607543322896,2.221445817918461e-05,1.0,2.0,1.0,2.0,2.0
22,13:49:03,7,0.04994903160040787,25760.0,0.051478083588175405,0.04994903160040787,2.9226969260030965e-05,0.048929663608562546,2.9177930721004065e-06,0.047910295616717447,8.336551634572591e-06,0.04689092762487257,2.3219748229236008e-05,0.04587155963302747,1.4000502892179263e-05,0.05300713557594294,5.811066874687365e-06,0.05402650356778782,1.6231756417903104e-05,0.05504587155963292,4.207751841202948e-05,0.05606523955147802,4.78370948207386e-05,0.057084607543322896,2.2091861831617365e-05,1.0,2.0,1.0,2.0,2.0
22,13:49:06,7,0.04994903160040787,263680.0,0.050458715596330084,0.04994903160040787,2.2950036264588072e-05,0.048929663608562546,2.7951967245331627e-06,0.047910295616717447,8.336551634572591e-06,0.04689092762487257,2.3219748229236008e-05,0.04587155963302747,1.4000502892179263e-05,0.050968399592252744,3.677890427017319e-07,0.051987767584097844,2.6971196464793677e-07,0.05300713557594294,5.835586144200813e-06,0.05402650356778782,1.7825508936277273e-05,0.05504587155963292,4.207751841202948e-05,2.0,2.0,2.0,2.0,2.0
22,13:49:09,7,0.05402650356778782,285092.0,0.051478083588175405,0.050968399592252744,7.3312615845211895e-06,0.04994903160040787,2.2950036264588072e-05,0.048929663608562546,2.7951967245331627e-06,0.047910295616717447,8.336551634572591e-06,0.04689092762487257,2.3219748229236008e-05,0.051987767584097844,3.9230831221518074e-07,0.05402650356778782,1.7457719893575543e-05,0.05504587155963292,4.207751841202948e-05,0.05606523955147802,4.78370948207386e-05,0.057084607543322896,2.2091861831617365e-05,2.0,2.0,2.0,2.0,2.0
22,13:49:12,7,0.050968399592252744,36085.0,0.051478083588175405,0.050968399592252744,7.355780854034639e-06,0.04994903160040787,2.2950036264588072e-05,0.048929663608562546,2.7951967245331627e-06,0.047910295616717447,8.336551634572591e-06,0.04689092762487257,2.3219748229236008e-05,0.051987767584097844,1.912503022049006e-06,0.05300713557594294,1.2259634756724397e-06,0.05402650356778782,1.7580316241142788e-05,0.05504587155963292,4.207751841202948e-05,0.05606523955147802,4.78370948207386e-05,2.0,2.0,2.0,2.0,2.0
22,13:49:15,7,0.050968399592252744,125825.0,0.051478083588175405,0.050968399592252744,1.0494247351756085e-05,0.04994903160040787,2.2950036264588072e-05,0.048929663608562546,2.7951967245331627e-06,0.047910295616717447,8.336551634572591e-06,0.04689092762487257,2.3219748229236008e-05,0.051987767584097844,1.0298093195648493e-06,0.05300713557594294,1.2259634756724397e-06,0.05402650356778782,2.2582247221886343e-05,0.05504587155963292,4.207751841202948e-05,0.05606523955147802,4.78370948207386e-05,2.0,1.0,1.0,2.0,2.0
22,13:49:18,7,0.050968399592252744,150526.0,0.051478083588175405,0.050968399592252744,7.6009735491691265e-06,0.04994903160040787,2.2950036264588072e-05,0.048929663608562546,2.7951967245331627e-06,0.047910295616717447,8.704340677274323e-06,0.04689092762487257,2.3219748229236008e-05,0.051987767584097844,1.4711561708069277e-06,0.05300713557594294,1.9860608305893523e-06,0.05402650356778782,2.260676649139979e-05,0.05504587155963292,4.222463402911017e-05,0.05606523955147802,4.78370948207386e-05,2.0,1.0,1.0,2.0,2.0
22,13:49:21,7,0.050968399592252744,184605.0,0.051478083588175405,0.050968399592252744,6.571164229604277e-06,0.04994903160040787,2.324426749874946e-05,0.048929663608562546,2.7951967245331627e-06,0.047910295616717447,8.949533372408811e-06,0.04689092762487257,2.3219748229236008e-05,0.051987767584097844,1.5937525183741717e-06,0.05300713557594294,2.3538498732910843e-06,0.05402650356778782,2.260676649139979e-05,0.05504587155963292,4.288665430597329e-05,0.05606523955147802,4.773901774268481e-05,2.0,1.0,1.0,2.0,2.0
22,13:49:24,7,0.050968399592252744,780250.0,0.05249745158002028,0.050968399592252744,6.252413725929443e-06,0.04994903160040787,2.324426749874946e-05,0.048929663608562546,2.7951967245331627e-06,0.047910295616717447,8.949533372408811e-06,0.04689092762487257,2.3219748229236008e-05,0.05402650356778782,1.02000161175947e-05,0.05504587155963292,4.313184700110778e-05,0.05606523955147802,4.773901774268481e-05,0.057084607543322896,2.2288015987724956e-05,0.05810397553516822,6.401981269961481e-05,1.0,0.0,0.0,2.0,2.0
22,13:49:27,7,0.051987767584097844,27864.0,0.05300713557594294,0.051987767584097844,7.355780854034639e-08,0.050968399592252744,6.252413725929443e-06,0.04994903160040787,2.155243790232149e-05,0.048929663608562546,2.7951967245331627e-06,0.047910295616717447,8.949533372408811e-06,0.05402650356778782,1.0445208812729187e-05,0.05504587155963292,4.4014540703591936e-05,0.05606523955147802,4.773901774268481e-05,0.057084607543322896,2.2288015987724956e-05,0.05810397553516822,6.401981269961481e-05,0.0,0.0,0.0,1.0,1.0
22,13:49:30,7,0.050968399592252744,229921.0,0.051987767584097844,0.050968399592252744,3.972121661178705e-06,0.04994903160040787,2.155243790232149e-05,0.048929663608562546,2.7951967245331627e-06,0.047910295616717447,8.949533372408811e-06,0.04689092762487257,2.3317825307289805e-05,0.05300713557594294,2.6971196464793677e-07,0.05402650356778782,1.1058190550565406e-05,0.05504587155963292,4.4014540703591936e-05,0.05606523955147802,4.773901774268481e-05,0.057084607543322896,2.2288015987724956e-05,0.0,0.0,1.0,2.0,2.0
22,13:49:33,7,0.05300713557594294,120769.0,0.05351681957186538,0.05300713557594294,5.6149127185797746e-06,0.050968399592252744,2.8442352635600602e-06,0.04994903160040787,2.118464885961976e-05,0.048929663608562546,2.7951967245331627e-06,0.047910295616717447,8.949533372408811e-06,0.05402650356778782,1.181828790548232e-05,0.05504587155963292,4.4014540703591936e-05,0.05606523955147802,4.773901774268481e-05,0.057084607543322896,2.2288015987724956e-05,0.05810397553516822,6.401981269961481e-05,0.0,0.0,0.0,2.0,1.0
22,13:49:36,7,0.05300713557594294,67145.0,0.05351681957186538,0.05300713557594294,4.021160200205602e-06,0.051987767584097844,5.639431988093223e-07,0.050968399592252744,2.8442352635600602e-06,0.04994903160040787,2.1209168129133208e-05,0.048929663608562546,2.7951967245331627e-06,0.05402650356778782,1.1965403522563013e-05,0.05504587155963292,4.4406849015807116e-05,0.05606523955147802,4.773901774268481e-05,0.057084607543322896,2.2288015987724956e-05,0.05810397553516822,6.401981269961481e-05,0.0,0.0,0.0,2.0,0.0
22,13:49:39,7,0.05300713557594294,169412.0,0.05249745158002028,0.051987767584097844,5.639431988093223e-07,0.050968399592252744,2.8442352635600602e-06,0.04994903160040787,2.1209168129133208e-05,0.048929663608562546,2.7951967245331627e-06,0.047910295616717447,8.949533372408811e-06,0.05300713557594294,1.792358601433107e-05,0.05402650356778782,1.198992279207646e-05,0.05504587155963292,4.416165632067263e-05,0.05606523955147802,4.773901774268481e-05,0.057084607543322896,2.2288015987724956e-05,0.0,1.0,0.0,2.0,1.0
22,13:49:42,7,0.051987767584097844,1032.0,0.05249745158002028,0.051987767584097844,5.394239292958735e-07,0.050968399592252744,2.8442352635600602e-06,0.04994903160040787,2.1209168129133208e-05,0.048929663608562546,2.7951967245331627e-06,0.047910295616717447,8.949533372408811e-06,0.05300713557594294,1.895339533389592e-05,0.05402650356778782,1.3534636771423735e-05,0.05504587155963292,4.102318982295118e-05,0.05606523955147802,4.773901774268481e-05,0.057084607543322896,2.2288015987724956e-05,0.0,1.0,1.0,2.0,1.0
22,13:49:45,7,0.051987767584097844,22704.0,0.051478083588175405,0.050968399592252744,1.7163488659414156e-06,0.04994903160040787,2.1086571781565964e-05,0.048929663608562546,2.7951967245331627e-06,0.047910295616717447,8.949533372408811e-06,0.04689092762487257,2.3317825307289805e-05,0.051987767584097844,7.478377201601883e-06,0.05300713557594294,2.218993890967116e-05,0.05402650356778782,1.3485598232396838e-05,0.05504587155963292,4.1268382518085666e-05,0.05606523955147802,4.773901774268481e-05,1.0,1.0,2.0,2.0,2.0
22,13:49:48,7,0.051987767584097844,98040.0,0.051478083588175405,0.050968399592252744,1.7163488659414156e-06,0.04994903160040787,2.1086571781565964e-05,0.048929663608562546,2.7951967245331627e-06,0.047910295616717447,8.949533372408811e-06,0.04689092762487257,2.3317825307289805e-05,0.051987767584097844,5.933663222254608e-06,0.05300713557594294,2.2312535257238403e-05,0.05402650356778782,1.3804348736071672e-05,0.05504587155963292,4.175876790835464e-05,0.05606523955147802,4.773901774268481e-05,1.0,1.0,2.0,2.0,2.0
22,13:49:51,7,0.051987767584097844,211555.0,0.051478083588175405,0.050968399592252744,1.5937525183741717e-06,0.04994903160040787,2.1086571781565964e-05,0.048929663608562546,2.6971196464793676e-06,0.047910295616717447,8.949533372408811e-06,0.04689092762487257,2.3317825307289805e-05,0.051987767584097844,4.805776824635964e-06,0.05300713557594294,2.2337054526751854e-05,0.05402650356778782,1.3313963345802697e-05,0.05504587155963292,4.193040279494878e-05,0.05606523955147802,4.773901774268481e-05,2.0,1.0,2.0,2.0,2.0
22,13:49:54,7,0.050968399592252744,18558.0,0.051478083588175405,0.050968399592252744,1.1524056671320934e-06,0.04994903160040787,2.1331764476700452e-05,0.048929663608562546,2.6971196464793676e-06,0.047910295616717447,8.949533372408811e-06,0.04689092762487257,2.3317825307289805e-05,0.051987767584097844,5.050969519770452e-06,0.05300713557594294,2.2337054526751854e-05,0.05402650356778782,1.4662523169042379e-05,0.05504587155963292,4.193040279494878e-05,0.05606523955147802,4.773901774268481e-05,2.0,1.0,2.0,2.0,2.0
22,13:49:57,7,0.051987767584097844,53625.0,0.051478083588175405,0.050968399592252744,7.846166244303615e-07,0.04994903160040787,2.1331764476700452e-05,0.048929663608562546,2.6971196464793676e-06,0.047910295616717447,8.949533372408811e-06,0.04689092762487257,2.3317825307289805e-05,0.051987767584097844,4.732219016095618e-06,0.05300713557594294,2.280292064750738e-05,0.05402650356778782,1.4662523169042379e-05,0.05504587155963292,4.5681851030506454e-05,0.05606523955147802,4.773901774268481e-05,2.0,1.0,2.0,2.0,2.0
22,13:50:00,7,0.051987767584097844,39207.0,0.051478083588175405,0.050968399592252744,7.135107428413599e-06,0.04994903160040787,2.201830402307702e-05,0.048929663608562546,2.6971196464793676e-06,0.047910295616717447,8.949533372408811e-06,0.04689092762487257,2.2582247221886343e-05,0.051987767584097844,4.021160200205602e-06,0.05300713557594294,2.280292064750738e-05,0.05402650356778782,1.4687042438555828e-05,0.05504587155963292,4.5681851030506454e-05,0.05606523955147802,4.773901774268481e-05,1.0,1.0,2.0,2.0,2.0
22,13:50:03,7,0.050968399592252744,59799.0,0.051478083588175405,0.050968399592252744,5.737509066147018e-06,0.04994903160040787,2.201830402307702e-05,0.048929663608562546,2.8197159940466115e-06,0.047910295616717447,8.949533372408811e-06,0.04689092762487257,2.2582247221886343e-05,0.051987767584097844,3.996640930692154e-06,0.05300713557594294,2.280292064750738e-05,0.05402650356778782,1.5054831481257561e-05,0.05504587155963292,4.551021614391231e-05,0.05606523955147802,4.773901774268481e-05,1.0,2.0,2.0,2.0,2.0
22,13:50:06,7,0.051987767584097844,624660.0,0.05249745158002028,0.051987767584097844,4.7812575551225154e-06,0.050968399592252744,5.737509066147018e-06,0.04994903160040787,2.201830402307702e-05,0.048929663608562546,2.8197159940466115e-06,0.047910295616717447,8.949533372408811e-06,0.05300713557594294,1.544713979347274e-05,0.05402650356778782,1.5054831481257561e-05,0.05504587155963292,4.563281249147955e-05,0.05606523955147802,4.773901774268481e-05,0.057084607543322896,2.3146190420695662e-05,0.0,1.0,2.0,2.0,2.0
22,13:50:09,7,0.051987767584097844,209496.0,0.05249745158002028,0.051987767584097844,7.846166244303615e-07,0.050968399592252744,9.97934269197366e-06,0.04994903160040787,2.201830402307702e-05,0.048929663608562546,2.8197159940466115e-06,0.047910295616717447,8.949533372408811e-06,0.05300713557594294,1.630531422644345e-05,0.05402650356778782,1.606012153130896e-05,0.05504587155963292,4.587800518661404e-05,0.05606523955147802,4.773901774268481e-05,0.057084607543322896,2.3146190420695662e-05,0.0,0.0,2.0,2.0,2.0
22,13:50:12,7,0.050968399592252744,177366.0,0.05249745158002028,0.051987767584097844,2.4519269513448794e-07,0.050968399592252744,6.767318385711867e-06,0.04994903160040787,2.201830402307702e-05,0.048929663608562546,2.8197159940466115e-06,0.047910295616717447,8.949533372408811e-06,0.05300713557594294,1.625627568741655e-05,0.05402650356778782,1.655050692157794e-05,0.05504587155963292,5.188154832698198e-05,0.05606523955147802,4.8548153636628617e-05,0.057084607543322896,2.3146190420695662e-05,0.0,1.0,1.0,2.0,0.0
22,13:50:15,7,0.051987767584097844,22704.0,0.051478083588175405,0.050968399592252744,6.767318385711867e-06,0.04994903160040787,2.201830402307702e-05,0.048929663608562546,2.8197159940466115e-06,0.047910295616717447,8.949533372408811e-06,0.04689092762487257,2.2582247221886343e-05,0.051987767584097844,4.217314356313193e-06,0.05300713557594294,1.4000502892179263e-05,0.05402650356778782,1.6427910574010694e-05,0.05504587155963292,5.2126741022116466e-05,0.05606523955147802,4.8548153636628617e-05,1.0,2.0,2.0,2.0,1.0
22,13:50:18,7,0.050968399592252744,7219.0,0.051478083588175405,0.050968399592252744,7.012511080846356e-06,0.04994903160040787,2.2459650874319098e-05,0.048929663608562546,2.8197159940466115e-06,0.047910295616717447,8.998571911435708e-06,0.04689092762487257,2.2582247221886343e-05,0.051987767584097844,5.467797101499081e-06,0.05300713557594294,1.4245695587313751e-05,0.05402650356778782,1.6427910574010694e-05,0.05504587155963292,5.224933736968371e-05,0.05606523955147802,4.8548153636628617e-05,2.0,2.0,2.0,2.0,1.0
22,13:50:21,7,0.050968399592252744,20620.0,0.051478083588175405,0.050968399592252744,9.832227074892967e-06,0.04994903160040787,2.2459650874319098e-05,0.048929663608562546,2.8197159940466115e-06,0.047910295616717447,8.998571911435708e-06,0.04689092762487257,2.2582247221886343e-05,0.051987767584097844,8.655302138247424e-06,0.05300713557594294,1.4343772665367546e-05,0.05402650356778782,1.655050692157794e-05,0.05504587155963292,5.224933736968371e-05,0.05606523955147802,4.8548153636628617e-05,2.0,2.0,2.0,2.0,1.0
22,13:50:24,7,0.050968399592252744,27837.0,0.051478083588175405,0.050968399592252744,9.170206798029849e-06,0.04994903160040787,2.1699553519402185e-05,0.048929663608562546,2.8197159940466115e-06,0.047910295616717447,8.998571911435708e-06,0.04689092762487257,2.2582247221886343e-05,0.051987767584097844,8.974052641922259e-06,0.05300713557594294,1.4564446090988584e-05,0.05402650356778782,1.655050692157794e-05,0.05504587155963292,5.227385663919716e-05,0.05606523955147802,4.8548153636628617e-05,1.0,2.0,2.0,2.0,1.0
22,13:50:27,7,0.050968399592252744,184713.0,0.051478083588175405,0.050968399592252744,9.36636095413744e-06,0.04994903160040787,2.1724072788915633e-05,0.048929663608562546,2.8197159940466115e-06,0.047910295616717447,8.998571911435708e-06,0.04689092762487257,2.2582247221886343e-05,0.051987767584097844,5.443277831985633e-06,0.05300713557594294,1.4564446090988584e-05,0.05402650356778782,1.6722141808172078e-05,0.05504587155963292,5.24945300648182e-05,0.05606523955147802,4.8548153636628617e-05,2.0,2.0,2.0,2.0,1.0
22,13:50:30,7,0.050968399592252744,230113.0,0.051478083588175405,0.050968399592252744,8.802417755328118e-06,0.04994903160040787,2.1748592058429083e-05,0.048929663608562546,2.8197159940466115e-06,0.047910295616717447,8.998571911435708e-06,0.04689092762487257,2.2582247221886343e-05,0.051987767584097844,5.394239292958735e-07,0.05300713557594294,1.4392811204394443e-05,0.05402650356778782,1.6844738155739322e-05,0.05504587155963292,5.24945300648182e-05,0.05606523955147802,4.8548153636628617e-05,2.0,2.0,2.0,2.0,1.0
22,13:50:33,7,0.051987767584097844,63952.0,0.05249745158002028,0.051987767584097844,5.884624683227711e-07,0.050968399592252744,9.292803145597093e-06,0.04994903160040787,2.1748592058429083e-05,0.048929663608562546,2.8197159940466115e-06,0.047910295616717447,8.998571911435708e-06,0.05300713557594294,1.4638003899528932e-05,0.05402650356778782,1.6844738155739322e-05,0.05504587155963292,5.24945300648182e-05,0.05606523955147802,4.8548153636628617e-05,0.057084607543322896,2.142984155475425e-05,1.0,2.0,2.0,2.0,0.0
22,13:50:36,7,0.051987767584097844,79464.0,0.05249745158002028,0.051987767584097844,7.355780854034639e-08,0.050968399592252744,9.537995840731582e-06,0.04994903160040787,2.1748592058429083e-05,0.048929663608562546,2.8197159940466115e-06,0.047910295616717447,8.998571911435708e-06,0.05300713557594294,1.5030312211744112e-05,0.05402650356778782,1.7948105283844517e-05,0.05504587155963292,5.2592607142871996e-05,0.05606523955147802,4.8548153636628617e-05,0.057084607543322896,2.142984155475425e-05,1.0,2.0,2.0,1.0,0.0
22,13:50:39,7,0.050968399592252744,143312.0,0.051478083588175405,0.050968399592252744,6.276932995442892e-06,0.04994903160040787,2.1748592058429083e-05,0.048929663608562546,2.6971196464793676e-06,0.047910295616717447,8.998571911435708e-06,0.04689092762487257,2.2582247221886343e-05,0.051987767584097844,9.317322415110542e-07,0.05300713557594294,1.4981273672717214e-05,0.05402650356778782,1.8683683369247983e-05,0.05504587155963292,5.2592607142871996e-05,0.05606523955147802,4.8548153636628617e-05,2.0,2.0,2.0,2.0,1.0
22,13:50:42,7,0.051987767584097844,43344.0,0.05249745158002028,0.051987767584097844,5.71298979663357e-06,0.050968399592252744,6.276932995442892e-06,0.04994903160040787,2.1748592058429083e-05,0.048929663608562546,2.6971196464793676e-06,0.047910295616717447,8.998571911435708e-06,0.05300713557594294,1.5398101254445845e-05,0.05402650356778782,1.875724117778833e-05,0.05504587155963292,5.332818522827546e-05,0.05606523955147802,4.8548153636628617e-05,0.057084607543322896,2.142984155475425e-05,1.0,1.0,2.0,1.0,0.0
22,13:50:45,7,0.051987767584097844,72240.0,0.05249745158002028,0.051987767584097844,3.996640930692154e-06,0.050968399592252744,6.276932995442892e-06,0.04994903160040787,2.179763059745598e-05,0.048929663608562546,2.6971196464793676e-06,0.047910295616717447,8.998571911435708e-06,0.05300713557594294,1.5545216871526537e-05,0.05402650356778782,1.875724117778833e-05,0.05504587155963292,5.4407033086867206e-05,0.05606523955147802,4.8548153636628617e-05,0.057084607543322896,2.142984155475425e-05,1.0,1.0,2.0,1.0,0.0
22,13:50:48,7,0.051987767584097844,30960.0,0.05249745158002028,0.051987767584097844,1.552069760201309e-05,0.050968399592252744,6.4240486125235845e-06,0.04994903160040787,2.179763059745598e-05,0.048929663608562546,2.6971196464793676e-06,0.047910295616717447,8.998571911435708e-06,0.05300713557594294,1.5545216871526537e-05,0.05402650356778782,1.7653874049683134e-05,0.05504587155963292,5.460318724297479e-05,0.05606523955147802,4.8548153636628617e-05,0.057084607543322896,2.142984155475425e-05,2.0,1.0,2.0,1.0,0.0
22,13:50:51,7,0.051987767584097844,88752.0,0.05249745158002028,0.051987767584097844,1.5349062715418946e-05,0.050968399592252744,6.4240486125235845e-06,0.04994903160040787,2.179763059745598e-05,0.048929663608562546,2.6971196464793676e-06,0.047910295616717447,9.121168259002952e-06,0.05300713557594294,1.552069760201309e-05,0.05402650356778782,1.7653874049683134e-05,0.05504587155963292,5.460318724297479e-05,0.05606523955147802,4.8548153636628617e-05,0.057084607543322896,2.142984155475425e-05,2.0,1.0,2.0,1.0,0.0
22,13:50:54,7,0.051987767584097844,417259.0,0.05249745158002028,0.051987767584097844,1.3559156040937184e-05,0.050968399592252744,6.4240486125235845e-06,0.04994903160040787,2.179763059745598e-05,0.048929663608562546,2.6971196464793676e-06,0.047910295616717447,9.121168259002952e-06,0.05300713557594294,7.4293386625749855e-06,0.05402650356778782,1.8193297978979006e-05,0.05504587155963292,5.460318724297479e-05,0.05606523955147802,4.8548153636628617e-05,0.057084607543322896,2.142984155475425e-05,2.0,2.0,2.0,1.0,0.0
22,13:50:57,7,0.051987767584097844,42317.0,0.05249745158002028,0.051987767584097844,1.4392811204394443e-05,0.050968399592252744,6.4240486125235845e-06,0.04994903160040787,2.1111091051079414e-05,0.048929663608562546,2.6971196464793676e-06,0.047910295616717447,9.121168259002952e-06,0.05300713557594294,7.4293386625749855e-06,0.05402650356778782,1.8438490674113494e-05,0.05504587155963292,5.460318724297479e-05,0.05606523955147802,4.8548153636628617e-05,0.057084607543322896,2.142984155475425e-05,1.0,2.0,2.0,1.0,1.0
22,13:51:00,7,0.05300713557594294,47494.0,0.05249745158002028,0.051987767584097844,2.626013764890366e-05,0.050968399592252744,6.4240486125235845e-06,0.04994903160040787,2.1037533242539065e-05,0.048929663608562546,2.6971196464793676e-06,0.047910295616717447,9.121168259002952e-06,0.05300713557594294,7.012511080846356e-06,0.05402650356778782,1.8438490674113494e-05,0.05504587155963292,5.467674505151514e-05,0.05606523955147802,4.8548153636628617e-05,0.057084607543322896,2.142984155475425e-05,1.0,2.0,2.0,1.0,1.0
22,13:51:03,7,0.05300713557594294,470919.0,0.05351681957186538,0.05300713557594294,1.667310326914518e-06,0.051987767584097844,2.3366863846316703e-05,0.050968399592252744,6.4240486125235845e-06,0.04994903160040787,2.1037533242539065e-05,0.048929663608562546,2.6971196464793676e-06,0.05402650356778782,1.9174068759516957e-05,0.05504587155963292,5.467674505151514e-05,0.05606523955147802,4.8548153636628617e-05,0.057084607543322896,2.142984155475425e-05,0.05810397553516822,6.752606824003799e-05,0.0,2.0,2.0,1.0,0.0
22,13:51:06,7,0.05300713557594294,91936.0,0.05351681957186538,0.05300713557594294,7.846166244303615e-07,0.051987767584097844,2.3342344576803252e-05,0.050968399592252744,6.4240486125235845e-06,0.04994903160040787,2.1037533242539065e-05,0.048929663608562546,2.6971196464793676e-06,0.05402650356778782,1.910051095097661e-05,0.05504587155963292,5.467674505151514e-05,0.05606523955147802,4.8548153636628617e-05,0.057084607543322896,2.1258206668160106e-05,0.05810397553516822,6.752606824003799e-05,0.0,2.0,2.0,1.0,0.0
22,13:51:09,7,0.05300713557594294,298803.0,0.05351681957186538,0.05300713557594294,1.7163488659414157e-07,0.051987767584097844,2.5794271528148135e-05,0.050968399592252744,6.4240486125235845e-06,0.04994903160040787,2.1037533242539065e-05,0.048929663608562546,2.6971196464793676e-06,0.05402650356778782,1.2651943068939579e-05,0.05504587155963292,5.467674505151514e-05,0.05606523955147802,4.8548153636628617e-05,0.057084607543322896,2.1258206668160106e-05,0.05810397553516822,6.752606824003799e-05,1.0,2.0,2.0,1.0,0.0
22,13:51:12,7,0.05300713557594294,110531.0,0.05249745158002028,0.051987767584097844,2.606398349279607e-05,0.050968399592252744,6.4240486125235845e-06,0.04994903160040787,2.1037533242539065e-05,0.048929663608562546,2.6971196464793676e-06,0.047910295616717447,9.121168259002952e-06,0.05300713557594294,2.1331764476700454e-06,0.05402650356778782,1.5177427828824805e-05,0.05504587155963292,5.467674505151514e-05,0.05606523955147802,4.8548153636628617e-05,0.057084607543322896,2.1258206668160106e-05,2.0,2.0,2.0,0.0,2.0
22,13:51:15,7,0.05300713557594294,70238.0,0.05249745158002028,0.051987767584097844,2.5990425684255725e-05,0.050968399592252744,6.4240486125235845e-06,0.04994903160040787,2.1037533242539065e-05,0.048929663608562546,2.6971196464793676e-06,0.047910295616717447,9.121168259002952e-06,0.05300713557594294,2.1086571781565966e-06,0.05402650356778782,1.5177427828824805e-05,0.05504587155963292,5.467674505151514e-05,0.05606523955147802,4.8401038019547925e-05,0.057084607543322896,2.116012959010631e-05,2.0,2.0,2.0,0.0,2.0
22,13:51:18,7,0.051987767584097844,10320.0,0.05249745158002028,0.051987767584097844,2.5745232989121236e-05,0.050968399592252744,4.021160200205602e-06,0.04994903160040787,2.118464885961976e-05,0.048929663608562546,2.6971196464793676e-06,0.047910295616717447,9.121168259002952e-06,0.05300713557594294,4.462507051447681e-06,0.05402650356778782,1.569233248860723e-05,0.05504587155963292,6.244935348727841e-05,0.05606523955147802,4.8401038019547925e-05,0.057084607543322896,2.057166712178354e-05,2.0,2.0,2.0,0.0,2.0
22,13:51:21,7,0.051987767584097844,144614.0,0.05249745158002028,0.051987767584097844,2.559811737204054e-05,0.050968399592252744,4.021160200205602e-06,0.04994903160040787,2.118464885961976e-05,0.048929663608562546,2.6971196464793676e-06,0.047910295616717447,9.121168259002952e-06,0.05300713557594294,1.2995212842127862e-06,0.05402650356778782,1.5618774680066882e-05,0.05504587155963292,6.244935348727841e-05,0.05606523955147802,4.8401038019547925e-05,0.057084607543322896,2.03509936961625e-05,2.0,2.0,2.0,0.0,2.0
22,13:51:24,7,0.05300713557594294,170440.0,0.05351681957186538,0.05300713557594294,4.266352895340091e-06,0.051987767584097844,2.54755210244733e-05,0.050968399592252744,4.021160200205602e-06,0.04994903160040787,2.118464885961976e-05,0.048929663608562546,2.6971196464793676e-06,0.05402650356778782,1.5618774680066882e-05,0.05504587155963292,6.244935348727841e-05,0.05606523955147802,4.8401038019547925e-05,0.057084607543322896,2.03509936961625e-05,0.05810397553516822,6.752606824003799e-05,2.0,2.0,1.0,0.0,1.0
22,13:51:27,7,0.05300713557594294,278077.0,0.05351681957186538,0.05300713557594294,4.045679469719051e-06,0.051987767584097844,2.54755210244733e-05,0.050968399592252744,4.021160200205602e-06,0.04994903160040787,2.074330200837768e-05,0.048929663608562546,2.6971196464793676e-06,0.05402650356778782,1.0714920777377124e-05,0.05504587155963292,6.244935348727841e-05,0.05606523955147802,4.8401038019547925e-05,0.057084607543322896,2.03509936961625e-05,0.05810397553516822,6.752606824003799e-05,2.0,2.0,1.0,0.0,0.0
22,13:51:30,7,0.05402650356778782,296673.0,0.05351681957186538,0.05300713557594294,1.7261565737467953e-05,0.051987767584097844,2.8859180217329232e-05,0.050968399592252744,3.947602391665256e-06,0.04994903160040787,2.0449070774216295e-05,0.048929663608562546,2.6971196464793676e-06,0.05402650356778782,6.252413725929443e-06,0.05504587155963292,6.247387275679185e-05,0.05606523955147802,4.8401038019547925e-05,0.057084607543322896,2.0252916618108704e-05,0.05810397553516822,6.752606824003799e-05,2.0,2.0,1.0,0.0,0.0
22,13:51:33,7,0.05402650356778782,3060272.0,0.05504587155963292,0.05402650356778782,3.4326977318828314e-07,0.05300713557594294,1.7629354780169683e-05,0.051987767584097844,2.8859180217329232e-05,0.050968399592252744,3.947602391665256e-06,0.04994903160040787,2.0449070774216295e-05,0.05606523955147802,4.6070481452294615e-05,0.057084607543322896,2.0252916618108704e-05,0.05810397553516822,6.752606824003799e-05,0.05912334352701332,4.6120745954797185e-05,0.060142711518858194,5.784095678222571e-05,0.0,0.0,0.0,0.0,0.0
22,13:51:36,7,0.05300713557594294,761036.0,0.05453618756371026,0.05300713557594294,1.4858677325149971e-05,0.051987767584097844,2.8859180217329232e-05,0.050968399592252744,3.947602391665256e-06,0.04994903160040787,2.0449070774216295e-05,0.048929663608562546,2.6971196464793676e-06,0.05606523955147802,3.256036395038433e-05,0.057084607543322896,2.0252916618108704e-05,0.05810397553516822,6.759962604857834e-05,0.05912334352701332,4.6120745954797185e-05,0.060142711518858194,5.784095678222571e-05,0.0,1.0,0.0,0.0,0.0
22,13:51:39,7,0.05504587155963292,231880.0,0.05504587155963292,0.05402650356778782,2.7216389159928164e-06,0.05300713557594294,1.7310604276494848e-05,0.051987767584097844,2.196926548405012e-05,0.050968399592252744,2.770677455019714e-06,0.04994903160040787,2.0890417625458373e-05,0.05606523955147802,3.1579593169846375e-05,0.057084607543322896,2.0252916618108704e-05,0.05810397553516822,6.759962604857834e-05,0.05912334352701332,4.6120745954797185e-05,0.060142711518858194,5.7939033860279505e-05,2.0,2.0,0.0,0.0,0.0
22,13:51:42,7,0.05504587155963292,13453.0,0.05453618756371026,0.05402650356778782,2.672600376965919e-06,0.05300713557594294,2.5720713719607785e-05,0.051987767584097844,2.196926548405012e-05,0.050968399592252744,2.770677455019714e-06,0.04994903160040787,2.199378475356357e-05,0.05504587155963292,1.5618774680066882e-05,0.05606523955147802,3.1579593169846375e-05,0.057084607543322896,2.0252916618108704e-05,0.05810397553516822,6.759962604857834e-05,0.05912334352701332,4.661113134506616e-05,2.0,1.0,0.0,0.0,0.0
22,13:51:45,7,0.05504587155963292,400545.0,0.05453618756371026,0.05402650356778782,2.672600376965919e-06,0.05300713557594294,2.6113022031822966e-05,0.051987767584097844,2.196926548405012e-05,0.050968399592252744,2.770677455019714e-06,0.04994903160040787,2.199378475356357e-05,0.05504587155963292,6.546644960090829e-06,0.05606523955147802,3.10892077795774e-05,0.057084607543322896,2.0252916618108704e-05,0.05810397553516822,6.759962604857834e-05,0.05912334352701332,4.661113134506616e-05,1.0,0.0,0.0,0.0,0.0
22,13:51:48,7,0.05402650356778782,33117.0,0.05453618756371026,0.05402650356778782,2.5990425684255725e-06,0.05300713557594294,2.6113022031822966e-05,0.051987767584097844,1.4638003899528932e-05,0.050968399592252744,2.770677455019714e-06,0.04994903160040787,2.199378475356357e-05,0.05504587155963292,1.2112519139643705e-05,0.05606523955147802,3.1334400474711886e-05,0.057084607543322896,2.015483954005491e-05,0.05810397553516822,6.811453070836075e-05,0.05912334352701332,4.661113134506616e-05,1.0,0.0,0.0,0.0,0.0
22,13:51:51,7,0.05300713557594294,604290.0,0.05402650356778782,0.05300713557594294,2.5573598102527094e-05,0.051987767584097844,1.4638003899528932e-05,0.050968399592252744,2.8197159940466115e-06,0.04994903160040787,2.199378475356357e-05,0.048929663608562546,2.9423123416138553e-06,0.05504587155963292,1.118078689813265e-05,0.05606523955147802,3.1334400474711886e-05,0.057084607543322896,1.9443780724164896e-05,0.05810397553516822,6.811453070836075e-05,0.05912334352701332,4.661113134506616e-05,2.0,0.0,0.0,0.0,0.0
22,13:51:54,7,0.05504587155963292,637535.0,0.05555555555555558,0.05504587155963292,1.1769249366455422e-06,0.05300713557594294,1.7163488659414156e-05,0.051987767584097844,1.4638003899528932e-05,0.050968399592252744,2.8197159940466115e-06,0.04994903160040787,2.199378475356357e-05,0.05606523955147802,3.1334400474711886e-05,0.057084607543322896,1.9443780724164896e-05,0.05810397553516822,6.764866458760523e-05,0.05912334352701332,4.700343965728134e-05,0.060142711518858194,5.813518801638709e-05,1.0,0.0,0.0,0.0,0.0
22,13:51:57,7,0.05606523955147802,101433.0,0.05555555555555558,0.05504587155963292,2.4519269513448794e-07,0.05300713557594294,1.6795699616712424e-05,0.051987767584097844,1.4638003899528932e-05,0.050968399592252744,2.8197159940466115e-06,0.04994903160040787,2.199378475356357e-05,0.05606523955147802,3.167767024790017e-05,0.057084607543322896,1.9443780724164896e-05,0.05810397553516822,6.764866458760523e-05,0.05912334352701332,4.700343965728134e-05,0.060142711518858194,5.813518801638709e-05,0.0,0.0,0.0,0.0,0.0
22,13:52:00,7,0.05606523955147802,287958.0,0.05453618756371026,0.05402650356778782,1.6918295964279668e-06,0.05300713557594294,1.6795699616712424e-05,0.051987767584097844,1.4638003899528932e-05,0.050968399592252744,2.8197159940466115e-06,0.04994903160040787,2.199378475356357e-05,0.05504587155963292,6.595683499117726e-06,0.05606523955147802,2.6087276798833846e-05,0.057084607543322896,1.9443780724164896e-05,0.05810397553516822,6.764866458760523e-05,0.05912334352701332,4.700343965728134e-05,0.0,0.0,0.0,0.0,0.0
22,13:52:03,7,0.05402650356778782,138657.0,0.05453618756371026,0.05402650356778782,9.072129719976055e-07,0.05300713557594294,1.6795699616712424e-05,0.051987767584097844,1.4638003899528932e-05,0.050968399592252744,2.8197159940466115e-06,0.04994903160040787,2.199378475356357e-05,0.05504587155963292,4.707699746582169e-06,0.05606523955147802,2.6111796068347294e-05,0.057084607543322896,1.9885127575406975e-05,0.05810397553516822,6.764866458760523e-05,0.05912334352701332,4.6684689153606505e-05,0.0,0.0,0.0,0.0,0.0
22,13:52:06,7,0.05504587155963292,52754.0,0.05453618756371026,0.05402650356778782,6.620202768631175e-07,0.05300713557594294,1.6795699616712424e-05,0.051987767584097844,1.4539926821475136e-05,0.050968399592252744,2.8197159940466115e-06,0.04994903160040787,2.199378475356357e-05,0.05504587155963292,4.5115455904745785e-06,0.05606523955147802,2.6553142919589373e-05,0.057084607543322896,1.998320465346077e-05,0.05810397553516822,6.772222239614558e-05,0.05912334352701332,4.6684689153606505e-05,0.0,0.0,0.0,0.0,0.0
22,13:52:09,7,0.05606523955147802,382849.0,0.05555555555555558,0.05504587155963292,4.658661207555271e-07,0.05300713557594294,1.6795699616712424e-05,0.051987767584097844,1.4539926821475136e-05,0.050968399592252744,2.8197159940466115e-06,0.04994903160040787,2.199378475356357e-05,0.05606523955147802,2.5768526295159012e-05,0.057084607543322896,2.0105801001028013e-05,0.05810397553516822,6.772222239614558e-05,0.05912334352701332,4.6684689153606505e-05,0.060142711518858194,5.779191824319881e-05,0.0,0.0,0.0,0.0,0.0
22,13:52:12,7,0.05504587155963292,111810.0,0.05453618756371026,0.05402650356778782,7.600973549169127e-07,0.05300713557594294,1.6795699616712424e-05,0.051987767584097844,1.4539926821475136e-05,0.050968399592252744,2.8197159940466115e-06,0.04994903160040787,2.199378475356357e-05,0.05504587155963292,8.826937024841567e-07,0.05606523955147802,2.5351698713430384e-05,0.057084607543322896,2.0105801001028013e-05,0.05810397553516822,6.647173965095968e-05,0.05912334352701332,4.6684689153606505e-05,0.0,0.0,0.0,0.0,1.0
22,13:52:15,7,0.05402650356778782,133443.0,0.05351681957186538,0.05300713557594294,1.7016373042333465e-05,0.051987767584097844,1.4539926821475136e-05,0.050968399592252744,2.7216389159928164e-06,0.04994903160040787,2.1675034249888734e-05,0.048929663608562546,7.600973549169127e-07,0.05402650356778782,1.0469728082242636e-05,0.05504587155963292,1.2259634756724397e-07,0.05606523955147802,2.5253621635376587e-05,0.057084607543322896,2.0105801001028013e-05,0.05810397553516822,6.647173965095968e-05,1.0,0.0,0.0,1.0,1.0
22,13:52:18,7,0.05402650356778782,118880.0,0.05351681957186538,0.05300713557594294,1.6403391304497243e-05,0.051987767584097844,1.4539926821475136e-05,0.050968399592252744,2.7216389159928164e-06,0.04994903160040787,2.1675034249888734e-05,0.048929663608562546,7.600973549169127e-07,0.05402650356778782,9.832227074892967e-06,0.05504587155963292,6.30145226495634e-06,0.05606523955147802,2.522910236586314e-05,0.057084607543322896,2.255772795237289e-05,0.05810397553516822,6.679049015463452e-05,1.0,0.0,0.0,1.0,1.0
22,13:52:21,7,0.05402650356778782,287339.0,0.05351681957186538,0.05300713557594294,1.363271384947753e-05,0.051987767584097844,1.4539926821475136e-05,0.050968399592252744,2.672600376965919e-06,0.04994903160040787,2.1675034249888734e-05,0.048929663608562546,7.600973549169127e-07,0.05402650356778782,5.7865476051739155e-06,0.05504587155963292,6.840876194252214e-06,0.05606523955147802,2.5547852869537974e-05,0.057084607543322896,2.255772795237289e-05,0.05810397553516822,6.679049015463452e-05,0.0,0.0,0.0,1.0,0.0
22,13:52:24,7,0.05300713557594294,247087.0,0.05351681957186538,0.05300713557594294,1.2676462338453028e-05,0.051987767584097844,1.4539926821475136e-05,0.050968399592252744,2.525484759885226e-06,0.04994903160040787,2.1675034249888734e-05,0.048929663608562546,7.600973549169127e-07,0.05402650356778782,1.0298093195648493e-06,0.05504587155963292,8.581744329707078e-06,0.05606523955147802,2.579304556467246e-05,0.057084607543322896,2.255772795237289e-05,0.05810397553516822,6.679049015463452e-05,0.0,0.0,0.0,1.0,1.0
22,13:52:27,7,0.05300713557594294,85773.0,0.05351681957186538,0.05300713557594294,1.1475018132294036e-05,0.051987767584097844,1.4539926821475136e-05,0.050968399592252744,2.770677455019714e-06,0.04994903160040787,2.1675034249888734e-05,0.048929663608562546,7.600973549169127e-07,0.05402650356778782,3.628851887990422e-06,0.05504587155963292,9.317322415110542e-06,0.05606523955147802,2.5915641912239704e-05,0.057084607543322896,2.378369142804533e-05,0.05810397553516822,6.698664431074211e-05,0.0,0.0,0.0,0.0,1.0
22,13:52:30,7,0.05402650356778782,46530.0,0.05351681957186538,0.05300713557594294,1.1327902515213344e-05,0.051987767584097844,1.4539926821475136e-05,0.050968399592252744,2.770677455019714e-06,0.04994903160040787,2.057166712178354e-05,0.048929663608562546,7.600973549169127e-07,0.05402650356778782,2.9423123416138553e-06,0.05504587155963292,9.047610450462606e-06,0.05606523955147802,2.5891122642726256e-05,0.057084607543322896,2.402888412317982e-05,0.05810397553516822,6.747702970101109e-05,0.0,0.0,0.0,0.0,1.0
22,13:52:33,7,0.05300713557594294,213845.0,0.05351681957186538,0.05300713557594294,6.644722038144624e-06,0.051987767584097844,1.4588965360502033e-05,0.050968399592252744,3.26106284528869e-06,0.04994903160040787,2.032647442664905e-05,0.048929663608562546,7.600973549169127e-07,0.05402650356778782,2.8932738025869578e-06,0.05504587155963292,1.3461078962883389e-05,0.05606523955147802,2.581756483418591e-05,0.057084607543322896,2.402888412317982e-05,0.05810397553516822,6.786933801322627e-05,0.0,1.0,0.0,0.0,0.0
22,13:52:36,7,0.05300713557594294,414272.0,0.05249745158002028,0.051987767584097844,1.4588965360502033e-05,0.050968399592252744,3.26106284528869e-06,0.04994903160040787,2.032647442664905e-05,0.048929663608562546,7.600973549169127e-07,0.047910295616717447,8.998571911435708e-06,0.05300713557594294,7.600973549169127e-07,0.05402650356778782,1.9615415610759035e-06,0.05504587155963292,1.4025022161692712e-05,0.05606523955147802,2.581756483418591e-05,0.057084607543322896,2.4347634626854654e-05,1.0,2.0,0.0,1.0,1.0
22,13:52:39,7,0.05402650356778782,153986.0,0.05300713557594294,0.051987767584097844,1.4588965360502033e-05,0.050968399592252744,3.4081784623693824e-06,0.04994903160040787,2.032647442664905e-05,0.048929663608562546,7.600973549169127e-07,0.047910295616717447,8.998571911435708e-06,0.05402650356778782,3.4326977318828314e-07,0.05504587155963292,1.4613484630015482e-05,0.05606523955147802,2.7215163196452492e-05,0.057084607543322896,2.4347634626854654e-05,0.05810397553516822,6.786933801322627e-05,0.0,2.0,0.0,1.0,1.0
22,13:52:42,7,0.051987767584097844,22705.0,0.05249745158002028,0.051987767584097844,1.4074060700719609e-05,0.050968399592252744,3.4081784623693824e-06,0.04994903160040787,2.032647442664905e-05,0.048929663608562546,7.600973549169127e-07,0.047910295616717447,8.998571911435708e-06,0.05300713557594294,7.355780854034639e-08,0.05402650356778782,6.375010073496687e-07,0.05504587155963292,1.8046182361898314e-05,0.05606523955147802,2.7460355891586978e-05,0.057084607543322896,2.4347634626854654e-05,1.0,0.0,0.0,1.0,1.0
22,13:52:45,7,0.05402650356778782,209601.0,0.05300713557594294,0.051987767584097844,1.0690401507863675e-05,0.050968399592252744,3.4081784623693824e-06,0.04994903160040787,2.032647442664905e-05,0.048929663608562546,7.600973549169127e-07,0.047910295616717447,7.94424332235741e-06,0.05402650356778782,4.903853902689759e-08,0.05504587155963292,1.8977914603409367e-05,0.05606523955147802,2.7460355891586978e-05,0.057084607543322896,2.4347634626854654e-05,0.05810397553516822,6.786933801322627e-05,0.0,0.0,0.0,1.0,2.0
22,13:52:48,7,0.05402650356778782,1034.0,0.05300713557594294,0.051987767584097844,1.0935594202998162e-05,0.050968399592252744,3.4081784623693824e-06,0.04994903160040787,2.032647442664905e-05,0.048929663608562546,7.600973549169127e-07,0.047910295616717447,7.94424332235741e-06,0.05402650356778782,4.903853902689759e-08,0.05504587155963292,2.0081281731514565e-05,0.05606523955147802,2.7460355891586978e-05,0.057084607543322896,2.4347634626854654e-05,0.05810397553516822,6.786933801322627e-05,2.0,0.0,0.0,1.0,2.0
22,13:52:51,7,0.05402650356778782,43346.0,0.05249745158002028,0.051987767584097844,9.930304152946762e-06,0.050968399592252744,3.4081784623693824e-06,0.04994903160040787,2.032647442664905e-05,0.048929663608562546,7.600973549169127e-07,0.047910295616717447,7.94424332235741e-06,0.05300713557594294,7.355780854034638e-07,0.05402650356778782,7.600973549169127e-07,0.05504587155963292,2.0228397348595257e-05,0.05606523955147802,2.7460355891586978e-05,0.057084607543322896,2.4347634626854654e-05,2.0,0.0,0.0,0.0,2.0
22,13:52:54,7,0.051987767584097844,41293.0,0.05249745158002028,0.051987767584097844,9.488957301704683e-06,0.050968399592252744,3.6533711575038706e-06,0.04994903160040787,2.032647442664905e-05,0.048929663608562546,7.600973549169127e-07,0.047910295616717447,7.94424332235741e-06,0.05300713557594294,4.168275817286295e-07,0.05402650356778782,7.846166244303615e-07,0.05504587155963292,2.1478880093781144e-05,0.05606523955147802,2.7215163196452492e-05,0.057084607543322896,2.4592827321989143e-05,2.0,0.0,0.0,0.0,2.0
22,13:52:57,7,0.051987767584097844,76368.0,0.05249745158002028,0.051987767584097844,7.699050627222922e-06,0.050968399592252744,3.6533711575038706e-06,0.04994903160040787,2.032647442664905e-05,0.048929663608562546,7.600973549169127e-07,0.047910295616717447,7.94424332235741e-06,0.05300713557594294,7.110588158900151e-07,0.05402650356778782,1.7653874049683134e-06,0.05504587155963292,2.1307245207187005e-05,0.05606523955147802,2.7264201735479387e-05,0.057084607543322896,2.4519269513448797e-05,0.0,0.0,1.0,1.0,2.0
22,13:53:00,7,0.051987767584097844,103200.0,0.05249745158002028,0.051987767584097844,5.124527328310798e-06,0.050968399592252744,3.6533711575038706e-06,0.04994903160040787,2.0081281731514565e-05,0.048929663608562546,1.0052900500514005e-06,0.047910295616717447,7.94424332235741e-06,0.05300713557594294,7.110588158900151e-07,0.05402650356778782,2.8442352635600602e-06,0.05504587155963292,2.138080301572735e-05,0.05606523955147802,2.7264201735479387e-05,0.057084607543322896,2.4519269513448797e-05,0.0,0.0,1.0,0.0,2.0
22,13:53:03,7,0.051987767584097844,76437.0,0.05351681957186538,0.05300713557594294,1.2259634756724397e-06,0.051987767584097844,4.5115455904745785e-06,0.050968399592252744,3.6533711575038706e-06,0.04994903160040787,2.032647442664905e-05,0.048929663608562546,1.0052900500514005e-06,0.05402650356778782,3.334620653829036e-06,0.05504587155963292,2.1454360824267696e-05,0.05606523955147802,2.748487516110043e-05,0.057084607543322896,2.4519269513448797e-05,0.05810397553516822,6.867847390717008e-05,0.0,0.0,0.0,0.0,2.0
22,13:53:06,7,0.05300713557594294,34089.0,0.05351681957186538,0.05300713557594294,4.168275817286295e-07,0.051987767584097844,4.707699746582169e-06,0.050968399592252744,3.7514482355576657e-06,0.04994903160040787,2.057166712178354e-05,0.048929663608562546,1.0052900500514005e-06,0.05402650356778782,3.3836591928559337e-06,0.05504587155963292,2.1454360824267696e-05,0.05606523955147802,2.7730067856234917e-05,0.057084607543322896,2.4519269513448797e-05,0.05810397553516822,6.867847390717008e-05,0.0,0.0,0.0,0.0,2.0
22,13:53:09,7,0.05504587155963292,341127.0,0.05351681957186538,0.051987767584097844,4.094718008745949e-06,0.050968399592252744,3.7514482355576657e-06,0.04994903160040787,2.057166712178354e-05,0.048929663608562546,1.0052900500514005e-06,0.047910295616717447,7.94424332235741e-06,0.05504587155963292,2.032647442664905e-05,0.05606523955147802,2.7730067856234917e-05,0.057084607543322896,2.4788981478096733e-05,0.05810397553516822,6.867847390717008e-05,0.05912334352701332,4.639045791944512e-05,0.0,0.0,0.0,0.0,2.0
22,13:53:12,7,0.050968399592252744,180597.0,0.051478083588175405,0.050968399592252744,3.1875050367483435e-06,0.04994903160040787,2.0816859816918027e-05,0.048929663608562546,1.1524056671320934e-06,0.047910295616717447,7.94424332235741e-06,0.04689092762487257,2.1724072788915633e-05,0.051987767584097844,1.4711561708069277e-07,0.05300713557594294,4.903853902689759e-07,0.05402650356778782,4.4134685124207834e-07,0.05504587155963292,2.1062052512052516e-05,0.05606523955147802,2.7313240274506286e-05,1.0,1.0,2.0,2.0,2.0
22,13:53:15,7,0.051987767584097844,58879.0,0.051478083588175405,0.050968399592252744,3.1875050367483435e-06,0.04994903160040787,2.0694263469350783e-05,0.048929663608562546,1.1524056671320934e-06,0.047910295616717447,7.94424332235741e-06,0.04689092762487257,2.1724072788915633e-05,0.051987767584097844,2.2067342562103917e-07,0.05300713557594294,1.1278863976186446e-06,0.05402650356778782,4.903853902689759e-07,0.05504587155963292,2.1086571781565964e-05,0.05606523955147802,2.8122376168450097e-05,1.0,1.0,2.0,2.0,2.0
22,13:53:18,7,0.051987767584097844,19608.0,0.051478083588175405,0.050968399592252744,3.6778904270173194e-06,0.04994903160040787,2.0694263469350783e-05,0.048929663608562546,1.1524056671320934e-06,0.047910295616717447,7.94424332235741e-06,0.04689092762487257,2.6750523039172635e-05,0.051987767584097844,2.4519269513448794e-07,0.05300713557594294,1.3730790927531326e-06,0.05402650356778782,6.129817378362199e-07,0.05504587155963292,2.0718782738864234e-05,0.05606523955147802,2.8122376168450097e-05,1.0,1.0,2.0,2.0,2.0
22,13:53:21,7,0.050968399592252744,150526.0,0.051478083588175405,0.050968399592252744,9.807707805379519e-08,0.04994903160040787,2.0694263469350783e-05,0.048929663608562546,1.1524056671320934e-06,0.047910295616717447,7.94424332235741e-06,0.04689092762487257,2.6750523039172635e-05,0.051987767584097844,3.4326977318828314e-07,0.05300713557594294,1.3730790927531326e-06,0.05402650356778782,1.3485598232396838e-06,0.05504587155963292,2.0914936894971824e-05,0.05606523955147802,2.8367568863584583e-05,1.0,1.0,2.0,2.0,2.0
22,13:53:24,7,0.051987767584097844,3096.0,0.051478083588175405,0.050968399592252744,4.903853902689759e-07,0.04994903160040787,2.0694263469350783e-05,0.048929663608562546,1.1524056671320934e-06,0.047910295616717447,7.94424332235741e-06,0.04689092762487257,2.6750523039172635e-05,0.051987767584097844,2.6971196464793677e-07,0.05300713557594294,1.3730790927531326e-06,0.05402650356778782,1.3485598232396838e-06,0.05504587155963292,2.3097151881668767e-05,0.05606523955147802,2.861276155871907e-05,1.0,1.0,2.0,2.0,2.0
22,13:53:27,7,0.050968399592252744,43307.0,0.051478083588175405,0.050968399592252744,5.639431988093223e-07,0.04994903160040787,2.0694263469350783e-05,0.048929663608562546,1.7653874049683134e-06,0.047910295616717447,7.94424332235741e-06,0.04689092762487257,2.6750523039172635e-05,0.051987767584097844,1.324040553726235e-06,0.05300713557594294,1.3730790927531326e-06,0.05402650356778782,1.3485598232396838e-06,0.05504587155963292,2.2631285760913238e-05,0.05606523955147802,2.861276155871907e-05,1.0,2.0,2.0,2.0,2.0
22,13:53:30,7,0.051987767584097844,2064.0,0.051478083588175405,0.050968399592252744,2.770677455019714e-06,0.04994903160040787,2.0694263469350783e-05,0.048929663608562546,1.814425943995211e-06,0.047910295616717447,7.94424332235741e-06,0.04689092762487257,2.6750523039172635e-05,0.051987767584097844,1.3975983622665813e-06,0.05300713557594294,1.3730790927531326e-06,0.05402650356778782,1.3485598232396838e-06,0.05504587155963292,2.2631285760913238e-05,0.05606523955147802,2.861276155871907e-05,1.0,2.0,2.0,2.0,2.0
22,13:53:33,7,0.050968399592252744,105162.0,0.051478083588175405,0.050968399592252744,7.355780854034638e-07,0.04994903160040787,2.0694263469350783e-05,0.048929663608562546,1.814425943995211e-06,0.047910295616717447,7.94424332235741e-06,0.04689092762487257,2.6750523039172635e-05,0.051987767584097844,1.5201947098338254e-06,0.05300713557594294,1.3730790927531326e-06,0.05402650356778782,3.334620653829036e-06,0.05504587155963292,2.2680324299940136e-05,0.05606523955147802,2.861276155871907e-05,1.0,1.0,2.0,2.0,2.0
22,13:53:36,7,0.050968399592252744,57760.0,0.051478083588175405,0.050968399592252744,1.7163488659414157e-07,0.04994903160040787,2.0694263469350783e-05,0.048929663608562546,1.814425943995211e-06,0.047910295616717447,7.94424332235741e-06,0.04689092762487257,2.6750523039172635e-05,0.051987767584097844,1.078847858591747e-06,0.05300713557594294,1.3730790927531326e-06,0.05402650356778782,3.5798133489635243e-06,0.05504587155963292,2.2680324299940136e-05,0.05606523955147802,2.8367568863584583e-05,1.0,1.0,2.0,2.0,2.0
22,13:53:39,7,0.050968399592252744,15465.0,0.051478083588175405,0.050968399592252744,1.7163488659414157e-07,0.04994903160040787,2.0694263469350783e-05,0.048929663608562546,1.814425943995211e-06,0.047910295616717447,7.94424332235741e-06,0.04689092762487257,2.6750523039172635e-05,0.051987767584097844,1.078847858591747e-06,0.05300713557594294,1.3730790927531326e-06,0.05402650356778782,3.5798133489635243e-06,0.05504587155963292,2.2950036264588072e-05,0.05606523955147802,2.861276155871907e-05,1.0,1.0,2.0,2.0,2.0
22,13:53:42,7,0.051987767584097844,57792.0,0.051478083588175405,0.050968399592252744,1.7163488659414157e-07,0.04994903160040787,2.0694263469350783e-05,0.048929663608562546,1.814425943995211e-06,0.047910295616717447,7.846166244303614e-06,0.04689092762487257,2.773129381971059e-05,0.051987767584097844,4.903853902689759e-07,0.05300713557594294,1.3730790927531326e-06,0.05402650356778782,3.702409696530768e-06,0.05504587155963292,2.3219748229236008e-05,0.05606523955147802,2.8882473523367007e-05,2.0,2.0,2.0,2.0,2.0
22,13:53:45,7,0.050968399592252744,77325.0,0.051478083588175405,0.050968399592252744,9.072129719976055e-07,0.04994903160040787,2.0694263469350783e-05,0.048929663608562546,1.814425943995211e-06,0.047910295616717447,7.846166244303614e-06,0.04689092762487257,2.2704843569453583e-05,0.051987767584097844,4.903853902689759e-07,0.05300713557594294,9.56251511024503e-07,0.05402650356778782,3.702409696530768e-06,0.05504587155963292,2.3317825307289805e-05,0.05606523955147802,2.8882473523367007e-05,2.0,2.0,2.0,2.0,2.0
22,13:53:48,7,0.050968399592252744,20620.0,0.051478083588175405,0.050968399592252744,7.772608435763268e-06,0.04994903160040787,2.0694263469350783e-05,0.048929663608562546,1.814425943995211e-06,0.047910295616717447,7.846166244303614e-06,0.04689092762487257,2.2704843569453583e-05,0.051987767584097844,6.129817378362199e-07,0.05300713557594294,1.201444206158991e-06,0.05402650356778782,3.947602391665256e-06,0.05504587155963292,2.444571170490845e-05,0.05606523955147802,2.8882473523367007e-05,1.0,2.0,2.0,2.0,2.0
22,13:53:51,7,0.050968399592252744,47427.0,0.051478083588175405,0.050968399592252744,8.630782868733977e-06,0.04994903160040787,2.0694263469350783e-05,0.048929663608562546,1.814425943995211e-06,0.047910295616717447,7.846166244303614e-06,0.04689092762487257,2.2704843569453583e-05,0.051987767584097844,5.884624683227711e-07,0.05300713557594294,1.201444206158991e-06,0.05402650356778782,4.192795086799744e-06,0.05504587155963292,2.4936097095177425e-05,0.05606523955147802,2.8882473523367007e-05,1.0,2.0,1.0,2.0,2.0
22,13:53:54,7,0.050968399592252744,85681.0,0.051478083588175405,0.050968399592252744,8.581744329707078e-06,0.04994903160040787,2.0694263469350783e-05,0.048929663608562546,1.814425943995211e-06,0.047910295616717447,7.846166244303614e-06,0.04689092762487257,2.2704843569453583e-05,0.051987767584097844,2.4519269513448794e-07,0.05300713557594294,1.7163488659414157e-07,0.05402650356778782,4.192795086799744e-06,0.05504587155963292,2.4985135634204323e-05,0.05606523955147802,2.8882473523367007e-05,1.0,2.0,1.0,2.0,2.0
22,13:53:57,7,0.051987767584097844,63958.0,0.05249745158002028,0.051987767584097844,6.129817378362199e-07,0.050968399592252744,9.513476571218132e-06,0.04994903160040787,2.3317825307289805e-05,0.048929663608562546,1.814425943995211e-06,0.047910295616717447,7.846166244303614e-06,0.05300713557594294,1.3975983622665813e-06,0.05402650356778782,4.339910703880437e-06,0.05504587155963292,2.5107731981771567e-05,0.05606523955147802,2.8882473523367007e-05,0.057084607543322896,2.4887058556150526e-05,2.0,1.0,1.0,2.0,2.0
22,13:54:00,7,0.051987767584097844,4128.0,0.05249745158002028,0.051987767584097844,7.110588158900151e-07,0.050968399592252744,9.611553649271928e-06,0.04994903160040787,2.3906287775612575e-05,0.048929663608562546,1.6918295964279668e-06,0.047910295616717447,7.846166244303614e-06,0.05300713557594294,1.4221176317800301e-06,0.05402650356778782,4.339910703880437e-06,0.05504587155963292,2.5107731981771567e-05,0.05606523955147802,2.8882473523367007e-05,0.057084607543322896,2.481350074761018e-05,2.0,1.0,0.0,2.0,2.0
22,13:54:03,7,0.050968399592252744,93860.0,0.051478083588175405,0.050968399592252744,8.802417755328118e-06,0.04994903160040787,2.3906287775612575e-05,0.048929663608562546,1.7899066744817621e-06,0.047910295616717447,8.091358939438103e-06,0.04689092762487257,2.2704843569453583e-05,0.051987767584097844,4.903853902689759e-08,0.05300713557594294,1.4221176317800301e-06,0.05402650356778782,4.339910703880437e-06,0.05504587155963292,2.5107731981771567e-05,0.05606523955147802,2.8956031331907357e-05,2.0,2.0,2.0,2.0,2.0
22,13:54:06,7,0.050968399592252744,66101.0,0.051478083588175405,0.050968399592252744,1.0052900500514006e-05,0.04994903160040787,2.3906287775612575e-05,0.048929663608562546,1.8634644830221085e-06,0.047910295616717447,8.091358939438103e-06,0.04689092762487257,2.2704843569453583e-05,0.051987767584097844,1.1769249366455422e-06,0.05300713557594294,2.4519269513448796e-08,0.05402650356778782,4.339910703880437e-06,0.05504587155963292,2.5107731981771567e-05,0.05606523955147802,2.8956031331907357e-05,2.0,2.0,2.0,2.0,2.0
22,13:54:09,7,0.051987767584097844,31988.0,0.051478083588175405,0.050968399592252744,9.954823422460211e-06,0.04994903160040787,2.3906287775612575e-05,0.048929663608562546,1.8634644830221085e-06,0.047910295616717447,8.336551634572591e-06,0.04689092762487257,2.2704843569453583e-05,0.051987767584097844,1.1524056671320934e-06,0.05300713557594294,2.4519269513448796e-08,0.05402650356778782,7.257703775980844e-06,0.05504587155963292,2.5426482485446402e-05,0.05606523955147802,2.8906992792880458e-05,2.0,2.0,2.0,2.0,2.0
22,13:54:12,7,0.05300713557594294,55735.0,0.05351681957186538,0.05300713557594294,5.4187585624721835e-06,0.051987767584097844,2.4519269513448794e-07,0.050968399592252744,9.954823422460211e-06,0.04994903160040787,2.3906287775612575e-05,0.048929663608562546,1.8634644830221085e-06,0.05402650356778782,8.115878208951552e-06,0.05504587155963292,2.5426482485446402e-05,0.05606523955147802,2.8906992792880458e-05,0.057084607543322896,2.481350074761018e-05,0.05810397553516822,7.105684304997462e-05,0.0,0.0,2.0,2.0,2.0
22,13:54:15,7,0.05300713557594294,89871.0,0.05351681957186538,0.05300713557594294,3.2855821148021386e-06,0.051987767584097844,2.4519269513448794e-07,0.050968399592252744,9.954823422460211e-06,0.04994903160040787,2.3906287775612575e-05,0.048929663608562546,3.138466497721446e-06,0.05402650356778782,8.213955287005347e-06,0.05504587155963292,2.5794271528148135e-05,0.05606523955147802,2.8906992792880458e-05,0.057084607543322896,2.481350074761018e-05,0.05810397553516822,7.105684304997462e-05,0.0,0.0,1.0,2.0,2.0
22,13:54:18,7,0.05300713557594294,28924.0,0.05351681957186538,0.05300713557594294,2.64808110745247e-06,0.051987767584097844,2.4519269513448794e-07,0.050968399592252744,9.954823422460211e-06,0.04994903160040787,2.3906287775612575e-05,0.048929663608562546,3.138466497721446e-06,0.05402650356778782,8.581744329707078e-06,0.05504587155963292,2.7044754273334022e-05,0.05606523955147802,2.8906992792880458e-05,0.057084607543322896,2.481350074761018e-05,0.05810397553516822,7.154722844024358e-05,0.0,0.0,1.0,2.0,2.0
22,13:54:21,7,0.05300713557594294,80596.0,0.05351681957186538,0.05300713557594294,2.8197159940466115e-06,0.051987767584097844,4.462507051447681e-06,0.050968399592252744,9.954823422460211e-06,0.04994903160040787,2.3906287775612575e-05,0.048929663608562546,3.138466497721446e-06,0.05402650356778782,8.655302138247424e-06,0.05504587155963292,2.7044754273334022e-05,0.05606523955147802,2.90786276794746e-05,0.057084607543322896,2.481350074761018e-05,0.05810397553516822,7.169434405732428e-05,0.0,0.0,0.0,2.0,2.0
22,13:54:24,7,0.05300713557594294,112606.0,0.05351681957186538,0.05300713557594294,3.677890427017319e-07,0.051987767584097844,5.933663222254608e-06,0.050968399592252744,9.954823422460211e-06,0.04994903160040787,2.3906287775612575e-05,0.048929663608562546,3.138466497721446e-06,0.05402650356778782,1.3338482615316144e-05,0.05504587155963292,2.6162060570849864e-05,0.05606523955147802,2.90786276794746e-05,0.057084607543322896,2.481350074761018e-05,0.05810397553516822,7.169434405732428e-05,0.0,0.0,1.0,2.0,2.0
22,13:54:27,7,0.05300713557594294,16528.0,0.05249745158002028,0.051987767584097844,5.933663222254608e-06,0.050968399592252744,9.954823422460211e-06,0.04994903160040787,2.3906287775612575e-05,0.048929663608562546,3.138466497721446e-06,0.047910295616717447,8.336551634572591e-06,0.05300713557594294,9.513476571218132e-06,0.05402650356778782,1.3583675310450633e-05,0.05504587155963292,2.567167518058089e-05,0.05606523955147802,2.90786276794746e-05,0.057084607543322896,2.481350074761018e-05,1.0,0.0,2.0,2.0,2.0
22,13:54:30,7,0.05300713557594294,96069.0,0.05249745158002028,0.051987767584097844,5.933663222254608e-06,0.050968399592252744,9.954823422460211e-06,0.04994903160040787,2.3906287775612575e-05,0.048929663608562546,3.138466497721446e-06,0.047910295616717447,8.336551634572591e-06,0.05300713557594294,9.243764606570196e-06,0.05402650356778782,1.3583675310450633e-05,0.05504587155963292,2.567167518058089e-05,0.05606523955147802,3.344305765286849e-05,0.057084607543322896,2.481350074761018e-05,1.0,0.0,2.0,2.0,2.0
22,13:54:33,7,0.05300713557594294,75409.0,0.05249745158002028,0.051987767584097844,5.933663222254608e-06,0.050968399592252744,1.0077419770027456e-05,0.04994903160040787,2.3906287775612575e-05,0.048929663608562546,3.138466497721446e-06,0.047910295616717447,8.336551634572591e-06,0.05300713557594294,8.508186521166732e-06,0.05402650356778782,1.4147618509259954e-05,0.05504587155963292,2.567167518058089e-05,0.05606523955147802,3.344305765286849e-05,0.057084607543322896,2.4788981478096733e-05,1.0,1.0,1.0,2.0,2.0
22,13:54:36,7,0.051987767584097844,42332.0,0.05249745158002028,0.051987767584097844,6.0562595698218525e-06,0.050968399592252744,1.0077419770027456e-05,0.04994903160040787,2.3906287775612575e-05,0.048929663608562546,3.138466497721446e-06,0.047910295616717447,8.336551634572591e-06,0.05300713557594294,8.042320400411204e-06,0.05402650356778782,1.4319253395854097e-05,0.05504587155963292,2.567167518058089e-05,0.05606523955147802,3.344305765286849e-05,0.057084607543322896,2.4911577825663977e-05,0.0,1.0,1.0,2.0,2.0
22,13:54:39,7,0.05300713557594294,112490.0,0.05249745158002028,0.051987767584097844,3.432697731882831e-06,0.050968399592252744,1.0077419770027456e-05,0.04994903160040787,2.3906287775612575e-05,0.048929663608562546,3.138466497721446e-06,0.047910295616717447,8.336551634572591e-06,0.05300713557594294,1.0763959316404021e-05,0.05402650356778782,1.4221176317800302e-05,0.05504587155963292,2.603946422328262e-05,0.05606523955147802,3.3688250348002975e-05,0.057084607543322896,2.564715591106744e-05,0.0,1.0,1.0,2.0,2.0
22,13:54:42,7,0.05300713557594294,11362.0,0.05249745158002028,0.051987767584097844,3.4081784623693824e-06,0.050968399592252744,1.0101939039540905e-05,0.04994903160040787,2.3906287775612575e-05,0.048929663608562546,3.138466497721446e-06,0.047910295616717447,8.532705790680182e-06,0.05300713557594294,1.0518766621269533e-05,0.05402650356778782,1.4588965360502033e-05,0.05504587155963292,2.603946422328262e-05,0.05606523955147802,3.3688250348002975e-05,0.057084607543322896,2.564715591106744e-05,0.0,2.0,1.0,2.0,2.0
22,13:54:45,7,0.05300713557594294,178589.0,0.05249745158002028,0.051987767584097844,7.110588158900151e-07,0.050968399592252744,1.0347131734675392e-05,0.04994903160040787,2.3906287775612575e-05,0.048929663608562546,3.138466497721446e-06,0.047910295616717447,8.532705790680182e-06,0.05300713557594294,9.537995840731582e-06,0.05402650356778782,1.4588965360502033e-05,0.05504587155963292,2.6750523039172635e-05,0.05606523955147802,3.3688250348002975e-05,0.057084607543322896,2.564715591106744e-05,0.0,2.0,2.0,2.0,2.0
22,13:54:48,7,0.051987767584097844,13416.0,0.05249745158002028,0.051987767584097844,3.9230831221518074e-07,0.050968399592252744,1.0347131734675392e-05,0.04994903160040787,2.3906287775612575e-05,0.048929663608562546,3.138466497721446e-06,0.047910295616717447,7.94424332235741e-06,0.05300713557594294,9.954823422460211e-06,0.05402650356778782,1.4588965360502033e-05,0.05504587155963292,2.6627926691605394e-05,0.05606523955147802,3.3688250348002975e-05,0.057084607543322896,2.5500040293986748e-05,1.0,2.0,2.0,2.0,2.0
22,13:54:51,7,0.050968399592252744,24768.0,0.051478083588175405,0.050968399592252744,1.0249054656621597e-05,0.04994903160040787,2.3906287775612575e-05,0.048929663608562546,3.138466497721446e-06,0.047910295616717447,7.94424332235741e-06,0.04689092762487257,2.285195918653428e-05,0.051987767584097844,3.677890427017319e-07,0.05300713557594294,9.97934269197366e-06,0.05402650356778782,1.4588965360502033e-05,0.05504587155963292,2.6627926691605394e-05,0.05606523955147802,3.373728888702987e-05,2.0,2.0,2.0,2.0,2.0
22,13:54:54,7,0.050968399592252744,24751.0,0.051478083588175405,0.050968399592252744,9.856746344406416e-06,0.04994903160040787,2.3906287775612575e-05,0.048929663608562546,3.138466497721446e-06,0.047910295616717447,7.94424332235741e-06,0.04689092762487257,2.285195918653428e-05,0.051987767584097844,1.9615415610759037e-07,0.05300713557594294,9.807707805379518e-06,0.05402650356778782,1.4809638786123073e-05,0.05504587155963292,2.645629180501125e-05,0.05606523955147802,2.9372858913635984e-05,2.0,2.0,2.0,2.0,2.0
22,13:54:57,7,0.05300713557594294,483349.0,0.051987767584097844,0.050968399592252744,9.758669266352621e-06,0.04994903160040787,2.3906287775612575e-05,0.048929663608562546,3.138466497721446e-06,0.047910295616717447,7.94424332235741e-06,0.04689092762487257,2.285195918653428e-05,0.05300713557594294,7.355780854034639e-08,0.05402650356778782,1.4662523169042379e-05,0.05504587155963292,2.6971196464793676e-05,0.05606523955147802,2.949545526120323e-05,0.057084607543322896,2.5818790797661582e-05,2.0,2.0,2.0,2.0,2.0
22,13:55:00,7,0.051987767584097844,11352.0,0.051478083588175405,0.050968399592252744,9.758669266352621e-06,0.04994903160040787,2.3906287775612575e-05,0.048929663608562546,3.138466497721446e-06,0.047910295616717447,7.94424332235741e-06,0.04689092762487257,2.285195918653428e-05,0.051987767584097844,1.4711561708069277e-07,0.05300713557594294,7.355780854034639e-08,0.05402650356778782,1.4907715864176868e-05,0.05504587155963292,2.6971196464793676e-05,0.05606523955147802,2.9519974530716676e-05,2.0,2.0,2.0,2.0,2.0
22,13:55:03,7,0.051987767584097844,45375.0,0.05249745158002028,0.051987767584097844,1.4711561708069277e-07,0.050968399592252744,8.949533372408811e-06,0.04994903160040787,2.3906287775612575e-05,0.048929663608562546,3.138466497721446e-06,0.047910295616717447,7.94424332235741e-06,0.05300713557594294,2.378369142804533e-06,0.05402650356778782,1.3191366998235453e-05,0.05504587155963292,2.6971196464793676e-05,0.05606523955147802,2.9519974530716676e-05,0.057084607543322896,2.608850276230952e-05,2.0,1.0,2.0,2.0,2.0
22,13:55:06,7,0.050968399592252744,19595.0,0.05249745158002028,0.051987767584097844,4.903853902689759e-07,0.050968399592252744,8.630782868733977e-06,0.04994903160040787,2.3906287775612575e-05,0.048929663608562546,8.826937024841567e-06,0.047910295616717447,7.94424332235741e-06,0.05300713557594294,2.378369142804533e-06,0.05402650356778782,1.3755310197044774e-05,0.05504587155963292,2.6971196464793676e-05,0.05606523955147802,2.9519974530716676e-05,0.057084607543322896,2.363657581096464e-05,1.0,2.0,2.0,2.0,2.0
22,13:55:09,7,0.050968399592252744,724409.0,0.05249745158002028,0.050968399592252744,6.473087151550482e-06,0.04994903160040787,2.3906287775612575e-05,0.048929663608562546,8.826937024841567e-06,0.047910295616717447,7.94424332235741e-06,0.04689092762487257,2.285195918653428e-05,0.05402650356778782,2.402888412317982e-06,0.05504587155963292,2.7020235003820574e-05,0.05606523955147802,2.9519974530716676e-05,0.057084607543322896,2.363657581096464e-05,0.05810397553516822,7.279771118542948e-05,2.0,1.0,2.0,2.0,1.0
22,13:55:12,7,0.05402650356778782,133386.0,0.05453618756371026,0.05402650356778782,2.500965490371777e-06,0.051987767584097844,3.6778904270173194e-06,0.050968399592252744,7.94424332235741e-06,0.04994903160040787,2.4323115357341207e-05,0.048929663608562546,8.826937024841567e-06,0.05504587155963292,2.7020235003820574e-05,0.05606523955147802,2.9519974530716676e-05,0.057084607543322896,2.363657581096464e-05,0.05810397553516822,7.279771118542948e-05,0.05912334352701332,4.695440111825444e-05,0.0,0.0,2.0,1.0,0.0
22,13:55:15,7,0.051987767584097844,115788.0,0.05351681957186538,0.051987767584097844,3.702409696530768e-06,0.050968399592252744,8.189436017491898e-06,0.04994903160040787,2.402888412317982e-05,0.048929663608562546,8.826937024841567e-06,0.047910295616717447,7.94424332235741e-06,0.05504587155963292,2.7363504777008856e-05,0.05606523955147802,2.9519974530716676e-05,0.057084607543322896,2.363657581096464e-05,0.05810397553516822,7.284674972445637e-05,0.05912334352701332,4.695440111825444e-05,1.0,2.0,2.0,2.0,0.0
22,13:55:18,7,0.05402650356778782,5170.0,0.05300713557594294,0.051987767584097844,3.702409696530768e-06,0.050968399592252744,8.189436017491898e-06,0.04994903160040787,2.4274076818314308e-05,0.048929663608562546,8.826937024841567e-06,0.047910295616717447,8.140397478465e-06,0.05402650356778782,1.8879837525355572e-06,0.05504587155963292,2.7755813089224037e-05,0.05606523955147802,2.9519974530716676e-05,0.057084607543322896,2.363657581096464e-05,0.05810397553516822,7.284674972445637e-05,0.0,2.0,2.0,2.0,1.0
22,13:55:21,7,0.051987767584097844,8256.0,0.05249745158002028,0.051987767584097844,3.5798133489635243e-06,0.050968399592252744,8.189436017491898e-06,0.04994903160040787,2.4347634626854654e-05,0.048929663608562546,8.826937024841567e-06,0.047910295616717447,8.140397478465e-06,0.05300713557594294,3.9230831221518074e-07,0.05402650356778782,7.282223045494292e-06,0.05504587155963292,2.787840943679128e-05,0.05606523955147802,2.9519974530716676e-05,0.057084607543322896,2.363657581096464e-05,2.0,2.0,2.0,2.0,1.0
22,13:55:24,7,0.05300713557594294,21693.0,0.05351681957186538,0.05300713557594294,1.8634644830221085e-06,0.051987767584097844,3.825006044098012e-06,0.050968399592252744,8.189436017491898e-06,0.04994903160040787,2.4347634626854654e-05,0.048929663608562546,8.826937024841567e-06,0.05402650356778782,8.017801130897757e-06,0.05504587155963292,2.851591044414095e-05,0.05606523955147802,2.9519974530716676e-05,0.057084607543322896,2.3538498732910843e-05,0.05810397553516822,7.284674972445637e-05,0.0,2.0,2.0,2.0,2.0
22,13:55:27,7,0.05402650356778782,77505.0,0.05351681957186538,0.05300713557594294,7.600973549169127e-07,0.051987767584097844,3.825006044098012e-06,0.050968399592252744,8.189436017491898e-06,0.04994903160040787,2.4347634626854654e-05,0.048929663608562546,8.826937024841567e-06,0.05402650356778782,7.4293386625749855e-06,0.05504587155963292,2.8442352635600604e-05,0.05606523955147802,2.9519974530716676e-05,0.057084607543322896,2.3342344576803252e-05,0.05810397553516822,7.284674972445637e-05,0.0,2.0,2.0,2.0,1.0
22,13:55:30,7,0.05300713557594294,38221.0,0.05351681957186538,0.05300713557594294,9.807707805379519e-08,0.051987767584097844,3.825006044098012e-06,0.050968399592252744,8.189436017491898e-06,0.04994903160040787,2.4347634626854654e-05,0.048929663608562546,8.851456294355016e-06,0.05402650356778782,7.478377201601883e-06,0.05504587155963292,2.8981776564896476e-05,0.05606523955147802,2.9519974530716676e-05,0.057084607543322896,2.4077922662206718e-05,0.05810397553516822,7.296934607202362e-05,2.0,2.0,2.0,2.0,1.0
22,13:55:33,7,0.051987767584097844,36124.0,0.05249745158002028,0.051987767584097844,3.3101013843155873e-06,0.050968399592252744,8.679821407760873e-06,0.04994903160040787,2.4347634626854654e-05,0.048929663608562546,8.851456294355016e-06,0.047910295616717447,8.140397478465e-06,0.05300713557594294,1.9615415610759037e-07,0.05402650356778782,7.478377201601883e-06,0.05504587155963292,2.9202449990517517e-05,0.05606523955147802,2.9519974530716676e-05,0.057084607543322896,2.4077922662206718e-05,2.0,2.0,2.0,2.0,2.0
22,13:55:36,7,0.05402650356778782,73350.0,0.05300713557594294,0.051987767584097844,2.966831611127304e-06,0.050968399592252744,8.679821407760873e-06,0.04994903160040787,2.4347634626854654e-05,0.048929663608562546,8.851456294355016e-06,0.047910295616717447,8.140397478465e-06,0.05402650356778782,6.987991811332907e-06,0.05504587155963292,2.9202449990517517e-05,0.05606523955147802,2.9519974530716676e-05,0.057084607543322896,2.4077922662206718e-05,0.05810397553516822,7.296934607202362e-05,2.0,2.0,2.0,2.0,2.0
22,13:55:39,7,0.051987767584097844,43344.0,0.05249745158002028,0.051987767584097844,1.9370222915624548e-06,0.050968399592252744,8.679821407760873e-06,0.04994903160040787,2.4960616364690876e-05,0.048929663608562546,8.851456294355016e-06,0.047910295616717447,8.140397478465e-06,0.05300713557594294,2.0596186391296986e-06,0.05402650356778782,6.987991811332907e-06,0.05504587155963292,3.082072177840514e-05,0.05606523955147802,2.9519974530716676e-05,0.057084607543322896,2.4077922662206718e-05,2.0,2.0,2.0,2.0,2.0
22,13:55:42,7,0.05300713557594294,60947.0,0.05249745158002028,0.051987767584097844,1.9370222915624548e-06,0.050968399592252744,8.679821407760873e-06,0.04994903160040787,2.8638506791708194e-05,0.048929663608562546,8.606263599220527e-06,0.047910295616717447,8.140397478465e-06,0.05300713557594294,6.129817378362199e-07,0.05402650356778782,7.404819393061536e-06,0.05504587155963292,3.0501971274730303e-05,0.05606523955147802,2.983872503439151e-05,0.057084607543322896,2.4077922662206718e-05,2.0,2.0,2.0,2.0,2.0
22,13:55:45,7,0.05402650356778782,400075.0,0.05453618756371026,0.05402650356778782,3.05510098137572e-05,0.051987767584097844,1.2259634756724397e-06,0.050968399592252744,8.679821407760873e-06,0.04994903160040787,2.8638506791708194e-05,0.048929663608562546,8.606263599220527e-06,0.05504587155963292,3.307649457364242e-05,0.05606523955147802,2.983872503439151e-05,0.057084607543322896,2.4077922662206718e-05,0.05810397553516822,7.296934607202362e-05,0.05912334352701332,4.695440111825444e-05,1.0,1.0,1.0,1.0,1.0
22,13:55:48,7,0.05402650356778782,19646.0,0.05453618756371026,0.05402650356778782,3.008514369300167e-05,0.051987767584097844,1.2259634756724397e-06,0.050968399592252744,8.679821407760873e-06,0.04994903160040787,2.8638506791708194e-05,0.048929663608562546,8.606263599220527e-06,0.05504587155963292,3.307649457364242e-05,0.05606523955147802,2.983872503439151e-05,0.057084607543322896,2.4077922662206718e-05,0.05810397553516822,7.296934607202362e-05,0.05912334352701332,4.695440111825444e-05,1.0,1.0,1.0,1.0,1.0
22,13:55:51,7,0.05402650356778782,38258.0,0.05453618756371026,0.05402650356778782,2.9177930721004066e-05,0.05300713557594294,7.355780854034638e-07,0.051987767584097844,1.912503022049006e-06,0.050968399592252744,8.679821407760873e-06,0.04994903160040787,3.0403894196676506e-05,0.05504587155963292,3.307649457364242e-05,0.05606523955147802,2.983872503439151e-05,0.057084607543322896,2.4077922662206718e-05,0.05810397553516822,7.296934607202362e-05,0.05912334352701332,4.7616421395117564e-05,2.0,1.0,1.0,1.0,0.0
22,13:55:54,7,0.05402650356778782,100318.0,0.05453618756371026,0.05402650356778782,2.728994696846851e-05,0.05300713557594294,7.355780854034638e-07,0.051987767584097844,2.402888412317982e-06,0.050968399592252744,8.679821407760873e-06,0.04994903160040787,3.0403894196676506e-05,0.05504587155963292,3.295389822607518e-05,0.05606523955147802,2.991228284293186e-05,0.057084607543322896,2.4077922662206718e-05,0.05810397553516822,7.296934607202362e-05,0.05912334352701332,4.7616421395117564e-05,2.0,1.0,1.0,1.0,2.0
22,13:55:57,7,0.05402650356778782,105468.0,0.05453618756371026,0.05402650356778782,2.4936097095177425e-05,0.05300713557594294,7.355780854034638e-07,0.051987767584097844,2.157695717183494e-06,0.050968399592252744,8.925014102895362e-06,0.04994903160040787,3.0403894196676506e-05,0.05504587155963292,3.310101384315588e-05,0.05606523955147802,2.991228284293186e-05,0.057084607543322896,2.4077922662206718e-05,0.05810397553516822,7.296934607202362e-05,0.05912334352701332,4.7616421395117564e-05,2.0,1.0,2.0,0.0,1.0
22,13:56:00,7,0.05402650356778782,0.0,0.05453618756371026,0.05402650356778782,2.4936097095177425e-05,0.05300713557594294,9.807707805379518e-07,0.051987767584097844,2.157695717183494e-06,0.050968399592252744,9.170206798029849e-06,0.04994903160040787,3.0403894196676506e-05,0.05504587155963292,3.3346206538290365e-05,0.05606523955147802,2.9740647956337717e-05,0.057084607543322896,2.4077922662206718e-05,0.05810397553516822,7.336165438423879e-05,0.05912334352701332,4.7616421395117564e-05,1.0,1.0,2.0,0.0,0.0
22,13:56:03,7,0.05504587155963292,1231581.0,0.05453618756371026,0.05402650356778782,2.3538498732910843e-05,0.05300713557594294,9.807707805379518e-07,0.051987767584097844,2.8197159940466115e-06,0.050968399592252744,9.170206798029849e-06,0.04994903160040787,3.0403894196676506e-05,0.05504587155963292,5.860105413714262e-06,0.05606523955147802,2.9740647956337717e-05,0.057084607543322896,2.4077922662206718e-05,0.05810397553516822,7.336165438423879e-05,0.05912334352701332,4.7616421395117564e-05,1.0,1.0,2.0,0.0,0.0
22,13:56:06,7,0.05504587155963292,280453.0,0.05555555555555558,0.05504587155963292,3.1875050367483435e-06,0.05402650356778782,2.299907480361497e-05,0.05300713557594294,9.807707805379518e-07,0.051987767584097844,2.746158185506265e-06,0.050968399592252744,9.170206798029849e-06,0.05606523955147802,3.047622604174118e-05,0.057084607543322896,2.5303886137879158e-05,0.05810397553516822,7.336165438423879e-05,0.05912334352701332,4.7616421395117564e-05,0.060142711518858194,6.0954904010433703e-05,0.0,0.0,0.0,0.0,0.0
22,13:56:09,7,0.05504587155963292,95220.0,0.05555555555555558,0.05504587155963292,1.1769249366455422e-06,0.05402650356778782,2.299907480361497e-05,0.05300713557594294,1.0298093195648493e-06,0.051987767584097844,2.746158185506265e-06,0.050968399592252744,9.170206798029849e-06,0.05606523955147802,3.11382463186043e-05,0.057084607543322896,2.5303886137879158e-05,0.05810397553516822,7.336165438423879e-05,0.05912334352701332,4.7616421395117564e-05,0.060142711518858194,6.0954904010433703e-05,0.0,0.0,0.0,0.0,0.0
22,13:56:12,7,0.05504587155963292,268304.0,0.05555555555555558,0.05504587155963292,5.10000805879735e-06,0.05402650356778782,2.285195918653428e-05,0.05300713557594294,1.0298093195648493e-06,0.051987767584097844,2.746158185506265e-06,0.050968399592252744,9.415399493164337e-06,0.05606523955147802,2.515554455732279e-05,0.057084607543322896,2.5303886137879158e-05,0.05810397553516822,7.336165438423879e-05,0.05912334352701332,4.7616421395117564e-05,0.060142711518858194,6.0856826932379913e-05,0.0,0.0,0.0,0.0,0.0
22,13:56:15,7,0.05504587155963292,235980.0,0.05453618756371026,0.05402650356778782,2.285195918653428e-05,0.05300713557594294,1.0298093195648493e-06,0.051987767584097844,2.7216389159928164e-06,0.050968399592252744,9.660592188298826e-06,0.04994903160040787,3.0403894196676506e-05,0.05504587155963292,6.644722038144624e-06,0.05606523955147802,2.515554455732279e-05,0.057084607543322896,2.4936097095177425e-05,0.05810397553516822,7.336165438423879e-05,0.05912334352701332,4.7616421395117564e-05,1.0,1.0,1.0,0.0,0.0
22,13:56:18,7,0.05504587155963292,32085.0,0.05453618756371026,0.05402650356778782,2.285195918653428e-05,0.05300713557594294,1.0298093195648493e-06,0.051987767584097844,2.7216389159928164e-06,0.050968399592252744,9.660592188298826e-06,0.04994903160040787,3.0403894196676506e-05,0.05504587155963292,6.448567882037034e-06,0.05606523955147802,2.540073725245728e-05,0.057084607543322896,2.4936097095177425e-05,0.05810397553516822,7.336165438423879e-05,0.05912334352701332,5.0043829076948996e-05,1.0,1.0,1.0,0.0,0.0
22,13:56:21,7,0.05504587155963292,72450.0,0.05453618756371026,0.05402650356778782,2.285195918653428e-05,0.05300713557594294,1.2750020146993375e-06,0.051987767584097844,2.7216389159928164e-06,0.050968399592252744,1.53245434459055e-05,0.04994903160040787,3.0403894196676506e-05,0.05504587155963292,7.380300123548088e-06,0.05606523955147802,2.540073725245728e-05,0.057084607543322896,2.466638513052949e-05,0.05810397553516822,7.336165438423879e-05,0.05912334352701332,5.0043829076948996e-05,1.0,1.0,1.0,0.0,0.0
22,13:56:24,7,0.05402650356778782,29990.0,0.05453618756371026,0.05402650356778782,3.359139923342485e-05,0.05300713557594294,1.2750020146993375e-06,0.051987767584097844,2.7216389159928164e-06,0.050968399592252744,2.3906287775612575e-05,0.04994903160040787,3.05510098137572e-05,0.05504587155963292,7.551935010142229e-06,0.05606523955147802,2.540073725245728e-05,0.057084607543322896,2.466638513052949e-05,0.05810397553516822,7.336165438423879e-05,0.05912334352701332,5.0043829076948996e-05,1.0,1.0,1.0,1.0,0.0
22,13:56:27,7,0.05504587155963292,105503.0,0.05453618756371026,0.05402650356778782,3.194860817602378e-05,0.05300713557594294,1.2750020146993375e-06,0.051987767584097844,2.7216389159928164e-06,0.050968399592252744,2.3906287775612575e-05,0.04994903160040787,3.05510098137572e-05,0.05504587155963292,7.257703775980844e-06,0.05606523955147802,2.5106506018295895e-05,0.057084607543322896,2.4911577825663977e-05,0.05810397553516822,7.336165438423879e-05,0.05912334352701332,5.0043829076948996e-05,1.0,2.0,1.0,1.0,0.0
22,13:56:30,7,0.05504587155963292,104438.0,0.05453618756371026,0.05402650356778782,2.9913508806407532e-05,0.05300713557594294,1.2259634756724397e-06,0.051987767584097844,2.7216389159928164e-06,0.050968399592252744,2.3906287775612575e-05,0.04994903160040787,2.687311938673988e-05,0.05504587155963292,8.017801130897757e-06,0.05606523955147802,2.503294820975555e-05,0.057084607543322896,2.4911577825663977e-05,0.05810397553516822,7.336165438423879e-05,0.05912334352701332,5.0043829076948996e-05,1.0,2.0,1.0,1.0,0.0
22,13:56:33,7,0.05504587155963292,348744.0,0.05453618756371026,0.05402650356778782,2.9079853642950273e-05,0.05300713557594294,1.2259634756724397e-06,0.051987767584097844,2.7216389159928164e-06,0.050968399592252744,2.3906287775612575e-05,0.04994903160040787,2.6627926691605394e-05,0.05504587155963292,1.5201947098338254e-06,0.05606523955147802,2.503294820975555e-05,0.057084607543322896,2.4911577825663977e-05,0.05810397553516822,7.336165438423879e-05,0.05912334352701332,5.0043829076948996e-05,1.0,2.0,1.0,0.0,0.0
22,13:56:36,7,0.05504587155963292,46558.0,0.05453618756371026,0.05402650356778782,2.9055334373436822e-05,0.05300713557594294,1.2259634756724397e-06,0.051987767584097844,2.7216389159928164e-06,0.050968399592252744,2.4102441931720166e-05,0.04994903160040787,2.6627926691605394e-05,0.05504587155963292,1.0543285890782983e-06,0.05606523955147802,2.515554455732279e-05,0.057084607543322896,2.4911577825663977e-05,0.05810397553516822,7.336165438423879e-05,0.05912334352701332,5.0043829076948996e-05,1.0,1.0,1.0,1.0,0.0
22,13:56:39,7,0.05402650356778782,75517.0,0.05453618756371026,0.05402650356778782,2.812360213192577e-05,0.05300713557594294,1.2259634756724397e-06,0.051987767584097844,2.476446220858328e-06,0.050968399592252744,2.4102441931720166e-05,0.04994903160040787,2.6627926691605394e-05,0.05504587155963292,1.4711561708069277e-06,0.05606523955147802,2.515554455732279e-05,0.057084607543322896,2.4911577825663977e-05,0.05810397553516822,7.336165438423879e-05,0.05912334352701332,5.0043829076948996e-05,1.0,1.0,1.0,1.0,0.0
22,13:56:42,7,0.05504587155963292,92078.0,0.05453618756371026,0.05402650356778782,2.7240908429441612e-05,0.05300713557594294,1.2259634756724397e-06,0.051987767584097844,2.476446220858328e-06,0.050968399592252744,2.4102441931720166e-05,0.04994903160040787,2.6627926691605394e-05,0.05504587155963292,5.884624683227711e-07,0.05606523955147802,2.5302660174403486e-05,0.057084607543322896,2.5083212712258117e-05,0.05810397553516822,7.336165438423879e-05,0.05912334352701332,4.979863638181451e-05,2.0,1.0,1.0,1.0,2.0
22,13:56:45,7,0.05504587155963292,148906.0,0.05453618756371026,0.05402650356778782,2.3955326314639474e-05,0.05300713557594294,1.2259634756724397e-06,0.051987767584097844,2.672600376965919e-06,0.050968399592252744,2.4102441931720166e-05,0.04994903160040787,2.667696523063229e-05,0.05504587155963292,8.33655163457259e-07,0.05606523955147802,2.579304556467246e-05,0.057084607543322896,2.5083212712258117e-05,0.05810397553516822,7.336165438423879e-05,0.05912334352701332,4.979863638181451e-05,2.0,1.0,1.0,1.0,2.0
22,13:56:48,7,0.05504587155963292,63135.0,0.05453618756371026,0.05402650356778782,2.3955326314639474e-05,0.05300713557594294,1.2259634756724397e-06,0.051987767584097844,2.672600376965919e-06,0.050968399592252744,2.4102441931720166e-05,0.04994903160040787,2.667696523063229e-05,0.05504587155963292,3.2120243062617922e-06,0.05606523955147802,2.5915641912239704e-05,0.057084607543322896,2.8025525053871973e-05,0.05810397553516822,7.735829531493096e-05,0.05912334352701332,4.987219419035485e-05,2.0,1.0,1.0,1.0,2.0
22,13:56:51,7,0.05402650356778782,51706.0,0.05453618756371026,0.05402650356778782,2.2876478456047726e-05,0.05300713557594294,1.2259634756724397e-06,0.051987767584097844,2.672600376965919e-06,0.050968399592252744,2.417599974026051e-05,0.04994903160040787,2.667696523063229e-05,0.05504587155963292,3.4572170013962804e-06,0.05606523955147802,2.5915641912239704e-05,0.057084607543322896,2.8025525053871973e-05,0.05810397553516822,7.735829531493096e-05,0.05912334352701332,4.9749597842787605e-05,1.0,1.0,1.0,0.0,2.0
22,13:56:54,7,0.05402650356778782,9306.0,0.05453618756371026,0.05402650356778782,2.265580503042669e-05,0.05300713557594294,1.2259634756724397e-06,0.051987767584097844,3.947602391665256e-06,0.050968399592252744,2.417599974026051e-05,0.04994903160040787,2.667696523063229e-05,0.05504587155963292,6.1543366478756476e-06,0.05606523955147802,2.5842084103699358e-05,0.057084607543322896,2.8025525053871973e-05,0.05810397553516822,7.735829531493096e-05,0.05912334352701332,4.9749597842787605e-05,1.0,1.0,1.0,2.0,2.0
22,13:56:57,7,0.05504587155963292,373584.0,0.05555555555555558,0.05504587155963292,3.236543575775241e-06,0.05402650356778782,2.1405322285240798e-05,0.05300713557594294,1.2259634756724397e-06,0.051987767584097844,3.947602391665256e-06,0.050968399592252744,2.417599974026051e-05,0.05606523955147802,2.5964680451266602e-05,0.057084607543322896,2.8025525053871973e-05,0.05810397553516822,7.735829531493096e-05,0.05912334352701332,4.9749597842787605e-05,0.060142711518858194,6.323519607518445e-05,0.0,0.0,0.0,0.0,1.0
22,13:57:00,7,0.05504587155963292,96255.0,0.05555555555555558,0.05504587155963292,9.56251511024503e-07,0.05402650356778782,2.1748592058429083e-05,0.05300713557594294,1.2259634756724397e-06,0.051987767584097844,3.947602391665256e-06,0.050968399592252744,2.4249557548800857e-05,0.05606523955147802,2.6136315337860745e-05,0.057084607543322896,2.8148121401439217e-05,0.05810397553516822,7.735829531493096e-05,0.05912334352701332,4.9749597842787605e-05,0.060142711518858194,6.323519607518445e-05,0.0,0.0,0.0,0.0,1.0
22,13:57:03,7,0.05504587155963292,23805.0,0.05555555555555558,0.05504587155963292,3.334620653829036e-06,0.05402650356778782,2.1748592058429083e-05,0.05300713557594294,1.2259634756724397e-06,0.051987767584097844,3.947602391665256e-06,0.050968399592252744,2.4396673165881553e-05,0.05606523955147802,2.6234392415914538e-05,0.057084607543322896,2.8148121401439217e-05,0.05810397553516822,7.735829531493096e-05,0.05912334352701332,4.9749597842787605e-05,0.060142711518858194,6.323519607518445e-05,0.0,0.0,0.0,0.0,1.0
22,13:57:06,7,0.05402650356778782,196631.0,0.05453618756371026,0.05402650356778782,2.1282725937673554e-05,0.05300713557594294,1.2259634756724397e-06,0.051987767584097844,3.947602391665256e-06,0.050968399592252744,2.4396673165881553e-05,0.04994903160040787,2.667696523063229e-05,0.05504587155963292,3.113947228207997e-06,0.05606523955147802,2.6136315337860745e-05,0.057084607543322896,2.7657736011170243e-05,0.05810397553516822,7.424434808672295e-05,0.05912334352701332,4.9749597842787605e-05,1.0,1.0,0.0,0.0,2.0
22,13:57:09,7,0.05402650356778782,82795.0,0.05453618756371026,0.05402650356778782,2.116012959010631e-05,0.05300713557594294,1.4711561708069277e-06,0.051987767584097844,3.947602391665256e-06,0.050968399592252744,2.4396673165881553e-05,0.04994903160040787,2.667696523063229e-05,0.05504587155963292,5.026450250257003e-06,0.05606523955147802,2.6381508032995233e-05,0.057084607543322896,3.0183220771055468e-05,0.05810397553516822,7.424434808672295e-05,0.05912334352701332,4.970055930376071e-05,1.0,1.0,0.0,0.0,2.0
22,13:57:12,7,0.05402650356778782,273288.0,0.05453618756371026,0.05402650356778782,2.162599571086184e-05,0.05300713557594294,1.5201947098338254e-06,0.051987767584097844,7.993281861384308e-06,0.050968399592252744,2.4396673165881553e-05,0.04994903160040787,2.667696523063229e-05,0.05504587155963292,1.569233248860723e-06,0.05606523955147802,2.5131025287809343e-05,0.057084607543322896,3.295389822607518e-05,0.05810397553516822,8.22131106785938e-05,0.05912334352701332,4.970055930376071e-05,1.0,1.0,0.0,1.0,2.0
22,13:57:15,7,0.05504587155963292,107587.0,0.05453618756371026,0.05402650356778782,2.032647442664905e-05,0.05300713557594294,1.5201947098338254e-06,0.051987767584097844,7.993281861384308e-06,0.050968399592252744,2.4396673165881553e-05,0.04994903160040787,2.667696523063229e-05,0.05504587155963292,1.017549684808125e-05,0.05606523955147802,2.5131025287809343e-05,0.057084607543322896,3.278226333948104e-05,0.05810397553516822,8.22131106785938e-05,0.05912334352701332,4.970055930376071e-05,1.0,1.0,0.0,0.0,2.0
22,13:57:18,7,0.05504587155963292,33091.0,0.05453618756371026,0.05402650356778782,1.9615415610759035e-05,0.05300713557594294,1.667310326914518e-06,0.051987767584097844,8.728859946787772e-06,0.050968399592252744,3.881400363978944e-05,0.04994903160040787,2.667696523063229e-05,0.05504587155963292,1.2970693572614413e-05,0.05606523955147802,2.60627575293204e-05,0.057084607543322896,3.283130187850794e-05,0.05810397553516822,8.209051433102656e-05,0.05912334352701332,4.970055930376071e-05,1.0,1.0,0.0,0.0,2.0
22,13:57:21,7,0.05504587155963292,246169.0,0.05453618756371026,0.05402650356778782,1.5790409566661025e-05,0.05300713557594294,1.667310326914518e-06,0.051987767584097844,8.728859946787772e-06,0.050968399592252744,3.881400363978944e-05,0.04994903160040787,2.667696523063229e-05,0.05504587155963292,1.1916364983536115e-05,0.05606523955147802,2.6381508032995233e-05,0.057084607543322896,3.283130187850794e-05,0.05810397553516822,8.209051433102656e-05,0.05912334352701332,4.970055930376071e-05,1.0,1.0,0.0,0.0,2.0
22,13:57:24,7,0.05504587155963292,208035.0,0.05453618756371026,0.05402650356778782,1.5790409566661025e-05,0.05300713557594294,1.667310326914518e-06,0.051987767584097844,8.728859946787772e-06,0.050968399592252744,3.881400363978944e-05,0.04994903160040787,2.6603407422091943e-05,0.05504587155963292,7.4293386625749855e-06,0.05606523955147802,2.6675739267156617e-05,0.057084607543322896,3.283130187850794e-05,0.05810397553516822,8.209051433102656e-05,0.05912334352701332,4.970055930376071e-05,1.0,1.0,1.0,0.0,2.0
22,13:57:27,7,0.05402650356778782,70322.0,0.05453618756371026,0.05402650356778782,1.4368291934880994e-05,0.05300713557594294,1.667310326914518e-06,0.051987767584097844,8.728859946787772e-06,0.050968399592252744,3.881400363978944e-05,0.04994903160040787,2.6603407422091943e-05,0.05504587155963292,1.12053061676461e-05,0.05606523955147802,2.6675739267156617e-05,0.057084607543322896,3.283130187850794e-05,0.05810397553516822,8.22131106785938e-05,0.05912334352701332,4.970055930376071e-05,1.0,0.0,1.0,0.0,2.0
22,13:57:30,7,0.05504587155963292,2070.0,0.05453618756371026,0.05402650356778782,1.4368291934880994e-05,0.05300713557594294,1.667310326914518e-06,0.051987767584097844,8.777898485814668e-06,0.050968399592252744,3.881400363978944e-05,0.04994903160040787,2.6407253265984353e-05,0.05504587155963292,1.1303383245699895e-05,0.05606523955147802,2.6675739267156617e-05,0.057084607543322896,3.283130187850794e-05,0.05810397553516822,8.22131106785938e-05,0.05912334352701332,4.970055930376071e-05,1.0,0.0,1.0,0.0,2.0
22,13:57:33,7,0.05504587155963292,198611.0,0.05453618756371026,0.05402650356778782,1.181828790548232e-05,0.05300713557594294,1.667310326914518e-06,0.051987767584097844,8.777898485814668e-06,0.050968399592252744,3.881400363978944e-05,0.04994903160040787,2.6407253265984353e-05,0.05504587155963292,1.2455788912831989e-05,0.05606523955147802,2.6675739267156617e-05,0.057084607543322896,3.300293676510208e-05,0.05810397553516822,8.22131106785938e-05,0.05912334352701332,4.970055930376071e-05,1.0,0.0,0.0,0.0,2.0
22,13:57:36,7,0.05402650356778782,418118.0,0.05453618756371026,0.05402650356778782,1.260290452991268e-05,0.05300713557594294,1.667310326914518e-06,0.051987767584097844,8.777898485814668e-06,0.050968399592252744,3.881400363978944e-05,0.04994903160040787,2.6407253265984353e-05,0.05504587155963292,3.481736270909729e-06,0.05606523955147802,2.6675739267156617e-05,0.057084607543322896,3.300293676510208e-05,0.05810397553516822,8.233570702616105e-05,0.05912334352701332,4.970055930376071e-05,1.0,0.0,1.0,0.0,2.0
22,13:57:39,7,0.05402650356778782,27918.0,0.05453618756371026,0.05402650356778782,1.1940884253049564e-05,0.05300713557594294,1.667310326914518e-06,0.051987767584097844,8.777898485814668e-06,0.050968399592252744,3.905919633492393e-05,0.04994903160040787,2.64808110745247e-05,0.05504587155963292,5.5168356405259795e-06,0.05606523955147802,2.6675739267156617e-05,0.057084607543322896,3.3664957041965196e-05,0.05810397553516822,8.233570702616105e-05,0.05912334352701332,4.970055930376071e-05,1.0,0.0,1.0,0.0,2.0
22,13:57:42,7,0.05504587155963292,67272.0,0.05453618756371026,0.05402650356778782,1.1867326444509216e-05,0.05300713557594294,1.667310326914518e-06,0.051987767584097844,1.0003861961487108e-05,0.050968399592252744,3.85933302141684e-05,0.04994903160040787,3.138466497721446e-05,0.05504587155963292,5.124527328310798e-06,0.05606523955147802,2.6675739267156617e-05,0.057084607543322896,3.3664957041965196e-05,0.05810397553516822,8.24583033737283e-05,0.05912334352701332,4.970055930376071e-05,0.0,0.0,1.0,2.0,2.0
22,13:57:45,7,0.05402650356778782,175786.0,0.05453618756371026,0.05402650356778782,7.870685513817063e-06,0.05300713557594294,1.4221176317800301e-06,0.051987767584097844,1.0003861961487108e-05,0.050968399592252744,3.85933302141684e-05,0.04994903160040787,3.138466497721446e-05,0.05504587155963292,5.467797101499081e-06,0.05606523955147802,2.6675739267156617e-05,0.057084607543322896,3.3664957041965196e-05,0.05810397553516822,8.24583033737283e-05,0.05912334352701332,4.970055930376071e-05,0.0,0.0,1.0,2.0,2.0
22,13:57:48,7,0.05402650356778782,245058.0,0.05453618756371026,0.05402650356778782,2.550004029398675e-06,0.05300713557594294,1.4221176317800301e-06,0.051987767584097844,1.1229825437159549e-05,0.050968399592252744,3.85933302141684e-05,0.04994903160040787,3.138466497721446e-05,0.05504587155963292,5.71298979663357e-06,0.05606523955147802,2.6675739267156617e-05,0.057084607543322896,3.3910149737099685e-05,0.05810397553516822,8.24583033737283e-05,0.05912334352701332,4.970055930376071e-05,0.0,0.0,1.0,2.0,2.0
22,13:57:51,7,0.05504587155963292,189372.0,0.05453618756371026,0.05402650356778782,1.7408681354548646e-06,0.05300713557594294,3.8740445831249095e-06,0.051987767584097844,1.1229825437159549e-05,0.050968399592252744,3.712217404336148e-05,0.04994903160040787,3.138466497721446e-05,0.05504587155963292,2.157695717183494e-06,0.05606523955147802,2.782814493428871e-05,0.057084607543322896,3.388563046758624e-05,0.05810397553516822,8.24583033737283e-05,0.05912334352701332,4.970055930376071e-05,0.0,0.0,0.0,2.0,2.0
22,13:57:54,7,0.05402650356778782,126148.0,0.05453618756371026,0.05402650356778782,7.355780854034639e-08,0.05300713557594294,3.8740445831249095e-06,0.051987767584097844,1.1229825437159549e-05,0.050968399592252744,3.712217404336148e-05,0.04994903160040787,3.138466497721446e-05,0.05504587155963292,2.770677455019714e-06,0.05606523955147802,2.782814493428871e-05,0.057084607543322896,3.621496107136387e-05,0.05810397553516822,8.24583033737283e-05,0.05912334352701332,4.970055930376071e-05,0.0,1.0,2.0,2.0,2.0
22,13:57:57,7,0.05402650356778782,3102.0,0.05351681957186538,0.05300713557594294,3.8740445831249095e-06,0.051987767584097844,1.5103870020284458e-05,0.050968399592252744,3.712217404336148e-05,0.04994903160040787,3.15072613247817e-05,0.048929663608562546,6.6937605771715214e-06,0.05402650356778782,4.413468512420783e-06,0.05504587155963292,3.015870150154202e-06,0.05606523955147802,2.7950741281855955e-05,0.057084607543322896,3.621496107136387e-05,0.05810397553516822,8.253186118226864e-05,0.0,2.0,2.0,2.0,2.0
22,13:58:00,7,0.05402650356778782,19646.0,0.05351681957186538,0.05300713557594294,5.10000805879735e-06,0.051987767584097844,1.5103870020284458e-05,0.050968399592252744,3.712217404336148e-05,0.04994903160040787,3.15072613247817e-05,0.048929663608562546,6.6937605771715214e-06,0.05402650356778782,4.266352895340091e-06,0.05504587155963292,6.6937605771715214e-06,0.05606523955147802,2.7950741281855955e-05,0.057084607543322896,3.621496107136387e-05,0.05810397553516822,8.265445752983589e-05,0.0,2.0,1.0,2.0,2.0
22,13:58:03,7,0.05300713557594294,46485.0,0.05351681957186538,0.05300713557594294,3.996640930692154e-06,0.051987767584097844,1.5103870020284458e-05,0.050968399592252744,3.712217404336148e-05,0.04994903160040787,3.15072613247817e-05,0.048929663608562546,6.6937605771715214e-06,0.05402650356778782,5.762028335660467e-06,0.05504587155963292,6.6937605771715214e-06,0.05606523955147802,2.8195933976990443e-05,0.057084607543322896,3.621496107136387e-05,0.05810397553516822,8.265445752983589e-05,0.0,1.0,1.0,2.0,2.0
22,13:58:06,7,0.05300713557594294,110576.0,0.05351681957186538,0.05300713557594294,3.5552940794500755e-06,0.051987767584097844,1.5103870020284458e-05,0.050968399592252744,3.712217404336148e-05,0.04994903160040787,3.15072613247817e-05,0.048929663608562546,6.6937605771715214e-06,0.05402650356778782,4.830296094149413e-06,0.05504587155963292,1.1842807174995769e-05,0.05606523955147802,2.8441126672124932e-05,0.057084607543322896,3.621496107136387e-05,0.05810397553516822,8.275253460788969e-05,0.0,2.0,1.0,2.0,2.0
22,13:58:09,7,0.05300713557594294,149785.0,0.05249745158002028,0.051987767584097844,1.5103870020284458e-05,0.050968399592252744,3.712217404336148e-05,0.04994903160040787,3.15072613247817e-05,0.048929663608562546,6.6937605771715214e-06,0.047910295616717447,9.905784883433313e-06,0.05300713557594294,4.168275817286295e-07,0.05402650356778782,6.129817378362199e-06,0.05504587155963292,1.2087999870130256e-05,0.05606523955147802,2.846564594163838e-05,0.057084607543322896,3.621496107136387e-05,2.0,2.0,2.0,2.0,2.0
22,13:58:12,7,0.05300713557594294,258479.0,0.05249745158002028,0.051987767584097844,1.5103870020284458e-05,0.050968399592252744,3.712217404336148e-05,0.04994903160040787,3.15072613247817e-05,0.048929663608562546,6.6937605771715214e-06,0.047910295616717447,9.905784883433313e-06,0.05300713557594294,1.4711561708069277e-07,0.05402650356778782,5.639431988093223e-07,0.05504587155963292,1.2357711834778194e-05,0.05606523955147802,2.9201224027041842e-05,0.057084607543322896,3.621496107136387e-05,2.0,2.0,2.0,2.0,2.0
22,13:58:15,7,0.05300713557594294,16528.0,0.05249745158002028,0.051987767584097844,1.5103870020284458e-05,0.050968399592252744,3.704861623482113e-05,0.04994903160040787,3.15072613247817e-05,0.048929663608562546,6.6937605771715214e-06,0.047910295616717447,9.905784883433313e-06,0.05300713557594294,1.0543285890782983e-06,0.05402650356778782,5.884624683227711e-07,0.05504587155963292,1.5496178332499638e-05,0.05606523955147802,2.944641672217633e-05,0.057084607543322896,3.621496107136387e-05,2.0,2.0,2.0,2.0,2.0
22,13:58:18,7,0.05300713557594294,119803.0,0.05249745158002028,0.051987767584097844,1.4736080977582727e-05,0.050968399592252744,3.704861623482113e-05,0.04994903160040787,3.15072613247817e-05,0.048929663608562546,6.6937605771715214e-06,0.047910295616717447,9.905784883433313e-06,0.05300713557594294,9.072129719976055e-07,0.05402650356778782,6.375010073496687e-07,0.05504587155963292,1.5814928836174473e-05,0.05606523955147802,2.944641672217633e-05,0.057084607543322896,3.614140326282352e-05,2.0,2.0,2.0,2.0,2.0
22,13:58:21,7,0.05300713557594294,136258.0,0.05249745158002028,0.051987767584097844,1.2333192565264744e-05,0.050968399592252744,4.072650666183845e-05,0.04994903160040787,3.15072613247817e-05,0.048929663608562546,6.6937605771715214e-06,0.047910295616717447,9.905784883433313e-06,0.05300713557594294,6.620202768631175e-07,0.05402650356778782,6.375010073496687e-07,0.05504587155963292,1.5937525183741717e-05,0.05606523955147802,2.947093599168978e-05,0.057084607543322896,3.660726938357905e-05,2.0,2.0,2.0,2.0,2.0
22,13:58:24,7,0.05402650356778782,37197.0,0.05453618756371026,0.05402650356778782,5.149046597824247e-07,0.05300713557594294,4.634141938041823e-06,0.051987767584097844,1.0494247351756085e-05,0.050968399592252744,4.072650666183845e-05,0.04994903160040787,3.15072613247817e-05,0.05504587155963292,1.5937525183741717e-05,0.05606523955147802,2.947093599168978e-05,0.057084607543322896,3.660726938357905e-05,0.05810397553516822,8.258089972129554e-05,0.05912334352701332,4.940632806959933e-05,1.0,2.0,0.0,2.0,2.0
22,13:58:27,7,0.05300713557594294,44440.0,0.05402650356778782,0.05300713557594294,5.3206814844183884e-06,0.051987767584097844,9.832227074892967e-06,0.050968399592252744,4.06529488532981e-05,0.04994903160040787,3.15072613247817e-05,0.048929663608562546,6.6937605771715214e-06,0.05504587155963292,1.630531422644345e-05,0.05606523955147802,2.9421897452662883e-05,0.057084607543322896,3.6680827192119395e-05,0.05810397553516822,8.258089972129554e-05,0.05912334352701332,4.940632806959933e-05,2.0,2.0,1.0,2.0,2.0
22,13:58:30,7,0.05300713557594294,26858.0,0.05402650356778782,0.05300713557594294,4.68318047706872e-06,0.051987767584097844,9.832227074892967e-06,0.050968399592252744,4.06529488532981e-05,0.04994903160040787,3.15072613247817e-05,0.048929663608562546,6.6937605771715214e-06,0.05504587155963292,2.1405322285240798e-05,0.05606523955147802,2.949545526120323e-05,0.057084607543322896,3.6680827192119395e-05,0.05810397553516822,8.282609241643003e-05,0.05912334352701332,4.940632806959933e-05,2.0,0.0,1.0,2.0,2.0
22,13:58:33,7,0.05300713557594294,5165.0,0.05351681957186538,0.05300713557594294,6.129817378362199e-06,0.051987767584097844,1.3461078962883389e-05,0.050968399592252744,4.06529488532981e-05,0.04994903160040787,2.9815431728353735e-05,0.048929663608562546,6.6937605771715214e-06,0.05402650356778782,1.201444206158991e-06,0.05504587155963292,2.1748592058429083e-05,0.05606523955147802,2.9985840651472206e-05,0.057084607543322896,3.680342353968664e-05,0.05810397553516822,8.282609241643003e-05,2.0,1.0,1.0,2.0,2.0
22,13:58:36,7,0.05402650356778782,81683.0,0.05453618756371026,0.05402650356778782,1.2946174303100964e-05,0.05300713557594294,9.145687528516401e-06,0.051987767584097844,1.3461078962883389e-05,0.050968399592252744,4.06529488532981e-05,0.04994903160040787,2.9815431728353735e-05,0.05504587155963292,2.6603407422091943e-05,0.05606523955147802,3.0083917729526e-05,0.057084607543322896,3.680342353968664e-05,0.05810397553516822,8.282609241643003e-05,0.05912334352701332,4.940632806959933e-05,0.0,0.0,0.0,2.0,1.0
22,13:58:39,7,0.05402650356778782,1951699.0,0.05453618756371026,0.05402650356778782,1.2137038409157154e-05,0.05300713557594294,9.145687528516401e-06,0.051987767584097844,1.3853387275098569e-05,0.050968399592252744,4.06529488532981e-05,0.04994903160040787,2.9815431728353735e-05,0.05504587155963292,1.2259634756724397e-06,0.05606523955147802,1.1522830707845262e-05,0.057084607543322896,3.680342353968664e-05,0.05810397553516822,8.282609241643003e-05,0.05912334352701332,4.940632806959933e-05,2.0,0.0,0.0,2.0,1.0
22,13:58:42,7,0.05402650356778782,33101.0,0.05453618756371026,0.05402650356778782,1.1671172288401626e-05,0.05300713557594294,9.145687528516401e-06,0.051987767584097844,1.569233248860723e-05,0.050968399592252744,4.06529488532981e-05,0.04994903160040787,2.9815431728353735e-05,0.05504587155963292,1.2995212842127862e-06,0.05606523955147802,1.132667655173767e-05,0.057084607543322896,3.680342353968664e-05,0.05810397553516822,8.282609241643003e-05,0.05912334352701332,4.940632806959933e-05,1.0,0.0,2.0,2.0,1.0
22,13:58:45,7,0.05402650356778782,48599.0,0.05453618756371026,0.05402650356778782,1.1524056671320934e-05,0.05300713557594294,9.341841684623991e-06,0.051987767584097844,1.1891845714022666e-05,0.050968399592252744,4.06529488532981e-05,0.04994903160040787,2.9815431728353735e-05,0.05504587155963292,1.4221176317800301e-06,0.05606523955147802,1.132667655173767e-05,0.057084607543322896,3.680342353968664e-05,0.05810397553516822,8.307128511156452e-05,0.05912334352701332,4.940632806959933e-05,0.0,0.0,2.0,2.0,1.0
22,13:58:48,7,0.05504587155963292,21718.0,0.05453618756371026,0.05402650356778782,1.1352421784726792e-05,0.05300713557594294,9.341841684623991e-06,0.051987767584097844,1.3583675310450633e-05,0.050968399592252744,4.06529488532981e-05,0.04994903160040787,4.0138044193515676e-05,0.05504587155963292,1.6427910574010693e-06,0.05606523955147802,1.1571869246872159e-05,0.057084607543322896,3.680342353968664e-05,0.05810397553516822,8.3316477806699e-05,0.05912334352701332,4.940632806959933e-05,0.0,0.0,2.0,2.0,1.0
22,13:58:51,7,0.05402650356778782,478742.0,0.05351681957186538,0.05300713557594294,9.341841684623991e-06,0.051987767584097844,1.3583675310450633e-05,0.050968399592252744,4.06529488532981e-05,0.04994903160040787,4.0138044193515676e-05,0.048929663608562546,6.6937605771715214e-06,0.05402650356778782,6.865395463765663e-07,0.05504587155963292,1.6427910574010693e-06,0.05606523955147802,1.1596388516385608e-05,0.057084607543322896,3.680342353968664e-05,0.05810397553516822,8.3316477806699e-05,1.0,1.0,2.0,2.0,2.0
22,13:58:54,7,0.05504587155963292,150047.0,0.05555555555555558,0.05504587155963292,2.4519269513448794e-07,0.05402650356778782,4.903853902689759e-07,0.05300713557594294,9.341841684623991e-06,0.051987767584097844,1.3583675310450633e-05,0.050968399592252744,4.06529488532981e-05,0.05606523955147802,1.1596388516385608e-05,0.057084607543322896,3.641111522747146e-05,0.05810397553516822,8.35616705018335e-05,0.05912334352701332,4.940632806959933e-05,0.060142711518858194,7.674531357709474e-05,0.0,0.0,1.0,1.0,0.0
22,13:58:57,7,0.05402650356778782,33098.0,0.05453618756371026,0.05402650356778782,1.9615415610759037e-07,0.05300713557594294,1.0567805160296431e-05,0.051987767584097844,1.3583675310450633e-05,0.050968399592252744,4.06529488532981e-05,0.04994903160040787,4.0138044193515676e-05,0.05504587155963292,1.912503022049006e-06,0.05606523955147802,1.1620907785899057e-05,0.057084607543322896,3.592072983720249e-05,0.05810397553516822,8.35616705018335e-05,0.05912334352701332,4.940632806959933e-05,0.0,0.0,2.0,2.0,1.0
22,13:59:00,7,0.05402650356778782,9306.0,0.05351681957186538,0.05300713557594294,1.0567805160296431e-05,0.051987767584097844,1.3583675310450633e-05,0.050968399592252744,4.06529488532981e-05,0.04994903160040787,4.0138044193515676e-05,0.048929663608562546,7.6009735491691265e-06,0.05402650356778782,4.903853902689759e-08,0.05504587155963292,4.413468512420783e-06,0.05606523955147802,1.2209370254221828e-05,0.057084607543322896,3.621496107136387e-05,0.05810397553516822,8.35616705018335e-05,1.0,1.0,2.0,2.0,2.0
22,13:59:03,7,0.05300713557594294,3099.0,0.05351681957186538,0.05300713557594294,1.0494247351756085e-05,0.051987767584097844,1.3583675310450633e-05,0.050968399592252744,4.06529488532981e-05,0.04994903160040787,4.0138044193515676e-05,0.048929663608562546,7.6009735491691265e-06,0.05402650356778782,2.2312535257238405e-06,0.05504587155963292,1.4000502892179263e-05,0.05606523955147802,1.524975967388948e-05,0.057084607543322896,3.621496107136387e-05,0.05810397553516822,8.35616705018335e-05,1.0,1.0,2.0,2.0,2.0
22,13:59:06,7,0.05402650356778782,44445.0,0.05351681957186538,0.05300713557594294,9.685111457812275e-06,0.051987767584097844,1.3583675310450633e-05,0.050968399592252744,4.06529488532981e-05,0.04994903160040787,4.0211602002056025e-05,0.048929663608562546,7.6009735491691265e-06,0.05402650356778782,1.8879837525355572e-06,0.05504587155963292,1.4000502892179263e-05,0.05606523955147802,1.524975967388948e-05,0.057084607543322896,3.6337557418931117e-05,0.05810397553516822,8.35616705018335e-05,1.0,1.0,2.0,2.0,2.0
22,13:59:09,7,0.05300713557594294,92018.0,0.05351681957186538,0.05300713557594294,7.870685513817063e-06,0.051987767584097844,1.3583675310450633e-05,0.050968399592252744,4.06529488532981e-05,0.04994903160040787,4.0211602002056025e-05,0.048929663608562546,7.6009735491691265e-06,0.05402650356778782,9.807707805379519e-08,0.05504587155963292,1.4025022161692712e-05,0.05606523955147802,1.5323317482429823e-05,0.057084607543322896,3.6337557418931117e-05,0.05810397553516822,8.380686319696798e-05,1.0,1.0,2.0,2.0,2.0
22,13:59:12,7,0.05504587155963292,264956.0,0.05402650356778782,0.05300713557594294,7.870685513817063e-06,0.051987767584097844,1.3706271658017877e-05,0.050968399592252744,4.06529488532981e-05,0.04994903160040787,4.0211602002056025e-05,0.048929663608562546,7.6009735491691265e-06,0.05504587155963292,7.846166244303614e-06,0.05606523955147802,1.5323317482429823e-05,0.057084607543322896,3.6337557418931117e-05,0.05810397553516822,8.380686319696798e-05,0.05912334352701332,4.98967134598683e-05,0.0,2.0,2.0,2.0,2.0
22,13:59:15,7,0.05300713557594294,113630.0,0.05351681957186538,0.05300713557594294,5.467797101499081e-06,0.051987767584097844,1.3706271658017877e-05,0.050968399592252744,4.06529488532981e-05,0.04994903160040787,4.0211602002056025e-05,0.048929663608562546,7.6009735491691265e-06,0.05402650356778782,1.7408681354548646e-06,0.05504587155963292,8.189436017491898e-06,0.05606523955147802,1.5347836751943274e-05,0.057084607543322896,3.6337557418931117e-05,0.05810397553516822,8.380686319696798e-05,1.0,2.0,2.0,2.0,2.0
22,13:59:18,7,0.05402650356778782,53736.0,0.05351681957186538,0.05300713557594294,4.952892441716656e-06,0.051987767584097844,1.3706271658017877e-05,0.050968399592252744,4.06529488532981e-05,0.04994903160040787,4.0211602002056025e-05,0.048929663608562546,7.6009735491691265e-06,0.05402650356778782,1.2504827451858885e-06,0.05504587155963292,8.679821407760873e-06,0.05606523955147802,1.5838222142212248e-05,0.057084607543322896,3.6362076688444564e-05,0.05810397553516822,8.380686319696798e-05,1.0,2.0,2.0,2.0,2.0
22,13:59:21,7,0.05300713557594294,96069.0,0.05351681957186538,0.05300713557594294,3.481736270909729e-06,0.051987767584097844,1.3706271658017877e-05,0.050968399592252744,4.06529488532981e-05,0.04994903160040787,4.0211602002056025e-05,0.048929663608562546,7.6009735491691265e-06,0.05402650356778782,1.2504827451858885e-06,0.05504587155963292,8.949533372408811e-06,0.05606523955147802,1.5715625794645007e-05,0.057084607543322896,3.6362076688444564e-05,0.05810397553516822,8.405205589210247e-05,1.0,2.0,2.0,2.0,2.0
22,13:59:24,7,0.05300713557594294,0.0,0.05351681957186538,0.05300713557594294,9.807707805379518e-06,0.051987767584097844,1.3706271658017877e-05,0.050968399592252744,4.06529488532981e-05,0.04994903160040787,4.0211602002056025e-05,0.048929663608562546,7.6009735491691265e-06,0.05402650356778782,1.2504827451858885e-06,0.05504587155963292,9.341841684623991e-06,0.05606523955147802,1.5715625794645007e-05,0.057084607543322896,3.641111522747146e-05,0.05810397553516822,8.503282667264042e-05,1.0,2.0,2.0,2.0,2.0
22,13:59:27,7,0.05300713557594294,54749.0,0.05351681957186538,0.05300713557594294,1.1082709820078856e-05,0.051987767584097844,1.3706271658017877e-05,0.050968399592252744,4.06529488532981e-05,0.04994903160040787,4.0211602002056025e-05,0.048929663608562546,7.6009735491691265e-06,0.05402650356778782,2.3538498732910843e-06,0.05504587155963292,1.2112519139643705e-05,0.05606523955147802,1.5960818489779492e-05,0.057084607543322896,3.646015376649836e-05,0.05810397553516822,8.503282667264042e-05,2.0,2.0,2.0,2.0,2.0
22,13:59:30,7,0.05402650356778782,28949.0,0.05351681957186538,0.05300713557594294,1.223511548721095e-05,0.051987767584097844,1.3706271658017877e-05,0.050968399592252744,4.06529488532981e-05,0.04994903160040787,4.0211602002056025e-05,0.048929663608562546,7.6009735491691265e-06,0.05402650356778782,1.7408681354548646e-06,0.05504587155963292,1.4662523169042379e-05,0.05606523955147802,1.6941589270317447e-05,0.057084607543322896,3.646015376649836e-05,0.05810397553516822,8.503282667264042e-05,2.0,2.0,2.0,2.0,2.0
22,13:59:33,7,0.05300713557594294,28924.0,0.05351681957186538,0.05300713557594294,1.4196657048286853e-05,0.051987767584097844,1.3926945083638917e-05,0.050968399592252744,4.06529488532981e-05,0.04994903160040787,4.0211602002056025e-05,0.048929663608562546,7.6009735491691265e-06,0.05402650356778782,1.9615415610759035e-06,0.05504587155963292,1.1303383245699895e-05,0.05606523955147802,1.890313083139335e-05,0.057084607543322896,3.891208071784324e-05,0.05810397553516822,8.486119178604629e-05,2.0,2.0,2.0,2.0,2.0
22,13:59:36,7,0.05300713557594294,17561.0,0.05351681957186538,0.05300713557594294,1.4981273672717214e-05,0.051987767584097844,1.4956754403203766e-05,0.050968399592252744,4.06529488532981e-05,0.04994903160040787,4.0211602002056025e-05,0.048929663608562546,7.6009735491691265e-06,0.05402650356778782,2.1086571781565966e-06,0.05504587155963292,1.1450498862780587e-05,0.05606523955147802,1.890313083139335e-05,0.057084607543322896,3.9034677065410484e-05,0.05810397553516822,8.486119178604629e-05,2.0,2.0,2.0,2.0,2.0
22,13:59:39,7,0.05300713557594294,25830.0,0.05351681957186538,0.05300713557594294,1.4490888282448238e-05,0.051987767584097844,1.4956754403203766e-05,0.050968399592252744,4.06529488532981e-05,0.04994903160040787,4.0211602002056025e-05,0.048929663608562546,7.6009735491691265e-06,0.05402650356778782,2.476446220858328e-06,0.05504587155963292,1.1450498862780587e-05,0.05606523955147802,1.927091987409508e-05,0.057084607543322896,3.9034677065410484e-05,0.05810397553516822,8.486119178604629e-05,2.0,2.0,2.0,2.0,2.0
22,13:59:42,7,0.05504587155963292,743951.0,0.05555555555555558,0.05504587155963292,2.7853890167277833e-05,0.05402650356778782,1.0543285890782983e-06,0.05300713557594294,1.4490888282448238e-05,0.051987767584097844,1.4956754403203766e-05,0.050968399592252744,4.06529488532981e-05,0.05606523955147802,1.927091987409508e-05,0.057084607543322896,3.9034677065410484e-05,0.05810397553516822,8.486119178604629e-05,0.05912334352701332,5.0387098850137274e-05,0.060142711518858194,7.71866604283368e-05,1.0,1.0,1.0,0.0,0.0
22,13:59:45,7,0.05504587155963292,119025.0,0.05555555555555558,0.05504587155963292,2.503417417323122e-05,0.05402650356778782,1.1769249366455422e-06,0.05300713557594294,1.4981273672717214e-05,0.051987767584097844,1.4956754403203766e-05,0.050968399592252744,4.06529488532981e-05,0.05606523955147802,1.9932940150958198e-05,0.057084607543322896,3.9034677065410484e-05,0.05810397553516822,8.25563804517821e-05,0.05912334352701332,5.0387098850137274e-05,0.060142711518858194,7.721117969785026e-05,1.0,1.0,1.0,0.0,0.0
22,13:59:48,7,0.05504587155963292,22770.0,0.05555555555555558,0.05504587155963292,2.4494750243935346e-05,0.05402650356778782,1.1769249366455422e-06,0.05300713557594294,1.4981273672717214e-05,0.051987767584097844,1.4956754403203766e-05,0.050968399592252744,4.06529488532981e-05,0.05606523955147802,1.9932940150958198e-05,0.057084607543322896,3.901015779589704e-05,0.05810397553516822,8.25563804517821e-05,0.05912334352701332,5.0387098850137274e-05,0.060142711518858194,7.721117969785026e-05,1.0,1.0,1.0,0.0,0.0
22,13:59:51,7,0.05504587155963292,220465.0,0.05555555555555558,0.05504587155963292,1.9517338532705242e-05,0.05402650356778782,1.1769249366455422e-06,0.05300713557594294,1.5054831481257561e-05,0.051987767584097844,1.4956754403203766e-05,0.050968399592252744,4.06529488532981e-05,0.05606523955147802,1.968774745582371e-05,0.057084607543322896,3.901015779589704e-05,0.05810397553516822,8.25563804517821e-05,0.05912334352701332,5.0387098850137274e-05,0.060142711518858194,7.721117969785026e-05,1.0,1.0,1.0,0.0,0.0
22,13:59:54,7,0.05606523955147802,12422.0,0.05555555555555558,0.05504587155963292,2.7044754273334022e-05,0.05402650356778782,1.1769249366455422e-06,0.05300713557594294,7.3312615845211895e-06,0.051987767584097844,1.4956754403203766e-05,0.050968399592252744,4.06529488532981e-05,0.05606523955147802,1.9638708916796814e-05,0.057084607543322896,3.901015779589704e-05,0.05810397553516822,8.25563804517821e-05,0.05912334352701332,5.0387098850137274e-05,0.060142711518858194,7.721117969785026e-05,1.0,1.0,1.0,0.0,0.0
22,13:59:57,7,0.05504587155963292,237015.0,0.05555555555555558,0.05504587155963292,2.142984155475425e-05,0.05402650356778782,1.1769249366455422e-06,0.05300713557594294,7.3312615845211895e-06,0.051987767584097844,1.4956754403203766e-05,0.050968399592252744,4.06529488532981e-05,0.05606523955147802,1.995745942047165e-05,0.057084607543322896,3.901015779589704e-05,0.05810397553516822,8.12568591675693e-05,0.05912334352701332,5.0387098850137274e-05,0.060142711518858194,7.721117969785026e-05,1.0,1.0,1.0,0.0,0.0
22,14:00:00,7,0.05504587155963292,113900.0,0.05555555555555558,0.05504587155963292,1.995868538394732e-05,0.05402650356778782,1.1769249366455422e-06,0.05300713557594294,7.3312615845211895e-06,0.051987767584097844,1.5005792942230663e-05,0.050968399592252744,4.06529488532981e-05,0.05606523955147802,1.885409229236645e-05,0.057084607543322896,3.901015779589704e-05,0.05810397553516822,8.12568591675693e-05,0.05912334352701332,5.0387098850137274e-05,0.060142711518858194,7.721117969785026e-05,1.0,1.0,1.0,0.0,0.0
22,14:00:03,7,0.05606523955147802,21752.0,0.05555555555555558,0.05504587155963292,1.9860608305893524e-05,0.05402650356778782,1.1769249366455422e-06,0.05300713557594294,7.3312615845211895e-06,0.051987767584097844,1.5005792942230663e-05,0.050968399592252744,4.06529488532981e-05,0.05606523955147802,1.9001207909447145e-05,0.057084607543322896,3.9745735881300496e-05,0.05810397553516822,7.34106929232657e-05,0.05912334352701332,5.0387098850137274e-05,0.060142711518858194,7.701502554174266e-05,1.0,1.0,1.0,0.0,0.0
22,14:00:06,7,0.05504587155963292,47610.0,0.05555555555555558,0.05504587155963292,1.9002433872922817e-05,0.05402650356778782,1.1769249366455422e-06,0.05300713557594294,7.2331845064673944e-06,0.051987767584097844,1.5005792942230663e-05,0.050968399592252744,3.930438903005842e-05,0.05606523955147802,1.971226672533716e-05,0.057084607543322896,4.1069776435026735e-05,0.05810397553516822,7.34106929232657e-05,0.05912334352701332,5.0387098850137274e-05,0.060142711518858194,7.706406408076956e-05,1.0,1.0,1.0,0.0,0.0
22,14:00:09,7,0.05504587155963292,119025.0,0.05555555555555558,0.05504587155963292,1.8217817248492457e-05,0.05402650356778782,1.6427910574010693e-06,0.05300713557594294,6.178855917389097e-06,0.051987767584097844,1.5250985637365151e-05,0.050968399592252744,3.930438903005842e-05,0.05606523955147802,2.010457503755234e-05,0.057084607543322896,4.1069776435026735e-05,0.05810397553516822,7.34106929232657e-05,0.05912334352701332,5.0387098850137274e-05,0.060142711518858194,7.706406408076956e-05,1.0,1.0,1.0,0.0,0.0
22,14:00:12,7,0.05504587155963292,309706.0,0.05555555555555558,0.05504587155963292,1.7040892311846912e-05,0.05402650356778782,1.6427910574010693e-06,0.05300713557594294,6.178855917389097e-06,0.051987767584097844,1.5250985637365151e-05,0.050968399592252744,3.930438903005842e-05,0.05606523955147802,1.4489662318972566e-05,0.057084607543322896,4.143756547772847e-05,0.05810397553516822,7.34106929232657e-05,0.05912334352701332,5.0436137389164176e-05,0.060142711518858194,7.71866604283368e-05,1.0,1.0,1.0,1.0,0.0
22,14:00:15,7,0.05606523955147802,32096.0,0.05555555555555558,0.05504587155963292,1.6648583999631732e-05,0.05402650356778782,1.6427910574010693e-06,0.05300713557594294,6.178855917389097e-06,0.051987767584097844,1.5250985637365151e-05,0.050968399592252744,3.930438903005842e-05,0.05606523955147802,1.8608899597231965e-05,0.057084607543322896,4.1707277442376404e-05,0.05810397553516822,7.34106929232657e-05,0.05912334352701332,5.0436137389164176e-05,0.060142711518858194,7.716214115882336e-05,1.0,1.0,1.0,0.0,0.0
22,14:00:18,7,0.05504587155963292,101440.0,0.05555555555555558,0.05504587155963292,1.7702912588710032e-05,0.05402650356778782,1.6427910574010693e-06,0.05300713557594294,6.178855917389097e-06,0.051987767584097844,1.5250985637365151e-05,0.050968399592252744,3.930438903005842e-05,0.05606523955147802,1.868245740577231e-05,0.057084607543322896,4.1707277442376404e-05,0.05810397553516822,7.34106929232657e-05,0.05912334352701332,5.0436137389164176e-05,0.060142711518858194,7.716214115882336e-05,1.0,1.0,1.0,0.0,0.0
22,14:00:21,7,0.05504587155963292,254720.0,0.05555555555555558,0.05504587155963292,1.4368291934880994e-05,0.05402650356778782,1.814425943995211e-06,0.05300713557594294,6.30145226495634e-06,0.051987767584097844,1.6182717878876206e-05,0.050968399592252744,3.930438903005842e-05,0.05606523955147802,1.6132453376373635e-05,0.057084607543322896,3.9255350491031525e-05,0.05810397553516822,7.34106929232657e-05,0.05912334352701332,5.0436137389164176e-05,0.060142711518858194,7.716214115882336e-05,1.0,1.0,0.0,0.0,0.0
22,14:00:24,7,0.05504587155963292,121195.0,0.05555555555555558,0.05504587155963292,1.4000502892179263e-05,0.05402650356778782,1.9370222915624548e-06,0.05300713557594294,6.546644960090829e-06,0.051987767584097844,1.6182717878876206e-05,0.050968399592252744,3.930438903005842e-05,0.05606523955147802,1.620601118491398e-05,0.057084607543322896,3.972121661178705e-05,0.05810397553516822,7.34106929232657e-05,0.05912334352701332,5.0436137389164176e-05,0.060142711518858194,7.716214115882336e-05,1.0,1.0,1.0,0.0,1.0
22,14:00:27,7,0.05504587155963292,152145.0,0.05555555555555558,0.05504587155963292,1.039617027370229e-05,0.05402650356778782,1.9370222915624548e-06,0.05300713557594294,6.546644960090829e-06,0.051987767584097844,1.6182717878876206e-05,0.050968399592252744,3.930438903005842e-05,0.05606523955147802,2.6356988763481782e-05,0.057084607543322896,3.972121661178705e-05,0.05810397553516822,7.34106929232657e-05,0.05912334352701332,5.0436137389164176e-05,0.060142711518858194,7.716214115882336e-05,1.0,1.0,1.0,0.0,1.0
22,14:00:30,7,0.05504587155963292,138690.0,0.05555555555555558,0.05504587155963292,7.110588158900151e-06,0.05402650356778782,1.9370222915624548e-06,0.05300713557594294,6.546644960090829e-06,0.051987767584097844,1.6182717878876206e-05,0.050968399592252744,3.930438903005842e-05,0.05606523955147802,2.6700258536670068e-05,0.057084607543322896,4.011352492400223e-05,0.05810397553516822,7.34106929232657e-05,0.05912334352701332,5.0436137389164176e-05,0.060142711518858194,7.716214115882336e-05,1.0,1.0,1.0,0.0,1.0
22,14:00:33,7,0.05504587155963292,91090.0,0.05555555555555558,0.05504587155963292,7.037030350359804e-06,0.05402650356778782,5.516835640525979e-05,0.05300713557594294,6.546644960090829e-06,0.051987767584097844,1.6182717878876206e-05,0.050968399592252744,3.930438903005842e-05,0.05606523955147802,2.684737415375076e-05,0.057084607543322896,4.0064486384975333e-05,0.05810397553516822,7.336165438423879e-05,0.05912334352701332,5.0436137389164176e-05,0.060142711518858194,7.716214115882336e-05,1.0,1.0,0.0,0.0,1.0
22,14:00:36,7,0.05504587155963292,45540.0,0.05555555555555558,0.05504587155963292,1.630531422644345e-05,0.05402650356778782,5.516835640525979e-05,0.05300713557594294,6.546644960090829e-06,0.051987767584097844,1.6133679339849307e-05,0.050968399592252744,3.930438903005842e-05,0.05606523955147802,2.7092566848885248e-05,0.057084607543322896,4.0064486384975333e-05,0.05810397553516822,7.336165438423879e-05,0.05912334352701332,5.0436137389164176e-05,0.060142711518858194,7.716214115882336e-05,1.0,1.0,0.0,0.0,1.0
22,14:00:39,7,0.05504587155963292,96255.0,0.05555555555555558,0.05504587155963292,1.4123099239746507e-05,0.05402650356778782,5.516835640525979e-05,0.05300713557594294,6.546644960090829e-06,0.051987767584097844,1.6133679339849307e-05,0.050968399592252744,3.930438903005842e-05,0.05606523955147802,2.7092566848885248e-05,0.057084607543322896,4.0603910314271206e-05,0.05810397553516822,7.336165438423879e-05,0.05912334352701332,5.0436137389164176e-05,0.060142711518858194,7.765252654909234e-05,1.0,1.0,0.0,0.0,2.0
22,14:00:42,7,0.05504587155963292,79701.0,0.05555555555555558,0.05504587155963292,1.2382231104291641e-05,0.05402650356778782,5.516835640525979e-05,0.05300713557594294,6.546644960090829e-06,0.051987767584097844,1.6133679339849307e-05,0.050968399592252744,3.930438903005842e-05,0.05606523955147802,1.868245740577231e-05,0.057084607543322896,4.256545187534711e-05,0.05810397553516822,7.336165438423879e-05,0.05912334352701332,5.0436137389164176e-05,0.060142711518858194,7.777512289665958e-05,1.0,1.0,0.0,0.0,2.0
22,14:00:45,7,0.05504587155963292,181181.0,0.05555555555555558,0.05504587155963292,1.2087999870130256e-05,0.05402650356778782,5.516835640525979e-05,0.05300713557594294,6.227894456415994e-06,0.051987767584097844,1.6133679339849307e-05,0.050968399592252744,3.930438903005842e-05,0.05606523955147802,1.7554571008153665e-05,0.057084607543322896,4.256545187534711e-05,0.05810397553516822,7.336165438423879e-05,0.05912334352701332,5.0436137389164176e-05,0.060142711518858194,7.777512289665958e-05,1.0,1.0,0.0,0.0,2.0
22,14:00:48,7,0.05504587155963292,114890.0,0.05555555555555558,0.05504587155963292,9.734149996839172e-06,0.05402650356778782,5.516835640525979e-05,0.05300713557594294,6.227894456415994e-06,0.051987767584097844,1.6133679339849307e-05,0.050968399592252744,3.930438903005842e-05,0.05606523955147802,1.767716735572091e-05,0.057084607543322896,4.256545187534711e-05,0.05810397553516822,7.348425073180603e-05,0.05912334352701332,5.0436137389164176e-05,0.060142711518858194,7.777512289665958e-05,1.0,0.0,0.0,0.0,2.0
22,14:00:51,7,0.05504587155963292,129420.0,0.05555555555555558,0.05504587155963292,7.895204783330513e-06,0.05402650356778782,5.516835640525979e-05,0.05300713557594294,5.737509066147018e-06,0.051987767584097844,1.6133679339849307e-05,0.050968399592252744,3.930438903005842e-05,0.05606523955147802,1.6696396575182958e-05,0.057084607543322896,4.2884202379021945e-05,0.05810397553516822,7.348425073180603e-05,0.05912334352701332,5.0436137389164176e-05,0.060142711518858194,7.782416143568648e-05,1.0,0.0,0.0,0.0,2.0
22,14:00:54,7,0.05504587155963292,178026.0,0.05555555555555558,0.05504587155963292,4.094718008745949e-06,0.05402650356778782,5.516835640525979e-05,0.05300713557594294,5.737509066147018e-06,0.051987767584097844,1.6133679339849307e-05,0.050968399592252744,3.930438903005842e-05,0.05606523955147802,2.1502173399818923e-05,0.057084607543322896,4.2884202379021945e-05,0.05810397553516822,7.348425073180603e-05,0.05912334352701332,5.0436137389164176e-05,0.060142711518858194,7.782416143568648e-05,1.0,1.0,0.0,0.0,2.0
22,14:00:57,7,0.05606523955147802,83849.0,0.05555555555555558,0.05504587155963292,3.432697731882831e-06,0.05402650356778782,5.516835640525979e-05,0.05300713557594294,4.5115455904745785e-06,0.051987767584097844,1.6133679339849307e-05,0.050968399592252744,3.930438903005842e-05,0.05606523955147802,2.069303750587511e-05,0.057084607543322896,4.2884202379021945e-05,0.05810397553516822,7.323905803667156e-05,0.05912334352701332,5.0436137389164176e-05,0.060142711518858194,7.782416143568648e-05,1.0,1.0,0.0,0.0,2.0
22,14:01:00,7,0.05504587155963292,44505.0,0.05555555555555558,0.05504587155963292,2.402888412317982e-06,0.05402650356778782,5.516835640525979e-05,0.05300713557594294,4.5115455904745785e-06,0.051987767584097844,1.6133679339849307e-05,0.050968399592252744,3.930438903005842e-05,0.05606523955147802,2.4518043549973125e-05,0.057084607543322896,4.2884202379021945e-05,0.05810397553516822,7.323905803667156e-05,0.05912334352701332,5.0436137389164176e-05,0.060142711518858194,7.782416143568648e-05,1.0,1.0,0.0,0.0,2.0
22,14:01:03,7,0.05504587155963292,69350.0,0.05555555555555558,0.05504587155963292,1.4711561708069277e-06,0.05402650356778782,5.516835640525979e-05,0.05300713557594294,4.5115455904745785e-06,0.051987767584097844,1.6133679339849307e-05,0.050968399592252744,3.930438903005842e-05,0.05606523955147802,2.481227478413451e-05,0.057084607543322896,4.08000644703788e-05,0.05810397553516822,7.323905803667156e-05,0.05912334352701332,5.0436137389164176e-05,0.060142711518858194,7.782416143568648e-05,0.0,0.0,0.0,0.0,2.0
22,14:01:06,7,0.05504587155963292,28982.0,0.05555555555555558,0.05504587155963292,5.075488789283901e-06,0.05402650356778782,5.516835640525979e-05,0.05300713557594294,4.5115455904745785e-06,0.051987767584097844,1.6133679339849307e-05,0.050968399592252744,3.9353427569085315e-05,0.05606523955147802,2.515554455732279e-05,0.057084607543322896,4.08000644703788e-05,0.05810397553516822,7.323905803667156e-05,0.05912334352701332,5.166210086483661e-05,0.060142711518858194,7.782416143568648e-05,0.0,0.0,0.0,0.0,2.0
22,14:01:09,7,0.05504587155963292,174933.0,0.05555555555555558,0.05504587155963292,1.7653874049683134e-06,0.05402650356778782,5.516835640525979e-05,0.05300713557594294,4.5115455904745785e-06,0.051987767584097844,1.6133679339849307e-05,0.050968399592252744,3.9353427569085315e-05,0.05606523955147802,2.5940161181753155e-05,0.057084607543322896,4.08000644703788e-05,0.05810397553516822,7.323905803667156e-05,0.05912334352701332,5.166210086483661e-05,0.060142711518858194,7.821646974790165e-05,1.0,0.0,0.0,0.0,2.0
22,14:01:12,7,0.05606523955147802,299388.0,0.05555555555555558,0.05504587155963292,1.3730790927531326e-06,0.05402650356778782,5.516835640525979e-05,0.05300713557594294,4.5115455904745785e-06,0.051987767584097844,1.6133679339849307e-05,0.050968399592252744,3.9353427569085315e-05,0.05606523955147802,1.9785824533877506e-05,0.057084607543322896,4.08000644703788e-05,0.05810397553516822,7.323905803667156e-05,0.05912334352701332,5.374623877347976e-05,0.060142711518858194,7.868233586865719e-05,1.0,0.0,1.0,0.0,2.0
22,14:01:15,7,0.05504587155963292,52785.0,0.05555555555555558,0.05504587155963292,1.0298093195648493e-06,0.05402650356778782,5.516835640525979e-05,0.05300713557594294,4.5115455904745785e-06,0.051987767584097844,1.6133679339849307e-05,0.050968399592252744,3.9353427569085315e-05,0.05606523955147802,1.8363706902097476e-05,0.057084607543322896,4.048131396670396e-05,0.05810397553516822,7.323905803667156e-05,0.05912334352701332,5.399143146861425e-05,0.060142711518858194,7.868233586865719e-05,1.0,0.0,0.0,0.0,2.0
22,14:01:18,7,0.05402650356778782,48644.0,0.05504587155963292,0.05402650356778782,5.514383713574634e-05,0.05300713557594294,4.5115455904745785e-06,0.051987767584097844,1.6133679339849307e-05,0.050968399592252744,3.9353427569085315e-05,0.04994903160040787,4.347266484734471e-05,0.05606523955147802,1.8412745441124375e-05,0.057084607543322896,4.048131396670396e-05,0.05810397553516822,7.323905803667156e-05,0.05912334352701332,5.399143146861425e-05,0.060142711518858194,7.868233586865719e-05,0.0,0.0,1.0,1.0,2.0
22,14:01:21,7,0.05504587155963292,853746.0,0.05453618756371026,0.05402650356778782,5.514383713574634e-05,0.05300713557594294,4.5115455904745785e-06,0.051987767584097844,1.6133679339849307e-05,0.050968399592252744,3.9353427569085315e-05,0.04994903160040787,4.347266484734471e-05,0.05504587155963292,2.3538498732910843e-06,0.057084607543322896,3.842046936409859e-05,0.05810397553516822,7.323905803667156e-05,0.05912334352701332,5.399143146861425e-05,0.060142711518858194,7.868233586865719e-05,1.0,1.0,1.0,1.0,2.0
22,14:01:24,7,0.05504587155963292,202855.0,0.05555555555555558,0.05504587155963292,4.364429973393886e-06,0.05402650356778782,5.5021240788179096e-05,0.05300713557594294,4.437987781934232e-06,0.051987767584097844,1.6133679339849307e-05,0.050968399592252744,3.9353427569085315e-05,0.05606523955147802,1.2259634756724397e-07,0.057084607543322896,3.842046936409859e-05,0.05810397553516822,7.323905803667156e-05,0.05912334352701332,5.399143146861425e-05,0.060142711518858194,7.868233586865719e-05,0.0,0.0,0.0,1.0,2.0
22,14:01:27,7,0.05504587155963292,180090.0,0.05555555555555558,0.05504587155963292,9.807707805379519e-08,0.05402650356778782,5.5021240788179096e-05,0.05300713557594294,4.437987781934232e-06,0.051987767584097844,1.6329833495956897e-05,0.050968399592252744,3.9353427569085315e-05,0.05606523955147802,1.2259634756724397e-07,0.057084607543322896,3.842046936409859e-05,0.05810397553516822,7.323905803667156e-05,0.05912334352701332,5.399143146861425e-05,0.060142711518858194,7.868233586865719e-05,0.0,0.0,0.0,1.0,2.0
22,14:01:30,7,0.05504587155963292,3105.0,0.05555555555555558,0.05504587155963292,2.4519269513448796e-08,0.05402650356778782,5.5021240788179096e-05,0.05300713557594294,4.437987781934232e-06,0.051987767584097844,1.6329833495956897e-05,0.050968399592252744,3.9353427569085315e-05,0.05606523955147802,1.2259634756724397e-07,0.057084607543322896,3.842046936409859e-05,0.05810397553516822,7.323905803667156e-05,0.05912334352701332,5.399143146861425e-05,0.060142711518858194,7.880493221622443e-05,0.0,0.0,0.0,1.0,2.0
22,14:01:33,7,0.05504587155963292,75545.0,0.05453618756371026,0.05402650356778782,5.5021240788179096e-05,0.05300713557594294,4.437987781934232e-06,0.051987767584097844,1.6795699616712424e-05,0.050968399592252744,3.9353427569085315e-05,0.04994903160040787,4.347266484734471e-05,0.05504587155963292,3.628851887990422e-06,0.05606523955147802,3.677890427017319e-07,0.057084607543322896,3.910700891047516e-05,0.05810397553516822,7.323905803667156e-05,0.05912334352701332,5.399143146861425e-05,1.0,1.0,1.0,2.0,2.0
22,14:01:36,7,0.05504587155963292,49680.0,0.05453618756371026,0.05402650356778782,5.5021240788179096e-05,0.05300713557594294,4.437987781934232e-06,0.051987767584097844,1.6795699616712424e-05,0.050968399592252744,3.9353427569085315e-05,0.04994903160040787,4.347266484734471e-05,0.05504587155963292,3.702409696530768e-06,0.05606523955147802,2.084137908643148e-06,0.057084607543322896,3.869018132874653e-05,0.05810397553516822,7.34106929232657e-05,0.05912334352701332,5.399143146861425e-05,1.0,1.0,1.0,2.0,2.0
22,14:01:39,7,0.05504587155963292,68310.0,0.05453618756371026,0.05402650356778782,5.5021240788179096e-05,0.05300713557594294,4.437987781934232e-06,0.051987767584097844,1.6795699616712424e-05,0.050968399592252744,3.9353427569085315e-05,0.04994903160040787,4.347266484734471e-05,0.05504587155963292,4.8793346331763105e-06,0.05606523955147802,2.3293306037776356e-06,0.057084607543322896,3.8665662059233076e-05,0.05810397553516822,7.34106929232657e-05,0.05912334352701332,5.49722022491522e-05,1.0,1.0,1.0,2.0,2.0
22,14:01:42,7,0.05402650356778782,20680.0,0.05453618756371026,0.05402650356778782,5.453085539791012e-05,0.05300713557594294,4.437987781934232e-06,0.051987767584097844,1.6795699616712424e-05,0.050968399592252744,3.7195731851901827e-05,0.04994903160040787,4.347266484734471e-05,0.05504587155963292,5.3206814844183884e-06,0.05606523955147802,2.4519269513448794e-06,0.057084607543322896,3.8665662059233076e-05,0.05810397553516822,7.390107831353468e-05,0.05912334352701332,5.49722022491522e-05,1.0,2.0,1.0,2.0,2.0
22,14:01:45,7,0.05504587155963292,203808.0,0.05453618756371026,0.05402650356778782,5.276546799294181e-05,0.05300713557594294,4.437987781934232e-06,0.051987767584097844,1.6795699616712424e-05,0.050968399592252744,3.7195731851901827e-05,0.04994903160040787,4.347266484734471e-05,0.05504587155963292,3.849525313611461e-06,0.05606523955147802,4.315391434366988e-06,0.057084607543322896,3.8665662059233076e-05,0.05810397553516822,7.390107831353468e-05,0.05912334352701332,5.49722022491522e-05,1.0,1.0,1.0,2.0,2.0
22,14:01:48,7,0.05504587155963292,110728.0,0.05453618756371026,0.05402650356778782,5.261835237586112e-05,0.05300713557594294,4.437987781934232e-06,0.051987767584097844,1.6795699616712424e-05,0.050968399592252744,3.5724575681094895e-05,0.04994903160040787,4.337458776929092e-05,0.05504587155963292,2.0596186391296986e-06,0.05606523955147802,4.560584129501476e-06,0.057084607543322896,3.8665662059233076e-05,0.05810397553516822,7.390107831353468e-05,0.05912334352701332,5.49722022491522e-05,1.0,1.0,1.0,2.0,2.0
22,14:01:51,7,0.05402650356778782,3102.0,0.05453618756371026,0.05402650356778782,5.254479456732077e-05,0.05300713557594294,4.437987781934232e-06,0.051987767584097844,1.6795699616712424e-05,0.050968399592252744,3.5724575681094895e-05,0.04994903160040787,4.337458776929092e-05,0.05504587155963292,2.0596186391296986e-06,0.05606523955147802,5.050969519770452e-06,0.057084607543322896,3.8665662059233076e-05,0.05810397553516822,7.402367466110192e-05,0.05912334352701332,5.49722022491522e-05,1.0,1.0,1.0,2.0,2.0
22,14:01:54,7,0.05504587155963292,18625.0,0.05453618756371026,0.05402650356778782,5.340296900029148e-05,0.05300713557594294,4.437987781934232e-06,0.051987767584097844,1.6795699616712424e-05,0.050968399592252744,3.5969768376229384e-05,0.04994903160040787,4.337458776929092e-05,0.05504587155963292,3.0894279586945484e-06,0.05606523955147802,5.050969519770452e-06,0.057084607543322896,3.8665662059233076e-05,0.05810397553516822,7.407271320012882e-05,0.05912334352701332,5.49722022491522e-05,1.0,1.0,1.0,2.0,2.0
22,14:01:57,7,0.05504587155963292,109637.0,0.05453618756371026,0.05402650356778782,5.173565867337696e-05,0.05300713557594294,4.437987781934232e-06,0.051987767584097844,1.6795699616712424e-05,0.050968399592252744,3.5969768376229384e-05,0.04994903160040787,4.337458776929092e-05,0.05504587155963292,3.2120243062617922e-06,0.05606523955147802,5.4187585624721835e-06,0.057084607543322896,3.8665662059233076e-05,0.05810397553516822,7.407271320012882e-05,0.05912334352701332,5.49722022491522e-05,2.0,1.0,1.0,2.0,2.0
22,14:02:00,7,0.05504587155963292,104535.0,0.05453618756371026,0.05402650356778782,5.173565867337696e-05,0.05300713557594294,4.437987781934232e-06,0.051987767584097844,1.6795699616712424e-05,0.050968399592252744,3.5969768376229384e-05,0.04994903160040787,4.332554923026402e-05,0.05504587155963292,1.6918295964279668e-06,0.05606523955147802,6.080778839335302e-06,0.057084607543322896,3.8665662059233076e-05,0.05810397553516822,7.407271320012882e-05,0.05912334352701332,5.49722022491522e-05,1.0,1.0,1.0,2.0,2.0
22,14:02:03,7,0.05402650356778782,14478.0,0.05453618756371026,0.05402650356778782,5.144142743921557e-05,0.05300713557594294,4.437987781934232e-06,0.051987767584097844,1.6795699616712424e-05,0.050968399592252744,3.646015376649836e-05,0.04994903160040787,4.332554923026402e-05,0.05504587155963292,1.7163488659414156e-06,0.05606523955147802,6.644722038144624e-06,0.057084607543322896,3.8665662059233076e-05,0.05810397553516822,7.419530954769606e-05,0.05912334352701332,5.49722022491522e-05,1.0,1.0,1.0,2.0,2.0
22,14:02:06,7,0.05402650356778782,210989.0,0.05453618756371026,0.05402650356778782,4.773901774268481e-05,0.05300713557594294,4.437987781934232e-06,0.051987767584097844,1.5765890297147574e-05,0.050968399592252744,3.646015376649836e-05,0.04994903160040787,4.332554923026402e-05,0.05504587155963292,7.110588158900151e-07,0.05606523955147802,6.644722038144624e-06,0.057084607543322896,3.8665662059233076e-05,0.05810397553516822,7.419530954769606e-05,0.05912334352701332,5.49722022491522e-05,1.0,1.0,1.0,2.0,2.0
22,14:02:09,7,0.05402650356778782,612159.0,0.05453618756371026,0.05402650356778782,3.3983707545640034e-05,0.05300713557594294,4.1437565477728465e-06,0.051987767584097844,1.5765890297147574e-05,0.050968399592252744,3.646015376649836e-05,0.04994903160040787,4.332554923026402e-05,0.05504587155963292,1.1278863976186446e-06,0.05606523955147802,7.306742315007741e-06,0.057084607543322896,4.0161337499553455e-05,0.05810397553516822,7.419530954769606e-05,0.05912334352701332,5.49722022491522e-05,1.0,1.0,1.0,2.0,2.0
22,14:02:12,7,0.05606523955147802,1317758.0,0.05504587155963292,0.05402650356778782,8.925014102895362e-06,0.05300713557594294,4.1437565477728465e-06,0.051987767584097844,1.5765890297147574e-05,0.050968399592252744,3.646015376649836e-05,0.04994903160040787,4.332554923026402e-05,0.05606523955147802,4.119237278259397e-06,0.057084607543322896,4.0161337499553455e-05,0.05810397553516822,7.419530954769606e-05,0.05912334352701332,5.49722022491522e-05,0.060142711518858194,7.978570299676237e-05,0.0,0.0,1.0,2.0,2.0
22,14:02:15,7,0.05402650356778782,138556.0,0.05453618756371026,0.05402650356778782,1.2137038409157154e-05,0.05300713557594294,4.1437565477728465e-06,0.051987767584097844,1.5765890297147574e-05,0.050968399592252744,3.646015376649836e-05,0.04994903160040787,4.332554923026402e-05,0.05504587155963292,4.903853902689759e-08,0.05606523955147802,3.923083122151807e-06,0.057084607543322896,4.065172288982243e-05,0.05810397553516822,7.419530954769606e-05,0.05912334352701332,5.49722022491522e-05,1.0,1.0,1.0,2.0,2.0
22,14:02:18,7,0.05402650356778782,17578.0,0.05453618756371026,0.05402650356778782,1.201444206158991e-05,0.05300713557594294,4.1437565477728465e-06,0.051987767584097844,1.5765890297147574e-05,0.050968399592252744,3.646015376649836e-05,0.04994903160040787,4.332554923026402e-05,0.05504587155963292,4.658661207555271e-07,0.05606523955147802,4.634141938041823e-06,0.057084607543322896,4.065172288982243e-05,0.05810397553516822,7.419530954769606e-05,0.05912334352701332,5.49722022491522e-05,1.0,1.0,1.0,2.0,2.0
22,14:02:21,7,0.05402650356778782,219210.0,0.05453618756371026,0.05402650356778782,6.865395463765662e-06,0.05300713557594294,4.1437565477728465e-06,0.051987767584097844,1.5765890297147574e-05,0.050968399592252744,3.646015376649836e-05,0.04994903160040787,4.57774761816089e-05,0.05504587155963292,1.3975983622665813e-06,0.05606523955147802,4.658661207555271e-06,0.057084607543322896,4.065172288982243e-05,0.05810397553516822,7.419530954769606e-05,0.05912334352701332,5.49722022491522e-05,1.0,1.0,1.0,2.0,2.0
22,14:02:24,7,0.05402650356778782,14481.0,0.05453618756371026,0.05402650356778782,7.0615496198732534e-06,0.05300713557594294,4.1437565477728465e-06,0.051987767584097844,1.5765890297147574e-05,0.050968399592252744,3.646015376649836e-05,0.04994903160040787,4.57774761816089e-05,0.05504587155963292,5.10000805879735e-06,0.05606523955147802,4.8793346331763105e-06,0.057084607543322896,4.065172288982243e-05,0.05810397553516822,7.419530954769606e-05,0.05912334352701332,5.49722022491522e-05,1.0,1.0,2.0,2.0,2.0
22,14:02:27,7,0.05402650356778782,38270.0,0.05453618756371026,0.05402650356778782,6.473087151550482e-06,0.05300713557594294,4.1437565477728465e-06,0.051987767584097844,1.5765890297147574e-05,0.050968399592252744,3.646015376649836e-05,0.04994903160040787,4.57774761816089e-05,0.05504587155963292,5.075488789283901e-06,0.05606523955147802,4.8793346331763105e-06,0.057084607543322896,4.065172288982243e-05,0.05810397553516822,7.54212730233685e-05,0.05912334352701332,5.49722022491522e-05,1.0,1.0,2.0,2.0,2.0
22,14:02:30,7,0.05402650356778782,158202.0,0.05453618756371026,0.05402650356778782,2.8442352635600602e-06,0.05300713557594294,4.1437565477728465e-06,0.051987767584097844,1.5765890297147574e-05,0.050968399592252744,3.646015376649836e-05,0.04994903160040787,4.062842958378465e-05,0.05504587155963292,5.10000805879735e-06,0.05606523955147802,1.0150977578567801e-05,0.057084607543322896,4.082335777641657e-05,0.05810397553516822,7.54212730233685e-05,0.05912334352701332,5.49722022491522e-05,1.0,1.0,2.0,2.0,2.0
22,14:02:33,7,0.05402650356778782,90008.0,0.05453618756371026,0.05402650356778782,3.432697731882831e-06,0.05300713557594294,4.1437565477728465e-06,0.051987767584097844,1.5765890297147574e-05,0.050968399592252744,3.646015376649836e-05,0.04994903160040787,4.062842958378465e-05,0.05504587155963292,3.8740445831249095e-06,0.05606523955147802,1.0150977578567801e-05,0.057084607543322896,4.082335777641657e-05,0.05810397553516822,7.54212730233685e-05,0.05912334352701332,5.516835640525979e-05,1.0,1.0,2.0,2.0,2.0
22,14:02:36,7,0.05402650356778782,18612.0,0.05453618756371026,0.05402650356778782,7.380300123548088e-06,0.05300713557594294,4.1437565477728465e-06,0.051987767584097844,1.5765890297147574e-05,0.050968399592252744,3.646015376649836e-05,0.04994903160040787,4.062842958378465e-05,0.05504587155963292,3.947602391665256e-06,0.05606523955147802,1.1695691557915075e-05,0.057084607543322896,4.082335777641657e-05,0.05810397553516822,7.54212730233685e-05,0.05912334352701332,5.516835640525979e-05,1.0,1.0,2.0,2.0,2.0
22,14:02:39,7,0.05402650356778782,47584.0,0.05453618756371026,0.05402650356778782,1.9639934880272486e-05,0.05300713557594294,4.1437565477728465e-06,0.051987767584097844,1.5765890297147574e-05,0.050968399592252744,3.646015376649836e-05,0.04994903160040787,4.062842958378465e-05,0.05504587155963292,5.1490465978242474e-06,0.05606523955147802,1.694281523379312e-05,0.057084607543322896,4.089691558495692e-05,0.05810397553516822,7.54212730233685e-05,0.05912334352701332,5.516835640525979e-05,1.0,1.0,2.0,2.0,2.0
22,14:02:42,7,0.05402650356778782,16544.0,0.05453618756371026,0.05402650356778782,2.1478880093781144e-05,0.05300713557594294,4.1437565477728465e-06,0.051987767584097844,1.5765890297147574e-05,0.050968399592252744,3.646015376649836e-05,0.04994903160040787,4.062842958378465e-05,0.05504587155963292,5.222604406364593e-06,0.05606523955147802,1.7188007928927607e-05,0.057084607543322896,4.1264704627658653e-05,0.05810397553516822,7.54212730233685e-05,0.05912334352701332,5.516835640525979e-05,1.0,1.0,2.0,2.0,2.0
22,14:02:45,7,0.05402650356778782,67267.0,0.05453618756371026,0.05402650356778782,2.1282725937673554e-05,0.05300713557594294,4.1437565477728465e-06,0.051987767584097844,1.5765890297147574e-05,0.050968399592252744,3.646015376649836e-05,0.04994903160040787,4.062842958378465e-05,0.05504587155963292,4.045679469719051e-06,0.05606523955147802,1.7188007928927607e-05,0.057084607543322896,4.1264704627658653e-05,0.05810397553516822,7.54703115623954e-05,0.05912334352701332,5.49231637101253e-05,1.0,1.0,2.0,2.0,2.0
22,14:02:48,7,0.05402650356778782,58938.0,0.05453618756371026,0.05402650356778782,1.9885127575406975e-05,0.05300713557594294,4.462507051447681e-06,0.051987767584097844,1.5765890297147574e-05,0.050968399592252744,3.646015376649836e-05,0.04994903160040787,4.062842958378465e-05,0.05504587155963292,4.732219016095618e-06,0.05606523955147802,1.792358601433107e-05,0.057084607543322896,4.1264704627658653e-05,0.05810397553516822,7.54703115623954e-05,0.05912334352701332,5.49231637101253e-05,1.0,1.0,2.0,2.0,2.0
22,14:02:51,7,0.05504587155963292,11384.0,0.05453618756371026,0.05402650356778782,1.9860608305893524e-05,0.05300713557594294,4.462507051447681e-06,0.051987767584097844,1.5765890297147574e-05,0.050968399592252744,3.646015376649836e-05,0.04994903160040787,4.062842958378465e-05,0.05504587155963292,4.609622668528374e-06,0.05606523955147802,1.792358601433107e-05,0.057084607543322896,4.1264704627658653e-05,0.05810397553516822,7.54703115623954e-05,0.05912334352701332,5.49231637101253e-05,1.0,1.0,2.0,2.0,2.0
22,14:02:54,7,0.05402650356778782,2068.0,0.05453618756371026,0.05402650356778782,1.9811569766866626e-05,0.05300713557594294,4.462507051447681e-06,0.051987767584097844,1.5765890297147574e-05,0.050968399592252744,3.646015376649836e-05,0.04994903160040787,4.062842958378465e-05,0.05504587155963292,4.68318047706872e-06,0.05606523955147802,1.767839331919658e-05,0.057084607543322896,4.13873009752259e-05,0.05810397553516822,7.54703115623954e-05,0.05912334352701332,5.499672151866565e-05,1.0,2.0,2.0,2.0,2.0
22,14:02:57,7,0.05402650356778782,109604.0,0.05453618756371026,0.05402650356778782,1.7237046467954502e-05,0.05300713557594294,9.611553649271928e-06,0.051987767584097844,1.5765890297147574e-05,0.050968399592252744,3.646015376649836e-05,0.04994903160040787,4.062842958378465e-05,0.05504587155963292,1.061684369932333e-05,0.05606523955147802,1.792358601433107e-05,0.057084607543322896,4.143633951425279e-05,0.05810397553516822,7.54703115623954e-05,0.05912334352701332,5.499672151866565e-05,1.0,2.0,2.0,2.0,2.0
22,14:03:00,7,0.05504587155963292,6205.0,0.05453618756371026,0.05402650356778782,1.7114450120387258e-05,0.05300713557594294,9.611553649271928e-06,0.051987767584097844,1.5765890297147574e-05,0.050968399592252744,3.621496107136387e-05,0.04994903160040787,4.062842958378465e-05,0.05504587155963292,1.061684369932333e-05,0.05606523955147802,1.792358601433107e-05,0.057084607543322896,4.1191146819118304e-05,0.05810397553516822,7.54703115623954e-05,0.05912334352701332,5.499672151866565e-05,1.0,2.0,2.0,2.0,2.0
22,14:03:03,7,0.05402650356778782,2068.0,0.05453618756371026,0.05402650356778782,1.7188007928927607e-05,0.05300713557594294,9.611553649271928e-06,0.051987767584097844,1.8217817248492457e-05,0.050968399592252744,3.621496107136387e-05,0.04994903160040787,4.062842958378465e-05,0.05504587155963292,1.2063480600616808e-05,0.05606523955147802,1.8413971404600047e-05,0.057084607543322896,4.1191146819118304e-05,0.05810397553516822,7.54212730233685e-05,0.05912334352701332,5.499672151866565e-05,1.0,2.0,2.0,2.0,2.0
22,14:03:06,7,0.05402650356778782,11374.0,0.05453618756371026,0.05402650356778782,1.6918295964279668e-05,0.05300713557594294,9.611553649271928e-06,0.051987767584097844,1.8340413596059698e-05,0.050968399592252744,3.5969768376229384e-05,0.04994903160040787,4.062842958378465e-05,0.05504587155963292,1.22105962176975e-05,0.05606523955147802,1.875724117778833e-05,0.057084607543322896,4.1191146819118304e-05,0.05810397553516822,7.54212730233685e-05,0.05912334352701332,5.499672151866565e-05,1.0,2.0,2.0,2.0,2.0
22,14:03:09,7,0.05402650356778782,27918.0,0.05453618756371026,0.05402650356778782,1.625627568741655e-05,0.05300713557594294,9.611553649271928e-06,0.051987767584097844,1.8340413596059698e-05,0.050968399592252744,3.5969768376229384e-05,0.04994903160040787,4.0383236888650165e-05,0.05504587155963292,1.7114450120387258e-05,0.05606523955147802,2.0473590043729745e-05,0.057084607543322896,4.1338262436198996e-05,0.05810397553516822,7.54212730233685e-05,0.05912334352701332,5.499672151866565e-05,2.0,2.0,2.0,2.0,2.0
22,14:03:12,7,0.05402650356778782,43428.0,0.05453618756371026,0.05402650356778782,1.5226466367851702e-05,0.05300713557594294,9.611553649271928e-06,0.051987767584097844,1.8340413596059698e-05,0.050968399592252744,3.5969768376229384e-05,0.04994903160040787,4.0383236888650165e-05,0.05504587155963292,2.1307245207187005e-05,0.05606523955147802,2.34159023853436e-05,0.057084607543322896,4.1338262436198996e-05,0.05810397553516822,7.54212730233685e-05,0.05912334352701332,5.499672151866565e-05,2.0,2.0,2.0,2.0,2.0
22,14:03:15,7,0.05402650356778782,373605.0,0.05453618756371026,0.05402650356778782,1.4490888282448238e-05,0.05300713557594294,9.856746344406416e-06,0.051987767584097844,1.8340413596059698e-05,0.050968399592252744,3.5969768376229384e-05,0.04994903160040787,4.0383236888650165e-05,0.05504587155963292,1.3289444076289248e-05,0.05606523955147802,2.3538498732910843e-05,0.057084607543322896,4.13873009752259e-05,0.05810397553516822,7.54212730233685e-05,0.05912334352701332,5.499672151866565e-05,2.0,2.0,2.0,2.0,2.0
22,14:03:18,7,0.05504587155963292,81687.0,0.05453618756371026,0.05402650356778782,1.279905868602027e-05,0.05300713557594294,1.0322612465161942e-05,0.051987767584097844,1.8340413596059698e-05,0.050968399592252744,3.5969768376229384e-05,0.04994903160040787,4.0383236888650165e-05,0.05504587155963292,1.4000502892179263e-05,0.05606523955147802,2.3538498732910843e-05,0.057084607543322896,4.13873009752259e-05,0.05810397553516822,7.54212730233685e-05,0.05912334352701332,5.499672151866565e-05,2.0,2.0,2.0,2.0,2.0
22,14:03:21,7,0.05402650356778782,5170.0,0.05453618756371026,0.05402650356778782,1.2676462338453028e-05,0.05300713557594294,1.0077419770027456e-05,0.051987767584097844,1.8340413596059698e-05,0.050968399592252744,3.5969768376229384e-05,0.04994903160040787,4.0383236888650165e-05,0.05504587155963292,1.4319253395854097e-05,0.05606523955147802,2.3538498732910843e-05,0.057084607543322896,4.13873009752259e-05,0.05810397553516822,7.54212730233685e-05,0.05912334352701332,5.499672151866565e-05,2.0,2.0,2.0,2.0,2.0
22,14:03:24,7,0.05504587155963292,729667.0,0.05555555555555558,0.05504587155963292,2.04000322351894e-05,0.05402650356778782,1.2480308182345438e-05,0.05300713557594294,1.0077419770027456e-05,0.051987767584097844,1.8340413596059698e-05,0.050968399592252744,3.5969768376229384e-05,0.05606523955147802,2.3563018002424293e-05,0.057084607543322896,4.13873009752259e-05,0.05810397553516822,7.54212730233685e-05,0.05912334352701332,5.499672151866565e-05,0.060142711518858194,8.169820601881139e-05,2.0,2.0,2.0,2.0,2.0
22,14:03:27,7,0.05504587155963292,124200.0,0.05555555555555558,0.05504587155963292,1.7457719893575543e-05,0.05402650356778782,1.2480308182345438e-05,0.05300713557594294,1.0077419770027456e-05,0.051987767584097844,1.8340413596059698e-05,0.050968399592252744,3.5969768376229384e-05,0.05606523955147802,2.238609306577875e-05,0.057084607543322896,4.6291154877915656e-05,0.05810397553516822,7.54212730233685e-05,0.05912334352701332,5.499672151866565e-05,0.060142711518858194,8.169820601881139e-05,2.0,2.0,2.0,2.0,2.0
22,14:03:30,7,0.05504587155963292,35190.0,0.05555555555555558,0.05504587155963292,1.6624064730118284e-05,0.05402650356778782,1.2480308182345438e-05,0.05300713557594294,1.0077419770027456e-05,0.051987767584097844,1.8340413596059698e-05,0.050968399592252744,3.621496107136387e-05,0.05606523955147802,2.3121671151182215e-05,0.057084607543322896,4.6291154877915656e-05,0.05810397553516822,7.54212730233685e-05,0.05912334352701332,5.499672151866565e-05,0.060142711518858194,8.14530133236769e-05,2.0,2.0,2.0,2.0,2.0
22,14:03:33,7,0.05504587155963292,271170.0,0.05555555555555558,0.05504587155963292,1.02000161175947e-05,0.05402650356778782,1.2480308182345438e-05,0.05300713557594294,1.0077419770027456e-05,0.051987767584097844,1.8340413596059698e-05,0.050968399592252744,3.621496107136387e-05,0.05606523955147802,2.3146190420695662e-05,0.057084607543322896,4.6291154877915656e-05,0.05810397553516822,7.54212730233685e-05,0.05912334352701332,5.499672151866565e-05,0.060142711518858194,8.14530133236769e-05,2.0,2.0,2.0,2.0,2.0
22,14:03:36,7,0.05504587155963292,25875.0,0.05555555555555558,0.05504587155963292,9.587034379758478e-06,0.05402650356778782,1.2480308182345438e-05,0.05300713557594294,1.0077419770027456e-05,0.051987767584097844,1.8340413596059698e-05,0.050968399592252744,3.621496107136387e-05,0.05606523955147802,2.378369142804533e-05,0.057084607543322896,4.6291154877915656e-05,0.05810397553516822,7.556838864044919e-05,0.05912334352701332,5.499672151866565e-05,0.060142711518858194,8.14530133236769e-05,2.0,2.0,2.0,2.0,2.0
22,14:03:39,7,0.057084607543322896,3073472.0,0.05759429153924556,0.057084607543322896,6.392296158503668e-05,0.05504587155963292,7.037030350359804e-06,0.05402650356778782,1.2480308182345438e-05,0.05300713557594294,1.0077419770027456e-05,0.051987767584097844,1.8340413596059698e-05,0.05810397553516822,7.556838864044919e-05,0.05912334352701332,5.499672151866565e-05,0.060142711518858194,8.14530133236769e-05,0.06116207951070329,6.816356924738765e-06,0.06218144750254839,2.2432924870549437e-05,1.0,2.0,2.0,2.0,2.0
22,14:03:42,7,0.05810397553516822,60147.0,0.05759429153924556,0.057084607543322896,6.25253632227701e-05,0.05504587155963292,7.282223045494292e-06,0.05402650356778782,1.0469728082242636e-05,0.05300713557594294,1.0077419770027456e-05,0.051987767584097844,1.8340413596059698e-05,0.05810397553516822,7.559290790996264e-05,0.05912334352701332,5.499672151866565e-05,0.060142711518858194,8.635686722636666e-05,0.06116207951070329,6.816356924738765e-06,0.06218144750254839,2.2432924870549437e-05,2.0,2.0,2.0,2.0,2.0
22,14:03:45,7,0.057084607543322896,226167.0,0.05759429153924556,0.057084607543322896,5.9656608689696593e-05,0.05504587155963292,7.282223045494292e-06,0.05402650356778782,1.0469728082242636e-05,0.05300713557594294,1.0077419770027456e-05,0.051987767584097844,1.8340413596059698e-05,0.05810397553516822,7.414627100866916e-05,0.05912334352701332,5.377075804299321e-05,0.060142711518858194,8.635686722636666e-05,0.06116207951070329,6.816356924738765e-06,0.06218144750254839,2.2432924870549437e-05,2.0,2.0,2.0,2.0,2.0
22,14:03:48,7,0.057084607543322896,224148.0,0.05759429153924556,0.057084607543322896,5.818545251888966e-05,0.05606523955147802,9.807707805379519e-08,0.05504587155963292,7.282223045494292e-06,0.05402650356778782,1.0469728082242636e-05,0.05300713557594294,1.0077419770027456e-05,0.05810397553516822,7.037030350359805e-05,0.05912334352701332,5.377075804299321e-05,0.060142711518858194,8.625879014831287e-05,0.06116207951070329,6.816356924738765e-06,0.06218144750254839,2.2432924870549437e-05,2.0,2.0,2.0,2.0,2.0
22,14:03:51,7,0.057084607543322896,279049.0,0.05759429153924556,0.057084607543322896,5.4703716247979934e-05,0.05606523955147802,9.807707805379519e-08,0.05504587155963292,7.282223045494292e-06,0.05402650356778782,1.0494247351756085e-05,0.05300713557594294,1.0077419770027456e-05,0.05810397553516822,6.855587755960284e-05,0.05912334352701332,5.377075804299321e-05,0.060142711518858194,8.623427087879941e-05,0.06116207951070329,6.816356924738765e-06,0.06218144750254839,2.2432924870549437e-05,2.0,2.0,2.0,2.0,1.0
22,14:03:54,7,0.05810397553516822,41518.0,0.05759429153924556,0.057084607543322896,5.465467770895304e-05,0.05606523955147802,9.807707805379519e-08,0.05504587155963292,7.282223045494292e-06,0.05402650356778782,1.0494247351756085e-05,0.05300713557594294,1.0077419770027456e-05,0.05810397553516822,6.774674166565902e-05,0.05912334352701332,5.377075804299321e-05,0.060142711518858194,8.598907818366492e-05,0.06116207951070329,6.816356924738765e-06,0.06218144750254839,2.2432924870549437e-05,2.0,2.0,2.0,2.0,1.0
22,14:03:57,7,0.05810397553516822,5218222.0,0.05912334352701332,0.05810397553516822,2.182214986696943e-06,0.057084607543322896,5.5782564106571685e-05,0.05504587155963292,7.355780854034639e-06,0.05402650356778782,1.0494247351756085e-05,0.05300713557594294,9.611553649271928e-06,0.060142711518858194,8.471407616896559e-05,0.06116207951070329,6.816356924738765e-06,0.06218144750254839,2.2432924870549437e-05,0.06320081549439349,1.5643293949580333e-05,0.06422018348623837,3.427793877980142e-05,2.0,1.0,2.0,1.0,0.0
22,14:04:00,7,0.057084607543322896,2608799.0,0.058613659531090656,0.057084607543322896,5.3821022545495776e-05,0.05606523955147802,6.129817378362199e-07,0.05504587155963292,7.355780854034639e-06,0.05402650356778782,1.0494247351756085e-05,0.05300713557594294,9.611553649271928e-06,0.060142711518858194,2.9374084877111657e-05,0.06116207951070329,6.816356924738765e-06,0.06218144750254839,2.2432924870549437e-05,0.06320081549439349,1.5643293949580333e-05,0.06422018348623837,3.46702470920166e-05,2.0,2.0,2.0,2.0,1.0
22,14:04:03,7,0.05810397553516822,371134.0,0.05861365953109088,0.05810397553516822,2.182214986696943e-06,0.057084607543322896,5.394361889306302e-05,0.05606523955147802,6.129817378362199e-07,0.05504587155963292,7.355780854034639e-06,0.05402650356778782,1.039617027370229e-05,0.05912334352701332,2.2067342562103917e-07,0.060142711518858194,1.910051095097661e-05,0.06116207951070329,6.816356924738765e-06,0.06218144750254839,2.2432924870549437e-05,0.06320081549439349,1.5643293949580333e-05,2.0,2.0,2.0,2.0,1.0
22,14:04:06,7,0.060142711518858194,558427.0,0.05912334352701332,0.05810397553516822,2.0596186391296986e-06,0.057084607543322896,5.3968138162576475e-05,0.05606523955147802,6.129817378362199e-07,0.05504587155963292,3.1875050367483437e-07,0.05402650356778782,1.039617027370229e-05,0.060142711518858194,7.110588158900151e-06,0.06116207951070329,6.816356924738765e-06,0.06218144750254839,2.2432924870549437e-05,0.06320081549439349,1.5128389289797907e-05,0.06422018348623837,3.46702470920166e-05,2.0,1.0,2.0,1.0,1.0
22,14:04:09,7,0.05912334352701332,262022.0,0.059633027522935755,0.05912334352701332,2.010580100102801e-06,0.05810397553516822,1.912503022049006e-06,0.057084607543322896,5.418881158819751e-05,0.05606523955147802,6.129817378362199e-07,0.05504587155963292,3.1875050367483437e-07,0.060142711518858194,2.2312535257238405e-06,0.06116207951070329,6.816356924738765e-06,0.06218144750254839,2.2432924870549437e-05,0.06320081549439349,1.5128389289797907e-05,0.06422018348623837,3.4228900240774516e-05,2.0,2.0,2.0,1.0,0.0
22,14:04:12,7,0.05912334352701332,24936.0,0.059633027522935755,0.05912334352701332,1.569233248860723e-06,0.05810397553516822,2.476446220858328e-06,0.057084607543322896,5.418881158819751e-05,0.05606523955147802,6.129817378362199e-07,0.05504587155963292,3.1875050367483437e-07,0.060142711518858194,2.3538498732910843e-06,0.06116207951070329,6.816356924738765e-06,0.06218144750254839,2.2432924870549437e-05,0.06320081549439349,1.5177427828824805e-05,0.06422018348623837,3.4228900240774516e-05,0.0,0.0,2.0,1.0,0.0
22,14:04:15,7,0.060142711518858194,649672.0,0.060652395514780855,0.060142711518858194,1.7163488659414157e-07,0.05810397553516822,3.2855821148021386e-06,0.057084607543322896,5.418881158819751e-05,0.05606523955147802,6.129817378362199e-07,0.05504587155963292,3.1875050367483437e-07,0.06116207951070329,6.644722038144624e-06,0.06218144750254839,2.1452154090011486e-05,0.06320081549439349,1.5177427828824805e-05,0.06422018348623837,3.4228900240774516e-05,0.06523955147808347,3.950054318616601e-05,0.0,1.0,1.0,0.0,0.0
22,14:04:18,7,0.060142711518858194,29120.0,0.060652395514780855,0.060142711518858194,1.9615415610759037e-07,0.05810397553516822,4.413468512420783e-06,0.057084607543322896,5.418881158819751e-05,0.05606523955147802,6.129817378362199e-07,0.05504587155963292,3.1875050367483437e-07,0.06116207951070329,6.938953272306009e-06,0.06218144750254839,2.1452154090011486e-05,0.06320081549439349,1.5177427828824805e-05,0.06422018348623837,3.4228900240774516e-05,0.06523955147808347,3.950054318616601e-05,0.0,2.0,1.0,0.0,1.0
22,14:04:21,7,0.060142711518858194,24964.0,0.060652395514780855,0.060142711518858194,2.4519269513448796e-08,0.05810397553516822,4.2418336258266416e-06,0.057084607543322896,5.418881158819751e-05,0.05606523955147802,1.2872616494560618e-05,0.05504587155963292,3.1875050367483437e-07,0.06116207951070329,7.257703775980844e-06,0.06218144750254839,2.1452154090011486e-05,0.06320081549439349,1.6035602261795514e-05,0.06422018348623837,3.4523131474935906e-05,0.06523955147808347,4.026064054108292e-05,0.0,1.0,0.0,0.0,1.0
22,14:04:24,7,0.060142711518858194,135196.0,0.060652395514780855,0.060142711518858194,2.746158185506265e-06,0.05810397553516822,5.2471236758780425e-06,0.057084607543322896,5.3428714233280596e-05,0.05606523955147802,1.2872616494560618e-05,0.05504587155963292,3.1875050367483437e-07,0.06116207951070329,8.042320400411204e-06,0.06218144750254839,2.1452154090011486e-05,0.06320081549439349,1.6427910574010694e-05,0.06422018348623837,3.4130823162720726e-05,0.06523955147808347,4.0211602002056025e-05,2.0,1.0,0.0,0.0,1.0
22,14:04:27,7,0.060142711518858194,148720.0,0.05912334352701332,0.05810397553516822,5.467797101499081e-06,0.057084607543322896,5.377198400646888e-05,0.05606523955147802,1.2872616494560618e-05,0.05504587155963292,3.1875050367483437e-07,0.05402650356778782,5.149046597824247e-07,0.060142711518858194,1.0249054656621597e-05,0.06116207951070329,8.213955287005347e-06,0.06218144750254839,2.1452154090011486e-05,0.06320081549439349,1.6427910574010694e-05,0.06422018348623837,3.4130823162720726e-05,0.0,2.0,1.0,1.0,1.0
22,14:04:30,7,0.060142711518858194,29104.0,0.05912334352701332,0.05810397553516822,5.443277831985633e-06,0.057084607543322896,5.377198400646888e-05,0.05606523955147802,1.2872616494560618e-05,0.05504587155963292,3.1875050367483437e-07,0.05402650356778782,5.149046597824247e-07,0.060142711518858194,1.1450498862780587e-05,0.06116207951070329,9.170206798029849e-06,0.06218144750254839,2.096176869974251e-05,0.06320081549439349,1.6427910574010694e-05,0.06422018348623837,3.4130823162720726e-05,2.0,2.0,1.0,1.0,1.0
22,14:04:33,7,0.060142711518858194,412872.0,0.059633027522935755,0.05912334352701332,2.4519269513448794e-07,0.05810397553516822,5.443277831985633e-06,0.057084607543322896,5.217823148809471e-05,0.05606523955147802,1.2872616494560618e-05,0.05504587155963292,3.1875050367483437e-07,0.060142711518858194,5.198085136851145e-06,0.06116207951070329,9.170206798029849e-06,0.06218144750254839,2.096176869974251e-05,0.06320081549439349,1.645242984352414e-05,0.06422018348623837,3.118851082110687e-05,2.0,2.0,0.0,0.0,1.0
22,14:04:36,7,0.060142711518858194,93583.0,0.05912334352701332,0.05810397553516822,5.443277831985633e-06,0.057084607543322896,5.217823148809471e-05,0.05606523955147802,1.2872616494560618e-05,0.05504587155963292,3.1875050367483437e-07,0.05402650356778782,5.149046597824247e-07,0.060142711518858194,4.952892441716656e-06,0.06116207951070329,9.685111457812275e-06,0.06218144750254839,2.096176869974251e-05,0.06320081549439349,1.708993085087381e-05,0.06422018348623837,3.118851082110687e-05,2.0,2.0,1.0,1.0,1.0
22,14:04:39,7,0.06116207951070329,838580.0,0.06167176350662573,0.06116207951070329,1.7212527198441054e-06,0.060142711518858194,6.987991811332907e-06,0.05810397553516822,4.68318047706872e-06,0.057084607543322896,5.217823148809471e-05,0.05606523955147802,1.2872616494560618e-05,0.06218144750254839,2.096176869974251e-05,0.06320081549439349,1.708993085087381e-05,0.06422018348623837,3.118851082110687e-05,0.06523955147808347,4.109429570454018e-05,0.06625891946992857,1.6011082992282063e-05,0.0,0.0,0.0,0.0,0.0
22,14:04:42,7,0.05912334352701332,379874.0,0.05861365953109088,0.05810397553516822,8.336551634572591e-06,0.057084607543322896,5.217823148809471e-05,0.05606523955147802,1.2872616494560618e-05,0.05504587155963292,3.1875050367483437e-07,0.05402650356778782,5.149046597824247e-07,0.05912334352701332,8.532705790680181e-07,0.06116207951070329,1.9615415610759037e-07,0.06218144750254839,2.1255999933903896e-05,0.06320081549439349,1.7457719893575543e-05,0.06422018348623837,3.116399155159342e-05,2.0,2.0,1.0,1.0,2.0
22,14:04:45,7,0.060142711518858194,150507.0,0.060652395514780855,0.060142711518858194,7.404819393061537e-07,0.05912334352701332,1.1842807174995769e-05,0.05810397553516822,8.728859946787772e-06,0.057084607543322896,7.110588158900151e-07,0.05606523955147802,1.2872616494560618e-05,0.06116207951070329,2.4519269513448796e-08,0.06218144750254839,2.1255999933903896e-05,0.06320081549439349,1.753127770211589e-05,0.06422018348623837,3.165437694186239e-05,0.06523955147808347,4.109429570454018e-05,1.0,1.0,1.0,0.0,0.0
22,14:04:48,7,0.06116207951070329,92654.0,0.06167176350662573,0.06116207951070329,8.262993826032244e-06,0.060142711518858194,1.42702148568272e-06,0.05912334352701332,1.2333192565264744e-05,0.05810397553516822,8.925014102895362e-06,0.057084607543322896,9.56251511024503e-07,0.06218144750254839,2.113340358633665e-05,0.06320081549439349,1.998320465346077e-05,0.06422018348623837,3.165437694186239e-05,0.06523955147808347,4.1241411321620875e-05,0.06625891946992857,1.6378872034983796e-05,0.0,0.0,0.0,0.0,0.0
22,14:04:51,7,0.06116207951070329,354978.0,0.060652395514780855,0.060142711518858194,2.726542769895506e-06,0.05912334352701332,1.240675037380509e-05,0.05810397553516822,9.488957301704683e-06,0.057084607543322896,9.56251511024503e-07,0.05606523955147802,1.2872616494560618e-05,0.06116207951070329,4.388949242907334e-06,0.06218144750254839,2.1255999933903896e-05,0.06320081549439349,2.0424551504702847e-05,0.06422018348623837,3.165437694186239e-05,0.06523955147808347,4.246737479729332e-05,2.0,0.0,1.0,0.0,0.0
22,14:04:54,7,0.06116207951070329,35367.0,0.060652395514780855,0.060142711518858194,2.579427152814813e-06,0.05912334352701332,1.240675037380509e-05,0.05810397553516822,8.410109443112937e-06,0.057084607543322896,9.56251511024503e-07,0.05606523955147802,1.2872616494560618e-05,0.06116207951070329,5.663951257606672e-06,0.06218144750254839,2.0079074997258355e-05,0.06320081549439349,2.0424551504702847e-05,0.06422018348623837,3.165437694186239e-05,0.06523955147808347,4.234477844972607e-05,1.0,0.0,0.0,0.0,0.0
22,14:04:57,7,0.06320081549439349,2123002.0,0.06371049949031593,0.06320081549439349,3.8517320478676715e-06,0.06116207951070329,2.6971196464793677e-07,0.060142711518858194,1.6476949113037591e-06,0.05912334352701332,1.240675037380509e-05,0.05810397553516822,8.410109443112937e-06,0.06422018348623837,3.177697328942964e-05,0.06523955147808347,4.234477844972607e-05,0.06625891946992857,1.6624064730118284e-05,0.06727828746177367,6.227894456415994e-06,0.06829765545361877,2.6799561578199533e-05,0.0,0.0,0.0,0.0,0.0
22,14:05:00,7,0.06116207951070329,199226.0,0.060652395514780855,0.060142711518858194,2.2116381101130815e-06,0.05912334352701332,1.240675037380509e-05,0.05810397553516822,8.140397478465e-06,0.057084607543322896,1.0052900500514005e-06,0.05606523955147802,1.2872616494560618e-05,0.06116207951070329,3.1875050367483437e-07,0.06218144750254839,2.4519269513448794e-07,0.06422018348623837,3.177697328942964e-05,0.06523955147808347,4.236929771923952e-05,0.06625891946992857,1.72860850069814e-05,1.0,0.0,0.0,0.0,0.0
22,14:05:03,7,0.06116207951070329,49962.0,0.060652395514780855,0.060142711518858194,2.3097151881668766e-06,0.05912334352701332,1.240675037380509e-05,0.05810397553516822,8.312032365059142e-06,0.057084607543322896,1.0052900500514005e-06,0.05606523955147802,1.2872616494560618e-05,0.06116207951070329,6.129817378362199e-07,0.06218144750254839,2.4519269513448794e-07,0.06320081549439349,2.550004029398675e-06,0.06422018348623837,3.104139520402618e-05,0.06523955147808347,4.239381698875297e-05,1.0,0.0,0.0,0.0,0.0
22,14:05:06,7,0.06116207951070329,28106.0,0.06167176350662573,0.06116207951070329,1.9615415610759037e-07,0.060142711518858194,2.5303886137879156e-06,0.05912334352701332,1.2848097225047169e-05,0.05810397553516822,9.096648989489503e-06,0.057084607543322896,1.0052900500514005e-06,0.06218144750254839,7.355780854034638e-07,0.06320081549439349,4.487026320961129e-06,0.06422018348623837,3.0649086891811e-05,0.06523955147808347,4.232025918021262e-05,0.06625891946992857,1.4025022161692712e-05,0.0,0.0,0.0,0.0,0.0
22,14:05:09,7,0.06116207951070329,57245.0,0.060652395514780855,0.060142711518858194,4.246737479729331e-06,0.05912334352701332,1.2848097225047169e-05,0.05810397553516822,9.047610450462606e-06,0.057084607543322896,1.2504827451858885e-06,0.05606523955147802,1.2872616494560618e-05,0.06116207951070329,1.4711561708069277e-06,0.06218144750254839,1.1278863976186446e-06,0.06320081549439349,7.404819393061536e-06,0.06422018348623837,3.0649086891811e-05,0.06523955147808347,4.1167853513080525e-05,0.0,0.0,0.0,0.0,0.0
22,14:05:12,7,0.060142711518858194,63498.0,0.060652395514780855,0.060142711518858194,4.295776018756229e-06,0.05912334352701332,1.2848097225047169e-05,0.05810397553516822,1.198992279207646e-05,0.057084607543322896,1.2504827451858885e-06,0.05606523955147802,1.2872616494560618e-05,0.06116207951070329,3.4326977318828314e-07,0.06218144750254839,6.325971534469789e-06,0.06320081549439349,8.213955287005347e-06,0.06422018348623837,3.0649086891811e-05,0.06523955147808347,4.1167853513080525e-05,0.0,0.0,0.0,0.0,0.0
22,14:05:15,7,0.06116207951070329,277134.0,0.060652395514780855,0.060142711518858194,4.222218210215882e-06,0.05912334352701332,1.2848097225047169e-05,0.05810397553516822,1.1499537401807485e-05,0.057084607543322896,1.2504827451858885e-06,0.05606523955147802,1.2872616494560618e-05,0.06116207951070329,3.898563852638359e-06,0.06218144750254839,1.8879837525355572e-06,0.06320081549439349,1.8144259439952107e-05,0.06422018348623837,3.136014570770101e-05,0.06523955147808347,4.1167853513080525e-05,0.0,1.0,0.0,0.0,0.0
22,14:05:18,7,0.060142711518858194,155065.0,0.060652395514780855,0.060142711518858194,3.1433703516241358e-06,0.05912334352701332,1.2848097225047169e-05,0.05810397553516822,1.1671172288401626e-05,0.057084607543322896,1.2504827451858885e-06,0.05606523955147802,1.3117809189695105e-05,0.06116207951070329,2.7216389159928164e-06,0.06218144750254839,2.2067342562103917e-06,0.06320081549439349,2.6775042308686086e-05,0.06422018348623837,3.136014570770101e-05,0.06523955147808347,4.143756547772847e-05,0.0,1.0,0.0,1.0,0.0
22,14:05:21,7,0.05912334352701332,788091.0,0.05861365953109088,0.05810397553516822,1.1671172288401626e-05,0.057084607543322896,1.2504827451858885e-06,0.05606523955147802,1.3117809189695105e-05,0.05504587155963292,1.7850028205790724e-05,0.05402650356778782,5.149046597824247e-07,0.05912334352701332,3.501351686520488e-06,0.06116207951070329,1.2504827451858885e-06,0.06218144750254839,2.4274076818314307e-06,0.06320081549439349,2.689763865625333e-05,0.06422018348623837,3.136014570770101e-05,1.0,2.0,2.0,2.0,1.0
22,14:05:24,7,0.05912334352701332,37404.0,0.05861365953109088,0.05810397553516822,1.162213374937473e-05,0.057084607543322896,1.2504827451858885e-06,0.05606523955147802,1.3117809189695105e-05,0.05504587155963292,1.7850028205790724e-05,0.05402650356778782,5.149046597824247e-07,0.05912334352701332,5.536451056136738e-06,0.060142711518858194,1.5447139793472742e-06,0.06116207951070329,5.835586144200813e-06,0.06218144750254839,4.388949242907334e-06,0.06320081549439349,2.9030815103923375e-05,1.0,2.0,2.0,2.0,1.0
22,14:05:27,7,0.05810397553516822,24916.0,0.05861365953109088,0.05810397553516822,1.039617027370229e-05,0.057084607543322896,1.2504827451858885e-06,0.05606523955147802,1.3117809189695105e-05,0.05504587155963292,1.7850028205790724e-05,0.05402650356778782,5.149046597824247e-07,0.05912334352701332,6.10039425494606e-06,0.060142711518858194,1.5447139793472742e-06,0.06116207951070329,5.590393449066325e-06,0.06218144750254839,5.467797101499081e-06,0.06320081549439349,2.7118312081874368e-05,1.0,2.0,1.0,2.0,1.0
22,14:05:30,7,0.05912334352701332,35326.0,0.05861365953109088,0.05810397553516822,1.0150977578567801e-05,0.057084607543322896,1.4956754403203766e-06,0.05606523955147802,1.3117809189695105e-05,0.05504587155963292,1.7850028205790724e-05,0.05402650356778782,5.149046597824247e-07,0.05912334352701332,5.266739091488801e-06,0.060142711518858194,1.7899066744817621e-06,0.06116207951070329,5.6149127185797746e-06,0.06218144750254839,1.0543285890782982e-05,0.06320081549439349,2.7363504777008856e-05,2.0,2.0,1.0,2.0,1.0
22,14:05:33,7,0.05912334352701332,41560.0,0.05861365953109088,0.05810397553516822,1.6967334503306566e-05,0.057084607543322896,6.767318385711867e-06,0.05606523955147802,1.3117809189695105e-05,0.05504587155963292,1.7850028205790724e-05,0.05402650356778782,5.149046597824247e-07,0.05912334352701332,5.266739091488801e-06,0.060142711518858194,2.3538498732910843e-06,0.06116207951070329,5.639431988093223e-06,0.06218144750254839,1.0935594202998162e-05,0.06320081549439349,2.7608697472143345e-05,2.0,2.0,1.0,2.0,0.0
22,14:05:36,7,0.05810397553516822,6233.0,0.05861365953109088,0.05810397553516822,1.674666107768553e-05,0.057084607543322896,6.840876194252214e-06,0.05606523955147802,1.3117809189695105e-05,0.05504587155963292,1.8463009943626942e-05,0.05402650356778782,5.149046597824247e-07,0.05912334352701332,5.462893247596392e-06,0.060142711518858194,2.6971196464793676e-06,0.06116207951070329,5.663951257606672e-06,0.06218144750254839,1.118078689813265e-05,0.06320081549439349,2.6382733996470905e-05,2.0,2.0,1.0,2.0,0.0
22,14:05:39,7,0.05912334352701332,30107.0,0.05861365953109088,0.05810397553516822,1.6158198609362758e-05,0.057084607543322896,6.840876194252214e-06,0.05606523955147802,1.3117809189695105e-05,0.05504587155963292,1.8463009943626942e-05,0.05402650356778782,5.149046597824247e-07,0.05912334352701332,5.340296900029148e-06,0.060142711518858194,3.1875050367483435e-06,0.06116207951070329,5.933663222254608e-06,0.06218144750254839,1.1940884253049564e-05,0.06320081549439349,2.6382733996470905e-05,2.0,2.0,1.0,2.0,0.0
22,14:05:42,7,0.05810397553516822,77907.0,0.05861365953109088,0.05810397553516822,1.7016373042333465e-05,0.057084607543322896,6.840876194252214e-06,0.05606523955147802,1.3117809189695105e-05,0.05504587155963292,1.8855318255842126e-05,0.05402650356778782,7.600973549169127e-07,0.05912334352701332,5.806163020784675e-06,0.060142711518858194,3.1875050367483435e-06,0.06116207951070329,5.90914395274116e-06,0.06218144750254839,1.2308673295751295e-05,0.06320081549439349,2.64808110745247e-05,2.0,2.0,1.0,2.0,0.0
22,14:05:45,7,0.060142711518858194,381235.0,0.060652395514780855,0.060142711518858194,2.4077922662206717e-06,0.05810397553516822,1.713896938990071e-05,0.057084607543322896,6.840876194252214e-06,0.05606523955147802,1.3117809189695105e-05,0.05504587155963292,1.8855318255842126e-05,0.06116207951070329,6.669241307658072e-06,0.06218144750254839,1.5373581984932394e-05,0.06320081549439349,2.64808110745247e-05,0.06422018348623837,3.297841749558863e-05,0.06523955147808347,4.354622265588506e-05,0.0,0.0,0.0,0.0,0.0
22,14:05:48,7,0.060142711518858194,34320.0,0.060652395514780855,0.060142711518858194,1.5986563722768616e-06,0.05912334352701332,4.903853902689759e-08,0.05810397553516822,1.7237046467954502e-05,0.057084607543322896,7.625492818682576e-06,0.05606523955147802,1.3117809189695105e-05,0.06116207951070329,6.669241307658072e-06,0.06218144750254839,1.610916007033586e-05,0.06320081549439349,2.6726003769659187e-05,0.06422018348623837,3.297841749558863e-05,0.06523955147808347,4.359526119491196e-05,0.0,0.0,0.0,0.0,0.0
22,14:05:51,7,0.060142711518858194,47865.0,0.060652395514780855,0.060142711518858194,1.0837517124944367e-06,0.05912334352701332,8.33655163457259e-07,0.05810397553516822,1.870820263876143e-05,0.057084607543322896,1.0077419770027456e-05,0.05606523955147802,1.3117809189695105e-05,0.06116207951070329,8.900494833381913e-06,0.06218144750254839,1.7653874049683134e-05,0.06320081549439349,2.6726003769659187e-05,0.06422018348623837,3.297841749558863e-05,0.06523955147808347,4.359526119491196e-05,0.0,0.0,0.0,0.0,0.0
22,14:05:54,7,0.060142711518858194,174738.0,0.059633027522935755,0.05912334352701332,2.4519269513448794e-07,0.05810397553516822,1.6844738155739322e-05,0.057084607543322896,1.0077419770027456e-05,0.05606523955147802,1.3117809189695105e-05,0.05504587155963292,1.9321184376597652e-05,0.060142711518858194,5.830682290298123e-06,0.06116207951070329,8.434628712626386e-06,0.06218144750254839,1.8021663092384866e-05,0.06320081549439349,2.7240908429441612e-05,0.06422018348623837,3.297841749558863e-05,1.0,1.0,0.0,0.0,0.0
22,14:05:57,7,0.060142711518858194,105040.0,0.059633027522935755,0.05912334352701332,6.620202768631175e-07,0.05810397553516822,1.6844738155739322e-05,0.057084607543322896,1.0077419770027456e-05,0.05606523955147802,1.3117809189695105e-05,0.05504587155963292,1.9321184376597652e-05,0.060142711518858194,5.757124481757777e-06,0.06116207951070329,1.2038961331103359e-05,0.06218144750254839,1.8021663092384866e-05,0.06320081549439349,2.7363504777008856e-05,0.06422018348623837,3.297841749558863e-05,1.0,0.0,0.0,0.0,0.0
22,14:06:00,7,0.060142711518858194,0.0,0.059633027522935755,0.05912334352701332,6.620202768631175e-07,0.05810397553516822,1.6771180347198976e-05,0.057084607543322896,1.0077419770027456e-05,0.05606523955147802,1.3117809189695105e-05,0.05504587155963292,1.9321184376597652e-05,0.060142711518858194,7.74318531234713e-06,0.06116207951070329,1.694281523379312e-05,0.06218144750254839,1.8389452135086596e-05,0.06320081549439349,2.2484170143832546e-05,0.06422018348623837,3.2488032105319655e-05,1.0,0.0,0.0,0.0,0.0
22,14:06:03,7,0.05912334352701332,8312.0,0.059633027522935755,0.05912334352701332,1.569233248860723e-06,0.05810397553516822,1.6771180347198976e-05,0.057084607543322896,9.97934269197366e-06,0.05606523955147802,1.3117809189695105e-05,0.05504587155963292,1.9517338532705242e-05,0.060142711518858194,9.336937830721302e-06,0.06116207951070329,1.9198588029030408e-05,0.06218144750254839,1.853656775216729e-05,0.06320081549439349,2.1307245207187005e-05,0.06422018348623837,3.2488032105319655e-05,1.0,0.0,0.0,0.0,0.0
22,14:06:06,7,0.05912334352701332,108146.0,0.059633027522935755,0.05912334352701332,1.2259634756724397e-06,0.05810397553516822,1.6771180347198976e-05,0.057084607543322896,9.97934269197366e-06,0.05606523955147802,1.3117809189695105e-05,0.05504587155963292,1.9517338532705242e-05,0.060142711518858194,1.0857132540555126e-05,0.06116207951070329,1.9419261454651445e-05,0.06218144750254839,1.853656775216729e-05,0.06320081549439349,1.9125030220490062e-05,0.06422018348623837,3.2488032105319655e-05,1.0,0.0,0.0,0.0,0.0
22,14:06:09,7,0.05912334352701332,34297.0,0.059633027522935755,0.05912334352701332,3.113947228207997e-06,0.05810397553516822,8.238474556518795e-06,0.057084607543322896,9.97934269197366e-06,0.05606523955147802,1.3117809189695105e-05,0.05504587155963292,1.9517338532705242e-05,0.060142711518858194,1.100424815763582e-05,0.06116207951070329,1.9664454149785934e-05,0.06218144750254839,1.853656775216729e-05,0.06320081549439349,1.9615415610759035e-05,0.06422018348623837,3.2488032105319655e-05,1.0,0.0,0.0,0.0,0.0
22,14:06:12,7,0.05912334352701332,66496.0,0.059633027522935755,0.05912334352701332,6.448567882037034e-06,0.05810397553516822,8.238474556518795e-06,0.057084607543322896,9.905784883433313e-06,0.05606523955147802,1.3117809189695105e-05,0.05504587155963292,1.9517338532705242e-05,0.060142711518858194,1.1298479391797205e-05,0.06116207951070329,1.9517338532705242e-05,0.06218144750254839,1.8781760447301776e-05,0.06320081549439349,1.9664454149785934e-05,0.06422018348623837,3.2488032105319655e-05,0.0,0.0,0.0,0.0,0.0
22,14:06:15,7,0.05912334352701332,277660.0,0.059633027522935755,0.05912334352701332,6.031740300308404e-06,0.05810397553516822,8.238474556518795e-06,0.057084607543322896,9.905784883433313e-06,0.05606523955147802,1.3117809189695105e-05,0.05504587155963292,1.9517338532705242e-05,0.060142711518858194,5.5854895951636355e-06,0.06116207951070329,1.954185780221869e-05,0.06218144750254839,1.8830798986328675e-05,0.06320081549439349,1.9713492688812832e-05,0.06422018348623837,3.2488032105319655e-05,0.0,0.0,1.0,0.0,0.0
22,14:06:18,7,0.060142711518858194,104948.0,0.059633027522935755,0.05912334352701332,4.315391434366988e-06,0.05810397553516822,9.464438032191236e-06,0.057084607543322896,9.905784883433313e-06,0.05606523955147802,1.3117809189695105e-05,0.05504587155963292,1.9517338532705242e-05,0.060142711518858194,5.4874125171098404e-06,0.06116207951070329,1.9639934880272486e-05,0.06218144750254839,1.9174068759516957e-05,0.06320081549439349,2.0424551504702847e-05,0.06422018348623837,3.2488032105319655e-05,0.0,0.0,2.0,0.0,0.0
22,14:06:21,7,0.060142711518858194,166262.0,0.059633027522935755,0.05912334352701332,1.078847858591747e-06,0.05810397553516822,1.2112519139643705e-05,0.057084607543322896,9.954823422460211e-06,0.05606523955147802,1.3117809189695105e-05,0.05504587155963292,1.9639934880272486e-05,0.060142711518858194,5.757124481757777e-06,0.06116207951070329,1.9836089036380077e-05,0.06218144750254839,1.9174068759516957e-05,0.06320081549439349,2.0424551504702847e-05,0.06422018348623837,3.2488032105319655e-05,0.0,0.0,2.0,0.0,0.0
22,14:06:24,7,0.05912334352701332,49875.0,0.059633027522935755,0.05912334352701332,1.9615415610759037e-07,0.05810397553516822,1.304425138115476e-05,0.057084607543322896,9.660592188298826e-06,0.05606523955147802,1.3117809189695105e-05,0.05504587155963292,1.9639934880272486e-05,0.060142711518858194,1.0244150802718907e-05,0.06116207951070329,1.9664454149785934e-05,0.06218144750254839,1.7384162085035198e-05,0.06320081549439349,2.0865898355944926e-05,0.06422018348623837,3.26106284528869e-05,0.0,0.0,2.0,0.0,0.0
22,14:06:27,7,0.05810397553516822,55022.0,0.05861365953109088,0.05810397553516822,1.1695691557915075e-05,0.057084607543322896,9.660592188298826e-06,0.05606523955147802,1.3117809189695105e-05,0.05504587155963292,1.9639934880272486e-05,0.05402650356778782,1.7408681354548646e-06,0.05912334352701332,7.748089166249819e-06,0.060142711518858194,1.0832613271041677e-05,0.06116207951070329,1.9443780724164896e-05,0.06218144750254839,1.7702912588710032e-05,0.06320081549439349,2.138080301572735e-05,1.0,0.0,2.0,1.0,0.0
22,14:06:30,7,0.05912334352701332,52985.0,0.05861365953109088,0.05810397553516822,1.162213374937473e-05,0.057084607543322896,9.660592188298826e-06,0.05606523955147802,1.3117809189695105e-05,0.05504587155963292,1.9639934880272486e-05,0.05402650356778782,1.7408681354548646e-06,0.05912334352701332,6.840876194252214e-06,0.060142711518858194,1.0538382036880292e-05,0.06116207951070329,1.973801195832628e-05,0.06218144750254839,1.7702912588710032e-05,0.06320081549439349,2.1699553519402185e-05,1.0,1.0,2.0,1.0,0.0
22,14:06:33,7,0.05810397553516822,212990.0,0.05861365953109088,0.05810397553516822,1.5005792942230663e-05,0.057084607543322896,9.439918762677787e-06,0.05606523955147802,1.3117809189695105e-05,0.05504587155963292,1.9639934880272486e-05,0.05402650356778782,1.7408681354548646e-06,0.05912334352701332,2.084137908643148e-06,0.060142711518858194,1.0538382036880292e-05,0.06116207951070329,1.973801195832628e-05,0.06218144750254839,1.7702912588710032e-05,0.06320081549439349,2.464186586101604e-05,1.0,1.0,2.0,0.0,0.0
22,14:06:36,7,0.05810397553516822,16610.0,0.05861365953109088,0.05810397553516822,1.4662523169042379e-05,0.057084607543322896,1.0224535387108147e-05,0.05606523955147802,1.3117809189695105e-05,0.05504587155963292,1.9394742185137998e-05,0.05402650356778782,1.7408681354548646e-06,0.05912334352701332,2.1331764476700454e-06,0.060142711518858194,1.078357473201478e-05,0.06116207951070329,2.1503399363294595e-05,0.06218144750254839,1.7702912588710032e-05,0.06320081549439349,2.5132251251285015e-05,0.0,1.0,2.0,0.0,0.0
22,14:06:39,7,0.05912334352701332,90376.0,0.05861365953109088,0.05810397553516822,1.159761447986128e-05,0.057084607543322896,1.0224535387108147e-05,0.05606523955147802,1.3117809189695105e-05,0.05504587155963292,1.9394742185137998e-05,0.05402650356778782,1.7408681354548646e-06,0.05912334352701332,1.2995212842127862e-06,0.060142711518858194,9.876361760017175e-06,0.06116207951070329,2.1503399363294595e-05,0.06218144750254839,1.7702912588710032e-05,0.06320081549439349,2.5181289790311913e-05,0.0,1.0,2.0,0.0,0.0
22,14:06:42,7,0.05912334352701332,25966.0,0.05861365953109088,0.05810397553516822,1.1842807174995769e-05,0.057084607543322896,1.0347131734675392e-05,0.05606523955147802,1.3117809189695105e-05,0.05504587155963292,1.9639934880272486e-05,0.05402650356778782,1.7408681354548646e-06,0.05912334352701332,1.1524056671320934e-06,0.060142711518858194,1.0759055462501331e-05,0.06116207951070329,2.155243790232149e-05,0.06218144750254839,1.7702912588710032e-05,0.06320081549439349,2.540196321593295e-05,0.0,1.0,2.0,0.0,0.0
22,14:06:45,7,0.05810397553516822,21804.0,0.05861365953109088,0.05810397553516822,1.1499537401807485e-05,0.057084607543322896,1.0347131734675392e-05,0.05606523955147802,1.3117809189695105e-05,0.05504587155963292,1.9639934880272486e-05,0.05402650356778782,1.7408681354548646e-06,0.05912334352701332,1.201444206158991e-06,0.060142711518858194,1.0759055462501331e-05,0.06116207951070329,2.155243790232149e-05,0.06218144750254839,1.7457719893575543e-05,0.06320081549439349,2.540196321593295e-05,1.0,2.0,2.0,0.0,0.0
22,14:06:48,7,0.05810397553516822,33226.0,0.05861365953109088,0.05810397553516822,1.0960113472511611e-05,0.057084607543322896,1.0347131734675392e-05,0.05606523955147802,1.3117809189695105e-05,0.05504587155963292,1.9639934880272486e-05,0.05402650356778782,1.7408681354548646e-06,0.05912334352701332,3.825006044098012e-06,0.060142711518858194,1.181338405157963e-05,0.06116207951070329,2.155243790232149e-05,0.06218144750254839,1.753127770211589e-05,0.06320081549439349,2.54755210244733e-05,1.0,2.0,2.0,0.0,0.0
22,14:06:51,7,0.057084607543322896,524179.0,0.058103975535167995,0.057084607543322896,1.0665882238350226e-05,0.05606523955147802,1.3117809189695105e-05,0.05504587155963292,1.9639934880272486e-05,0.05402650356778782,1.7408681354548646e-06,0.05300713557594294,1.0347131734675392e-05,0.05912334352701332,4.315391434366988e-06,0.060142711518858194,1.181338405157963e-05,0.06116207951070329,2.155243790232149e-05,0.06218144750254839,1.767839331919658e-05,0.06320081549439349,2.54755210244733e-05,2.0,2.0,2.0,0.0,0.0
22,14:06:54,7,0.057084607543322896,0.0,0.05759429153924556,0.057084607543322896,1.1744730096941974e-05,0.05606523955147802,1.3117809189695105e-05,0.05504587155963292,1.9639934880272486e-05,0.05402650356778782,1.7408681354548646e-06,0.05300713557594294,1.0347131734675392e-05,0.05810397553516822,2.4519269513448796e-08,0.05912334352701332,5.1490465978242474e-06,0.060142711518858194,1.1322998661310654e-05,0.06116207951070329,2.155243790232149e-05,0.06218144750254839,1.9394742185137998e-05,2.0,2.0,2.0,0.0,0.0
22,14:06:57,7,0.057084607543322896,20744.0,0.05759429153924556,0.057084607543322896,1.1352421784726792e-05,0.05606523955147802,1.3117809189695105e-05,0.05504587155963292,1.9639934880272486e-05,0.05402650356778782,1.7408681354548646e-06,0.05300713557594294,1.0347131734675392e-05,0.05810397553516822,4.903853902689759e-07,0.05912334352701332,5.860105413714262e-06,0.060142711518858194,1.3922041229736227e-05,0.06116207951070329,1.9811569766866626e-05,0.06218144750254839,1.9394742185137998e-05,2.0,2.0,2.0,0.0,0.0
22,14:07:00,7,0.05810397553516822,292701.0,0.05861365953109088,0.05810397553516822,1.4466369012934789e-06,0.057084607543322896,1.098463274202506e-05,0.05606523955147802,1.3117809189695105e-05,0.05504587155963292,1.9639934880272486e-05,0.05402650356778782,1.7408681354548646e-06,0.05912334352701332,5.982701761281507e-06,0.060142711518858194,1.404463757730347e-05,0.06116207951070329,1.9811569766866626e-05,0.06218144750254839,1.9639934880272486e-05,0.06320081549439349,2.5745232989121236e-05,2.0,2.0,1.0,0.0,0.0
22,14:07:03,7,0.05810397553516822,13494.0,0.05861365953109088,0.05810397553516822,1.8634644830221085e-06,0.057084607543322896,1.12053061676461e-05,0.05606523955147802,1.3117809189695105e-05,0.05504587155963292,1.9639934880272486e-05,0.05402650356778782,1.7408681354548646e-06,0.05912334352701332,6.350490803983238e-06,0.060142711518858194,1.4167233924870714e-05,0.06116207951070329,2.0056762462001114e-05,0.06218144750254839,1.976253122783973e-05,0.06320081549439349,2.5745232989121236e-05,2.0,2.0,1.0,0.0,0.0
22,14:07:06,7,0.05810397553516822,20760.0,0.05861365953109088,0.05810397553516822,1.3975983622665813e-06,0.057084607543322896,1.12053061676461e-05,0.05606523955147802,1.3117809189695105e-05,0.05504587155963292,1.9639934880272486e-05,0.05402650356778782,1.2504827451858885e-06,0.05912334352701332,6.448567882037034e-06,0.060142711518858194,1.5172523974922116e-05,0.06116207951070329,1.9811569766866626e-05,0.06218144750254839,2.0252916618108704e-05,0.06320081549439349,2.5745232989121236e-05,2.0,2.0,1.0,0.0,0.0
22,14:07:09,7,0.05810397553516822,76811.0,0.05861365953109088,0.05810397553516822,9.807707805379519e-08,0.057084607543322896,1.159761447986128e-05,0.05606523955147802,1.3117809189695105e-05,0.05504587155963292,1.9811569766866626e-05,0.05402650356778782,1.2504827451858885e-06,0.05912334352701332,7.208665236953946e-06,0.060142711518858194,1.5172523974922116e-05,0.06116207951070329,1.9811569766866626e-05,0.06218144750254839,2.0252916618108704e-05,0.06320081549439349,2.3661095080478087e-05,2.0,2.0,1.0,0.0,0.0
22,14:07:12,7,0.05912334352701332,18701.0,0.05861365953109088,0.05810397553516822,9.292803145597093e-06,0.057084607543322896,1.159761447986128e-05,0.05606523955147802,1.3117809189695105e-05,0.05504587155963292,1.9811569766866626e-05,0.05402650356778782,1.2504827451858885e-06,0.05912334352701332,6.6937605771715214e-06,0.060142711518858194,1.5417716670056604e-05,0.06116207951070329,1.9787050497353178e-05,0.06218144750254839,2.0252916618108704e-05,0.06320081549439349,2.3734652889018433e-05,2.0,2.0,0.0,0.0,0.0
22,14:07:15,7,0.05912334352701332,276368.0,0.059633027522935755,0.05912334352701332,1.4711561708069277e-07,0.05810397553516822,9.219245337056747e-06,0.057084607543322896,1.159761447986128e-05,0.05606523955147802,1.3117809189695105e-05,0.05504587155963292,1.9909646844920422e-05,0.060142711518858194,1.5589351556650743e-05,0.06116207951070329,1.9787050497353178e-05,0.06218144750254839,2.0252916618108704e-05,0.06320081549439349,2.5083212712258117e-05,0.06422018348623837,3.0183220771055468e-05,1.0,1.0,0.0,0.0,0.0
22,14:07:18,7,0.060142711518858194,751701.0,0.060652395514780855,0.060142711518858194,2.0400032235189397e-06,0.05912334352701332,4.903853902689759e-07,0.05810397553516822,9.219245337056747e-06,0.057084607543322896,1.159761447986128e-05,0.05606523955147802,1.3853387275098569e-05,0.06116207951070329,1.956637707173214e-05,0.06218144750254839,2.0252916618108704e-05,0.06320081549439349,2.5083212712258117e-05,0.06422018348623837,3.0183220771055468e-05,0.06523955147808347,6.30145226495634e-05,0.0,0.0,0.0,0.0,0.0
22,14:07:21,7,0.060142711518858194,32240.0,0.060652395514780855,0.060142711518858194,1.279905868602027e-06,0.05912334352701332,6.129817378362199e-07,0.05810397553516822,9.219245337056747e-06,0.057084607543322896,1.22105962176975e-05,0.05606523955147802,1.3853387275098569e-05,0.06116207951070329,1.956637707173214e-05,0.06218144750254839,2.0277435887622155e-05,0.06320081549439349,2.5083212712258117e-05,0.06422018348623837,3.0183220771055468e-05,0.06523955147808347,6.377462000448032e-05,0.0,0.0,0.0,0.0,0.0
22,14:07:24,7,0.060142711518858194,16640.0,0.060652395514780855,0.060142711518858194,8.875975563868464e-07,0.05912334352701332,6.129817378362199e-07,0.05810397553516822,9.219245337056747e-06,0.057084607543322896,1.22105962176975e-05,0.05606523955147802,1.3853387275098569e-05,0.06116207951070329,1.956637707173214e-05,0.06218144750254839,2.0277435887622155e-05,0.06320081549439349,2.5500040293986748e-05,0.06422018348623837,3.0183220771055468e-05,0.06523955147808347,6.377462000448032e-05,0.0,0.0,0.0,0.0,0.0
22,14:07:27,7,0.060142711518858194,45968.0,0.059633027522935755,0.05912334352701332,6.129817378362199e-07,0.05810397553516822,1.1891845714022666e-05,0.057084607543322896,1.22105962176975e-05,0.05606523955147802,1.3853387275098569e-05,0.05504587155963292,1.9787050497353178e-05,0.060142711518858194,1.1769249366455423e-07,0.06116207951070329,1.9787050497353178e-05,0.06218144750254839,2.0277435887622155e-05,0.06320081549439349,2.7951967245331627e-05,0.06422018348623837,3.0183220771055468e-05,1.0,0.0,0.0,0.0,0.0
22,14:07:30,7,0.05912334352701332,4156.0,0.059633027522935755,0.05912334352701332,7.870685513817063e-06,0.05810397553516822,1.3117809189695105e-05,0.057084607543322896,1.2186076948184051e-05,0.05606523955147802,1.3853387275098569e-05,0.05504587155963292,1.973801195832628e-05,0.060142711518858194,4.359526119491196e-06,0.06116207951070329,2.015483954005491e-05,0.06218144750254839,2.0301955157135603e-05,0.06320081549439349,2.687311938673988e-05,0.06422018348623837,3.0183220771055468e-05,1.0,0.0,0.0,0.0,0.0
22,14:07:33,7,0.05912334352701332,0.0,0.059633027522935755,0.05912334352701332,7.968762591870858e-06,0.05810397553516822,1.3117809189695105e-05,0.057084607543322896,1.2112519139643705e-05,0.05606523955147802,1.3853387275098569e-05,0.05504587155963292,1.973801195832628e-05,0.060142711518858194,1.2254730902821709e-05,0.06116207951070329,2.015483954005491e-05,0.06218144750254839,2.0301955157135603e-05,0.06320081549439349,2.687311938673988e-05,0.06422018348623837,3.0207740040568916e-05,1.0,0.0,0.0,0.0,0.0
22,14:07:36,7,0.05912334352701332,0.0,0.059633027522935755,0.05912334352701332,8.434628712626386e-06,0.05810397553516822,1.3117809189695105e-05,0.057084607543322896,1.201444206158991e-05,0.05606523955147802,1.3853387275098569e-05,0.05504587155963292,1.9860608305893524e-05,0.060142711518858194,1.3186463144332763e-05,0.06116207951070329,2.0473590043729745e-05,0.06218144750254839,2.1037533242539065e-05,0.06320081549439349,2.687311938673988e-05,0.06422018348623837,3.0207740040568916e-05,1.0,0.0,0.0,0.0,0.0
22,14:07:39,7,0.05912334352701332,17663.0,0.059633027522935755,0.05912334352701332,8.017801130897757e-06,0.05810397553516822,1.3264924806775799e-05,0.057084607543322896,1.201444206158991e-05,0.05606523955147802,1.3853387275098569e-05,0.05504587155963292,1.9860608305893524e-05,0.060142711518858194,1.7207623344538363e-05,0.06116207951070329,2.0473590043729745e-05,0.06218144750254839,2.1037533242539065e-05,0.06320081549439349,2.7118312081874368e-05,0.06422018348623837,3.0207740040568916e-05,0.0,0.0,0.0,0.0,0.0
22,14:07:42,7,0.060142711518858194,43654.0,0.059633027522935755,0.05912334352701332,7.380300123548088e-06,0.05810397553516822,1.3166847728722003e-05,0.057084607543322896,1.201444206158991e-05,0.05606523955147802,1.3853387275098569e-05,0.05504587155963292,1.9664454149785934e-05,0.060142711518858194,1.6937911379890427e-05,0.06116207951070329,2.0473590043729745e-05,0.06218144750254839,2.1037533242539065e-05,0.06320081549439349,2.714283135138782e-05,0.06422018348623837,3.0207740040568916e-05,0.0,0.0,0.0,0.0,0.0
22,14:07:45,7,0.05912334352701332,14546.0,0.059633027522935755,0.05912334352701332,7.1596266979270485e-06,0.05810397553516822,1.3166847728722003e-05,0.057084607543322896,1.3730790927531325e-05,0.05606523955147802,1.3853387275098569e-05,0.05504587155963292,1.9664454149785934e-05,0.060142711518858194,1.6962430649403878e-05,0.06116207951070329,2.0473590043729745e-05,0.06218144750254839,2.1699553519402185e-05,0.06320081549439349,2.714283135138782e-05,0.06422018348623837,3.0207740040568916e-05,0.0,0.0,0.0,0.0,0.0
22,14:07:48,7,0.05912334352701332,114290.0,0.059633027522935755,0.05912334352701332,4.5115455904745785e-06,0.05810397553516822,1.6231756417903104e-05,0.057084607543322896,1.3730790927531325e-05,0.05606523955147802,1.3853387275098569e-05,0.05504587155963292,1.9664454149785934e-05,0.060142711518858194,1.6962430649403878e-05,0.06116207951070329,2.0473590043729745e-05,0.06218144750254839,2.1699553519402185e-05,0.06320081549439349,2.7167350620901266e-05,0.06422018348623837,3.0207740040568916e-05,0.0,0.0,0.0,0.0,0.0
22,14:07:51,7,0.05912334352701332,134031.0,0.059633027522935755,0.05912334352701332,1.8389452135086597e-06,0.05810397553516822,1.6231756417903104e-05,0.057084607543322896,1.3730790927531325e-05,0.05606523955147802,1.3853387275098569e-05,0.05504587155963292,1.9836089036380077e-05,0.060142711518858194,1.7281181153078713e-05,0.06116207951070329,2.0473590043729745e-05,0.06218144750254839,2.182214986696943e-05,0.06320081549439349,2.871206460024854e-05,0.06422018348623837,3.0207740040568916e-05,0.0,0.0,0.0,0.0,0.0
22,14:07:54,7,0.05912334352701332,77925.0,0.05861365953109088,0.05810397553516822,1.6354352765470348e-05,0.057084607543322896,1.3730790927531325e-05,0.05606523955147802,1.3853387275098569e-05,0.05504587155963292,1.9836089036380077e-05,0.05402650356778782,7.846166244303614e-06,0.05912334352701332,3.2846013440216007e-06,0.060142711518858194,2.0051858608098426e-05,0.06116207951070329,2.0939456164485272e-05,0.06218144750254839,2.182214986696943e-05,0.06320081549439349,2.895725729538303e-05,1.0,1.0,0.0,0.0,0.0
22,14:07:57,7,0.05912334352701332,64418.0,0.05861365953109088,0.05810397553516822,1.6354352765470348e-05,0.057084607543322896,1.3730790927531325e-05,0.05606523955147802,1.3853387275098569e-05,0.05504587155963292,1.9836089036380077e-05,0.05402650356778782,7.846166244303614e-06,0.05912334352701332,7.2812422747137545e-06,0.060142711518858194,2.0051858608098426e-05,0.06116207951070329,2.118464885961976e-05,0.06218144750254839,1.9909646844920422e-05,0.06320081549439349,2.9374084877111657e-05,0.0,0.0,0.0,0.0,0.0
22,14:08:00,7,0.05810397553516822,3114.0,0.05861365953109088,0.05810397553516822,1.6403391304497243e-05,0.057084607543322896,1.4956754403203766e-05,0.05606523955147802,1.3853387275098569e-05,0.05504587155963292,1.9836089036380077e-05,0.05402650356778782,7.846166244303614e-06,0.05912334352701332,1.0370670233408302e-05,0.060142711518858194,2.117974500571707e-05,0.06116207951070329,2.0914936894971824e-05,0.06218144750254839,1.9909646844920422e-05,0.06320081549439349,2.9864470267380634e-05,0.0,1.0,0.0,0.0,0.0
22,14:08:03,7,0.05810397553516822,482690.0,0.05861365953109088,0.05810397553516822,5.49231637101253e-06,0.057084607543322896,1.4956754403203766e-05,0.05606523955147802,1.3853387275098569e-05,0.05504587155963292,1.9836089036380077e-05,0.05402650356778782,7.846166244303614e-06,0.05912334352701332,1.284711645426663e-05,0.060142711518858194,1.956147321782945e-05,0.06116207951070329,2.199378475356357e-05,0.06218144750254839,1.995868538394732e-05,0.06320081549439349,2.9864470267380634e-05,0.0,0.0,0.0,0.0,0.0
22,14:08:06,7,0.05912334352701332,94511.0,0.05861365953109088,0.05810397553516822,5.933663222254608e-06,0.057084607543322896,1.4956754403203766e-05,0.05606523955147802,1.3853387275098569e-05,0.05504587155963292,1.9664454149785934e-05,0.05402650356778782,8.434628712626386e-06,0.05912334352701332,1.24793274115649e-05,0.060142711518858194,2.0321570572746362e-05,0.06116207951070329,2.199378475356357e-05,0.06218144750254839,2.0105801001028013e-05,0.06320081549439349,2.9864470267380634e-05,1.0,0.0,0.0,0.0,0.0
22,14:08:09,7,0.05810397553516822,131826.0,0.05861365953109088,0.05810397553516822,3.015870150154202e-06,0.057084607543322896,1.4956754403203766e-05,0.05606523955147802,1.3853387275098569e-05,0.05504587155963292,1.9664454149785934e-05,0.05402650356778782,8.434628712626386e-06,0.05912334352701332,1.4613484630015482e-05,0.060142711518858194,2.0248012764206016e-05,0.06116207951070329,1.7580316241142788e-05,0.06218144750254839,2.0252916618108704e-05,0.06320081549439349,2.9864470267380634e-05,1.0,0.0,0.0,0.0,0.0
22,14:08:12,7,0.05810397553516822,214863.0,0.05759429153924556,0.057084607543322896,1.4883196594663418e-05,0.05606523955147802,1.3853387275098569e-05,0.05504587155963292,1.9664454149785934e-05,0.05402650356778782,8.434628712626386e-06,0.05300713557594294,5.49231637101253e-06,0.05810397553516822,1.7653874049683134e-06,0.05912334352701332,1.5030312211744112e-05,0.060142711518858194,2.0517724728853952e-05,0.06116207951070329,1.7629354780169683e-05,0.06218144750254839,2.0252916618108704e-05,2.0,1.0,0.0,0.0,1.0
22,14:08:15,7,0.05912334352701332,255527.0,0.05759429153924556,0.057084607543322896,1.4883196594663418e-05,0.05606523955147802,1.4588965360502033e-05,0.05504587155963292,1.9664454149785934e-05,0.05402650356778782,8.434628712626386e-06,0.05300713557594294,5.49231637101253e-06,0.05810397553516822,2.4519269513448794e-07,0.05912334352701332,1.0126458309054352e-05,0.060142711518858194,2.014993568615222e-05,0.06116207951070329,1.7629354780169683e-05,0.06218144750254839,2.037551296567595e-05,2.0,0.0,0.0,1.0,1.0
22,14:08:18,7,0.057084607543322896,25933.0,0.05759429153924556,0.057084607543322896,1.4466369012934789e-05,0.05606523955147802,1.4588965360502033e-05,0.05504587155963292,1.9664454149785934e-05,0.05402650356778782,8.532705790680182e-06,0.05300713557594294,5.49231637101253e-06,0.05810397553516822,5.050969519770452e-06,0.05912334352701332,9.97934269197366e-06,0.060142711518858194,2.0027339338584975e-05,0.06116207951070329,1.7629354780169683e-05,0.06218144750254839,2.037551296567595e-05,1.0,0.0,0.0,0.0,1.0
22,14:08:21,7,0.05810397553516822,215904.0,0.05861365953109088,0.05810397553516822,2.476446220858328e-06,0.057084607543322896,1.4466369012934789e-05,0.05606523955147802,1.4588965360502033e-05,0.05504587155963292,1.9664454149785934e-05,0.05402650356778782,8.532705790680182e-06,0.05912334352701332,1.0003861961487108e-05,0.060142711518858194,2.0272532033719464e-05,0.06116207951070329,1.7629354780169683e-05,0.06218144750254839,2.057166712178354e-05,0.06320081549439349,2.2533208682859444e-05,0.0,0.0,0.0,0.0,0.0
22,14:08:24,7,0.05810397553516822,13494.0,0.05861365953109088,0.05810397553516822,2.2557727952372892e-06,0.057084607543322896,1.4687042438555828e-05,0.05606523955147802,1.4588965360502033e-05,0.05504587155963292,1.9664454149785934e-05,0.05402650356778782,8.532705790680182e-06,0.05912334352701332,1.0837517124944367e-05,0.060142711518858194,1.9046568558047024e-05,0.06116207951070329,1.7629354780169683e-05,0.06218144750254839,2.057166712178354e-05,0.06320081549439349,2.2533208682859444e-05,0.0,0.0,0.0,0.0,0.0
22,14:08:27,7,0.057084607543322896,571479.0,0.058103975535167995,0.057084607543322896,4.2418336258266416e-06,0.05606523955147802,1.4588965360502033e-05,0.05504587155963292,1.9664454149785934e-05,0.05402650356778782,8.532705790680182e-06,0.05300713557594294,3.040389419667651e-06,0.05912334352701332,1.0837517124944367e-05,0.060142711518858194,1.916916490561427e-05,0.06116207951070329,1.7629354780169683e-05,0.06218144750254839,2.057166712178354e-05,0.06320081549439349,2.2533208682859444e-05,0.0,0.0,0.0,0.0,1.0
22,14:08:30,7,0.057084607543322896,0.0,0.05861365953109088,0.05810397553516822,2.2067342562103917e-07,0.057084607543322896,4.2418336258266416e-06,0.05606523955147802,1.4588965360502033e-05,0.05504587155963292,1.9664454149785934e-05,0.05402650356778782,8.532705790680182e-06,0.05912334352701332,1.0739440046890572e-05,0.060142711518858194,2.014993568615222e-05,0.06116207951070329,1.767839331919658e-05,0.06218144750254839,2.0939456164485272e-05,0.06320081549439349,2.1871188405996324e-05,0.0,0.0,0.0,0.0,0.0
22,14:08:33,7,0.05810397553516822,11418.0,0.05759429153924556,0.057084607543322896,4.732219016095618e-06,0.05606523955147802,1.4588965360502033e-05,0.05504587155963292,1.9664454149785934e-05,0.05402650356778782,9.023091180949157e-06,0.05300713557594294,3.040389419667651e-06,0.05810397553516822,5.149046597824247e-07,0.05912334352701332,1.7800989666763825e-05,0.060142711518858194,2.2552824098470203e-05,0.06116207951070329,1.792358601433107e-05,0.06218144750254839,2.0939456164485272e-05,0.0,0.0,0.0,0.0,1.0
22,14:08:36,7,0.057084607543322896,5185.0,0.05759429153924556,0.057084607543322896,1.6869257425252773e-05,0.05606523955147802,1.4588965360502033e-05,0.05504587155963292,1.9664454149785934e-05,0.05402650356778782,1.0003861961487108e-05,0.05300713557594294,3.040389419667651e-06,0.05810397553516822,2.2557727952372892e-06,0.05912334352701332,1.787454747530417e-05,0.060142711518858194,2.2552824098470203e-05,0.06116207951070329,1.772743185822348e-05,0.06218144750254839,2.0939456164485272e-05,0.0,0.0,0.0,0.0,2.0
22,14:08:39,7,0.057084607543322896,28023.0,0.05759429153924556,0.057084607543322896,1.689377669476622e-05,0.05606523955147802,1.4588965360502033e-05,0.05504587155963292,1.9664454149785934e-05,0.05402650356778782,1.0003861961487108e-05,0.05300713557594294,3.040389419667651e-06,0.05810397553516822,2.647100336671932e-06,0.05912334352701332,1.7800989666763825e-05,0.060142711518858194,2.301869021922573e-05,0.06116207951070329,1.7850028205790724e-05,0.06218144750254839,2.0939456164485272e-05,0.0,0.0,0.0,0.0,2.0
22,14:08:42,7,0.05810397553516822,43579.0,0.05759429153924556,0.057084607543322896,1.647694911303759e-05,0.05606523955147802,1.4588965360502033e-05,0.05504587155963292,1.9860608305893524e-05,0.05402650356778782,1.0003861961487108e-05,0.05300713557594294,3.040389419667651e-06,0.05810397553516822,5.515854869745441e-06,0.05912334352701332,1.7800989666763825e-05,0.060142711518858194,2.301869021922573e-05,0.06116207951070329,1.7850028205790724e-05,0.06218144750254839,2.0939456164485272e-05,0.0,0.0,0.0,0.0,2.0
22,14:08:45,7,0.057084607543322896,710354.0,0.05657492354740046,0.05606523955147802,1.4588965360502033e-05,0.05504587155963292,1.9860608305893524e-05,0.05402650356778782,1.0003861961487108e-05,0.05300713557594294,3.040389419667651e-06,0.051987767584097844,1.7408681354548645e-05,0.057084607543322896,2.5549078833013646e-05,0.05810397553516822,5.613931947799236e-06,0.05912334352701332,1.8291375057032803e-05,0.060142711518858194,2.326388291436022e-05,0.06116207951070329,1.7850028205790724e-05,1.0,1.0,1.0,1.0,2.0
22,14:08:48,7,0.057084607543322896,331723.0,0.05657492354740046,0.05606523955147802,1.1720210827428525e-05,0.05504587155963292,1.9860608305893524e-05,0.05402650356778782,1.0003861961487108e-05,0.05300713557594294,3.040389419667651e-06,0.051987767584097844,1.7408681354548645e-05,0.057084607543322896,2.1478880093781144e-05,0.05810397553516822,5.613931947799236e-06,0.05912334352701332,1.8291375057032803e-05,0.060142711518858194,2.3361959992414012e-05,0.06116207951070329,1.7850028205790724e-05,1.0,0.0,1.0,1.0,2.0
22,14:08:51,7,0.057084607543322896,0.0,0.05657492354740046,0.05606523955147802,1.2087999870130256e-05,0.05504587155963292,1.9860608305893524e-05,0.05402650356778782,1.0003861961487108e-05,0.05300713557594294,3.040389419667651e-06,0.051987767584097844,1.7408681354548645e-05,0.057084607543322896,2.2680324299940136e-05,0.05810397553516822,5.7365282953664805e-06,0.05912334352701332,1.853656775216729e-05,0.060142711518858194,2.3361959992414012e-05,0.06116207951070329,1.7850028205790724e-05,1.0,1.0,1.0,1.0,2.0
22,14:08:54,7,0.05606523955147802,72570.0,0.05657492354740046,0.05606523955147802,1.159761447986128e-05,0.05504587155963292,1.9860608305893524e-05,0.05402650356778782,1.0126458309054352e-05,0.05300713557594294,3.040389419667651e-06,0.051987767584097844,1.7408681354548645e-05,0.057084607543322896,2.2312535257238403e-05,0.05810397553516822,5.785566834393378e-06,0.05912334352701332,1.8046182361898314e-05,0.060142711518858194,2.0468686189827054e-05,0.06116207951070329,1.7850028205790724e-05,1.0,1.0,1.0,1.0,2.0
22,14:08:57,7,0.05606523955147802,27982.0,0.05657492354740046,0.05606523955147802,1.3755310197044774e-05,0.05504587155963292,1.9860608305893524e-05,0.05402650356778782,1.0126458309054352e-05,0.05300713557594294,3.040389419667651e-06,0.051987767584097844,1.7408681354548645e-05,0.057084607543322896,2.2067342562103918e-05,0.05810397553516822,6.055278799041315e-06,0.05912334352701332,1.811974017043866e-05,0.060142711518858194,2.0468686189827054e-05,0.06116207951070329,1.7850028205790724e-05,1.0,1.0,1.0,1.0,2.0
22,14:09:00,7,0.05606523955147802,160580.0,0.05657492354740046,0.05606523955147802,1.02000161175947e-05,0.05504587155963292,2.0105801001028013e-05,0.05402650356778782,1.0126458309054352e-05,0.05300713557594294,3.040389419667651e-06,0.051987767584097844,1.7408681354548645e-05,0.057084607543322896,2.216541964015771e-05,0.05810397553516822,6.300471494175803e-06,0.05912334352701332,1.8144259439952107e-05,0.060142711518858194,2.0713878884961543e-05,0.06116207951070329,1.7114450120387258e-05,1.0,1.0,1.0,1.0,2.0
22,14:09:03,7,0.05606523955147802,183372.0,0.05657492354740046,0.05606523955147802,5.860105413714262e-06,0.05504587155963292,1.9836089036380077e-05,0.05402650356778782,1.0126458309054352e-05,0.05300713557594294,3.040389419667651e-06,0.051987767584097844,1.7408681354548645e-05,0.057084607543322896,2.23615737962653e-05,0.05810397553516822,6.496625650283393e-06,0.05912334352701332,1.8144259439952107e-05,0.060142711518858194,2.076291742398844e-05,0.06116207951070329,1.772743185822348e-05,0.0,1.0,1.0,1.0,2.0
22,14:09:06,7,0.057084607543322896,520572.0,0.05657492354740046,0.05606523955147802,5.811066874687365e-06,0.05504587155963292,2.0277435887622155e-05,0.05402650356778782,1.0126458309054352e-05,0.05300713557594294,3.0894279586945484e-06,0.051987767584097844,1.7408681354548645e-05,0.057084607543322896,1.0224535387108147e-05,0.05810397553516822,6.496625650283393e-06,0.05912334352701332,1.8144259439952107e-05,0.060142711518858194,2.056676326788085e-05,0.06116207951070329,1.7702912588710032e-05,1.0,1.0,1.0,1.0,2.0
22,14:09:09,7,0.05606523955147802,38332.0,0.05657492354740046,0.05606523955147802,5.835586144200813e-06,0.05504587155963292,2.052262858275664e-05,0.05402650356778782,1.0126458309054352e-05,0.05300713557594294,3.0894279586945484e-06,0.051987767584097844,1.7408681354548645e-05,0.057084607543322896,1.0322612465161942e-05,0.05810397553516822,6.398548572229598e-06,0.05912334352701332,1.8389452135086596e-05,0.060142711518858194,2.1057148658149825e-05,0.06116207951070329,1.7702912588710032e-05,1.0,1.0,1.0,1.0,2.0
22,14:09:12,7,0.05606523955147802,0.0,0.05657492354740046,0.05606523955147802,6.571164229604277e-06,0.05504587155963292,2.0645224930323885e-05,0.05402650356778782,1.0126458309054352e-05,0.05300713557594294,3.0894279586945484e-06,0.051987767584097844,1.7408681354548645e-05,0.057084607543322896,1.0567805160296431e-05,0.05810397553516822,6.398548572229598e-06,0.05912334352701332,1.8389452135086596e-05,0.060142711518858194,2.1302341353284313e-05,0.06116207951070329,1.7457719893575543e-05,1.0,1.0,1.0,2.0,2.0
22,14:09:15,7,0.05606523955147802,449858.0,0.05657492354740046,0.05606523955147802,1.667310326914518e-06,0.05504587155963292,2.0645224930323885e-05,0.05402650356778782,1.0126458309054352e-05,0.05300713557594294,3.015870150154202e-06,0.051987767584097844,1.7408681354548645e-05,0.057084607543322896,4.8793346331763105e-06,0.05810397553516822,6.300471494175803e-06,0.05912334352701332,1.8389452135086596e-05,0.060142711518858194,2.1302341353284313e-05,0.06116207951070329,1.7457719893575543e-05,1.0,1.0,1.0,2.0,2.0
22,14:09:18,7,0.05504587155963292,172913.0,0.05555555555555558,0.05504587155963292,1.8217817248492457e-05,0.05402650356778782,1.0126458309054352e-05,0.05300713557594294,2.966831611127304e-06,0.051987767584097844,1.7408681354548645e-05,0.050968399592252744,3.6288518879904215e-05,0.05606523955147802,4.4134685124207834e-07,0.057084607543322896,5.369720023445286e-06,0.05810397553516822,6.300471494175803e-06,0.05912334352701332,1.807070163141176e-05,0.060142711518858194,2.1302341353284313e-05,2.0,2.0,1.0,2.0,2.0
22,14:09:21,7,0.05504587155963292,66286.0,0.05657492354740046,0.05606523955147802,3.6778904270173194e-06,0.05504587155963292,1.7800989666763825e-05,0.05402650356778782,1.0126458309054352e-05,0.05300713557594294,2.966831611127304e-06,0.051987767584097844,1.7506758432602442e-05,0.057084607543322896,5.737509066147018e-06,0.05810397553516822,5.564893408772339e-06,0.05912334352701332,1.807070163141176e-05,0.060142711518858194,2.1473976239878456e-05,0.06116207951070329,1.7065411581360363e-05,1.0,1.0,0.0,2.0,2.0
22,14:09:24,7,0.05606523955147802,57008.0,0.05657492354740046,0.05606523955147802,3.015870150154202e-06,0.05504587155963292,1.8168778709465558e-05,0.05402650356778782,1.0126458309054352e-05,0.05300713557594294,2.966831611127304e-06,0.051987767584097844,1.7506758432602442e-05,0.057084607543322896,1.0322612465161942e-05,0.05810397553516822,5.564893408772339e-06,0.05912334352701332,1.7629354780169683e-05,0.060142711518858194,2.037060911177326e-05,0.06116207951070329,2.196926548405012e-05,1.0,1.0,1.0,2.0,2.0
22,14:09:27,7,0.05606523955147802,102564.0,0.05657492354740046,0.05606523955147802,7.94424332235741e-06,0.05504587155963292,1.8242336518005904e-05,0.05402650356778782,1.0126458309054352e-05,0.05300713557594294,3.0649086891810996e-06,0.051987767584097844,1.7506758432602442e-05,0.057084607543322896,1.0347131734675392e-05,0.05810397553516822,5.564893408772339e-06,0.05912334352701332,1.7384162085035198e-05,0.060142711518858194,2.037060911177326e-05,0.06116207951070329,2.196926548405012e-05,1.0,1.0,0.0,2.0,2.0
22,14:09:30,7,0.057084607543322896,59092.0,0.05657492354740046,0.05606523955147802,7.699050627222922e-06,0.05504587155963292,1.8242336518005904e-05,0.05402650356778782,3.2855821148021386e-06,0.05300713557594294,3.1875050367483435e-06,0.051987767584097844,1.7506758432602442e-05,0.057084607543322896,1.0567805160296431e-05,0.05810397553516822,5.564893408772339e-06,0.05912334352701332,1.7384162085035198e-05,0.060142711518858194,2.037060911177326e-05,0.06116207951070329,2.196926548405012e-05,1.0,1.0,0.0,2.0,2.0
22,14:09:33,7,0.05606523955147802,51800.0,0.05657492354740046,0.05606523955147802,6.473087151550482e-06,0.05504587155963292,1.8242336518005904e-05,0.05402650356778782,3.2855821148021386e-06,0.05300713557594294,3.1875050367483435e-06,0.051987767584097844,1.7555796971629337e-05,0.057084607543322896,1.0567805160296431e-05,0.05810397553516822,5.3206814844183884e-06,0.05912334352701332,1.7384162085035198e-05,0.060142711518858194,2.037060911177326e-05,0.06116207951070329,2.2042823292590467e-05,1.0,1.0,0.0,2.0,2.0
22,14:09:36,7,0.05606523955147802,75660.0,0.05657492354740046,0.05606523955147802,5.590393449066325e-06,0.05504587155963292,1.8242336518005904e-05,0.05402650356778782,3.5798133489635243e-06,0.05300713557594294,3.1875050367483435e-06,0.051987767584097844,1.7555796971629337e-05,0.057084607543322896,1.0126458309054352e-05,0.05810397553516822,6.129817378362199e-06,0.05912334352701332,1.7188007928927607e-05,0.060142711518858194,2.093455231058258e-05,0.06116207951070329,2.2288015987724956e-05,1.0,1.0,0.0,2.0,2.0
22,14:09:39,7,0.05606523955147802,71484.0,0.05657492354740046,0.05606523955147802,4.1437565477728465e-06,0.05504587155963292,1.8242336518005904e-05,0.05402650356778782,3.5798133489635243e-06,0.05300713557594294,4.217314356313193e-06,0.051987767584097844,1.7555796971629337e-05,0.057084607543322896,1.0249054656621597e-05,0.05810397553516822,6.129817378362199e-06,0.05912334352701332,1.7188007928927607e-05,0.060142711518858194,2.1057148658149825e-05,0.06116207951070329,2.2288015987724956e-05,1.0,1.0,1.0,2.0,2.0
22,14:09:42,7,0.05606523955147802,0.0,0.05657492354740046,0.05606523955147802,1.6648583999631732e-05,0.05504587155963292,1.8242336518005904e-05,0.05402650356778782,3.5552940794500755e-06,0.05300713557594294,4.217314356313193e-06,0.051987767584097844,2.1503399363294595e-05,0.057084607543322896,1.3093289920181658e-05,0.05810397553516822,6.399529343010135e-06,0.05912334352701332,1.7384162085035198e-05,0.060142711518858194,2.1057148658149825e-05,0.06116207951070329,2.2288015987724956e-05,1.0,1.0,1.0,2.0,2.0
22,14:09:45,7,0.05606523955147802,117118.0,0.05657492354740046,0.05606523955147802,1.5103870020284458e-05,0.05504587155963292,1.8242336518005904e-05,0.05402650356778782,3.5552940794500755e-06,0.05300713557594294,4.217314356313193e-06,0.051987767584097844,2.1503399363294595e-05,0.057084607543322896,1.2186076948184051e-05,0.05810397553516822,6.399529343010135e-06,0.05912334352701332,1.7800989666763825e-05,0.060142711518858194,2.1057148658149825e-05,0.06116207951070329,2.2288015987724956e-05,1.0,2.0,1.0,2.0,2.0
22,14:09:48,7,0.05606523955147802,62118.0,0.05657492354740046,0.05606523955147802,1.422215708858084e-05,0.05504587155963292,1.8879837525355573e-05,0.05402650356778782,3.5552940794500755e-06,0.05300713557594294,4.217314356313193e-06,0.051987767584097844,2.1503399363294595e-05,0.057084607543322896,1.2186076948184051e-05,0.05810397553516822,6.448567882037034e-06,0.05912334352701332,1.7800989666763825e-05,0.060142711518858194,2.1057148658149825e-05,0.06116207951070329,2.2288015987724956e-05,1.0,0.0,1.0,2.0,2.0
22,14:09:51,7,0.057084607543322896,12442.0,0.05657492354740046,0.05606523955147802,1.4246676358094288e-05,0.05504587155963292,1.9125030220490062e-05,0.05402650356778782,3.5552940794500755e-06,0.05300713557594294,4.217314356313193e-06,0.051987767584097844,2.1503399363294595e-05,0.057084607543322896,1.1940884253049564e-05,0.05810397553516822,6.448567882037034e-06,0.05912334352701332,1.7800989666763825e-05,0.060142711518858194,2.1057148658149825e-05,0.06116207951070329,2.1037533242539065e-05,1.0,0.0,1.0,2.0,2.0
22,14:09:54,7,0.05606523955147802,482796.0,0.05657492354740046,0.05606523955147802,3.3110821550961252e-06,0.05504587155963292,1.9125030220490062e-05,0.05402650356778782,3.5552940794500755e-06,0.05300713557594294,4.217314356313193e-06,0.051987767584097844,2.1503399363294595e-05,0.057084607543322896,1.1450498862780587e-05,0.05810397553516822,6.448567882037034e-06,0.05912334352701332,1.7800989666763825e-05,0.060142711518858194,2.1253302814257415e-05,0.06116207951070329,2.1037533242539065e-05,1.0,0.0,1.0,2.0,2.0
22,14:09:57,7,0.057084607543322896,589008.0,0.05657492354740046,0.05606523955147802,4.169256588066833e-06,0.05504587155963292,1.9125030220490062e-05,0.05402650356778782,3.5552940794500755e-06,0.05300713557594294,4.217314356313193e-06,0.051987767584097844,2.2091861831617365e-05,0.057084607543322896,2.746158185506265e-06,0.05810397553516822,6.448567882037034e-06,0.05912334352701332,1.7800989666763825e-05,0.060142711518858194,2.1302341353284313e-05,0.06116207951070329,2.1037533242539065e-05,1.0,0.0,1.0,2.0,2.0
22,14:10:00,7,0.05606523955147802,21759.0,0.05657492354740046,0.05606523955147802,3.727909736824755e-06,0.05504587155963292,1.9125030220490062e-05,0.05402650356778782,3.5552940794500755e-06,0.05300713557594294,4.217314356313193e-06,0.051987767584097844,2.2091861831617365e-05,0.057084607543322896,2.770677455019714e-06,0.05810397553516822,6.448567882037034e-06,0.05912334352701332,1.772743185822348e-05,0.060142711518858194,2.1302341353284313e-05,0.06116207951070329,2.1037533242539065e-05,2.0,0.0,1.0,2.0,2.0
22,14:10:03,7,0.05606523955147802,69478.0,0.05657492354740046,0.05606523955147802,3.948583162445794e-06,0.05504587155963292,1.9125030220490062e-05,0.05402650356778782,3.5552940794500755e-06,0.05300713557594294,4.217314356313193e-06,0.051987767584097844,2.2091861831617365e-05,0.057084607543322896,1.4221176317800301e-06,0.05810397553516822,8.900494833381913e-06,0.05912334352701332,1.772743185822348e-05,0.060142711518858194,2.117974500571707e-05,0.06116207951070329,2.0718782738864234e-05,0.0,0.0,1.0,2.0,2.0
22,14:10:06,7,0.057084607543322896,561183.0,0.05657492354740046,0.05606523955147802,2.6971196464793677e-07,0.05504587155963292,1.0470708853023174e-05,0.05402650356778782,3.5552940794500755e-06,0.05300713557594294,4.217314356313193e-06,0.051987767584097844,2.2091861831617365e-05,0.057084607543322896,9.317322415110542e-07,0.05810397553516822,8.900494833381913e-06,0.05912334352701332,1.772743185822348e-05,0.060142711518858194,2.117974500571707e-05,0.06116207951070329,2.0718782738864234e-05,0.0,0.0,1.0,2.0,2.0
22,14:10:09,7,0.05606523955147802,17612.0,0.05657492354740046,0.05606523955147802,9.807707805379519e-08,0.05504587155963292,1.0470708853023174e-05,0.05402650356778782,3.5552940794500755e-06,0.05300713557594294,4.217314356313193e-06,0.051987767584097844,1.9639934880272486e-05,0.057084607543322896,1.4221176317800301e-06,0.05810397553516822,8.875975563868464e-06,0.05912334352701332,1.772743185822348e-05,0.060142711518858194,2.1670130395986046e-05,0.06116207951070329,2.0718782738864234e-05,0.0,1.0,1.0,2.0,2.0
22,14:10:12,7,0.05606523955147802,0.0,0.05657492354740046,0.05606523955147802,9.807707805379519e-08,0.05504587155963292,1.1794749406749409e-05,0.05402650356778782,3.5552940794500755e-06,0.05300713557594294,4.462507051447681e-06,0.051987767584097844,1.9639934880272486e-05,0.057084607543322896,1.4221176317800301e-06,0.05810397553516822,8.875975563868464e-06,0.05912334352701332,1.772743185822348e-05,0.060142711518858194,2.2086957977714674e-05,0.06116207951070329,2.0718782738864234e-05,0.0,1.0,2.0,2.0,2.0
22,14:10:15,7,0.05810397553516822,311312.0,0.05708460754332312,0.05606523955147802,9.56251511024503e-07,0.05504587155963292,1.1794749406749409e-05,0.05402650356778782,3.5552940794500755e-06,0.05300713557594294,4.462507051447681e-06,0.051987767584097844,1.9639934880272486e-05,0.05810397553516822,3.3101013843155873e-06,0.05912334352701332,1.772743185822348e-05,0.060142711518858194,2.2086957977714674e-05,0.06116207951070329,2.0718782738864234e-05,0.06218144750254839,2.1307245207187005e-05,0.0,0.0,1.0,2.0,1.0
22,14:10:18,7,0.05606523955147802,74587.0,0.05555555555555558,0.05504587155963292,1.1917345754316653e-05,0.05402650356778782,3.5552940794500755e-06,0.05300713557594294,4.536064859988027e-06,0.051987767584097844,1.9639934880272486e-05,0.050968399592252744,3.601880691525628e-05,0.05606523955147802,7.6009735491691265e-06,0.05810397553516822,3.3101013843155873e-06,0.05912334352701332,2.2631285760913238e-05,0.060142711518858194,2.257734336798365e-05,0.06116207951070329,2.0718782738864234e-05,1.0,2.0,2.0,2.0,2.0
22,14:10:21,7,0.05606523955147802,109816.0,0.05555555555555558,0.05504587155963292,1.929764587786474e-05,0.05402650356778782,3.5552940794500755e-06,0.05300713557594294,4.536064859988027e-06,0.051987767584097844,1.976253122783973e-05,0.050968399592252744,3.601880691525628e-05,0.05606523955147802,5.10000805879735e-06,0.057084607543322896,1.2259634756724397e-07,0.05810397553516822,3.3101013843155873e-06,0.05912334352701332,2.2631285760913238e-05,0.060142711518858194,2.198888089966088e-05,1.0,2.0,2.0,2.0,2.0
22,14:10:24,7,0.05606523955147802,267288.0,0.05606523955147802,0.05504587155963292,1.9175049530297495e-05,0.05402650356778782,3.5552940794500755e-06,0.05300713557594294,4.536064859988027e-06,0.051987767584097844,1.976253122783973e-05,0.050968399592252744,3.601880691525628e-05,0.057084607543322896,1.2259634756724397e-07,0.05810397553516822,3.3101013843155873e-06,0.05912334352701332,2.2631285760913238e-05,0.060142711518858194,2.198888089966088e-05,0.06116207951070329,2.0718782738864234e-05,2.0,2.0,2.0,2.0,2.0
22,14:10:27,7,0.05606523955147802,15540.0,0.05555555555555558,0.05504587155963292,1.9175049530297495e-05,0.05402650356778782,3.5552940794500755e-06,0.05300713557594294,4.536064859988027e-06,0.051987767584097844,1.976253122783973e-05,0.050968399592252744,3.601880691525628e-05,0.05606523955147802,1.1033671281051959e-06,0.057084607543322896,1.2259634756724397e-07,0.05810397553516822,3.3101013843155873e-06,0.05912334352701332,2.2631285760913238e-05,0.060142711518858194,2.2111477247228125e-05,2.0,2.0,2.0,2.0,2.0
22,14:10:30,7,0.05504587155963292,37276.0,0.05555555555555558,0.05504587155963292,1.892985683516301e-05,0.05402650356778782,3.5552940794500755e-06,0.05300713557594294,4.536064859988027e-06,0.051987767584097844,1.976253122783973e-05,0.050968399592252744,3.601880691525628e-05,0.05606523955147802,7.355780854034638e-07,0.057084607543322896,1.9615415610759037e-07,0.05810397553516822,3.3101013843155873e-06,0.05912334352701332,2.2631285760913238e-05,0.060142711518858194,2.2283112133822264e-05,2.0,2.0,2.0,2.0,2.0
22,14:10:33,7,0.05504587155963292,12431.0,0.05555555555555558,0.05504587155963292,1.890533756564956e-05,0.05402650356778782,3.5552940794500755e-06,0.05300713557594294,4.7812575551225154e-06,0.051987767584097844,1.976253122783973e-05,0.050968399592252744,3.601880691525628e-05,0.05606523955147802,6.620202768631175e-07,0.057084607543322896,1.9615415610759037e-07,0.05810397553516822,3.3101013843155873e-06,0.05912334352701332,2.2876478456047726e-05,0.060142711518858194,2.2283112133822264e-05,2.0,2.0,2.0,2.0,2.0
22,14:10:36,7,0.05606523955147802,38313.0,0.05555555555555558,0.05504587155963292,1.8807260487595766e-05,0.05402650356778782,3.5552940794500755e-06,0.05300713557594294,4.7812575551225154e-06,0.051987767584097844,2.0252916618108704e-05,0.050968399592252744,3.601880691525628e-05,0.05606523955147802,2.2067342562103917e-07,0.057084607543322896,1.9615415610759037e-07,0.05810397553516822,4.8793346331763105e-06,0.05912334352701332,2.2876478456047726e-05,0.060142711518858194,2.2160515786255023e-05,2.0,2.0,2.0,2.0,2.0
22,14:10:39,7,0.05606523955147802,26936.0,0.05657492354740046,0.05606523955147802,8.164916747978449e-06,0.05504587155963292,1.885629902662266e-05,0.05402650356778782,3.5552940794500755e-06,0.05300713557594294,5.762028335660467e-06,0.051987767584097844,2.0252916618108704e-05,0.057084607543322896,6.865395463765663e-07,0.05810397553516822,4.8793346331763105e-06,0.05912334352701332,2.2876478456047726e-05,0.060142711518858194,2.2160515786255023e-05,0.06116207951070329,2.0718782738864234e-05,1.0,1.0,2.0,2.0,2.0
22,14:10:42,7,0.05606523955147802,22794.0,0.05657492354740046,0.05606523955147802,7.6009735491691265e-06,0.05504587155963292,1.9371203686405085e-05,0.05402650356778782,3.7759675050711145e-06,0.05300713557594294,5.762028335660467e-06,0.051987767584097844,2.0252916618108704e-05,0.057084607543322896,1.078847858591747e-06,0.05810397553516822,5.369720023445286e-06,0.05912334352701332,2.4102441931720166e-05,0.060142711518858194,2.2160515786255023e-05,0.06116207951070329,2.0718782738864234e-05,1.0,2.0,2.0,2.0,2.0
22,14:10:45,7,0.05606523955147802,85988.0,0.05657492354740046,0.05606523955147802,5.565874179552877e-06,0.05504587155963292,1.949380003397233e-05,0.05402650356778782,3.7759675050711145e-06,0.05300713557594294,6.497606421063931e-06,0.051987767584097844,2.0252916618108704e-05,0.057084607543322896,1.078847858591747e-06,0.05810397553516822,5.369720023445286e-06,0.05912334352701332,2.5377443946419504e-05,0.060142711518858194,2.2160515786255023e-05,0.06116207951070329,2.0718782738864234e-05,1.0,2.0,2.0,2.0,2.0
22,14:10:48,7,0.05606523955147802,34188.0,0.05657492354740046,0.05606523955147802,5.001930980743554e-06,0.05504587155963292,1.949380003397233e-05,0.05402650356778782,3.7759675050711145e-06,0.05300713557594294,6.497606421063931e-06,0.051987767584097844,2.0252916618108704e-05,0.057084607543322896,2.0596186391296986e-06,0.05810397553516822,5.369720023445286e-06,0.05912334352701332,2.5377443946419504e-05,0.060142711518858194,2.2160515786255023e-05,0.06116207951070329,2.0718782738864234e-05,1.0,2.0,2.0,2.0,2.0
22,14:10:51,7,0.057084607543322896,44591.0,0.05657492354740046,0.05606523955147802,5.2471236758780425e-06,0.05504587155963292,1.9738992729106818e-05,0.05402650356778782,3.7759675050711145e-06,0.05300713557594294,7.306742315007741e-06,0.051987767584097844,1.9664454149785934e-05,0.057084607543322896,1.0052900500514005e-06,0.05810397553516822,5.369720023445286e-06,0.05912334352701332,2.5500040293986748e-05,0.060142711518858194,2.2160515786255023e-05,0.06116207951070329,2.0718782738864234e-05,1.0,2.0,2.0,2.0,2.0
22,14:10:54,7,0.057084607543322896,0.0,0.05657492354740046,0.05606523955147802,5.49231637101253e-06,0.05504587155963292,2.0425532275483385e-05,0.05402650356778782,3.7759675050711145e-06,0.05300713557594294,7.306742315007741e-06,0.051987767584097844,1.9664454149785934e-05,0.057084607543322896,1.0052900500514005e-06,0.05810397553516822,5.369720023445286e-06,0.05912334352701332,2.5500040293986748e-05,0.060142711518858194,2.240570848138951e-05,0.06116207951070329,2.0105801001028013e-05,1.0,2.0,2.0,2.0,2.0
22,14:10:57,7,0.05606523955147802,20720.0,0.05657492354740046,0.05606523955147802,5.001930980743554e-06,0.05504587155963292,2.0670724970617874e-05,0.05402650356778782,4.756738285609066e-06,0.05300713557594294,7.306742315007741e-06,0.051987767584097844,1.9664454149785934e-05,0.057084607543322896,1.1033671281051959e-06,0.05810397553516822,5.369720023445286e-06,0.05912334352701332,2.5500040293986748e-05,0.060142711518858194,2.240570848138951e-05,0.06116207951070329,2.0105801001028013e-05,2.0,2.0,2.0,2.0,2.0
22,14:11:00,7,0.05606523955147802,19684.0,0.05657492354740046,0.05606523955147802,5.026450250257003e-06,0.05504587155963292,2.0670724970617874e-05,0.05402650356778782,4.756738285609066e-06,0.05300713557594294,7.306742315007741e-06,0.051987767584097844,1.9664454149785934e-05,0.057084607543322896,1.5937525183741717e-06,0.05810397553516822,7.821646974790167e-06,0.05912334352701332,2.5500040293986748e-05,0.060142711518858194,2.240570848138951e-05,0.06116207951070329,2.0105801001028013e-05,2.0,2.0,2.0,2.0,2.0
22,14:11:03,7,0.05606523955147802,1036.0,0.05657492354740046,0.05606523955147802,5.001930980743554e-06,0.05504587155963292,2.054812862305063e-05,0.05402650356778782,4.756738285609066e-06,0.05300713557594294,7.306742315007741e-06,0.051987767584097844,1.9664454149785934e-05,0.057084607543322896,1.7163488659414156e-06,0.05810397553516822,7.895204783330513e-06,0.05912334352701332,2.5622636641553992e-05,0.060142711518858194,2.240570848138951e-05,0.06116207951070329,2.0105801001028013e-05,2.0,2.0,2.0,2.0,2.0
22,14:11:06,7,0.05606523955147802,10360.0,0.05657492354740046,0.05606523955147802,4.756738285609066e-06,0.05504587155963292,3.280776337977503e-05,0.05402650356778782,4.756738285609066e-06,0.05300713557594294,9.758669266352621e-06,0.051987767584097844,1.9664454149785934e-05,0.057084607543322896,1.9615415610759035e-06,0.05810397553516822,7.895204783330513e-06,0.05912334352701332,2.5622636641553992e-05,0.060142711518858194,2.243022775090296e-05,0.06116207951070329,2.0105801001028013e-05,2.0,2.0,2.0,2.0,2.0
22,14:11:09,7,0.05606523955147802,80836.0,0.05657492354740046,0.05606523955147802,4.119237278259397e-06,0.05504587155963292,3.280776337977503e-05,0.05402650356778782,4.756738285609066e-06,0.05300713557594294,9.758669266352621e-06,0.051987767584097844,1.9664454149785934e-05,0.057084607543322896,1.3975983622665813e-06,0.05810397553516822,8.140397478465e-06,0.05912334352701332,2.5622636641553992e-05,0.060142711518858194,2.243022775090296e-05,0.06116207951070329,2.0105801001028013e-05,2.0,2.0,2.0,2.0,2.0
22,14:11:12,7,0.057084607543322896,76738.0,0.05759429153924556,0.057084607543322896,5.541354910039428e-06,0.05606523955147802,6.129817378362199e-06,0.05504587155963292,3.3298148770044005e-05,0.05402650356778782,4.756738285609066e-06,0.05300713557594294,9.758669266352621e-06,0.05810397553516822,7.772608435763268e-06,0.05912334352701332,2.5622636641553992e-05,0.060142711518858194,2.243022775090296e-05,0.06116207951070329,2.0105801001028013e-05,0.06218144750254839,2.3661095080478087e-05,1.0,2.0,2.0,1.0,2.0
22,14:11:15,7,0.057084607543322896,289580.0,0.05759429153924556,0.057084607543322896,5.345200753931838e-06,0.05606523955147802,6.10529810884875e-06,0.05504587155963292,3.305295607490952e-05,0.05402650356778782,4.756738285609066e-06,0.05300713557594294,9.758669266352621e-06,0.05810397553516822,1.4711561708069277e-06,0.05912334352701332,2.5622636641553992e-05,0.060142711518858194,2.243022775090296e-05,0.06116207951070329,2.0105801001028013e-05,0.06218144750254839,2.3661095080478087e-05,1.0,2.0,2.0,1.0,2.0
22,14:11:18,7,0.057084607543322896,45628.0,0.05759429153924556,0.057084607543322896,4.462507051447681e-06,0.05606523955147802,7.0615496198732534e-06,0.05504587155963292,3.256257068464054e-05,0.05402650356778782,4.756738285609066e-06,0.05300713557594294,9.758669266352621e-06,0.05810397553516822,1.569233248860723e-06,0.05912334352701332,2.5622636641553992e-05,0.060142711518858194,2.243022775090296e-05,0.06116207951070329,2.0105801001028013e-05,0.06218144750254839,2.3661095080478087e-05,1.0,2.0,2.0,1.0,2.0
22,14:11:21,7,0.057084607543322896,34221.0,0.05759429153924556,0.057084607543322896,4.339910703880437e-06,0.05606523955147802,7.110588158900151e-06,0.05504587155963292,2.787840943679128e-05,0.05402650356778782,4.756738285609066e-06,0.05300713557594294,9.758669266352621e-06,0.05810397553516822,1.9615415610759035e-06,0.05912334352701332,2.5622636641553992e-05,0.060142711518858194,2.243022775090296e-05,0.06116207951070329,2.0105801001028013e-05,0.06218144750254839,2.4151480470747064e-05,2.0,2.0,2.0,1.0,2.0
22,14:11:24,7,0.057084607543322896,25935.0,0.05759429153924556,0.057084607543322896,1.1573095210347831e-05,0.05606523955147802,7.135107428413599e-06,0.05504587155963292,2.787840943679128e-05,0.05402650356778782,4.756738285609066e-06,0.05300713557594294,9.758669266352621e-06,0.05810397553516822,2.2067342562103917e-06,0.05912334352701332,2.5622636641553992e-05,0.060142711518858194,2.218503505576847e-05,0.06116207951070329,2.0105801001028013e-05,0.06218144750254839,2.4151480470747064e-05,2.0,2.0,2.0,1.0,2.0
22,14:11:27,7,0.05810397553516822,21791.0,0.05759429153924556,0.057084607543322896,1.140146032375369e-05,0.05606523955147802,7.135107428413599e-06,0.05504587155963292,2.787840943679128e-05,0.05402650356778782,4.756738285609066e-06,0.05300713557594294,9.758669266352621e-06,0.05810397553516822,1.8879837525355572e-06,0.05912334352701332,2.5622636641553992e-05,0.060142711518858194,2.218503505576847e-05,0.06116207951070329,2.0105801001028013e-05,0.06218144750254839,2.3097151881668767e-05,2.0,2.0,2.0,1.0,2.0
22,14:11:30,7,0.057084607543322896,39409.0,0.05759429153924556,0.057084607543322896,1.0543285890782982e-05,0.05606523955147802,7.380300123548088e-06,0.05504587155963292,2.787840943679128e-05,0.05402650356778782,4.536064859988027e-06,0.05300713557594294,9.758669266352621e-06,0.05810397553516822,2.0596186391296986e-06,0.05912334352701332,2.5622636641553992e-05,0.060142711518858194,2.218503505576847e-05,0.06116207951070329,2.0105801001028013e-05,0.06218144750254839,2.3097151881668767e-05,2.0,2.0,2.0,1.0,2.0
22,14:11:33,7,0.057084607543322896,112057.0,0.05759429153924556,0.057084607543322896,9.905784883433313e-06,0.05606523955147802,7.625492818682576e-06,0.05504587155963292,2.787840943679128e-05,0.05402650356778782,4.536064859988027e-06,0.05300713557594294,9.023091180949157e-06,0.05810397553516822,1.2995212842127862e-06,0.05912334352701332,2.5622636641553992e-05,0.060142711518858194,2.2283112133822264e-05,0.06116207951070329,2.0105801001028013e-05,0.06218144750254839,2.3097151881668767e-05,2.0,2.0,2.0,1.0,2.0
22,14:11:36,7,0.05912334352701332,65404.0,0.05861365953109088,0.05810397553516822,7.037030350359804e-06,0.057084607543322896,1.0150977578567801e-05,0.05606523955147802,1.610916007033586e-05,0.05504587155963292,2.787840943679128e-05,0.05402650356778782,4.536064859988027e-06,0.05912334352701332,2.5377443946419504e-05,0.060142711518858194,2.2528304828956753e-05,0.06116207951070329,2.0105801001028013e-05,0.06218144750254839,2.3097151881668767e-05,0.06320081549439349,2.2950036264588072e-05,1.0,1.0,1.0,0.0,1.0
22,14:11:39,7,0.05810397553516822,22836.0,0.05861365953109088,0.05810397553516822,6.816356924738765e-06,0.057084607543322896,1.0420689543215737e-05,0.05606523955147802,1.610916007033586e-05,0.05504587155963292,2.787840943679128e-05,0.05402650356778782,4.536064859988027e-06,0.05912334352701332,2.5377443946419504e-05,0.060142711518858194,2.2528304828956753e-05,0.06116207951070329,2.0105801001028013e-05,0.06218144750254839,2.3097151881668767e-05,0.06320081549439349,2.2950036264588072e-05,1.0,1.0,1.0,0.0,1.0
22,14:11:42,7,0.05810397553516822,5190.0,0.05861365953109088,0.05810397553516822,9.734149996839172e-06,0.057084607543322896,1.0420689543215737e-05,0.05606523955147802,1.6820218886225874e-05,0.05504587155963292,2.787840943679128e-05,0.05402650356778782,4.536064859988027e-06,0.05912334352701332,2.5377443946419504e-05,0.060142711518858194,2.2528304828956753e-05,0.06116207951070329,2.0105801001028013e-05,0.06218144750254839,2.3097151881668767e-05,0.06320081549439349,2.2950036264588072e-05,1.0,1.0,1.0,0.0,1.0
22,14:11:45,7,0.05912334352701332,1039.0,0.05861365953109088,0.05810397553516822,1.767839331919658e-05,0.057084607543322896,1.0420689543215737e-05,0.05606523955147802,1.6820218886225874e-05,0.05504587155963292,2.787840943679128e-05,0.05402650356778782,4.536064859988027e-06,0.05912334352701332,2.5352924676906056e-05,0.060142711518858194,2.2528304828956753e-05,0.06116207951070329,2.0105801001028013e-05,0.06218144750254839,2.3342344576803252e-05,0.06320081549439349,2.2950036264588072e-05,1.0,1.0,1.0,0.0,1.0
22,14:11:48,7,0.05810397553516822,60242.0,0.05861365953109088,0.05810397553516822,1.7188007928927607e-05,0.057084607543322896,1.0543285890782982e-05,0.05606523955147802,1.6820218886225874e-05,0.05504587155963292,2.787840943679128e-05,0.05402650356778782,4.536064859988027e-06,0.05912334352701332,2.4421192435395e-05,0.060142711518858194,2.36071526875485e-05,0.06116207951070329,2.0081281731514565e-05,0.06218144750254839,2.3170709690209113e-05,0.06320081549439349,2.2950036264588072e-05,1.0,1.0,1.0,1.0,1.0
22,14:11:51,7,0.05810397553516822,95541.0,0.05861365953109088,0.05810397553516822,1.6035602261795514e-05,0.057084607543322896,1.0347131734675392e-05,0.05606523955147802,1.6820218886225874e-05,0.05504587155963292,2.787840943679128e-05,0.05402650356778782,4.536064859988027e-06,0.05912334352701332,2.3317825307289805e-05,0.060142711518858194,2.36071526875485e-05,0.06116207951070329,2.0081281731514565e-05,0.06218144750254839,2.3219748229236008e-05,0.06320081549439349,2.3023594073128418e-05,1.0,1.0,1.0,1.0,1.0
22,14:11:54,7,0.05810397553516822,41530.0,0.05861365953109088,0.05810397553516822,1.5300024176392048e-05,0.057084607543322896,1.0347131734675392e-05,0.05606523955147802,1.6820218886225874e-05,0.05504587155963292,2.787840943679128e-05,0.05402650356778782,4.536064859988027e-06,0.05912334352701332,2.285195918653428e-05,0.060142711518858194,2.36071526875485e-05,0.06116207951070329,2.0105801001028013e-05,0.06218144750254839,2.3219748229236008e-05,0.06320081549439349,2.3023594073128418e-05,1.0,2.0,1.0,1.0,1.0
22,14:11:57,7,0.05912334352701332,713791.0,0.05861365953109088,0.05810397553516822,1.5349062715418946e-05,0.057084607543322896,1.0347131734675392e-05,0.05606523955147802,1.6820218886225874e-05,0.05504587155963292,2.8001005784358525e-05,0.05402650356778782,4.536064859988027e-06,0.05912334352701332,6.399529343010135e-06,0.060142711518858194,2.3729749035115745e-05,0.06116207951070329,2.0105801001028013e-05,0.06218144750254839,2.3219748229236008e-05,0.06320081549439349,2.3023594073128418e-05,1.0,2.0,1.0,1.0,1.0
22,14:12:00,7,0.05912334352701332,86219.0,0.05861365953109088,0.05810397553516822,1.5152908559311356e-05,0.057084607543322896,1.0347131734675392e-05,0.05606523955147802,1.6820218886225874e-05,0.05504587155963292,2.8001005784358525e-05,0.05402650356778782,4.536064859988027e-06,0.05912334352701332,4.830296094149413e-06,0.060142711518858194,2.3974941730250233e-05,0.06116207951070329,2.0105801001028013e-05,0.06218144750254839,2.3219748229236008e-05,0.06320081549439349,2.3023594073128418e-05,1.0,2.0,1.0,1.0,2.0
22,14:12:03,7,0.05810397553516822,61298.0,0.05861365953109088,0.05810397553516822,1.5079350750771009e-05,0.057084607543322896,1.0347131734675392e-05,0.05606523955147802,1.6820218886225874e-05,0.05504587155963292,2.7804851628250935e-05,0.05402650356778782,4.536064859988027e-06,0.05912334352701332,5.124527328310798e-06,0.060142711518858194,2.402398026927713e-05,0.06116207951070329,2.0105801001028013e-05,0.06218144750254839,2.3366863846316703e-05,0.06320081549439349,2.3023594073128418e-05,1.0,1.0,1.0,1.0,2.0
22,14:12:06,7,0.05810397553516822,14532.0,0.05861365953109088,0.05810397553516822,1.4490888282448238e-05,0.057084607543322896,1.0347131734675392e-05,0.05606523955147802,1.5177427828824805e-05,0.05504587155963292,2.7804851628250935e-05,0.05402650356778782,4.536064859988027e-06,0.05912334352701332,5.394239292958735e-06,0.060142711518858194,2.4661481276626797e-05,0.06116207951070329,2.0105801001028013e-05,0.06218144750254839,2.3489460193883948e-05,0.06320081549439349,2.3023594073128418e-05,1.0,1.0,0.0,1.0,2.0
22,14:12:09,7,0.05810397553516822,47773.0,0.05861365953109088,0.05810397553516822,1.4858677325149971e-05,0.057084607543322896,1.02000161175947e-05,0.05606523955147802,1.7899066744817622e-05,0.05504587155963292,2.7804851628250935e-05,0.05402650356778782,4.536064859988027e-06,0.05912334352701332,4.266352895340091e-06,0.060142711518858194,2.4661481276626797e-05,0.06116207951070329,2.015483954005491e-05,0.06218144750254839,2.3489460193883948e-05,0.06320081549439349,2.2533208682859444e-05,2.0,1.0,0.0,1.0,2.0
22,14:12:12,7,0.05912334352701332,15576.0,0.05861365953109088,0.05810397553516822,1.4638003899528932e-05,0.057084607543322896,1.02000161175947e-05,0.05606523955147802,1.7899066744817622e-05,0.05504587155963292,2.8540429713654397e-05,0.05402650356778782,4.536064859988027e-06,0.05912334352701332,5.590393449066325e-06,0.060142711518858194,2.463696200711335e-05,0.06116207951070329,2.015483954005491e-05,0.06218144750254839,2.3489460193883948e-05,0.06320081549439349,2.2533208682859444e-05,2.0,1.0,0.0,1.0,2.0
22,14:12:15,7,0.05912334352701332,212991.0,0.05861365953109088,0.05810397553516822,1.9639934880272486e-05,0.057084607543322896,1.0003861961487108e-05,0.05606523955147802,1.7899066744817622e-05,0.05504587155963292,3.082072177840514e-05,0.05402650356778782,4.609622668528374e-06,0.05912334352701332,6.865395463765663e-07,0.060142711518858194,3.209081993920179e-05,0.06116207951070329,2.015483954005491e-05,0.06218144750254839,2.3489460193883948e-05,0.06320081549439349,2.2533208682859444e-05,2.0,1.0,0.0,1.0,2.0
22,14:12:18,7,0.05912334352701332,306719.0,0.05861365953109088,0.05810397553516822,1.9272145837570753e-05,0.057084607543322896,1.0003861961487108e-05,0.05606523955147802,1.7899066744817622e-05,0.05504587155963292,3.216928160164482e-05,0.05402650356778782,4.609622668528374e-06,0.05912334352701332,1.4711561708069277e-07,0.060142711518858194,2.6230714525487522e-05,0.06116207951070329,2.015483954005491e-05,0.06218144750254839,2.3513979463397395e-05,0.06320081549439349,2.2533208682859444e-05,1.0,1.0,0.0,2.0,2.0
22,14:12:21,7,0.05912334352701332,0.0,0.05861365953109088,0.05810397553516822,1.9419261454651445e-05,0.057084607543322896,1.0003861961487108e-05,0.05606523955147802,1.7899066744817622e-05,0.05504587155963292,3.224283941018517e-05,0.05402650356778782,4.609622668528374e-06,0.05912334352701332,2.4519269513448794e-07,0.060142711518858194,2.6230714525487522e-05,0.06116207951070329,2.015483954005491e-05,0.06218144750254839,2.3513979463397395e-05,0.06320081549439349,2.2533208682859444e-05,1.0,1.0,0.0,1.0,2.0
22,14:12:24,7,0.05912334352701332,228580.0,0.059633027522935755,0.05912334352701332,1.9615415610759035e-06,0.05810397553516822,1.9443780724164896e-05,0.057084607543322896,1.0003861961487108e-05,0.05606523955147802,1.7899066744817622e-05,0.05504587155963292,3.224283941018517e-05,0.060142711518858194,2.6230714525487522e-05,0.06116207951070329,2.015483954005491e-05,0.06218144750254839,2.4249557548800857e-05,0.06320081549439349,2.2288015987724956e-05,0.06422018348623837,3.113947228207997e-05,0.0,0.0,0.0,0.0,0.0
22,14:12:27,7,0.05912334352701332,12468.0,0.059633027522935755,0.05912334352701332,2.4519269513448794e-06,0.05810397553516822,1.9443780724164896e-05,0.057084607543322896,9.047610450462606e-06,0.05606523955147802,1.7899066744817622e-05,0.05504587155963292,3.224283941018517e-05,0.060142711518858194,2.625523379500097e-05,0.06116207951070329,2.015483954005491e-05,0.06218144750254839,2.4249557548800857e-05,0.06320081549439349,2.2288015987724956e-05,0.06422018348623837,3.113947228207997e-05,0.0,0.0,0.0,1.0,0.0
22,14:12:30,7,0.060142711518858194,319220.0,0.059633027522935755,0.05912334352701332,1.1769249366455422e-06,0.05810397553516822,1.9443780724164896e-05,0.057084607543322896,8.802417755328118e-06,0.05606523955147802,1.7899066744817622e-05,0.05504587155963292,3.224283941018517e-05,0.060142711518858194,2.0272532033719464e-05,0.06116207951070329,2.015483954005491e-05,0.06218144750254839,2.4249557548800857e-05,0.06320081549439349,2.2288015987724956e-05,0.06422018348623837,2.623561837939021e-05,0.0,0.0,0.0,0.0,0.0
22,14:12:33,7,0.05912334352701332,65457.0,0.05861365953109088,0.05810397553516822,1.9443780724164896e-05,0.057084607543322896,8.802417755328118e-06,0.05606523955147802,1.7899066744817622e-05,0.05504587155963292,3.224283941018517e-05,0.05402650356778782,4.609622668528374e-06,0.05912334352701332,9.072129719976055e-07,0.060142711518858194,2.034608984225981e-05,0.06116207951070329,2.0473590043729745e-05,0.06218144750254839,2.3710133619504985e-05,0.06320081549439349,2.2288015987724956e-05,1.0,1.0,0.0,1.0,1.0
22,14:12:36,7,0.05912334352701332,43598.0,0.05861365953109088,0.05810397553516822,1.8463009943626942e-05,0.057084607543322896,1.4466369012934789e-06,0.05606523955147802,1.7899066744817622e-05,0.05504587155963292,3.224283941018517e-05,0.05402650356778782,4.609622668528374e-06,0.05912334352701332,1.4711561708069277e-06,0.060142711518858194,2.034608984225981e-05,0.06116207951070329,2.0473590043729745e-05,0.06218144750254839,2.3563018002424293e-05,0.06320081549439349,2.2288015987724956e-05,1.0,0.0,0.0,1.0,2.0
22,14:12:39,7,0.05810397553516822,31150.0,0.05861365953109088,0.05810397553516822,1.7972624553357968e-05,0.057084607543322896,1.4221176317800301e-06,0.05606523955147802,1.7899066744817622e-05,0.05504587155963292,3.224283941018517e-05,0.05402650356778782,4.609622668528374e-06,0.05912334352701332,4.560584129501476e-06,0.060142711518858194,2.034608984225981e-05,0.06116207951070329,2.0473590043729745e-05,0.06218144750254839,2.344042165485705e-05,0.06320081549439349,2.2288015987724956e-05,1.0,0.0,0.0,1.0,2.0
22,14:12:42,7,0.05912334352701332,43635.0,0.05861365953109088,0.05810397553516822,1.7899066744817622e-05,0.057084607543322896,1.4221176317800301e-06,0.05606523955147802,1.7899066744817622e-05,0.05504587155963292,3.224283941018517e-05,0.05402650356778782,4.609622668528374e-06,0.05912334352701332,4.217314356313193e-06,0.060142711518858194,2.034608984225981e-05,0.06116207951070329,2.2900997725561174e-05,0.06218144750254839,2.344042165485705e-05,0.06320081549439349,2.2288015987724956e-05,1.0,0.0,0.0,1.0,2.0
22,14:12:45,7,0.05912334352701332,92456.0,0.05861365953109088,0.05810397553516822,1.753127770211589e-05,0.057084607543322896,1.4221176317800301e-06,0.05606523955147802,1.7899066744817622e-05,0.05504587155963292,3.224283941018517e-05,0.05402650356778782,4.609622668528374e-06,0.05912334352701332,2.402888412317982e-06,0.060142711518858194,2.034608984225981e-05,0.06116207951070329,2.3734652889018433e-05,0.06218144750254839,2.344042165485705e-05,0.06320081549439349,2.24106123352922e-05,2.0,0.0,0.0,1.0,2.0
22,14:12:48,7,0.05810397553516822,31140.0,0.05861365953109088,0.05810397553516822,1.7065411581360363e-05,0.057084607543322896,1.4466369012934789e-06,0.05606523955147802,1.8144259439952107e-05,0.05504587155963292,3.216928160164482e-05,0.05402650356778782,4.609622668528374e-06,0.05912334352701332,3.628851887990422e-06,0.060142711518858194,2.0713878884961543e-05,0.06116207951070329,2.3808210697558782e-05,0.06218144750254839,2.344042165485705e-05,0.06320081549439349,2.2459650874319098e-05,1.0,0.0,1.0,1.0,2.0
22,14:12:51,7,0.05810397553516822,18692.0,0.05861365953109088,0.05810397553516822,1.6820218886225874e-05,0.057084607543322896,1.4466369012934789e-06,0.05606523955147802,1.8144259439952107e-05,0.05504587155963292,3.199764671505068e-05,0.05402650356778782,4.609622668528374e-06,0.05912334352701332,3.604332618476973e-06,0.060142711518858194,2.0713878884961543e-05,0.06116207951070329,2.3808210697558782e-05,0.06218144750254839,2.344042165485705e-05,0.06320081549439349,2.2459650874319098e-05,0.0,0.0,1.0,1.0,2.0
22,14:12:54,7,0.05810397553516822,676776.0,0.05861365953109088,0.05810397553516822,8.33655163457259e-07,0.057084607543322896,1.324040553726235e-06,0.05606523955147802,1.8144259439952107e-05,0.05504587155963292,3.199764671505068e-05,0.05402650356778782,4.609622668528374e-06,0.05912334352701332,3.702409696530768e-06,0.060142711518858194,2.0713878884961543e-05,0.06116207951070329,2.3808210697558782e-05,0.06218144750254839,2.344042165485705e-05,0.06320081549439349,2.2459650874319098e-05,0.0,0.0,1.0,1.0,2.0
22,14:12:57,7,0.05810397553516822,78884.0,0.05861365953109088,0.05810397553516822,1.9370222915624548e-06,0.057084607543322896,1.2259634756724397e-06,0.05606523955147802,1.7433200624062093e-05,0.05504587155963292,3.199764671505068e-05,0.05402650356778782,4.609622668528374e-06,0.05912334352701332,3.702409696530768e-06,0.060142711518858194,2.0713878884961543e-05,0.06116207951070329,2.3808210697558782e-05,0.06218144750254839,2.3538498732910843e-05,0.06320081549439349,2.255772795237289e-05,0.0,0.0,1.0,1.0,2.0
22,14:13:00,7,0.05810397553516822,184917.0,0.05912334352701332,0.05810397553516822,1.4711561708069277e-06,0.057084607543322896,1.2259634756724397e-06,0.05606523955147802,1.7433200624062093e-05,0.05504587155963292,3.199764671505068e-05,0.05402650356778782,4.609622668528374e-06,0.060142711518858194,2.0689359615448095e-05,0.06116207951070329,2.3808210697558782e-05,0.06218144750254839,2.363657581096464e-05,0.06320081549439349,2.2925516995074625e-05,0.06422018348623837,2.623561837939021e-05,0.0,0.0,1.0,1.0,2.0
22,14:13:03,7,0.05810397553516822,5191.0,0.05861365953109088,0.05810397553516822,1.6427910574010693e-06,0.057084607543322896,8.581744329707078e-06,0.05606523955147802,1.7433200624062093e-05,0.05504587155963292,3.1237549360133765e-05,0.05402650356778782,4.609622668528374e-06,0.05912334352701332,2.182214986696943e-06,0.060142711518858194,2.073839815447499e-05,0.06116207951070329,2.3759172158531884e-05,0.06218144750254839,2.363657581096464e-05,0.06320081549439349,2.2925516995074625e-05,0.0,0.0,1.0,2.0,2.0
22,14:13:06,7,0.05810397553516822,83050.0,0.05759429153924556,0.057084607543322896,8.581744329707078e-06,0.05606523955147802,1.792358601433107e-05,0.05504587155963292,3.1237549360133765e-05,0.05402650356778782,4.609622668528374e-06,0.05300713557594294,8.164916747978449e-06,0.05810397553516822,1.078847858591747e-05,0.05912334352701332,2.03509936961625e-06,0.060142711518858194,2.073839815447499e-05,0.06116207951070329,2.3759172158531884e-05,0.06218144750254839,2.363657581096464e-05,1.0,1.0,2.0,2.0,2.0
22,14:13:09,7,0.05810397553516822,19722.0,0.05759429153924556,0.057084607543322896,1.0298093195648495e-05,0.05606523955147802,1.8168778709465558e-05,0.05504587155963292,3.116399155159342e-05,0.05402650356778782,4.609622668528374e-06,0.05300713557594294,8.164916747978449e-06,0.05810397553516822,1.3706271658017877e-05,0.05912334352701332,2.157695717183494e-06,0.060142711518858194,2.073839815447499e-05,0.06116207951070329,2.3759172158531884e-05,0.06218144750254839,2.339138311583015e-05,1.0,1.0,2.0,2.0,2.0
22,14:13:12,7,0.05810397553516822,7618.0,0.05759429153924556,0.057084607543322896,1.1515720119686362e-05,0.05606523955147802,1.8168778709465558e-05,0.05504587155963292,3.118851082110687e-05,0.05402650356778782,4.609622668528374e-06,0.05300713557594294,8.655302138247424e-06,0.05810397553516822,1.3534636771423735e-05,0.05912334352701332,2.157695717183494e-06,0.060142711518858194,2.081195596301534e-05,0.06116207951070329,2.3759172158531884e-05,0.06218144750254839,2.339138311583015e-05,1.0,1.0,2.0,2.0,2.0
22,14:13:15,7,0.057084607543322896,23851.0,0.05759429153924556,0.057084607543322896,1.1270527424551874e-05,0.05606523955147802,1.8168778709465558e-05,0.05504587155963292,3.118851082110687e-05,0.05402650356778782,4.609622668528374e-06,0.05300713557594294,8.655302138247424e-06,0.05810397553516822,1.3657233118990979e-05,0.05912334352701332,3.4081784623693824e-06,0.060142711518858194,2.0836475232528787e-05,0.06116207951070329,2.3759172158531884e-05,0.06218144750254839,2.3464940924370497e-05,1.0,1.0,2.0,2.0,2.0
22,14:13:18,7,0.057084607543322896,294788.0,0.05759429153924556,0.057084607543322896,1.1172450346498079e-05,0.05606523955147802,1.8168778709465558e-05,0.05504587155963292,3.118851082110687e-05,0.05402650356778782,4.609622668528374e-06,0.05300713557594294,8.655302138247424e-06,0.05810397553516822,7.355780854034639e-06,0.05912334352701332,3.4081784623693824e-06,0.060142711518858194,2.0836475232528787e-05,0.06116207951070329,2.3759172158531884e-05,0.06218144750254839,2.363657581096464e-05,1.0,2.0,2.0,2.0,2.0
22,14:13:21,7,0.057084607543322896,0.0,0.05759429153924556,0.057084607543322896,1.1687355006280503e-05,0.05606523955147802,1.8046182361898314e-05,0.05504587155963292,3.118851082110687e-05,0.05402650356778782,4.609622668528374e-06,0.05300713557594294,8.581744329707078e-06,0.05810397553516822,7.502896471115331e-06,0.05912334352701332,4.8793346331763105e-06,0.060142711518858194,2.0836475232528787e-05,0.06116207951070329,2.3759172158531884e-05,0.06218144750254839,2.363657581096464e-05,1.0,2.0,2.0,2.0,2.0
22,14:13:24,7,0.057084607543322896,7259.0,0.05759429153924556,0.057084607543322896,1.1515720119686362e-05,0.05606523955147802,1.8046182361898314e-05,0.05504587155963292,3.033033638813616e-05,0.05402650356778782,4.609622668528374e-06,0.05300713557594294,8.483667251653283e-06,0.05810397553516822,7.380300123548088e-06,0.05912334352701332,5.124527328310798e-06,0.060142711518858194,2.0836475232528787e-05,0.06116207951070329,2.3759172158531884e-05,0.06218144750254839,2.363657581096464e-05,1.0,2.0,2.0,2.0,2.0
22,14:13:27,7,0.05810397553516822,115127.0,0.05759429153924556,0.057084607543322896,9.284466593962521e-06,0.05606523955147802,1.8046182361898314e-05,0.05504587155963292,3.033033638813616e-05,0.05402650356778782,4.119237278259397e-06,0.05300713557594294,8.483667251653283e-06,0.05810397553516822,6.889914733279112e-06,0.05912334352701332,6.031740300308404e-06,0.060142711518858194,2.1964361630147433e-05,0.06116207951070329,2.3759172158531884e-05,0.06218144750254839,2.608850276230952e-05,1.0,2.0,2.0,2.0,2.0
22,14:13:30,7,0.057084607543322896,5185.0,0.05759429153924556,0.057084607543322896,1.0387833722067716e-05,0.05606523955147802,1.853656775216729e-05,0.05504587155963292,3.033033638813616e-05,0.05402650356778782,4.119237278259397e-06,0.05300713557594294,8.483667251653283e-06,0.05810397553516822,9.881265613919865e-06,0.05912334352701332,6.031740300308404e-06,0.060142711518858194,2.198888089966088e-05,0.06116207951070329,2.3759172158531884e-05,0.06218144750254839,2.6211099109876763e-05,1.0,2.0,2.0,2.0,2.0
22,14:13:33,7,0.057084607543322896,9338.0,0.05759429153924556,0.057084607543322896,1.090273838185014e-05,0.05606523955147802,1.8291375057032803e-05,0.05504587155963292,3.033033638813616e-05,0.05402650356778782,4.119237278259397e-06,0.05300713557594294,8.483667251653283e-06,0.05810397553516822,9.807707805379518e-06,0.05912334352701332,6.031740300308404e-06,0.060142711518858194,2.218503505576847e-05,0.06116207951070329,2.3759172158531884e-05,0.06218144750254839,2.606398349279607e-05,2.0,2.0,2.0,2.0,2.0
22,14:13:36,7,0.057084607543322896,80886.0,0.05759429153924556,0.057084607543322896,1.4139281957625382e-05,0.05606523955147802,1.8291375057032803e-05,0.05504587155963292,3.033033638813616e-05,0.05402650356778782,4.119237278259397e-06,0.05300713557594294,8.483667251653283e-06,0.05810397553516822,1.0641362968836777e-05,0.05912334352701332,6.031740300308404e-06,0.060142711518858194,2.316580583630642e-05,0.06116207951070329,2.378369142804533e-05,0.06218144750254839,2.606398349279607e-05,2.0,2.0,2.0,2.0,2.0
22,14:13:39,7,0.057084607543322896,145180.0,0.05759429153924556,0.057084607543322896,1.1196969616011528e-05,0.05606523955147802,1.8291375057032803e-05,0.05504587155963292,3.082072177840514e-05,0.05402650356778782,4.119237278259397e-06,0.05300713557594294,8.483667251653283e-06,0.05810397553516822,7.502896471115331e-06,0.05912334352701332,6.4240486125235845e-06,0.060142711518858194,2.316580583630642e-05,0.06116207951070329,2.378369142804533e-05,0.06218144750254839,2.606398349279607e-05,2.0,2.0,2.0,2.0,2.0
22,14:13:42,7,0.057084607543322896,113037.0,0.05759429153924556,0.057084607543322896,9.063793168341481e-06,0.05606523955147802,1.853656775216729e-05,0.05504587155963292,3.082072177840514e-05,0.05402650356778782,4.119237278259397e-06,0.05300713557594294,8.483667251653283e-06,0.05810397553516822,7.453857932088434e-06,0.05912334352701332,6.4240486125235845e-06,0.060142711518858194,2.3876864652196436e-05,0.06116207951070329,2.378369142804533e-05,0.06218144750254839,3.0232259310082367e-05,2.0,2.0,2.0,2.0,2.0
22,14:13:45,7,0.05810397553516822,69481.0,0.05759429153924556,0.057084607543322896,7.47004064996731e-06,0.05606523955147802,1.853656775216729e-05,0.05504587155963292,3.082072177840514e-05,0.05402650356778782,4.119237278259397e-06,0.05300713557594294,8.483667251653283e-06,0.05810397553516822,7.650012088196024e-06,0.05912334352701332,6.4240486125235845e-06,0.060142711518858194,2.3876864652196436e-05,0.06116207951070329,2.378369142804533e-05,0.06218144750254839,3.0232259310082367e-05,2.0,2.0,2.0,2.0,2.0
22,14:13:48,7,0.05810397553516822,332160.0,0.05861365953109088,0.05810397553516822,2.520580905982536e-05,0.057084607543322896,7.715233345101798e-06,0.05606523955147802,1.853656775216729e-05,0.05504587155963292,3.082072177840514e-05,0.05402650356778782,4.119237278259397e-06,0.05912334352701332,6.4240486125235845e-06,0.060142711518858194,2.3901383921709887e-05,0.06116207951070329,2.378369142804533e-05,0.06218144750254839,2.9987066614947878e-05,0.06320081549439349,2.280292064750738e-05,1.0,2.0,1.0,2.0,2.0
22,14:13:51,7,0.05810397553516822,36538.0,0.05861365953109088,0.05810397553516822,2.502927031932853e-05,0.057084607543322896,8.107541657316978e-06,0.05606523955147802,1.853656775216729e-05,0.05504587155963292,3.082072177840514e-05,0.05402650356778782,4.119237278259397e-06,0.05912334352701332,6.963472541819458e-06,0.060142711518858194,2.3901383921709887e-05,0.06116207951070329,2.378369142804533e-05,0.06218144750254839,2.9987066614947878e-05,0.06320081549439349,2.280292064750738e-05,1.0,1.0,1.0,2.0,2.0
22,14:13:54,7,0.05810397553516822,19722.0,0.05861365953109088,0.05810397553516822,2.4808596893707492e-05,0.057084607543322896,8.107541657316978e-06,0.05606523955147802,1.853656775216729e-05,0.05504587155963292,3.082072177840514e-05,0.05402650356778782,4.119237278259397e-06,0.05912334352701332,4.5115455904745785e-06,0.060142711518858194,2.4146576616844372e-05,0.06116207951070329,2.402888412317982e-05,0.06218144750254839,2.9987066614947878e-05,0.06320081549439349,2.280292064750738e-05,1.0,1.0,1.0,2.0,2.0
22,14:13:57,7,0.05810397553516822,0.0,0.05861365953109088,0.05810397553516822,2.4808596893707492e-05,0.057084607543322896,8.107541657316978e-06,0.05606523955147802,1.853656775216729e-05,0.05504587155963292,3.082072177840514e-05,0.05402650356778782,4.119237278259397e-06,0.05912334352701332,4.5115455904745785e-06,0.060142711518858194,2.4146576616844372e-05,0.06116207951070329,2.402888412317982e-05,0.06218144750254839,2.9987066614947878e-05,0.06320081549439349,2.2704843569453583e-05,1.0,2.0,1.0,2.0,2.0
22,14:14:00,7,0.05810397553516822,164060.0,0.05861365953109088,0.05810397553516822,2.3509075609494707e-05,0.057084607543322896,8.230138004884222e-06,0.05606523955147802,1.8781760447301776e-05,0.05504587155963292,3.082072177840514e-05,0.05402650356778782,4.119237278259397e-06,0.05912334352701332,3.3836591928559337e-06,0.060142711518858194,2.463696200711335e-05,0.06116207951070329,2.402888412317982e-05,0.06218144750254839,2.9987066614947878e-05,0.06320081549439349,2.2704843569453583e-05,1.0,1.0,2.0,2.0,2.0
22,14:14:03,7,0.05810397553516822,97572.0,0.05861365953109088,0.05810397553516822,2.120426427523052e-05,0.057084607543322896,8.30369581342457e-06,0.05606523955147802,1.8781760447301776e-05,0.05504587155963292,3.082072177840514e-05,0.05402650356778782,4.119237278259397e-06,0.05912334352701332,4.119237278259397e-06,0.060142711518858194,2.4735039085167146e-05,0.06116207951070329,2.4274076818314308e-05,0.06218144750254839,2.9987066614947878e-05,0.06320081549439349,2.2704843569453583e-05,2.0,1.0,2.0,2.0,2.0
22,14:14:06,7,0.05810397553516822,14532.0,0.05861365953109088,0.05810397553516822,2.0860994502042234e-05,0.057084607543322896,8.30369581342457e-06,0.05606523955147802,1.8781760447301776e-05,0.05504587155963292,3.082072177840514e-05,0.05402650356778782,4.119237278259397e-06,0.05912334352701332,4.119237278259397e-06,0.060142711518858194,2.4735039085167146e-05,0.06116207951070329,2.4421192435395e-05,0.06218144750254839,2.9987066614947878e-05,0.06320081549439349,2.2704843569453583e-05,1.0,1.0,2.0,2.0,2.0
22,14:14:09,7,0.05810397553516822,24912.0,0.05861365953109088,0.05810397553516822,2.0076377877611874e-05,0.057084607543322896,8.30369581342457e-06,0.05606523955147802,2.0032243192487667e-05,0.05504587155963292,3.143370351624136e-05,0.05402650356778782,4.119237278259397e-06,0.05912334352701332,4.560584129501476e-06,0.060142711518858194,2.498023178030163e-05,0.06116207951070329,2.4421192435395e-05,0.06218144750254839,2.9987066614947878e-05,0.06320081549439349,2.285195918653428e-05,1.0,1.0,2.0,2.0,2.0
22,14:14:12,7,0.05810397553516822,28026.0,0.05861365953109088,0.05810397553516822,1.9414357600748757e-05,0.057084607543322896,8.30369581342457e-06,0.05606523955147802,2.0032243192487667e-05,0.05504587155963292,3.143370351624136e-05,0.05402650356778782,4.119237278259397e-06,0.05912334352701332,4.756738285609066e-06,0.060142711518858194,2.498023178030163e-05,0.06116207951070329,2.4421192435395e-05,0.06218144750254839,2.9987066614947878e-05,0.06320081549439349,2.285195918653428e-05,2.0,1.0,2.0,2.0,2.0
22,14:14:15,7,0.05912334352701332,94470.0,0.05861365953109088,0.05810397553516822,1.7477335309186303e-05,0.057084607543322896,8.30369581342457e-06,0.05606523955147802,2.0032243192487667e-05,0.05504587155963292,3.143370351624136e-05,0.05402650356778782,4.119237278259397e-06,0.05912334352701332,4.732219016095618e-06,0.060142711518858194,2.498023178030163e-05,0.06116207951070329,2.4421192435395e-05,0.06218144750254839,2.9987066614947878e-05,0.06320081549439349,2.285195918653428e-05,1.0,1.0,2.0,2.0,2.0
22,14:14:18,7,0.05810397553516822,385617.0,0.059633027522935755,0.05912334352701332,4.168275817286295e-07,0.05810397553516822,1.7134065535998017e-05,0.057084607543322896,8.30369581342457e-06,0.05606523955147802,2.0032243192487667e-05,0.05504587155963292,3.1311107168674114e-05,0.060142711518858194,2.15475340484188e-05,0.06116207951070329,2.4421192435395e-05,0.06218144750254839,2.9987066614947878e-05,0.06320081549439349,2.285195918653428e-05,0.06422018348623837,2.7216389159928164e-05,0.0,0.0,1.0,2.0,2.0
22,14:14:21,7,0.05810397553516822,40267.0,0.05861365953109088,0.05810397553516822,1.6796435194797828e-05,0.057084607543322896,8.30369581342457e-06,0.05606523955147802,2.0032243192487667e-05,0.05504587155963292,3.1311107168674114e-05,0.05402650356778782,4.119237278259397e-06,0.05912334352701332,2.4519269513448794e-07,0.060142711518858194,2.15475340484188e-05,0.06116207951070329,2.4421192435395e-05,0.06218144750254839,2.9987066614947878e-05,0.06320081549439349,2.285195918653428e-05,1.0,1.0,2.0,2.0,2.0
22,14:14:24,7,0.05810397553516822,5190.0,0.05861365953109088,0.05810397553516822,1.716422423749956e-05,0.057084607543322896,8.058503118290081e-06,0.05606523955147802,2.0032243192487667e-05,0.05504587155963292,3.1311107168674114e-05,0.05402650356778782,4.119237278259397e-06,0.05912334352701332,2.4519269513448794e-07,0.060142711518858194,2.15475340484188e-05,0.06116207951070329,2.4421192435395e-05,0.06218144750254839,2.9987066614947878e-05,0.06320081549439349,2.285195918653428e-05,1.0,1.0,1.0,2.0,2.0
22,14:14:27,7,0.05912334352701332,20780.0,0.059633027522935755,0.05912334352701332,1.9615415610759037e-07,0.05810397553516822,1.7654609627768535e-05,0.057084607543322896,8.058503118290081e-06,0.05606523955147802,2.0056762462001114e-05,0.05504587155963292,3.1311107168674114e-05,0.060142711518858194,2.0517724728853952e-05,0.06116207951070329,2.4764462208583282e-05,0.06218144750254839,2.9987066614947878e-05,0.06320081549439349,2.285195918653428e-05,0.06422018348623837,2.6726003769659187e-05,0.0,0.0,0.0,1.0,2.0
22,14:14:30,7,0.05912334352701332,91432.0,0.05861365953109088,0.05810397553516822,1.7703648166795433e-05,0.057084607543322896,8.058503118290081e-06,0.05606523955147802,2.0056762462001114e-05,0.05504587155963292,3.143370351624136e-05,0.05402650356778782,4.119237278259397e-06,0.05912334352701332,2.5990425684255725e-06,0.060142711518858194,2.0517724728853952e-05,0.06116207951070329,2.4764462208583282e-05,0.06218144750254839,2.9987066614947878e-05,0.06320081549439349,2.285195918653428e-05,1.0,2.0,1.0,2.0,2.0
22,14:14:33,7,0.05810397553516822,43596.0,0.05861365953109088,0.05810397553516822,1.6673838847230584e-05,0.057084607543322896,8.058503118290081e-06,0.05606523955147802,2.017935880956836e-05,0.05504587155963292,3.143370351624136e-05,0.05402650356778782,4.119237278259397e-06,0.05912334352701332,4.487026320961129e-06,0.060142711518858194,1.9438876870262205e-05,0.06116207951070329,2.4568308052475692e-05,0.06218144750254839,2.988898953689408e-05,0.06320081549439349,2.3464940924370497e-05,1.0,2.0,1.0,2.0,2.0
22,14:14:36,7,0.05912334352701332,14544.0,0.05861365953109088,0.05810397553516822,1.9321919954683053e-05,0.057084607543322896,8.058503118290081e-06,0.05606523955147802,2.017935880956836e-05,0.05504587155963292,3.143370351624136e-05,0.05402650356778782,4.119237278259397e-06,0.05912334352701332,4.217314356313193e-06,0.060142711518858194,1.9438876870262205e-05,0.06116207951070329,2.5303886137879158e-05,0.06218144750254839,2.988898953689408e-05,0.06320081549439349,2.3464940924370497e-05,1.0,2.0,2.0,2.0,2.0
22,14:14:39,7,0.05912334352701332,20780.0,0.05861365953109088,0.05810397553516822,2.0768556855976534e-05,0.057084607543322896,8.058503118290081e-06,0.05606523955147802,2.017935880956836e-05,0.05504587155963292,3.143370351624136e-05,0.05402650356778782,4.119237278259397e-06,0.05912334352701332,3.726928966044217e-06,0.060142711518858194,2.2013400169174328e-05,0.06116207951070329,2.5303886137879158e-05,0.06218144750254839,2.988898953689408e-05,0.06320081549439349,2.339138311583015e-05,1.0,2.0,2.0,2.0,2.0
22,14:14:42,7,0.05912334352701332,8308.0,0.05861365953109088,0.05810397553516822,2.0670479777922737e-05,0.057084607543322896,7.568117728021105e-06,0.05606523955147802,2.017935880956836e-05,0.05504587155963292,3.143370351624136e-05,0.05402650356778782,4.119237278259397e-06,0.05912334352701332,3.6778904270173194e-06,0.060142711518858194,2.2013400169174328e-05,0.06116207951070329,2.5303886137879158e-05,0.06218144750254839,2.988898953689408e-05,0.06320081549439349,2.3464940924370497e-05,1.0,2.0,2.0,2.0,2.0
22,14:14:45,7,0.05912334352701332,313478.0,0.05861365953109088,0.05810397553516822,1.3388256732428446e-05,0.057084607543322896,7.690714075588348e-06,0.05606523955147802,2.020387807908181e-05,0.05504587155963292,3.143370351624136e-05,0.05402650356778782,4.119237278259397e-06,0.05912334352701332,4.977411711230106e-06,0.060142711518858194,2.1719168935012944e-05,0.06116207951070329,2.5426482485446402e-05,0.06218144750254839,2.988898953689408e-05,0.06320081549439349,2.3464940924370497e-05,2.0,2.0,2.0,2.0,2.0
22,14:14:48,7,0.05810397553516822,57090.0,0.05861365953109088,0.05810397553516822,1.2039696909188762e-05,0.057084607543322896,7.690714075588348e-06,0.05606523955147802,2.020387807908181e-05,0.05504587155963292,3.143370351624136e-05,0.05402650356778782,4.119237278259397e-06,0.05912334352701332,5.075488789283901e-06,0.060142711518858194,2.1719168935012944e-05,0.06116207951070329,2.5426482485446402e-05,0.06218144750254839,2.988898953689408e-05,0.06320081549439349,2.3464940924370497e-05,2.0,2.0,2.0,2.0,2.0
22,14:14:51,7,0.05810397553516822,170332.0,0.05861365953109088,0.05810397553516822,1.0470463660328039e-05,0.057084607543322896,7.445521380453862e-06,0.05606523955147802,2.339138311583015e-05,0.05504587155963292,3.143370351624136e-05,0.05402650356778782,4.119237278259397e-06,0.05912334352701332,3.113947228207997e-06,0.060142711518858194,2.1473976239878456e-05,0.06116207951070329,2.5377443946419504e-05,0.06218144750254839,3.013418223202857e-05,0.06320081549439349,2.3464940924370497e-05,2.0,2.0,2.0,2.0,2.0
22,14:14:54,7,0.05912334352701332,166180.0,0.05861365953109088,0.05810397553516822,8.99930748952111e-06,0.057084607543322896,7.445521380453862e-06,0.05606523955147802,2.339138311583015e-05,0.05504587155963292,3.143370351624136e-05,0.05402650356778782,4.119237278259397e-06,0.05912334352701332,6.620202768631175e-07,0.060142711518858194,2.1253302814257415e-05,0.06116207951070329,2.586782933668848e-05,0.06218144750254839,3.013418223202857e-05,0.06320081549439349,2.3464940924370497e-05,2.0,1.0,2.0,2.0,2.0
22,14:14:57,7,0.05810397553516822,7266.0,0.05861365953109088,0.05810397553516822,9.83296265297837e-06,0.057084607543322896,7.445521380453862e-06,0.05606523955147802,2.339138311583015e-05,0.05504587155963292,3.143370351624136e-05,0.05402650356778782,4.119237278259397e-06,0.05912334352701332,2.010580100102801e-06,0.060142711518858194,2.1743688204526392e-05,0.06116207951070329,2.586782933668848e-05,0.06218144750254839,3.013418223202857e-05,0.06320081549439349,2.4323115357341207e-05,2.0,1.0,2.0,2.0,2.0
22,14:15:00,7,0.05912334352701332,90393.0,0.059633027522935755,0.05912334352701332,5.345200753931838e-06,0.05810397553516822,1.351085307999569e-05,0.057084607543322896,7.715233345101798e-06,0.05606523955147802,2.344042165485705e-05,0.05504587155963292,3.118851082110687e-05,0.060142711518858194,2.1743688204526392e-05,0.06116207951070329,2.6113022031822966e-05,0.06218144750254839,3.013418223202857e-05,0.06320081549439349,2.417599974026051e-05,0.06422018348623837,2.6726003769659187e-05,1.0,0.0,2.0,2.0,2.0
22,14:15:03,7,0.05912334352701332,40531.0,0.059633027522935755,0.05912334352701332,7.576454279655678e-06,0.05810397553516822,1.3952199931237769e-05,0.057084607543322896,7.715233345101798e-06,0.05606523955147802,2.344042165485705e-05,0.05504587155963292,3.118851082110687e-05,0.060142711518858194,2.1498495509391903e-05,0.06116207951070329,2.6113022031822966e-05,0.06218144750254839,3.013418223202857e-05,0.06320081549439349,2.417599974026051e-05,0.06422018348623837,2.6726003769659187e-05,1.0,0.0,2.0,2.0,2.0
22,14:15:06,7,0.05912334352701332,34287.0,0.059633027522935755,0.05912334352701332,7.968762591870858e-06,0.05810397553516822,1.4197392626372256e-05,0.057084607543322896,7.715233345101798e-06,0.05606523955147802,2.344042165485705e-05,0.05504587155963292,3.118851082110687e-05,0.060142711518858194,2.1498495509391903e-05,0.06116207951070329,2.6113022031822966e-05,0.06218144750254839,3.013418223202857e-05,0.06320081549439349,2.417599974026051e-05,0.06422018348623837,2.6726003769659187e-05,1.0,1.0,2.0,2.0,2.0
22,14:15:09,7,0.05912334352701332,27014.0,0.059633027522935755,0.05912334352701332,7.3312615845211895e-06,0.05810397553516822,1.4467104591020193e-05,0.057084607543322896,7.862348962182491e-06,0.05606523955147802,2.319522895972256e-05,0.05504587155963292,3.118851082110687e-05,0.060142711518858194,2.1670130395986046e-05,0.06116207951070329,2.6113022031822966e-05,0.06218144750254839,3.013418223202857e-05,0.06320081549439349,2.4200519009773962e-05,0.06422018348623837,2.6726003769659187e-05,0.0,1.0,2.0,2.0,2.0
22,14:15:12,7,0.060142711518858194,94624.0,0.059633027522935755,0.05912334352701332,7.184145967440497e-06,0.05810397553516822,1.4467104591020193e-05,0.057084607543322896,7.862348962182491e-06,0.05606523955147802,2.2950036264588072e-05,0.05504587155963292,3.118851082110687e-05,0.060142711518858194,1.9929262260531182e-05,0.06116207951070329,2.6113022031822966e-05,0.06218144750254839,2.988898953689408e-05,0.06320081549439349,2.4200519009773962e-05,0.06422018348623837,2.6726003769659187e-05,0.0,1.0,2.0,2.0,2.0
22,14:15:15,7,0.05912334352701332,14546.0,0.059633027522935755,0.05912334352701332,6.840876194252214e-06,0.05810397553516822,1.4467104591020193e-05,0.057084607543322896,7.862348962182491e-06,0.05606523955147802,2.2950036264588072e-05,0.05504587155963292,3.118851082110687e-05,0.060142711518858194,2.0493205459340505e-05,0.06116207951070329,2.6113022031822966e-05,0.06218144750254839,2.988898953689408e-05,0.06320081549439349,2.4200519009773962e-05,0.06422018348623837,2.6726003769659187e-05,0.0,1.0,2.0,2.0,2.0
22,14:15:18,7,0.060142711518858194,275597.0,0.059633027522935755,0.05912334352701332,6.767318385711867e-06,0.05810397553516822,1.4467104591020193e-05,0.057084607543322896,7.862348962182491e-06,0.05606523955147802,2.2950036264588072e-05,0.05504587155963292,3.118851082110687e-05,0.060142711518858194,1.4804734932220383e-05,0.06116207951070329,2.6113022031822966e-05,0.06218144750254839,2.988898953689408e-05,0.06320081549439349,2.4200519009773962e-05,0.06422018348623837,2.6726003769659187e-05,0.0,1.0,2.0,2.0,2.0
22,14:15:21,7,0.05912334352701332,3117.0,0.059633027522935755,0.05912334352701332,6.7918376552253165e-06,0.05810397553516822,1.4467104591020193e-05,0.057084607543322896,7.862348962182491e-06,0.05606523955147802,2.3366863846316703e-05,0.05504587155963292,3.118851082110687e-05,0.060142711518858194,1.5123485435895217e-05,0.06116207951070329,2.6113022031822966e-05,0.06218144750254839,2.952120049419235e-05,0.06320081549439349,2.4323115357341207e-05,0.06422018348623837,2.6726003769659187e-05,1.0,1.0,1.0,2.0,2.0
22,14:15:24,7,0.05912334352701332,287803.0,0.05861365953109088,0.05810397553516822,1.471229728615468e-05,0.057084607543322896,7.862348962182491e-06,0.05606523955147802,2.3366863846316703e-05,0.05504587155963292,3.118851082110687e-05,0.05402650356778782,4.119237278259397e-06,0.05912334352701332,5.639431988093223e-07,0.060142711518858194,1.7722528004320788e-05,0.06116207951070329,2.6113022031822966e-05,0.06218144750254839,2.952120049419235e-05,0.06320081549439349,2.481350074761018e-05,2.0,2.0,2.0,2.0,2.0
22,14:15:27,7,0.05912334352701332,25975.0,0.05861365953109088,0.05810397553516822,1.4957489981289169e-05,0.057084607543322896,7.862348962182491e-06,0.05606523955147802,2.3366863846316703e-05,0.05504587155963292,3.118851082110687e-05,0.05402650356778782,4.119237278259397e-06,0.05912334352701332,3.6533711575038706e-06,0.060142711518858194,1.8360029011670457e-05,0.06116207951070329,2.6358214726957454e-05,0.06218144750254839,2.9398604146625107e-05,0.06320081549439349,2.481350074761018e-05,2.0,2.0,2.0,2.0,2.0
22,14:15:30,7,0.05912334352701332,58166.0,0.05861365953109088,0.05810397553516822,1.451614313004709e-05,0.057084607543322896,7.862348962182491e-06,0.05606523955147802,2.3366863846316703e-05,0.05504587155963292,3.118851082110687e-05,0.05402650356778782,4.119237278259397e-06,0.05912334352701332,2.746158185506265e-06,0.060142711518858194,1.8825895132425987e-05,0.06116207951070329,2.6358214726957454e-05,0.06218144750254839,2.9398604146625107e-05,0.06320081549439349,2.481350074761018e-05,2.0,2.0,2.0,2.0,2.0
22,14:15:33,7,0.05912334352701332,21819.0,0.05861365953109088,0.05810397553516822,1.451614313004709e-05,0.057084607543322896,7.862348962182491e-06,0.05606523955147802,2.3366863846316703e-05,0.05504587155963292,3.118851082110687e-05,0.05402650356778782,4.119237278259397e-06,0.05912334352701332,4.68318047706872e-06,0.060142711518858194,1.8825895132425987e-05,0.06116207951070329,2.6358214726957454e-05,0.06218144750254839,2.9398604146625107e-05,0.06320081549439349,2.4568308052475692e-05,2.0,2.0,2.0,2.0,2.0
22,14:15:36,7,0.05912334352701332,198449.0,0.059633027522935755,0.05912334352701332,7.355780854034639e-08,0.05810397553516822,1.2064216178702211e-05,0.057084607543322896,7.862348962182491e-06,0.05606523955147802,2.3366863846316703e-05,0.05504587155963292,3.118851082110687e-05,0.060142711518858194,1.8825895132425987e-05,0.06116207951070329,2.6358214726957454e-05,0.06218144750254839,2.4494750243935346e-05,0.06320081549439349,2.4323115357341207e-05,0.06422018348623837,2.6726003769659187e-05,1.0,2.0,1.0,2.0,2.0
22,14:15:39,7,0.05912334352701332,41543.0,0.059633027522935755,0.05912334352701332,4.977411711230106e-06,0.05810397553516822,1.1647388596973582e-05,0.057084607543322896,7.862348962182491e-06,0.05606523955147802,2.3366863846316703e-05,0.05504587155963292,3.118851082110687e-05,0.060142711518858194,2.014993568615222e-05,0.06116207951070329,2.6358214726957454e-05,0.06218144750254839,2.4494750243935346e-05,0.06320081549439349,2.4323115357341207e-05,0.06422018348623837,2.6726003769659187e-05,1.0,2.0,1.0,2.0,2.0
22,14:15:42,7,0.05912334352701332,0.0,0.059633027522935755,0.05912334352701332,6.227894456415994e-06,0.05810397553516822,1.1647388596973582e-05,0.057084607543322896,8.107541657316978e-06,0.05606523955147802,2.3366863846316703e-05,0.05504587155963292,3.118851082110687e-05,0.060142711518858194,2.017445495566567e-05,0.06116207951070329,2.6358214726957454e-05,0.06218144750254839,2.4494750243935346e-05,0.06320081549439349,2.4323115357341207e-05,0.06422018348623837,2.6726003769659187e-05,2.0,2.0,1.0,2.0,2.0
22,14:15:45,7,0.05912334352701332,20780.0,0.059633027522935755,0.05912334352701332,7.699050627222922e-06,0.05810397553516822,1.2235851065296352e-05,0.057084607543322896,8.107541657316978e-06,0.05606523955147802,2.3366863846316703e-05,0.05504587155963292,3.118851082110687e-05,0.060142711518858194,2.16456111264726e-05,0.06116207951070329,2.608850276230952e-05,0.06218144750254839,2.4494750243935346e-05,0.06320081549439349,2.4323115357341207e-05,0.06422018348623837,2.6726003769659187e-05,2.0,2.0,1.0,2.0,2.0
22,14:15:48,7,0.05912334352701332,95624.0,0.059633027522935755,0.05912334352701332,6.375010073496687e-06,0.05810397553516822,0.00020839000717288672,0.057084607543322896,8.107541657316978e-06,0.05606523955147802,2.3489460193883948e-05,0.05504587155963292,3.118851082110687e-05,0.060142711518858194,2.1326860622797764e-05,0.06116207951070329,2.608850276230952e-05,0.06218144750254839,2.4494750243935346e-05,0.06320081549439349,2.4323115357341207e-05,0.06422018348623837,2.6726003769659187e-05,2.0,2.0,2.0,2.0,2.0
22,14:15:51,7,0.060142711518858194,23905.0,0.059633027522935755,0.05912334352701332,6.399529343010135e-06,0.05810397553516822,0.00020836548790337326,0.057084607543322896,8.107541657316978e-06,0.05606523955147802,2.3489460193883948e-05,0.05504587155963292,3.118851082110687e-05,0.060142711518858194,2.120426427523052e-05,0.06116207951070329,2.608850276230952e-05,0.06218144750254839,2.4788981478096733e-05,0.06320081549439349,2.481350074761018e-05,0.06422018348623837,2.6971196464793676e-05,2.0,1.0,2.0,2.0,2.0
22,14:15:54,7,0.060142711518858194,208000.0,0.059633027522935755,0.05912334352701332,6.4240486125235845e-06,0.05810397553516822,0.00020836548790337326,0.057084607543322896,8.107541657316978e-06,0.05606523955147802,2.3489460193883948e-05,0.05504587155963292,3.118851082110687e-05,0.060142711518858194,1.6349448911567657e-05,0.06116207951070329,2.608850276230952e-05,0.06218144750254839,2.4788981478096733e-05,0.06320081549439349,2.481350074761018e-05,0.06422018348623837,2.6971196464793676e-05,2.0,1.0,2.0,2.0,2.0
22,14:15:57,7,0.060142711518858194,696592.0,0.060652395514780855,0.060142711518858194,5.938567076157298e-06,0.05912334352701332,6.473087151550482e-06,0.05810397553516822,1.2235851065296352e-05,0.057084607543322896,8.107541657316978e-06,0.05606523955147802,2.3489460193883948e-05,0.06116207951070329,2.6333695457444007e-05,0.06218144750254839,2.4788981478096733e-05,0.06320081549439349,2.503417417323122e-05,0.06422018348623837,2.6971196464793676e-05,0.06523955147808347,7.380300123548087e-05,1.0,0.0,1.0,2.0,2.0
22,14:16:00,7,0.060142711518858194,138368.0,0.060652395514780855,0.060142711518858194,4.222218210215882e-06,0.05912334352701332,1.6035602261795514e-05,0.05810397553516822,1.2235851065296352e-05,0.057084607543322896,8.27917654391112e-06,0.05606523955147802,2.3489460193883948e-05,0.06116207951070329,2.5083212712258117e-05,0.06218144750254839,2.3317825307289805e-05,0.06320081549439349,2.503417417323122e-05,0.06422018348623837,2.8246198479493014e-05,0.06523955147808347,7.380300123548087e-05,1.0,1.0,1.0,2.0,2.0
22,14:16:03,7,0.06116207951070329,318121.0,0.060652395514780855,0.060142711518858194,2.4519269513448794e-07,0.05912334352701332,1.2754924000896064e-05,0.05810397553516822,1.0494982929841488e-05,0.057084607543322896,8.27917654391112e-06,0.05606523955147802,2.0301955157135603e-05,0.06116207951070329,2.4739942939069835e-05,0.06218144750254839,2.3317825307289805e-05,0.06320081549439349,2.4911577825663977e-05,0.06422018348623837,2.8246198479493014e-05,0.06523955147808347,7.380300123548087e-05,1.0,1.0,1.0,2.0,2.0
22,14:16:06,7,0.060142711518858194,44720.0,0.060652395514780855,0.060142711518858194,1.0298093195648493e-06,0.05912334352701332,1.2975597426517103e-05,0.05810397553516822,1.0494982929841488e-05,0.057084607543322896,8.27917654391112e-06,0.05606523955147802,2.0301955157135603e-05,0.06116207951070329,2.5132251251285015e-05,0.06218144750254839,2.3317825307289805e-05,0.06320081549439349,2.4543788782962244e-05,0.06422018348623837,3.315005238218277e-05,0.06523955147808347,7.380300123548087e-05,0.0,0.0,1.0,2.0,2.0
22,14:16:09,7,0.060142711518858194,24960.0,0.060652395514780855,0.060142711518858194,1.5447139793472742e-06,0.05912334352701332,1.2975597426517103e-05,0.05810397553516822,1.0494982929841488e-05,0.057084607543322896,8.377253621964916e-06,0.05606523955147802,2.0301955157135603e-05,0.06116207951070329,2.5132251251285015e-05,0.06218144750254839,2.285195918653428e-05,0.06320081549439349,2.4494750243935346e-05,0.06422018348623837,3.315005238218277e-05,0.06523955147808347,7.380300123548087e-05,0.0,0.0,1.0,2.0,2.0
22,14:16:12,7,0.06116207951070329,11441.0,0.060652395514780855,0.060142711518858194,3.3101013843155873e-06,0.05912334352701332,1.1259248560575686e-05,0.05810397553516822,1.0494982929841488e-05,0.057084607543322896,8.377253621964916e-06,0.05606523955147802,2.0301955157135603e-05,0.06116207951070329,2.54755210244733e-05,0.06218144750254839,2.285195918653428e-05,0.06320081549439349,2.4494750243935346e-05,0.06422018348623837,3.315005238218277e-05,0.06523955147808347,7.380300123548087e-05,0.0,0.0,1.0,2.0,2.0
22,14:16:15,7,0.060142711518858194,56160.0,0.060652395514780855,0.060142711518858194,2.2557727952372892e-06,0.05912334352701332,1.121021002154879e-05,0.05810397553516822,1.0494982929841488e-05,0.057084607543322896,8.377253621964916e-06,0.05606523955147802,2.0301955157135603e-05,0.06116207951070329,2.5720713719607785e-05,0.06218144750254839,2.2925516995074625e-05,0.06320081549439349,2.689763865625333e-05,0.06422018348623837,3.315005238218277e-05,0.06523955147808347,7.380300123548087e-05,1.0,0.0,1.0,2.0,2.0
22,14:16:18,7,0.06116207951070329,261271.0,0.060652395514780855,0.060142711518858194,1.7653874049683134e-06,0.05912334352701332,1.098953659592775e-05,0.05810397553516822,1.0494982929841488e-05,0.057084607543322896,8.377253621964916e-06,0.05606523955147802,2.0277435887622155e-05,0.06116207951070329,2.0056762462001114e-05,0.06218144750254839,2.2925516995074625e-05,0.06320081549439349,2.7020235003820574e-05,0.06422018348623837,3.3517841424884505e-05,0.06523955147808347,7.380300123548087e-05,1.0,1.0,1.0,2.0,2.0
22,14:16:21,7,0.060142711518858194,89440.0,0.059633027522935755,0.05912334352701332,1.6040506115698202e-05,0.05810397553516822,1.0494982929841488e-05,0.057084607543322896,8.377253621964916e-06,0.05606523955147802,2.0277435887622155e-05,0.05504587155963292,2.383272996707223e-05,0.060142711518858194,7.600973549169127e-07,0.06116207951070329,2.013032027054146e-05,0.06218144750254839,2.2925516995074625e-05,0.06320081549439349,2.7020235003820574e-05,0.06422018348623837,3.3517841424884505e-05,1.0,2.0,2.0,2.0,2.0
22,14:16:24,7,0.060142711518858194,18720.0,0.059633027522935755,0.05912334352701332,1.6163102463265446e-05,0.05810397553516822,1.0470463660328039e-05,0.057084607543322896,8.377253621964916e-06,0.05606523955147802,2.0277435887622155e-05,0.05504587155963292,2.383272996707223e-05,0.060142711518858194,1.814425943995211e-06,0.06116207951070329,2.0277435887622155e-05,0.06218144750254839,2.2925516995074625e-05,0.06320081549439349,2.7608697472143345e-05,0.06422018348623837,3.376303412001899e-05,1.0,2.0,2.0,2.0,2.0
22,14:16:27,7,0.05912334352701332,8317.0,0.059633027522935755,0.05912334352701332,1.60895446547251e-05,0.05810397553516822,1.1206041745731503e-05,0.057084607543322896,8.377253621964916e-06,0.05606523955147802,2.0277435887622155e-05,0.05504587155963292,2.383272996707223e-05,0.060142711518858194,2.672600376965919e-06,0.06116207951070329,2.057166712178354e-05,0.06218144750254839,2.079234054740458e-05,0.06320081549439349,2.7118312081874368e-05,0.06422018348623837,3.376303412001899e-05,1.0,2.0,2.0,2.0,2.0
22,14:16:30,7,0.060142711518858194,188223.0,0.060652395514780855,0.060142711518858194,3.5307748099366267e-06,0.05912334352701332,1.567271707299647e-05,0.05810397553516822,1.1206041745731503e-05,0.057084607543322896,8.377253621964916e-06,0.05606523955147802,1.9909646844920422e-05,0.06116207951070329,2.0816859816918027e-05,0.06218144750254839,2.0914936894971824e-05,0.06320081549439349,2.7191869890414714e-05,0.06422018348623837,3.3983707545640034e-05,0.06523955147808347,7.380300123548087e-05,0.0,1.0,1.0,2.0,2.0
22,14:16:33,7,0.060142711518858194,270500.0,0.060652395514780855,0.060142711518858194,3.4326977318828314e-07,0.05912334352701332,1.5917909768130958e-05,0.05810397553516822,1.1206041745731503e-05,0.057084607543322896,8.377253621964916e-06,0.05606523955147802,1.9909646844920422e-05,0.06116207951070329,1.836493286557315e-05,0.06218144750254839,2.0914936894971824e-05,0.06320081549439349,2.74861011245761e-05,0.06422018348623837,3.3983707545640034e-05,0.06523955147808347,7.44159829733171e-05,1.0,1.0,1.0,2.0,2.0
22,14:16:36,7,0.05912334352701332,25999.0,0.059633027522935755,0.05912334352701332,1.589339049861751e-05,0.05810397553516822,1.1451234440865991e-05,0.057084607543322896,8.377253621964916e-06,0.05606523955147802,1.9909646844920422e-05,0.05504587155963292,2.383272996707223e-05,0.060142711518858194,5.663951257606672e-06,0.06116207951070329,1.836493286557315e-05,0.06218144750254839,2.0718782738864234e-05,0.06320081549439349,2.74861011245761e-05,0.06422018348623837,3.3983707545640034e-05,2.0,2.0,2.0,2.0,2.0
22,14:16:39,7,0.060142711518858194,177840.0,0.059633027522935755,0.05912334352701332,1.589339049861751e-05,0.05810397553516822,1.1500272979892888e-05,0.057084607543322896,3.4733997192751565e-06,0.05606523955147802,1.9909646844920422e-05,0.05504587155963292,2.383272996707223e-05,0.060142711518858194,2.084137908643148e-06,0.06116207951070329,1.949281926319179e-05,0.06218144750254839,2.0718782738864234e-05,0.06320081549439349,2.74861011245761e-05,0.06422018348623837,3.4474092935909005e-05,2.0,2.0,2.0,2.0,2.0
22,14:16:42,7,0.060142711518858194,40556.0,0.059633027522935755,0.05912334352701332,1.692319981818236e-05,0.05810397553516822,1.1500272979892888e-05,0.057084607543322896,3.4733997192751565e-06,0.05606523955147802,1.9909646844920422e-05,0.05504587155963292,2.383272996707223e-05,0.060142711518858194,5.835586144200813e-06,0.06116207951070329,1.973801195832628e-05,0.06218144750254839,2.096397543399872e-05,0.06320081549439349,2.74861011245761e-05,0.06422018348623837,3.4474092935909005e-05,2.0,2.0,2.0,2.0,2.0
22,14:16:45,7,0.060142711518858194,96665.0,0.059633027522935755,0.05912334352701332,1.5574639994942676e-05,0.05810397553516822,1.1500272979892888e-05,0.057084607543322896,3.4733997192751565e-06,0.05606523955147802,1.9909646844920422e-05,0.05504587155963292,2.383272996707223e-05,0.060142711518858194,6.30145226495634e-06,0.06116207951070329,1.973801195832628e-05,0.06218144750254839,2.096397543399872e-05,0.06320081549439349,2.74861011245761e-05,0.06422018348623837,3.4474092935909005e-05,2.0,2.0,2.0,2.0,2.0
22,14:16:48,7,0.060142711518858194,280800.0,0.060652395514780855,0.060142711518858194,4.413468512420783e-06,0.05912334352701332,2.3518883317300087e-05,0.05810397553516822,1.248104376043084e-05,0.057084607543322896,3.4733997192751565e-06,0.05606523955147802,1.9909646844920422e-05,0.06116207951070329,1.973801195832628e-05,0.06218144750254839,2.1331764476700452e-05,0.06320081549439349,2.74861011245761e-05,0.06422018348623837,3.4474092935909005e-05,0.06523955147808347,7.461213712942469e-05,1.0,1.0,1.0,2.0,2.0
22,14:16:51,7,0.060142711518858194,233038.0,0.060652395514780855,0.060142711518858194,1.078847858591747e-06,0.05912334352701332,2.9991970468850566e-05,0.05810397553516822,1.248104376043084e-05,0.057084607543322896,3.4733997192751565e-06,0.05606523955147802,1.9909646844920422e-05,0.06116207951070329,2.2974555534101523e-05,0.06218144750254839,2.1331764476700452e-05,0.06320081549439349,2.7388024046522304e-05,0.06422018348623837,3.4474092935909005e-05,0.06523955147808347,7.458761785991123e-05,1.0,1.0,1.0,2.0,2.0
22,14:16:54,7,0.060142711518858194,46800.0,0.060652395514780855,0.060142711518858194,2.157695717183494e-06,0.05912334352701332,3.254197449824924e-05,0.05810397553516822,1.370700723610328e-05,0.057084607543322896,4.895517351055187e-06,0.05606523955147802,1.9909646844920422e-05,0.06116207951070329,2.3072632612155316e-05,0.06218144750254839,2.1331764476700452e-05,0.06320081549439349,2.7633216741656792e-05,0.06422018348623837,3.4474092935909005e-05,0.06523955147808347,7.488184909407262e-05,1.0,1.0,2.0,2.0,2.0
22,14:16:57,7,0.060142711518858194,33280.0,0.060652395514780855,0.060142711518858194,2.5745232989121237e-06,0.05912334352701332,3.254197449824924e-05,0.05810397553516822,1.370700723610328e-05,0.057084607543322896,4.895517351055187e-06,0.05606523955147802,1.7751951127736927e-05,0.06116207951070329,2.3121671151182215e-05,0.06218144750254839,2.1331764476700452e-05,0.06320081549439349,2.7755813089224037e-05,0.06422018348623837,3.4474092935909005e-05,0.06523955147808347,7.488184909407262e-05,1.0,1.0,2.0,2.0,2.0
22,14:17:00,7,0.060142711518858194,28080.0,0.060652395514780855,0.060142711518858194,2.1086571781565966e-06,0.05912334352701332,3.254197449824924e-05,0.05810397553516822,1.370700723610328e-05,0.057084607543322896,4.895517351055187e-06,0.05606523955147802,1.7751951127736927e-05,0.06116207951070329,2.3342344576803252e-05,0.06218144750254839,2.1331764476700452e-05,0.06320081549439349,2.7755813089224037e-05,0.06422018348623837,3.4474092935909005e-05,0.06523955147808347,7.475925274650537e-05,1.0,1.0,2.0,2.0,2.0
22,14:17:03,7,0.060142711518858194,31200.0,0.060652395514780855,0.060142711518858194,1.3706271658017877e-05,0.05912334352701332,3.278716719338373e-05,0.05810397553516822,1.370700723610328e-05,0.057084607543322896,4.895517351055187e-06,0.05606523955147802,1.7751951127736927e-05,0.06116207951070329,2.358753727193774e-05,0.06218144750254839,2.1331764476700452e-05,0.06320081549439349,2.8050044323385424e-05,0.06422018348623837,3.4474092935909005e-05,0.06523955147808347,7.475925274650537e-05,1.0,1.0,2.0,2.0,2.0
22,14:17:06,7,0.06116207951070329,83213.0,0.060652395514780855,0.060142711518858194,1.7359642815521747e-05,0.05912334352701332,2.4499654097838038e-05,0.05810397553516822,1.370700723610328e-05,0.057084607543322896,4.723882464461045e-06,0.05606523955147802,1.7751951127736927e-05,0.06116207951070329,2.3293306037776357e-05,0.06218144750254839,2.1331764476700452e-05,0.06320081549439349,2.807456359289887e-05,0.06422018348623837,3.4474092935909005e-05,0.06523955147808347,7.672079430758128e-05,1.0,1.0,2.0,2.0,2.0
22,14:17:09,7,0.060142711518858194,89440.0,0.060652395514780855,0.060142711518858194,1.890435679486902e-05,0.05912334352701332,2.4499654097838038e-05,0.05810397553516822,1.493297071177572e-05,0.057084607543322896,4.723882464461045e-06,0.05606523955147802,1.7751951127736927e-05,0.06116207951070329,2.3317825307289805e-05,0.06218144750254839,2.1282725937673554e-05,0.06320081549439349,2.807456359289887e-05,0.06422018348623837,3.484188197861074e-05,0.06523955147808347,7.684339065514853e-05,1.0,1.0,2.0,2.0,2.0
22,14:17:12,7,0.060142711518858194,10400.0,0.060652395514780855,0.060142711518858194,1.8659164099734532e-05,0.05912334352701332,2.4499654097838038e-05,0.05810397553516822,1.493297071177572e-05,0.057084607543322896,4.723882464461045e-06,0.05606523955147802,1.7751951127736927e-05,0.06116207951070329,2.3563018002424293e-05,0.06218144750254839,2.142984155475425e-05,0.06320081549439349,2.807456359289887e-05,0.06422018348623837,3.410630389320727e-05,0.06523955147808347,7.686790992466198e-05,1.0,1.0,2.0,2.0,2.0
22,14:17:15,7,0.060142711518858194,16640.0,0.060652395514780855,0.060142711518858194,1.8291375057032803e-05,0.05912334352701332,2.6951581049182917e-05,0.05810397553516822,1.493297071177572e-05,0.057084607543322896,4.723882464461045e-06,0.05606523955147802,1.7751951127736927e-05,0.06116207951070329,2.3808210697558782e-05,0.06218144750254839,2.1454360824267696e-05,0.06320081549439349,2.792744797581818e-05,0.06422018348623837,3.491543978715109e-05,0.06523955147808347,7.686790992466198e-05,1.0,1.0,2.0,2.0,2.0
22,14:17:18,7,0.06116207951070329,270660.0,0.060652395514780855,0.060142711518858194,2.059618639129699e-05,0.05912334352701332,2.8790526262691577e-05,0.05810397553516822,1.248104376043084e-05,0.057084607543322896,4.723882464461045e-06,0.05606523955147802,1.7751951127736927e-05,0.06116207951070329,1.748223916308899e-05,0.06218144750254839,2.1699553519402185e-05,0.06320081549439349,2.792744797581818e-05,0.06422018348623837,3.491543978715109e-05,0.06523955147808347,7.588713914412403e-05,1.0,1.0,2.0,2.0,2.0
22,14:17:21,7,0.06116207951070329,141535.0,0.060652395514780855,0.060142711518858194,2.0645224930323885e-05,0.05912334352701332,2.8790526262691577e-05,0.05810397553516822,1.228488960432325e-05,0.057084607543322896,4.723882464461045e-06,0.05606523955147802,1.7751951127736927e-05,0.06116207951070329,1.6354352765470348e-05,0.06218144750254839,2.1699553519402185e-05,0.06320081549439349,2.792744797581818e-05,0.06422018348623837,3.491543978715109e-05,0.06523955147808347,7.588713914412403e-05,1.0,1.0,2.0,2.0,2.0
22,14:17:24,7,0.060142711518858194,9360.0,0.060652395514780855,0.060142711518858194,2.0620705660810437e-05,0.05912334352701332,2.891312261025882e-05,0.05810397553516822,1.1058926128650811e-05,0.057084607543322896,4.723882464461045e-06,0.05606523955147802,1.7751951127736927e-05,0.06116207951070329,1.6354352765470348e-05,0.06218144750254839,2.1699553519402185e-05,0.06320081549439349,2.7388024046522304e-05,0.06422018348623837,3.491543978715109e-05,0.06523955147808347,7.539675375385505e-05,1.0,2.0,2.0,2.0,2.0
22,14:17:27,7,0.06116207951070329,165519.0,0.060652395514780855,0.060142711518858194,2.138080301572735e-05,0.05912334352701332,2.891312261025882e-05,0.05810397553516822,1.0887291242056668e-05,0.057084607543322896,4.723882464461045e-06,0.05606523955147802,1.7751951127736927e-05,0.06116207951070329,1.262742379942613e-05,0.06218144750254839,2.1724072788915633e-05,0.06320081549439349,2.7388024046522304e-05,0.06422018348623837,3.491543978715109e-05,0.06523955147808347,7.556838864044919e-05,1.0,2.0,2.0,2.0,2.0
22,14:17:30,7,0.06116207951070329,27044.0,0.060652395514780855,0.060142711518858194,2.466638513052949e-05,0.05912334352701332,2.891312261025882e-05,0.05810397553516822,1.0887291242056668e-05,0.057084607543322896,4.723882464461045e-06,0.05606523955147802,1.7751951127736927e-05,0.06116207951070329,1.2700981607966476e-05,0.06218144750254839,2.1871188405996324e-05,0.06320081549439349,2.7951967245331627e-05,0.06422018348623837,3.5332267368879715e-05,0.06523955147808347,7.556838864044919e-05,1.0,2.0,2.0,2.0,2.0
22,14:17:33,7,0.06116207951070329,141445.0,0.060652395514780855,0.060142711518858194,2.2288015987724956e-05,0.05912334352701332,2.9403508000527796e-05,0.05810397553516822,1.0887291242056668e-05,0.057084607543322896,4.723882464461045e-06,0.05606523955147802,1.7751951127736927e-05,0.06116207951070329,1.2970693572614413e-05,0.06218144750254839,2.64317725354978e-05,0.06320081549439349,2.7951967245331627e-05,0.06422018348623837,3.5332267368879715e-05,0.06523955147808347,7.559290790996264e-05,1.0,2.0,2.0,2.0,2.0
22,14:17:36,7,0.060142711518858194,23920.0,0.060652395514780855,0.060142711518858194,2.2067342562103918e-05,0.05912334352701332,2.9403508000527796e-05,0.05810397553516822,1.0887291242056668e-05,0.057084607543322896,4.723882464461045e-06,0.05606523955147802,1.826685578751935e-05,0.06116207951070329,1.3461078962883389e-05,0.06218144750254839,2.667696523063229e-05,0.06320081549439349,2.7951967245331627e-05,0.06422018348623837,3.5332267368879715e-05,0.06523955147808347,7.534771521482815e-05,1.0,2.0,2.0,2.0,2.0
22,14:17:39,7,0.06116207951070329,111281.0,0.060652395514780855,0.060142711518858194,2.1675034249888734e-05,0.05912334352701332,2.9403508000527796e-05,0.05810397553516822,1.0887291242056668e-05,0.057084607543322896,4.723882464461045e-06,0.05606523955147802,1.826685578751935e-05,0.06116207951070329,1.343655969336994e-05,0.06218144750254839,2.6726003769659187e-05,0.06320081549439349,2.7951967245331627e-05,0.06422018348623837,3.599428764574283e-05,0.06523955147808347,7.554386937093573e-05,2.0,2.0,2.0,2.0,2.0
22,14:17:42,7,0.06116207951070329,182175.0,0.060652395514780855,0.060142711518858194,2.2288015987724956e-05,0.05912334352701332,2.928091165296055e-05,0.05810397553516822,1.0887291242056668e-05,0.057084607543322896,4.723882464461045e-06,0.05606523955147802,1.826685578751935e-05,0.06116207951070329,1.159761447986128e-05,0.06218144750254839,2.670148450014574e-05,0.06320081549439349,2.8221679209979563e-05,0.06422018348623837,3.574909495060834e-05,0.06523955147808347,7.554386937093573e-05,2.0,2.0,2.0,2.0,2.0
22,14:17:45,7,0.06116207951070329,144699.0,0.060652395514780855,0.060142711518858194,2.238609306577875e-05,0.05912334352701332,2.928091165296055e-05,0.05810397553516822,1.0887291242056668e-05,0.057084607543322896,4.723882464461045e-06,0.05606523955147802,1.826685578751935e-05,0.06116207951070329,9.268283876083646e-06,0.06218144750254839,2.670148450014574e-05,0.06320081549439349,2.8785622408788886e-05,0.06422018348623837,3.574909495060834e-05,0.06523955147808347,7.569098498801643e-05,2.0,2.0,2.0,2.0,2.0
22,14:17:48,7,0.06116207951070329,22902.0,0.060652395514780855,0.060142711518858194,2.2582247221886343e-05,0.05912334352701332,2.928091165296055e-05,0.05810397553516822,1.1353157362812196e-05,0.057084607543322896,4.723882464461045e-06,0.05606523955147802,1.8389452135086596e-05,0.06116207951070329,8.753379216301221e-06,0.06218144750254839,2.7388024046522304e-05,0.06320081549439349,2.915341145149062e-05,0.06422018348623837,3.574909495060834e-05,0.06523955147808347,7.569098498801643e-05,2.0,2.0,2.0,2.0,2.0
22,14:17:51,7,0.060142711518858194,196671.0,0.060652395514780855,0.060142711518858194,2.0669744199837336e-05,0.05912334352701332,2.42299421331901e-05,0.05810397553516822,1.1353157362812196e-05,0.057084607543322896,4.723882464461045e-06,0.05606523955147802,1.8389452135086596e-05,0.06116207951070329,6.227894456415994e-06,0.06218144750254839,2.714283135138782e-05,0.06320081549439349,3.037937492716306e-05,0.06422018348623837,3.574909495060834e-05,0.06523955147808347,7.569098498801643e-05,2.0,2.0,2.0,2.0,2.0
22,14:17:54,7,0.06116207951070329,317505.0,0.06167176350662573,0.06116207951070329,1.748223916308899e-05,0.060142711518858194,2.5892348606201928e-05,0.05912334352701332,2.42299421331901e-05,0.05810397553516822,1.1353157362812196e-05,0.057084607543322896,4.723882464461045e-06,0.06218144750254839,2.7191869890414714e-05,0.06320081549439349,3.037937492716306e-05,0.06422018348623837,3.574909495060834e-05,0.06523955147808347,7.569098498801643e-05,0.06625891946992857,2.1675034249888734e-05,1.0,1.0,2.0,2.0,2.0
22,14:17:57,7,0.06116207951070329,139494.0,0.06167176350662573,0.06116207951070329,1.856108702168074e-05,0.060142711518858194,2.8834660947815784e-05,0.05912334352701332,2.442609628929769e-05,0.05810397553516822,1.1353157362812196e-05,0.057084607543322896,4.723882464461045e-06,0.06218144750254839,2.7191869890414714e-05,0.06320081549439349,3.037937492716306e-05,0.06422018348623837,3.623948034087732e-05,0.06523955147808347,7.323905803667156e-05,0.06625891946992857,2.1675034249888734e-05,1.0,2.0,2.0,2.0,2.0
22,14:18:00,7,0.06116207951070329,53091.0,0.06167176350662573,0.06116207951070329,1.8046182361898314e-05,0.060142711518858194,2.8834660947815784e-05,0.05912334352701332,2.442609628929769e-05,0.05810397553516822,1.1353157362812196e-05,0.057084607543322896,4.723882464461045e-06,0.06218144750254839,2.733898550749541e-05,0.06320081549439349,3.0624567622297544e-05,0.06422018348623837,3.623948034087732e-05,0.06523955147808347,7.323905803667156e-05,0.06625891946992857,2.1675034249888734e-05,1.0,1.0,2.0,2.0,2.0
22,14:18:03,7,0.06116207951070329,80157.0,0.06167176350662573,0.06116207951070329,1.6182717878876206e-05,0.060142711518858194,2.8638506791708194e-05,0.05912334352701332,2.442609628929769e-05,0.05810397553516822,1.1353157362812196e-05,0.057084607543322896,4.944555890082084e-06,0.06218144750254839,2.7363504777008856e-05,0.06320081549439349,3.0624567622297544e-05,0.06422018348623837,3.623948034087732e-05,0.06523955147808347,7.108136231948806e-05,0.06625891946992857,2.1675034249888734e-05,2.0,1.0,2.0,2.0,2.0
22,14:18:06,7,0.06116207951070329,14574.0,0.06167176350662573,0.06116207951070329,1.6722141808172078e-05,0.060142711518858194,2.829523701851991e-05,0.05912334352701332,2.445061555881114e-05,0.05810397553516822,1.0127193887139757e-05,0.057084607543322896,4.944555890082084e-06,0.06218144750254839,2.846687190511405e-05,0.06320081549439349,3.069812543083789e-05,0.06422018348623837,3.6288518879904215e-05,0.06523955147808347,7.108136231948806e-05,0.06625891946992857,2.1675034249888734e-05,1.0,2.0,2.0,2.0,2.0
22,14:18:09,7,0.06116207951070329,762635.0,0.06167176350662573,0.06116207951070329,1.5030312211744112e-05,0.060142711518858194,2.304811334264187e-05,0.05912334352701332,1.9693877273202073e-05,0.05810397553516822,1.0127193887139757e-05,0.057084607543322896,4.944555890082084e-06,0.06218144750254839,1.32158862677489e-05,0.06320081549439349,3.069812543083789e-05,0.06422018348623837,3.699957769579423e-05,0.06523955147808347,7.095876597192081e-05,0.06625891946992857,2.1675034249888734e-05,1.0,2.0,2.0,2.0,2.0
22,14:18:12,7,0.06116207951070329,299050.0,0.06167176350662573,0.06116207951070329,1.5545216871526537e-05,0.060142711518858194,2.319522895972256e-05,0.05912334352701332,1.9669358003688625e-05,0.05810397553516822,1.0127193887139757e-05,0.057084607543322896,4.944555890082084e-06,0.06218144750254839,6.276932995442892e-06,0.06320081549439349,3.069812543083789e-05,0.06422018348623837,3.699957769579423e-05,0.06523955147808347,7.095876597192081e-05,0.06625891946992857,2.1675034249888734e-05,2.0,2.0,2.0,2.0,2.0
22,14:18:15,7,0.06116207951070329,10411.0,0.06167176350662573,0.06116207951070329,1.1842807174995769e-05,0.060142711518858194,2.324426749874946e-05,0.05912334352701332,1.9669358003688625e-05,0.05810397553516822,1.0127193887139757e-05,0.057084607543322896,4.944555890082084e-06,0.06218144750254839,6.252413725929443e-06,0.06320081549439349,3.069812543083789e-05,0.06422018348623837,3.699957769579423e-05,0.06523955147808347,7.174338259635117e-05,0.06625891946992857,2.1675034249888734e-05,1.0,2.0,2.0,2.0,2.0
22,14:18:18,7,0.06320081549439349,303258.0,0.06269113149847105,0.06218144750254839,4.903853902689759e-07,0.06116207951070329,1.610916007033586e-05,0.060142711518858194,2.324426749874946e-05,0.05912334352701332,1.9669358003688625e-05,0.05810397553516822,1.0127193887139757e-05,0.06320081549439349,2.8589468252681296e-05,0.06422018348623837,3.699957769579423e-05,0.06523955147808347,7.174338259635117e-05,0.06625891946992857,2.1675034249888734e-05,0.06727828746177367,8.532705790680182e-06,0.0,2.0,2.0,2.0,2.0
22,14:18:21,7,0.06116207951070329,36455.0,0.06167176350662573,0.06116207951070329,1.5741371027634127e-05,0.060142711518858194,2.324426749874946e-05,0.05912334352701332,1.9669358003688625e-05,0.05810397553516822,1.0127193887139757e-05,0.057084607543322896,4.944555890082084e-06,0.06218144750254839,2.010580100102801e-06,0.06320081549439349,2.8638506791708194e-05,0.06422018348623837,3.699957769579423e-05,0.06523955147808347,7.174338259635117e-05,0.06625891946992857,2.179763059745598e-05,2.0,2.0,2.0,2.0,2.0
22,14:18:24,7,0.06116207951070329,0.0,0.06167176350662573,0.06116207951070329,1.5765890297147574e-05,0.060142711518858194,2.324426749874946e-05,0.05912334352701332,1.9669358003688625e-05,0.05810397553516822,1.0127193887139757e-05,0.057084607543322896,4.944555890082084e-06,0.06218144750254839,2.7216389159928164e-06,0.06320081549439349,2.9030815103923375e-05,0.06422018348623837,3.699957769579423e-05,0.06523955147808347,7.198857529148566e-05,0.06625891946992857,2.1895707675509775e-05,2.0,2.0,2.0,2.0,2.0
22,14:18:27,7,0.06320081549439349,588043.0,0.06218144750254839,0.06116207951070329,1.6133679339849307e-05,0.060142711518858194,2.324426749874946e-05,0.05912334352701332,1.9669358003688625e-05,0.05810397553516822,1.0127193887139757e-05,0.057084607543322896,4.944555890082084e-06,0.06320081549439349,1.9075991681463163e-05,0.06422018348623837,3.699957769579423e-05,0.06523955147808347,7.198857529148566e-05,0.06625891946992857,2.1895707675509775e-05,0.06727828746177367,9.023091180949157e-06,2.0,2.0,2.0,2.0,2.0
22,14:18:30,7,0.06218144750254839,24987.0,0.06167176350662573,0.06116207951070329,1.6354352765470348e-05,0.060142711518858194,2.079234054740458e-05,0.05912334352701332,1.9669358003688625e-05,0.05810397553516822,1.0127193887139757e-05,0.057084607543322896,4.944555890082084e-06,0.06218144750254839,1.1769249366455422e-06,0.06320081549439349,1.9321184376597652e-05,0.06422018348623837,3.699957769579423e-05,0.06523955147808347,7.198857529148566e-05,0.06625891946992857,2.1895707675509775e-05,2.0,2.0,2.0,2.0,2.0
22,14:18:33,7,0.06116207951070329,53102.0,0.06167176350662573,0.06116207951070329,1.5569736141039984e-05,0.060142711518858194,1.7359642815521747e-05,0.05912334352701332,4.379631920492224e-05,0.05810397553516822,1.0127193887139757e-05,0.057084607543322896,4.944555890082084e-06,0.06218144750254839,9.56251511024503e-07,0.06320081549439349,2.1307245207187005e-05,0.06422018348623837,3.699957769579423e-05,0.06523955147808347,6.953664834014079e-05,0.06625891946992857,2.1895707675509775e-05,2.0,2.0,2.0,2.0,2.0
22,14:18:36,7,0.06218144750254839,54189.0,0.06269113149847105,0.06218144750254839,2.157695717183494e-06,0.06116207951070329,1.5569736141039984e-05,0.060142711518858194,1.7359642815521747e-05,0.05912334352701332,4.379631920492224e-05,0.05810397553516822,1.0127193887139757e-05,0.06320081549439349,2.118464885961976e-05,0.06422018348623837,3.528322882985282e-05,0.06523955147808347,6.791837655225316e-05,0.06625891946992857,2.1895707675509775e-05,0.06727828746177367,9.170206798029849e-06,2.0,2.0,2.0,2.0,2.0
22,14:18:39,7,0.06218144750254839,33344.0,0.06269113149847105,0.06218144750254839,3.359139923342485e-06,0.06116207951070329,1.9615415610759035e-05,0.060142711518858194,1.772743185822348e-05,0.05912334352701332,3.975063973520319e-05,0.05810397553516822,1.0127193887139757e-05,0.06320081549439349,2.123368739864666e-05,0.06422018348623837,3.528322882985282e-05,0.06523955147808347,6.791837655225316e-05,0.06625891946992857,2.1920226945023223e-05,0.06727828746177367,9.170206798029849e-06,2.0,2.0,2.0,2.0,2.0
22,14:18:42,7,0.06218144750254839,19813.0,0.06269113149847105,0.06218144750254839,8.875975563868464e-06,0.06116207951070329,1.9615415610759035e-05,0.060142711518858194,1.6722141808172078e-05,0.05912334352701332,3.975063973520319e-05,0.05810397553516822,1.0127193887139757e-05,0.06320081549439349,2.1307245207187005e-05,0.06422018348623837,3.425341951028797e-05,0.06523955147808347,6.772222239614558e-05,0.06625891946992857,2.1920226945023223e-05,0.06727828746177367,9.170206798029849e-06,2.0,2.0,2.0,2.0,2.0
22,14:18:45,7,0.06218144750254839,2092241.0,0.06320081549439349,0.06218144750254839,1.02000161175947e-05,0.06116207951070329,1.8879837525355573e-05,0.060142711518858194,2.8981776564896476e-05,0.05912334352701332,3.975063973520319e-05,0.05810397553516822,1.0176232426166653e-05,0.06422018348623837,8.974052641922259e-06,0.06523955147808347,6.588327718263692e-05,0.06625891946992857,2.1920226945023223e-05,0.06727828746177367,9.170206798029849e-06,0.06829765545361877,3.364043777245175e-05,2.0,2.0,2.0,2.0,2.0
22,14:18:48,7,0.06218144750254839,188931.0,0.06320081549439349,0.06218144750254839,1.1058190550565406e-05,0.06116207951070329,1.8879837525355573e-05,0.060142711518858194,2.8981776564896476e-05,0.05912334352701332,3.975063973520319e-05,0.05810397553516822,1.0789214164002873e-05,0.06422018348623837,5.173565867337696e-06,0.06523955147808347,6.52702954448007e-05,0.06625891946992857,2.1920226945023223e-05,0.06727828746177367,9.170206798029849e-06,0.06829765545361877,3.364043777245175e-05,2.0,2.0,2.0,2.0,2.0
22,14:18:51,7,0.06422018348623837,3146273.0,0.06523955147808347,0.06422018348623837,2.2067342562103917e-06,0.06320081549439349,3.2120243062617922e-06,0.06218144750254839,1.571685175812068e-05,0.06116207951070329,1.9051472411949716e-05,0.060142711518858194,2.8981776564896476e-05,0.06625891946992857,2.1920226945023223e-05,0.06727828746177367,9.170206798029849e-06,0.06829765545361877,3.364043777245175e-05,0.06931702344546387,9.56251511024503e-05,0.07033639143730874,0.00015949784818498441,2.0,2.0,2.0,2.0,2.0
22,14:18:54,7,0.06625891946992857,58442.0,0.06472986748216103,0.06320081549439349,2.4274076818314307e-06,0.06218144750254839,1.954185780221869e-05,0.06116207951070329,1.890435679486902e-05,0.060142711518858194,2.5181289790311913e-05,0.05912334352701332,3.975063973520319e-05,0.06625891946992857,2.1846669136482877e-05,0.06727828746177367,9.170206798029849e-06,0.06829765545361877,3.364043777245175e-05,0.06931702344546387,9.56251511024503e-05,0.07033639143730874,0.00015949784818498441,2.0,2.0,2.0,2.0,2.0
22,14:18:57,7,0.06625891946992857,910598.0,0.06574923547400613,0.06523955147808347,4.192795086799744e-06,0.06218144750254839,1.4123099239746507e-05,0.06116207951070329,1.8634644830221085e-05,0.060142711518858194,2.5181289790311913e-05,0.05912334352701332,3.975063973520319e-05,0.06625891946992857,7.968762591870858e-06,0.06727828746177367,1.1769249366455421e-05,0.06829765545361877,3.364043777245175e-05,0.06931702344546387,9.56251511024503e-05,0.07033639143730874,0.00015743822954585472,1.0,1.0,2.0,2.0,2.0
22,14:19:00,7,0.06523955147808347,351427.0,0.06574923547400613,0.06523955147808347,3.481736270909729e-06,0.06422018348623837,4.903853902689759e-08,0.06320081549439349,6.620202768631175e-07,0.06218144750254839,1.5349062715418946e-05,0.06116207951070329,1.8463009943626942e-05,0.06625891946992857,6.129817378362199e-07,0.06727828746177367,1.201444206158991e-05,0.06829765545361877,3.364043777245175e-05,0.06931702344546387,9.488957301704684e-05,0.07033639143730874,0.0001575363066239085,1.0,2.0,2.0,2.0,2.0
22,14:19:03,7,0.06625891946992857,54378.0,0.06574923547400613,0.06523955147808347,2.9913508806407533e-06,0.06422018348623837,4.903853902689759e-08,0.06320081549439349,1.4711561708069277e-07,0.06218144750254839,1.4466369012934789e-05,0.06116207951070329,1.8242336518005904e-05,0.06625891946992857,2.2067342562103917e-07,0.06727828746177367,1.1891845714022666e-05,0.06829765545361877,2.9962547345434427e-05,0.06931702344546387,9.488957301704684e-05,0.07033639143730874,0.0001553295723676981,2.0,2.0,2.0,2.0,2.0
22,14:19:06,7,0.06625891946992857,20920.0,0.066768603465851,0.06625891946992857,7.355780854034638e-07,0.06523955147808347,5.001930980743554e-06,0.06422018348623837,4.903853902689759e-08,0.06320081549439349,1.4711561708069277e-07,0.06218144750254839,1.324040553726235e-05,0.06727828746177367,1.1891845714022666e-05,0.06829765545361877,2.851591044414095e-05,0.06931702344546387,9.479149593899305e-05,0.07033639143730874,0.00015042571846500836,0.07135575942915384,3.6116883993310075e-05,0.0,1.0,2.0,2.0,2.0
22,14:19:09,7,0.06523955147808347,105593.0,0.06574923547400613,0.06523955147808347,3.7759675050711145e-06,0.06422018348623837,4.903853902689759e-08,0.06320081549439349,5.7865476051739155e-06,0.06218144750254839,1.324040553726235e-05,0.06116207951070329,1.8242336518005904e-05,0.06625891946992857,2.1331764476700454e-06,0.06727828746177367,1.2455788912831989e-05,0.06829765545361877,2.851591044414095e-05,0.06931702344546387,9.479149593899305e-05,0.07033639143730874,0.0001504992762735487,2.0,2.0,2.0,2.0,2.0
22,14:19:12,7,0.06523955147808347,62749.0,0.06574923547400613,0.06523955147808347,3.506255540423178e-06,0.06422018348623837,1.7163488659414157e-07,0.06320081549439349,6.7918376552253165e-06,0.06218144750254839,1.324040553726235e-05,0.06116207951070329,1.8046182361898314e-05,0.06625891946992857,3.898563852638359e-06,0.06727828746177367,1.4638003899528932e-05,0.06829765545361877,2.8540429713654397e-05,0.06931702344546387,9.66794796915286e-05,0.07033639143730874,0.00015000889088327972,1.0,2.0,2.0,2.0,2.0
22,14:19:15,7,0.06625891946992857,157894.0,0.06574923547400613,0.06523955147808347,2.2312535257238405e-06,0.06422018348623837,4.168275817286295e-07,0.06320081549439349,9.317322415110542e-06,0.06218144750254839,1.324040553726235e-05,0.06116207951070329,1.8046182361898314e-05,0.06625891946992857,6.571164229604277e-06,0.06727828746177367,1.588848664471482e-05,0.06829765545361877,3.0256778579595814e-05,0.06931702344546387,9.694919165617653e-05,0.07033639143730874,0.00014946946695398386,2.0,2.0,2.0,2.0,1.0
22,14:19:18,7,0.06625891946992857,403743.0,0.066768603465851,0.06625891946992857,1.2750020146993375e-06,0.06523955147808347,1.912503022049006e-06,0.06422018348623837,4.168275817286295e-07,0.06320081549439349,9.562515110245031e-06,0.06218144750254839,1.3117809189695105e-05,0.06727828746177367,1.6918295964279668e-05,0.06829765545361877,3.0428413466189957e-05,0.06931702344546387,9.694919165617653e-05,0.07033639143730874,0.00014910167791128213,0.07135575942915384,3.709765477384803e-05,1.0,2.0,2.0,2.0,1.0
22,14:19:21,7,0.06625891946992857,127554.0,0.06574923547400613,0.06523955147808347,7.355780854034638e-07,0.06422018348623837,4.168275817286295e-07,0.06320081549439349,9.562515110245031e-06,0.06218144750254839,1.201444206158991e-05,0.06116207951070329,1.8046182361898314e-05,0.06625891946992857,9.807707805379519e-08,0.06727828746177367,1.7163488659414156e-05,0.06829765545361877,3.285582114802139e-05,0.06931702344546387,9.694919165617653e-05,0.07033639143730874,0.0001495920633015511,2.0,2.0,2.0,2.0,2.0
22,14:19:24,7,0.06727828746177367,823949.0,0.06778797145769633,0.06727828746177367,4.952892441716656e-06,0.06625891946992857,4.903853902689759e-08,0.06523955147808347,4.903853902689759e-07,0.06422018348623837,4.4134685124207834e-07,0.06320081549439349,9.562515110245031e-06,0.06829765545361877,3.3983707545640034e-05,0.06931702344546387,9.694919165617653e-05,0.07033639143730874,0.00014966562111009144,0.07135575942915384,3.587169129817559e-05,0.07237512742099894,1.111899833895876e-05,2.0,2.0,2.0,2.0,0.0
22,14:19:27,7,0.06625891946992857,244950.0,0.06574923547400613,0.06523955147808347,1.4466369012934789e-06,0.06422018348623837,4.903853902689759e-07,0.06320081549439349,9.587034379758478e-06,0.06218144750254839,1.201444206158991e-05,0.06116207951070329,1.8046182361898314e-05,0.06625891946992857,1.4711561708069277e-07,0.06727828746177367,3.5552940794500755e-06,0.06829765545361877,3.518515175179902e-05,0.06931702344546387,9.584582452807134e-05,0.07033639143730874,0.00014966562111009144,2.0,2.0,2.0,2.0,1.0
22,14:19:30,7,0.06727828746177367,135993.0,0.066768603465851,0.06625891946992857,6.129817378362199e-07,0.06523955147808347,8.33655163457259e-07,0.06422018348623837,4.903853902689759e-07,0.06320081549439349,9.660592188298826e-06,0.06218144750254839,8.581744329707078e-06,0.06727828746177367,5.369720023445286e-06,0.06829765545361877,3.680342353968664e-05,0.06931702344546387,9.726794215985137e-05,0.07033639143730874,0.00014946946695398386,0.07135575942915384,3.587169129817559e-05,2.0,2.0,2.0,2.0,1.0
22,14:19:33,7,0.06727828746177367,223916.0,0.066768603465851,0.06625891946992857,4.854815363662861e-06,0.06523955147808347,8.33655163457259e-07,0.06422018348623837,2.9423123416138553e-06,0.06320081549439349,9.660592188298826e-06,0.06218144750254839,8.557225060193629e-06,0.06727828746177367,6.889914733279112e-06,0.06829765545361877,3.704861623482113e-05,0.06931702344546387,9.775832755012035e-05,0.07033639143730874,0.0001495920633015511,0.07135575942915384,3.587169129817559e-05,2.0,2.0,2.0,2.0,1.0
22,14:19:36,7,0.06625891946992857,76387.0,0.066768603465851,0.06625891946992857,4.585103399014924e-06,0.06523955147808347,8.33655163457259e-07,0.06422018348623837,2.8932738025869578e-06,0.06320081549439349,9.660592188298826e-06,0.06218144750254839,8.557225060193629e-06,0.06727828746177367,9.292803145597093e-06,0.06829765545361877,3.699957769579423e-05,0.06931702344546387,9.775832755012035e-05,0.07033639143730874,0.00015005792942230663,0.07135575942915384,3.587169129817559e-05,2.0,2.0,2.0,2.0,1.0
22,14:19:39,7,0.06829765545361877,2286481.0,0.0688073394495412,0.06829765545361877,0.000197282042505209,0.06727828746177367,4.903853902689759e-08,0.06625891946992857,8.777898485814668e-06,0.06523955147808347,1.0052900500514005e-06,0.06422018348623837,2.8932738025869578e-06,0.06931702344546387,9.211889556202713e-05,0.07033639143730874,0.00015133293143700596,0.07135575942915384,3.584717202866214e-05,0.07237512742099894,1.2614673779279137e-05,0.07339449541284382,1.910051095097661e-05,1.0,2.0,2.0,2.0,0.0
22,14:19:42,7,0.06829765545361877,463216.0,0.0688073394495412,0.06829765545361877,0.00018644452538026465,0.06727828746177367,5.884624683227711e-07,0.06625891946992857,8.777898485814668e-06,0.06523955147808347,1.4956754403203766e-06,0.06422018348623837,4.290872164853539e-06,0.06931702344546387,9.211889556202713e-05,0.07033639143730874,0.0001514555277845732,0.07135575942915384,3.584717202866214e-05,0.07237512742099894,1.2614673779279137e-05,0.07339449541284382,1.875724117778833e-05,2.0,2.0,2.0,2.0,0.0
22,14:19:45,7,0.06829765545361877,281933.0,0.0688073394495412,0.06829765545361877,0.00018036374654092934,0.06727828746177367,2.7951967245331627e-06,0.06625891946992857,8.875975563868464e-06,0.06523955147808347,1.324040553726235e-06,0.06422018348623837,5.345200753931838e-06,0.06931702344546387,9.16039909022447e-05,0.07033639143730874,0.00015130841216749253,0.07135575942915384,2.1135610320592862e-05,0.07237512742099894,1.2614673779279137e-05,0.07339449541284382,1.875724117778833e-05,2.0,2.0,2.0,2.0,0.0
22,14:19:48,7,0.06829765545361877,78634.0,0.0688073394495412,0.06829765545361877,0.00018232528810200525,0.06727828746177367,3.5307748099366267e-06,0.06625891946992857,8.655302138247424e-06,0.06523955147808347,1.324040553726235e-06,0.06422018348623837,5.345200753931838e-06,0.06931702344546387,9.172658724981194e-05,0.07033639143730874,0.00015081802677722355,0.07135575942915384,2.1135610320592862e-05,0.07237512742099894,1.2614673779279137e-05,0.07339449541284382,1.875724117778833e-05,2.0,2.0,2.0,2.0,0.0
22,14:19:51,7,0.06829765545361877,325151.0,0.0688073394495412,0.06829765545361877,0.00018183490271173627,0.06727828746177367,3.5307748099366267e-06,0.06625891946992857,8.900494833381913e-06,0.06523955147808347,1.4466369012934789e-06,0.06422018348623837,5.345200753931838e-06,0.06931702344546387,8.434628712626385e-05,0.07033639143730874,0.00015032764138695457,0.07135575942915384,2.1135610320592862e-05,0.07237512742099894,1.3105059169548112e-05,0.07339449541284382,1.8634644830221085e-05,2.0,2.0,2.0,2.0,0.0
22,14:19:54,7,0.06829765545361877,5403953.0,0.0688073394495412,0.06829765545361877,0.00018127095951292693,0.06727828746177367,3.5307748099366267e-06,0.06625891946992857,8.900494833381913e-06,0.06523955147808347,1.4466369012934789e-06,0.06422018348623837,5.29616221490494e-06,0.06931702344546387,3.9230831221518074e-07,0.07033639143730874,0.00010955209618608922,0.07135575942915384,2.1135610320592862e-05,0.07237512742099894,1.3105059169548112e-05,0.07339449541284382,1.8634644830221085e-05,2.0,2.0,2.0,1.0,0.0
22,14:19:57,7,0.07033639143730874,5006154.0,0.07084607543323118,0.07033639143730874,0.00015986563722768615,0.06931702344546387,3.405726535418038e-05,0.06829765545361877,0.0001823007688324918,0.06727828746177367,3.5307748099366267e-06,0.06625891946992857,4.192795086799744e-06,0.07135575942915384,2.118464885961976e-05,0.07237512742099894,1.1952653502416019e-05,0.07339449541284382,1.8634644830221085e-05,0.07441386340468892,1.772743185822348e-05,0.07543323139653424,4.798421043781929e-05,1.0,2.0,1.0,0.0,0.0
22,14:20:00,7,0.07135575942915384,826041.0,0.07084607543323118,0.07033639143730874,0.00016177814024973515,0.06931702344546387,4.536064859988027e-05,0.06829765545361877,0.0001823007688324918,0.06727828746177367,3.481736270909729e-06,0.06625891946992857,4.192795086799744e-06,0.07135575942915384,3.015870150154202e-06,0.07237512742099894,1.1462268112147043e-05,0.07339449541284382,1.8683683369247983e-05,0.07441386340468892,1.772743185822348e-05,0.07543323139653424,4.798421043781929e-05,1.0,2.0,1.0,0.0,0.0
22,14:20:03,7,0.07135575942915384,332080.0,0.07084607543323118,0.07033639143730874,0.00015844351959590612,0.06931702344546387,4.7763537012198256e-05,0.06829765545361877,0.00018183490271173627,0.06727828746177367,3.481736270909729e-06,0.06625891946992857,4.192795086799744e-06,0.07135575942915384,7.306742315007741e-06,0.07237512742099894,1.1217075417012555e-05,0.07339449541284382,1.8683683369247983e-05,0.07441386340468892,1.772743185822348e-05,0.07543323139653424,4.808228751587309e-05,2.0,2.0,1.0,0.0,0.0
22,14:20:06,7,0.07135575942915384,585399.0,0.07084607543323118,0.07033639143730874,0.000155868996296994,0.06931702344546387,1.9811569766866626e-05,0.06829765545361877,0.00018136903659098075,0.06727828746177367,3.481736270909729e-06,0.06625891946992857,4.192795086799744e-06,0.07135575942915384,8.826937024841567e-07,0.07237512742099894,1.0432458792582194e-05,0.07339449541284382,1.892887606438247e-05,0.07441386340468892,1.772743185822348e-05,0.07543323139653424,4.808228751587309e-05,2.0,2.0,1.0,0.0,0.0
22,14:20:09,7,0.07237512742099894,469826.0,0.07135575942915384,0.07033639143730874,0.0001538093776578643,0.06931702344546387,1.968897341929938e-05,0.06829765545361877,0.00017781374251153067,0.06727828746177367,3.236543575775241e-06,0.06625891946992857,4.168275817286296e-06,0.07237512742099894,7.4901464509683385e-06,0.07339449541284382,1.9419261454651445e-05,0.07441386340468892,1.7776470397250378e-05,0.07543323139653424,4.78861333597655e-05,0.07645259938837912,2.5500040293986748e-05,2.0,2.0,1.0,0.0,0.0
22,14:20:12,7,0.07135575942915384,184983.0,0.07084607543323118,0.07033639143730874,0.00013024635965544,0.06931702344546387,1.9198588029030408e-05,0.06829765545361877,0.00017781374251153067,0.06727828746177367,3.236543575775241e-06,0.06625891946992857,4.168275817286296e-06,0.07135575942915384,3.726928966044217e-06,0.07237512742099894,7.539184989995236e-06,0.07339449541284382,1.9419261454651445e-05,0.07441386340468892,1.7899066744817622e-05,0.07543323139653424,4.759190212560411e-05,2.0,2.0,1.0,0.0,0.0
22,14:20:15,7,0.07135575942915384,687219.0,0.07084607543323118,0.07033639143730874,0.00012289057880140536,0.06931702344546387,1.8217817248492457e-05,0.06829765545361877,0.00017781374251153067,0.06727828746177367,3.236543575775241e-06,0.06625891946992857,4.168275817286296e-06,0.07135575942915384,4.903853902689759e-08,0.07237512742099894,3.7141789458972236e-06,0.07339449541284382,1.9419261454651445e-05,0.07441386340468892,3.278226333948104e-05,0.07543323139653424,4.563036056452821e-05,2.0,2.0,1.0,0.0,0.0
22,14:20:18,7,0.07339449541284382,231927.0,0.07288481141692138,0.07237512742099894,1.5680563239240775e-05,0.07135575942915384,5.49231637101253e-06,0.07033639143730874,0.00012303769441848606,0.06931702344546387,1.836493286557315e-05,0.06829765545361877,0.00017781374251153067,0.07339449541284382,2.0032243192487667e-05,0.07441386340468892,3.5724575681094895e-05,0.07543323139653424,4.695440111825444e-05,0.07645259938837912,2.5132251251285015e-05,0.07747196738022422,1.937022291562455e-05,0.0,0.0,0.0,0.0,0.0
22,14:20:21,7,0.07339449541284382,148442.0,0.07288481141692138,0.07237512742099894,1.8377682885720143e-05,0.07135575942915384,8.679821407760873e-06,0.07033639143730874,0.00012284154026237848,0.06931702344546387,1.851204848265384e-05,0.06829765545361877,0.00017781374251153067,0.07339449541284382,1.7408681354548645e-05,0.07441386340468892,3.560197933352765e-05,0.07543323139653424,4.744478650852342e-05,0.07645259938837912,2.5132251251285015e-05,0.07747196738022422,1.937022291562455e-05,0.0,0.0,0.0,0.0,0.0
22,14:20:24,7,0.07339449541284382,582955.0,0.07288481141692138,0.07237512742099894,8.668052158394419e-06,0.07135575942915384,1.5839448105687924e-05,0.07033639143730874,0.00012568577552593853,0.06931702344546387,1.1278863976186446e-05,0.06829765545361877,0.00017781374251153067,0.07339449541284382,1.3804348736071672e-05,0.07441386340468892,3.6190441801850425e-05,0.07543323139653424,5.2593833106347665e-05,0.07645259938837912,2.5132251251285015e-05,0.07747196738022422,1.937022291562455e-05,1.0,0.0,0.0,0.0,0.0
22,14:20:27,7,0.07339449541284382,691747.0,0.07288481141692138,0.07237512742099894,4.916603922836753e-06,0.07135575942915384,2.3219748229236008e-05,0.07033639143730874,0.00012490115890150818,0.06931702344546387,1.1156267628619202e-05,0.06829765545361877,0.00017781374251153067,0.07339449541284382,1.9860608305893523e-06,0.07441386340468892,2.1601476441348388e-05,0.07543323139653424,5.2593833106347665e-05,0.07645259938837912,2.5132251251285015e-05,0.07747196738022422,1.937022291562455e-05,0.0,0.0,0.0,0.0,0.0
22,14:20:30,7,0.07237512742099894,330898.0,0.0718654434250765,0.07135575942915384,1.995868538394732e-05,0.07033639143730874,0.00012490115890150818,0.06931702344546387,9.390880223650888e-06,0.06829765545361877,0.00017781374251153067,0.06727828746177367,2.9913508806407533e-06,0.07237512742099894,1.8997530019020127e-06,0.07339449541284382,2.770677455019714e-06,0.07441386340468892,2.1846669136482877e-05,0.07543323139653424,5.2593833106347665e-05,0.07645259938837912,2.5132251251285015e-05,1.0,0.0,0.0,0.0,0.0
22,14:20:33,7,0.07237512742099894,456453.0,0.0718654434250765,0.07135575942915384,1.4392811204394443e-05,0.07033639143730874,0.00012490115890150818,0.06931702344546387,9.194726067543298e-06,0.06829765545361877,0.00017781374251153067,0.06727828746177367,2.9913508806407533e-06,0.07237512742099894,1.4711561708069277e-06,0.07339449541284382,2.8560045129265157e-06,0.07441386340468892,2.2508689413345993e-05,0.07543323139653424,5.3059699227103194e-05,0.07645259938837912,2.5132251251285015e-05,0.0,0.0,0.0,0.0,0.0
22,14:20:36,7,0.07237512742099894,568168.0,0.0718654434250765,0.07135575942915384,1.4294734126340648e-05,0.07033639143730874,0.00012556317917837128,0.06931702344546387,8.949533372408811e-06,0.06829765545361877,0.00017781374251153067,0.06727828746177367,2.9913508806407533e-06,0.07237512742099894,8.066839669924654e-06,0.07339449541284382,4.891103882542766e-06,0.07441386340468892,2.319522895972256e-05,0.07543323139653424,5.428566270277564e-05,0.07645259938837912,2.5132251251285015e-05,0.0,0.0,0.0,0.0,0.0
22,14:20:39,7,0.07237512742099894,634360.0,0.07288481141692138,0.07237512742099894,7.184145967440497e-06,0.07135575942915384,1.4270214856827199e-05,0.07033639143730874,0.00012553865990885783,0.06931702344546387,5.762028335660467e-06,0.06829765545361877,0.00017781374251153067,0.07339449541284382,5.111777308163805e-06,0.07441386340468892,2.5524559563500195e-05,0.07543323139653424,5.453085539791012e-05,0.07645259938837912,2.5132251251285015e-05,0.07747196738022422,2.0841379086431475e-05,0.0,0.0,0.0,0.0,0.0
22,14:20:42,7,0.07135575942915384,796105.0,0.0718654434250765,0.07135575942915384,7.355780854034639e-06,0.07033639143730874,0.00012578385260399232,0.06931702344546387,5.5168356405259795e-06,0.06829765545361877,0.00017781374251153067,0.06727828746177367,9.56251511024503e-07,0.07237512742099894,1.2995212842127862e-05,0.07339449541284382,4.9401424215696635e-06,0.07441386340468892,2.6995715734307123e-05,0.07543323139653424,5.453085539791012e-05,0.07645259938837912,2.5132251251285015e-05,0.0,0.0,0.0,0.0,0.0
22,14:20:45,7,0.07135575942915384,45221.0,0.0718654434250765,0.07135575942915384,8.728859946787772e-06,0.07033639143730874,0.00012590644895155956,0.06931702344546387,5.5168356405259795e-06,0.06829765545361877,0.00017776470397250376,0.06727828746177367,9.56251511024503e-07,0.07237512742099894,1.2504827451858885e-05,0.07339449541284382,1.884256823569513e-05,0.07441386340468892,3.082072177840514e-05,0.07543323139653424,5.460441320645047e-05,0.07645259938837912,2.5132251251285015e-05,0.0,0.0,0.0,0.0,0.0
22,14:20:48,7,0.07135575942915384,690516.0,0.07084607543323118,0.07033639143730874,0.0001258819296820461,0.06931702344546387,5.5168356405259795e-06,0.06829765545361877,0.00017776470397250376,0.06727828746177367,9.56251511024503e-07,0.06625891946992857,3.726928966044217e-06,0.07135575942915384,8.826937024841567e-07,0.07237512742099894,1.3289444076289248e-05,0.07339449541284382,1.9185838008883413e-05,0.07441386340468892,4.6341419380418226e-05,0.07543323139653424,5.460441320645047e-05,1.0,1.0,0.0,0.0,0.0
22,14:20:51,7,0.07135575942915384,137680.0,0.07084607543323118,0.07033639143730874,0.00012544058283080404,0.06931702344546387,5.5168356405259795e-06,0.06829765545361877,0.00017776470397250376,0.06727828746177367,9.56251511024503e-07,0.06625891946992857,3.726928966044217e-06,0.07135575942915384,5.529095275282703e-05,0.07237512742099894,1.4466369012934789e-05,0.07339449541284382,1.9945935363800326e-05,0.07441386340468892,4.599814960722994e-05,0.07543323139653424,5.4457297589369776e-05,1.0,1.0,0.0,0.0,0.0
22,14:20:54,7,0.07135575942915384,253067.0,0.07084607543323118,0.07033639143730874,0.000120193459154926,0.06931702344546387,5.5168356405259795e-06,0.06829765545361877,0.00017776470397250376,0.06727828746177367,9.56251511024503e-07,0.06625891946992857,3.726928966044217e-06,0.07135575942915384,5.5413549100394276e-05,0.07237512742099894,1.4907715864176868e-05,0.07339449541284382,2.031372440650206e-05,0.07441386340468892,4.5654879834041655e-05,0.07543323139653424,5.568326106504221e-05,1.0,1.0,0.0,0.0,0.0
22,14:20:57,7,0.07033639143730874,483165.0,0.07084607543323118,0.07033639143730874,0.00011335258296067379,0.06931702344546387,5.394239292958735e-06,0.06829765545361877,0.00017751951127736927,0.06727828746177367,2.2067342562103917e-07,0.06625891946992857,3.726928966044217e-06,0.07135575942915384,5.4236624163748735e-05,0.07237512742099894,1.6427910574010694e-05,0.07339449541284382,2.0240166597961713e-05,0.07441386340468892,4.4306320010801975e-05,0.07543323139653424,5.3599123156399066e-05,1.0,1.0,0.0,0.0,0.0
22,14:21:00,7,0.07033639143730874,273039.0,0.07084607543323118,0.07033639143730874,0.0001077867087811209,0.06931702344546387,5.1490465978242474e-06,0.06829765545361877,0.00017751951127736927,0.06727828746177367,2.2067342562103917e-07,0.06625891946992857,3.726928966044217e-06,0.07135575942915384,5.340296900029148e-05,0.07237512742099894,1.645242984352414e-05,0.07339449541284382,1.9014203122289274e-05,0.07441386340468892,4.442891635836922e-05,0.07543323139653424,5.3599123156399066e-05,1.0,1.0,0.0,0.0,0.0
22,14:21:03,7,0.07033639143730874,327832.0,0.07084607543323118,0.07033639143730874,0.000105825167220045,0.06931702344546387,5.1490465978242474e-06,0.06829765545361877,0.00017751951127736927,0.06727828746177367,2.2067342562103917e-07,0.06625891946992857,3.726928966044217e-06,0.07135575942915384,4.8744307792736203e-05,0.07237512742099894,1.6035602261795514e-05,0.07339449541284382,1.925939581742376e-05,0.07441386340468892,4.4943821018151644e-05,0.07543323139653424,5.3599123156399066e-05,1.0,1.0,0.0,0.0,0.0
22,14:21:06,7,0.07033639143730874,362385.0,0.07084607543323118,0.07033639143730874,9.994054253681729e-05,0.06931702344546387,3.923083122151807e-06,0.06829765545361877,0.00017769114616396342,0.06727828746177367,2.2067342562103917e-07,0.06625891946992857,3.726928966044217e-06,0.07135575942915384,4.78861333597655e-05,0.07237512742099894,1.6403391304497243e-05,0.07339449541284382,3.090604883631194e-05,0.07441386340468892,4.4943821018151644e-05,0.07543323139653424,5.3599123156399066e-05,1.0,0.0,0.0,0.0,0.0
22,14:21:09,7,0.07033639143730874,1002862.0,0.07084607543323118,0.07033639143730874,7.84371431735227e-05,0.06931702344546387,2.6971196464793676e-06,0.06829765545361877,0.00017769114616396342,0.06727828746177367,2.2067342562103917e-07,0.06625891946992857,3.726928966044217e-06,0.07135575942915384,4.830296094149413e-05,0.07237512742099894,1.6133679339849307e-05,0.07339449541284382,3.072264470035134e-05,0.07441386340468892,4.234477844972607e-05,0.07543323139653424,5.3599123156399066e-05,1.0,0.0,0.0,0.0,0.0
22,14:21:12,7,0.07033639143730874,873026.0,0.07084607543323118,0.07033639143730874,6.997799519138286e-05,0.06931702344546387,2.6971196464793676e-06,0.06829765545361877,0.00017769114616396342,0.06727828746177367,2.2067342562103917e-07,0.06625891946992857,3.726928966044217e-06,0.07135575942915384,3.6754385000659744e-05,0.07237512742099894,2.057166712178354e-05,0.07339449541284382,3.2095723793104475e-05,0.07441386340468892,4.234477844972607e-05,0.07543323139653424,5.3599123156399066e-05,1.0,0.0,0.0,0.0,0.0
22,14:21:15,7,0.07033639143730874,448357.0,0.07084607543323118,0.07033639143730874,6.291644557150961e-05,0.06931702344546387,2.6971196464793676e-06,0.06829765545361877,0.00017769114616396342,0.06727828746177367,2.2067342562103917e-07,0.06625891946992857,3.726928966044217e-06,0.07135575942915384,3.780871358973804e-05,0.07237512742099894,2.0694263469350783e-05,0.07339449541284382,3.0600048352784096e-05,0.07441386340468892,4.234477844972607e-05,0.07543323139653424,5.3868835121047e-05,1.0,0.0,0.0,0.0,0.0
22,14:21:18,7,0.07033639143730874,500102.0,0.07084607543323118,0.07033639143730874,5.90914395274116e-05,0.06931702344546387,2.6971196464793676e-06,0.06829765545361877,0.00017769114616396342,0.06727828746177367,2.2067342562103917e-07,0.06625891946992857,3.481736270909729e-06,0.07135575942915384,3.0673606161324445e-05,0.07237512742099894,2.9619277572246145e-05,0.07339449541284382,3.0649086891811e-05,0.07441386340468892,4.236929771923952e-05,0.07543323139653424,4.540968713890717e-05,1.0,0.0,0.0,0.0,0.0
22,14:21:21,7,0.07135575942915384,283655.0,0.07084607543323118,0.07033639143730874,5.563422252601532e-05,0.06931702344546387,3.040389419667651e-06,0.06829765545361877,0.00017908874452623,0.06727828746177367,2.2067342562103917e-07,0.06625891946992857,3.481736270909729e-06,0.07135575942915384,2.7216389159928164e-05,0.07237512742099894,3.212024306261792e-05,0.07339449541284382,3.1016875934512724e-05,0.07441386340468892,4.2491894066806765e-05,0.07543323139653424,4.540968713890717e-05,0.0,0.0,0.0,0.0,1.0
22,14:21:24,7,0.07033639143730874,190082.0,0.07084607543323118,0.07033639143730874,5.198085136851145e-05,0.06931702344546387,2.9177930721004065e-06,0.06829765545361877,0.00017908874452623,0.06727828746177367,2.2067342562103917e-07,0.06625891946992857,3.481736270909729e-06,0.07135575942915384,2.7044754273334022e-05,0.07237512742099894,3.212024306261792e-05,0.07339449541284382,3.0845241047918585e-05,0.07441386340468892,4.263900968388746e-05,0.07543323139653424,4.614526522431063e-05,0.0,0.0,0.0,0.0,0.0
22,14:21:27,7,0.07033639143730874,151200.0,0.07084607543323118,0.07033639143730874,4.845007655857482e-05,0.06931702344546387,3.2855821148021386e-06,0.06829765545361877,0.00017908874452623,0.06727828746177367,2.2067342562103917e-07,0.06625891946992857,3.481736270909729e-06,0.07135575942915384,2.8001005784358525e-05,0.07237512742099894,3.212024306261792e-05,0.07339449541284382,3.089427958694548e-05,0.07441386340468892,4.263900968388746e-05,0.07543323139653424,4.545872567793407e-05,0.0,0.0,0.0,0.0,1.0
22,14:21:30,7,0.07033639143730874,283561.0,0.07084607543323118,0.07033639143730874,4.357074192539851e-05,0.06931702344546387,3.604332618476973e-06,0.06829765545361877,0.00017908874452623,0.06727828746177367,2.182214986696943e-06,0.06625891946992857,3.481736270909729e-06,0.07135575942915384,3.0011585884461325e-05,0.07237512742099894,3.2659666991913795e-05,0.07339449541284382,3.138466497721446e-05,0.07441386340468892,4.263900968388746e-05,0.07543323139653424,4.545872567793407e-05,0.0,0.0,0.0,0.0,1.0
22,14:21:33,7,0.07033639143730874,1038451.0,0.07084607543323118,0.07033639143730874,1.9590896341245588e-05,0.06931702344546387,3.726928966044217e-06,0.06829765545361877,0.0001792358601433107,0.06727828746177367,2.182214986696943e-06,0.06625891946992857,3.481736270909729e-06,0.07135575942915384,3.0428413466189957e-05,0.07237512742099894,2.829523701851991e-05,0.07339449541284382,3.236543575775241e-05,0.07441386340468892,4.263900968388746e-05,0.07543323139653424,4.558132202550131e-05,0.0,0.0,0.0,0.0,1.0
22,14:21:36,7,0.07033639143730874,893550.0,0.0698267074413863,0.06931702344546387,3.972121661178705e-06,0.06829765545361877,0.0001792358601433107,0.06727828746177367,2.182214986696943e-06,0.06625891946992857,3.481736270909729e-06,0.06523955147808347,3.138466497721446e-06,0.07033639143730874,5.884624683227711e-06,0.07135575942915384,3.089427958694548e-05,0.07237512742099894,2.8859180217329232e-05,0.07339449541284382,3.258610918337345e-05,0.07441386340468892,4.261449041437401e-05,1.0,0.0,0.0,0.0,1.0
22,14:21:39,7,0.07033639143730874,187946.0,0.0698267074413863,0.06931702344546387,6.571164229604277e-06,0.06829765545361877,0.0001792358601433107,0.06727828746177367,2.182214986696943e-06,0.06625891946992857,3.481736270909729e-06,0.06523955147808347,3.138466497721446e-06,0.07033639143730874,7.404819393061536e-06,0.07135575942915384,2.8736583869761988e-05,0.07237512742099894,2.8859180217329232e-05,0.07339449541284382,3.317457165169622e-05,0.07441386340468892,4.190343159848399e-05,0.0,0.0,0.0,0.0,2.0
22,14:21:42,7,0.07033639143730874,43031.0,0.0698267074413863,0.06931702344546387,6.227894456415994e-06,0.06829765545361877,0.0001792358601433107,0.06727828746177367,2.182214986696943e-06,0.06625891946992857,3.481736270909729e-06,0.06523955147808347,3.138466497721446e-06,0.07033639143730874,6.441212101182998e-05,0.07135575942915384,2.8785622408788886e-05,0.07237512742099894,2.8883699486842683e-05,0.07339449541284382,3.496447832617798e-05,0.07441386340468892,4.129044986064777e-05,0.0,0.0,0.0,0.0,1.0
22,14:21:45,7,0.07033639143730874,72441.0,0.0698267074413863,0.06931702344546387,3.8004867745845632e-06,0.06829765545361877,0.0001792358601433107,0.06727828746177367,2.182214986696943e-06,0.06625891946992857,3.481736270909729e-06,0.06523955147808347,3.138466497721446e-06,0.07033639143730874,6.568712302652932e-05,0.07135575942915384,2.773129381971059e-05,0.07237512742099894,2.9374084877111657e-05,0.07339449541284382,3.496447832617798e-05,0.07441386340468892,4.111881497405363e-05,0.0,0.0,0.0,0.0,0.0
22,14:21:48,7,0.07033639143730874,59798.0,0.0698267074413863,0.06931702344546387,2.525484759885226e-06,0.06829765545361877,0.0001792848986823376,0.06727828746177367,2.182214986696943e-06,0.06625891946992857,3.481736270909729e-06,0.06523955147808347,3.138466497721446e-06,0.07033639143730874,6.637366257290589e-05,0.07135575942915384,2.851591044414095e-05,0.07237512742099894,2.9619277572246145e-05,0.07339449541284382,3.5945249106715936e-05,0.07441386340468892,4.111881497405363e-05,0.0,0.0,0.0,0.0,0.0
22,14:21:51,7,0.07033639143730874,61907.0,0.0698267074413863,0.06931702344546387,1.4711561708069277e-06,0.06829765545361877,0.0001792848986823376,0.06727828746177367,2.182214986696943e-06,0.06625891946992857,3.481736270909729e-06,0.06523955147808347,3.138466497721446e-06,0.07033639143730874,6.943857126208699e-05,0.07135575942915384,2.8368794827060258e-05,0.07237512742099894,3.0207740040568916e-05,0.07339449541284382,3.6190441801850425e-05,0.07441386340468892,4.111881497405363e-05,0.0,0.0,0.0,0.0,0.0
22,14:21:54,7,0.06829765545361877,109092.0,0.0688073394495412,0.06829765545361877,0.00017869643621401483,0.06727828746177367,2.182214986696943e-06,0.06625891946992857,3.481736270909729e-06,0.06523955147808347,3.138466497721446e-06,0.06422018348623837,3.432697731882831e-06,0.06931702344546387,4.217314356313193e-06,0.07033639143730874,6.956116760965423e-05,0.07135575942915384,2.9128892181977168e-05,0.07237512742099894,3.0207740040568916e-05,0.07339449541284382,3.6190441801850425e-05,1.0,0.0,0.0,1.0,2.0
22,14:21:57,7,0.06931702344546387,43009.0,0.0688073394495412,0.06829765545361877,0.00017869643621401483,0.06727828746177367,2.182214986696943e-06,0.06625891946992857,3.481736270909729e-06,0.06523955147808347,3.138466497721446e-06,0.06422018348623837,3.432697731882831e-06,0.06931702344546387,7.502896471115331e-06,0.07033639143730874,6.779578020468592e-05,0.07135575942915384,2.9128892181977168e-05,0.07237512742099894,2.9839950997867186e-05,0.07339449541284382,3.621496107136387e-05,0.0,0.0,0.0,1.0,2.0
22,14:22:00,7,0.06931702344546387,41931.0,0.0688073394495412,0.06829765545361877,0.00017798537739812482,0.06727828746177367,2.182214986696943e-06,0.06625891946992857,3.3836591928559337e-06,0.06523955147808347,3.138466497721446e-06,0.06422018348623837,3.432697731882831e-06,0.06931702344546387,2.3219748229236008e-05,0.07033639143730874,6.875203171571043e-05,0.07135575942915384,2.829523701851991e-05,0.07237512742099894,3.089427958694548e-05,0.07339449541284382,3.621496107136387e-05,0.0,0.0,0.0,1.0,2.0
22,14:22:03,7,0.06829765545361877,335673.0,0.0688073394495412,0.06829765545361877,0.00017820605082374585,0.06727828746177367,2.182214986696943e-06,0.06625891946992857,3.3836591928559337e-06,0.06523955147808347,3.138466497721446e-06,0.06422018348623837,3.432697731882831e-06,0.06931702344546387,1.7555796971629337e-05,0.07033639143730874,6.81880885169011e-05,0.07135575942915384,2.603946422328262e-05,0.07237512742099894,3.074716396986479e-05,0.07339449541284382,3.6116883993310075e-05,0.0,0.0,0.0,1.0,2.0
22,14:22:06,7,0.06829765545361877,161483.0,0.0688073394495412,0.06829765545361877,8.728859946787772e-06,0.06727828746177367,2.182214986696943e-06,0.06625891946992857,3.3836591928559337e-06,0.06523955147808347,3.138466497721446e-06,0.06422018348623837,3.432697731882831e-06,0.06931702344546387,1.6575026191091386e-05,0.07033639143730874,6.81880885169011e-05,0.07135575942915384,2.603946422328262e-05,0.07237512742099894,3.074716396986479e-05,0.07339449541284382,3.6116883993310075e-05,0.0,0.0,0.0,1.0,2.0
22,14:22:09,7,0.06829765545361877,405584.0,0.0688073394495412,0.06829765545361877,4.903853902689759e-08,0.06727828746177367,2.1331764476700454e-06,0.06625891946992857,3.3836591928559337e-06,0.06523955147808347,3.138466497721446e-06,0.06422018348623837,3.432697731882831e-06,0.06931702344546387,1.669762253865863e-05,0.07033639143730874,6.8237127055928e-05,0.07135575942915384,2.5941387145228827e-05,0.07237512742099894,3.0207740040568916e-05,0.07339449541284382,3.6116883993310075e-05,0.0,0.0,0.0,1.0,2.0
22,14:22:12,7,0.06829765545361877,45035.0,0.06778797145769633,0.06727828746177367,1.4221176317800301e-06,0.06625891946992857,3.3836591928559337e-06,0.06523955147808347,3.138466497721446e-06,0.06422018348623837,3.432697731882831e-06,0.06218144750254839,3.1875050367483435e-06,0.06829765545361877,7.208665236953946e-06,0.06931702344546387,1.7653874049683134e-05,0.07033639143730874,6.813904997787421e-05,0.07135575942915384,2.5696194450094338e-05,0.07237512742099894,3.096783739548583e-05,0.0,0.0,0.0,2.0,2.0
22,14:22:15,7,0.06727828746177367,430379.0,0.06625891946992857,0.06523955147808347,3.0649086891810996e-06,0.06422018348623837,3.5552940794500755e-06,0.06218144750254839,3.1875050367483435e-06,0.06116207951070329,4.707699746582169e-06,0.060142711518858194,3.695053915676734e-05,0.06727828746177367,4.903853902689759e-07,0.06829765545361877,4.192795086799744e-06,0.06931702344546387,1.7653874049683134e-05,0.07033639143730874,6.811453070836075e-05,0.07135575942915384,2.4788981478096733e-05,2.0,0.0,0.0,2.0,2.0
22,14:22:18,7,0.06829765545361877,299595.0,0.066768603465851,0.06625891946992857,2.4519269513448796e-08,0.06523955147808347,5.639431988093223e-06,0.06422018348623837,3.604332618476973e-06,0.06218144750254839,3.506255540423178e-06,0.06116207951070329,6.129817378362199e-06,0.06727828746177367,2.4519269513448796e-08,0.06829765545361877,1.2504827451858885e-06,0.06931702344546387,1.9615415610759035e-05,0.07033639143730874,6.762414531809178e-05,0.07135575942915384,2.461734659150259e-05,1.0,0.0,0.0,2.0,2.0
22,14:22:21,7,0.06727828746177367,136110.0,0.066768603465851,0.06625891946992857,2.4519269513448796e-08,0.06523955147808347,5.639431988093223e-06,0.06422018348623837,3.604332618476973e-06,0.06218144750254839,3.506255540423178e-06,0.06116207951070329,6.178855917389097e-06,0.06727828746177367,6.7918376552253165e-06,0.06829765545361877,1.9860608305893523e-06,0.06931702344546387,1.976253122783973e-05,0.07033639143730874,6.453471735939723e-05,0.07135575942915384,2.461734659150259e-05,1.0,0.0,0.0,2.0,2.0
22,14:22:24,7,0.06523955147808347,15690.0,0.066768603465851,0.06625891946992857,2.402888412317982e-06,0.06523955147808347,5.467797101499081e-06,0.06422018348623837,3.604332618476973e-06,0.06218144750254839,3.506255540423178e-06,0.06116207951070329,6.669241307658072e-06,0.06727828746177367,6.6937605771715214e-06,0.06829765545361877,2.0596186391296986e-06,0.06931702344546387,1.937022291562455e-05,0.07033639143730874,6.230346383367339e-05,0.07135575942915384,2.461734659150259e-05,1.0,0.0,0.0,2.0,2.0
22,14:22:27,7,0.06625891946992857,104602.0,0.06574923547400613,0.06523955147808347,9.513476571218132e-06,0.06422018348623837,3.604332618476973e-06,0.06218144750254839,5.958182491768057e-06,0.06116207951070329,6.914434002792561e-06,0.060142711518858194,3.704861623482113e-05,0.06625891946992857,2.4519269513448796e-08,0.06727828746177367,7.502896471115331e-06,0.06829765545361877,2.8932738025869578e-06,0.06931702344546387,1.1867326444509216e-05,0.07033639143730874,6.308808045810375e-05,1.0,1.0,2.0,2.0,2.0
22,14:22:30,7,0.06625891946992857,137067.0,0.066768603465851,0.06625891946992857,1.3117809189695105e-05,0.06523955147808347,9.513476571218132e-06,0.06422018348623837,3.604332618476973e-06,0.06218144750254839,9.341841684623991e-06,0.06116207951070329,7.282223045494292e-06,0.06727828746177367,7.037030350359804e-06,0.06829765545361877,2.8932738025869578e-06,0.06931702344546387,1.1916364983536115e-05,0.07033639143730874,6.345586950080548e-05,0.07135575942915384,2.378369142804533e-05,0.0,0.0,2.0,2.0,2.0
22,14:22:33,7,0.06625891946992857,168417.0,0.066768603465851,0.06625891946992857,9.685111457812275e-06,0.06523955147808347,9.587034379758478e-06,0.06422018348623837,3.604332618476973e-06,0.06218144750254839,9.341841684623991e-06,0.06116207951070329,7.282223045494292e-06,0.06727828746177367,6.865395463765662e-06,0.06829765545361877,3.1629857672348947e-06,0.06931702344546387,1.2651943068939579e-05,0.07033639143730874,6.31616382666441e-05,0.07135575942915384,2.3293306037776357e-05,0.0,0.0,2.0,2.0,1.0
22,14:22:36,7,0.06625891946992857,237442.0,0.066768603465851,0.06625891946992857,4.1437565477728465e-06,0.06523955147808347,6.816356924738765e-06,0.06422018348623837,3.604332618476973e-06,0.06218144750254839,9.341841684623991e-06,0.06116207951070329,7.282223045494292e-06,0.06727828746177367,7.355780854034639e-06,0.06829765545361877,3.6778904270173194e-06,0.06931702344546387,1.2651943068939579e-05,0.07033639143730874,6.303904191907686e-05,0.07135575942915384,2.3293306037776357e-05,0.0,0.0,2.0,2.0,1.0
22,14:22:39,7,0.06727828746177367,77458.0,0.066768603465851,0.06625891946992857,3.972121661178705e-06,0.06523955147808347,8.410109443112937e-06,0.06422018348623837,3.604332618476973e-06,0.06218144750254839,9.341841684623991e-06,0.06116207951070329,7.282223045494292e-06,0.06727828746177367,8.042320400411204e-06,0.06829765545361877,3.6778904270173194e-06,0.06931702344546387,1.2651943068939579e-05,0.07033639143730874,6.377462000448032e-05,0.07135575942915384,2.2484170143832546e-05,0.0,0.0,2.0,2.0,1.0
22,14:22:42,7,0.06523955147808347,185137.0,0.06574923547400613,0.06523955147808347,8.312032365059142e-06,0.06422018348623837,3.604332618476973e-06,0.06218144750254839,9.341841684623991e-06,0.06116207951070329,7.282223045494292e-06,0.060142711518858194,3.751448235557666e-05,0.06625891946992857,1.0150977578567801e-05,0.06727828746177367,8.042320400411204e-06,0.06829765545361877,3.7514482355576657e-06,0.06931702344546387,1.198992279207646e-05,0.07033639143730874,6.240154091172718e-05,1.0,0.0,2.0,2.0,2.0
22,14:22:45,7,0.06523955147808347,65895.0,0.06574923547400613,0.06523955147808347,1.0003861961487108e-05,0.06422018348623837,3.604332618476973e-06,0.06218144750254839,9.023091180949157e-06,0.06116207951070329,7.576454279655678e-06,0.060142711518858194,3.76370787031439e-05,0.06625891946992857,1.0420689543215737e-05,0.06727828746177367,7.821646974790167e-06,0.06829765545361877,2.64808110745247e-06,0.06931702344546387,1.2480308182345438e-05,0.07033639143730874,6.240154091172718e-05,1.0,0.0,2.0,2.0,2.0
22,14:22:48,7,0.06523955147808347,247679.0,0.06574923547400613,0.06523955147808347,4.536064859988027e-06,0.06422018348623837,3.604332618476973e-06,0.06320081549439349,9.317322415110542e-07,0.06218144750254839,9.023091180949157e-06,0.06116207951070329,7.576454279655678e-06,0.06625891946992857,1.0126458309054352e-05,0.06727828746177367,7.821646974790167e-06,0.06829765545361877,2.64808110745247e-06,0.06931702344546387,1.2774539416506823e-05,0.07033639143730874,6.240154091172718e-05,0.0,0.0,2.0,2.0,2.0
22,14:22:51,7,0.06523955147808347,87847.0,0.06574923547400613,0.06523955147808347,4.5115455904745785e-06,0.06422018348623837,3.604332618476973e-06,0.06320081549439349,9.317322415110542e-07,0.06218144750254839,9.023091180949157e-06,0.06116207951070329,7.576454279655678e-06,0.06625891946992857,1.4956754403203766e-05,0.06727828746177367,7.821646974790167e-06,0.06829765545361877,2.6971196464793676e-06,0.06931702344546387,1.2897135764074067e-05,0.07033639143730874,6.240154091172718e-05,0.0,0.0,2.0,2.0,2.0
22,14:22:54,7,0.06625891946992857,178750.0,0.06574923547400613,0.06523955147808347,1.667310326914518e-06,0.06422018348623837,3.604332618476973e-06,0.06320081549439349,1.1769249366455422e-06,0.06218144750254839,9.023091180949157e-06,0.06116207951070329,7.576454279655678e-06,0.06625891946992857,1.5594255410553435e-05,0.06727828746177367,7.674531357709473e-06,0.06829765545361877,2.64808110745247e-06,0.06931702344546387,1.301973211164131e-05,0.07033639143730874,6.436308247280309e-05,0.0,0.0,2.0,2.0,2.0
22,14:22:57,7,0.06523955147808347,121276.0,0.06574923547400613,0.06523955147808347,1.9615415610759037e-07,0.06422018348623837,3.604332618476973e-06,0.06320081549439349,1.1769249366455422e-06,0.06218144750254839,9.023091180949157e-06,0.06116207951070329,7.576454279655678e-06,0.06625891946992857,1.4785119516609623e-05,0.06727828746177367,7.674531357709473e-06,0.06829765545361877,2.64808110745247e-06,0.06931702344546387,1.3730790927531325e-05,0.07033639143730874,6.377462000448032e-05,0.0,2.0,2.0,2.0,1.0
22,14:23:00,7,0.06523955147808347,120246.0,0.06574923547400613,0.06523955147808347,2.084137908643148e-06,0.06422018348623837,3.604332618476973e-06,0.06320081549439349,1.1769249366455422e-06,0.06218144750254839,9.023091180949157e-06,0.06116207951070329,7.576454279655678e-06,0.06625891946992857,1.301973211164131e-05,0.06727828746177367,8.410109443112937e-06,0.06829765545361877,2.64808110745247e-06,0.06931702344546387,1.4466369012934789e-05,0.07033639143730874,6.382365854350722e-05,0.0,2.0,2.0,2.0,1.0
22,14:23:03,7,0.06523955147808347,233967.0,0.06472986748216103,0.06422018348623837,7.846166244303615e-07,0.06320081549439349,1.1769249366455422e-06,0.06218144750254839,5.639431988093223e-06,0.06116207951070329,7.699050627222922e-06,0.060142711518858194,3.8250060440980123e-05,0.06523955147808347,5.590393449066325e-06,0.06625891946992857,1.2970693572614413e-05,0.06727828746177367,8.361070904086039e-06,0.06829765545361877,2.5990425684255725e-06,0.06931702344546387,1.4711561708069277e-05,0.0,2.0,2.0,2.0,2.0
22,14:23:06,7,0.06523955147808347,62691.0,0.06472986748216103,0.06422018348623837,5.639431988093223e-07,0.06320081549439349,1.1769249366455422e-06,0.06218144750254839,5.762028335660467e-06,0.06116207951070329,7.699050627222922e-06,0.060142711518858194,3.8397176058060815e-05,0.06523955147808347,1.4392811204394443e-05,0.06625891946992857,1.3142328459208554e-05,0.06727828746177367,8.238474556518795e-06,0.06829765545361877,2.8442352635600602e-06,0.06931702344546387,1.5300024176392048e-05,1.0,2.0,2.0,2.0,2.0
22,14:23:09,7,0.06523955147808347,127372.0,0.06472986748216103,0.06422018348623837,6.129817378362199e-07,0.06320081549439349,1.0567805160296431e-05,0.06218144750254839,5.762028335660467e-06,0.06116207951070329,7.821646974790167e-06,0.060142711518858194,3.8397176058060815e-05,0.06523955147808347,1.4564446090988584e-05,0.06625891946992857,1.4025022161692712e-05,0.06727828746177367,8.213955287005347e-06,0.06829765545361877,2.8442352635600602e-06,0.06931702344546387,1.4564446090988584e-05,1.0,2.0,2.0,2.0,2.0
22,14:23:12,7,0.06422018348623837,27145.0,0.06371049949031593,0.06320081549439349,1.1573095210347831e-05,0.06218144750254839,3.3101013843155873e-06,0.06116207951070329,8.091358939438103e-06,0.060142711518858194,3.8397176058060815e-05,0.05912334352701332,3.0207740040568916e-05,0.06422018348623837,2.182214986696943e-06,0.06523955147808347,1.6991853772820017e-05,0.06625891946992857,1.4221176317800302e-05,0.06727828746177367,8.213955287005347e-06,0.06829765545361877,2.8442352635600602e-06,2.0,2.0,2.0,2.0,2.0
22,14:23:15,7,0.06422018348623837,59502.0,0.06371049949031593,0.06320081549439349,1.142597959326714e-05,0.06218144750254839,3.3101013843155873e-06,0.06116207951070329,6.448567882037034e-06,0.060142711518858194,3.844621459708771e-05,0.05912334352701332,3.0207740040568916e-05,0.06422018348623837,9.317322415110542e-07,0.06523955147808347,1.8144259439952107e-05,0.06625891946992857,1.4221176317800302e-05,0.06727828746177367,7.968762591870858e-06,0.06829765545361877,2.8442352635600602e-06,2.0,2.0,2.0,2.0,2.0
22,14:23:18,7,0.06523955147808347,198470.0,0.06422018348623837,0.06320081549439349,1.2382231104291641e-05,0.06218144750254839,3.923083122151807e-06,0.06116207951070329,7.870685513817063e-06,0.060142711518858194,3.844621459708771e-05,0.05912334352701332,3.0207740040568916e-05,0.06523955147808347,1.6035602261795514e-05,0.06625891946992857,1.4221176317800302e-05,0.06727828746177367,7.846166244303614e-06,0.06829765545361877,2.8442352635600602e-06,0.06931702344546387,1.4441849743421341e-05,2.0,2.0,2.0,2.0,2.0
22,14:23:21,7,0.06422018348623837,347608.0,0.06472986748216103,0.06422018348623837,4.732219016095618e-06,0.06320081549439349,9.562515110245031e-06,0.06218144750254839,3.923083122151807e-06,0.06116207951070329,8.115878208951552e-06,0.060142711518858194,3.847073386660116e-05,0.06523955147808347,1.4588965360502033e-05,0.06625891946992857,1.4221176317800302e-05,0.06727828746177367,7.846166244303614e-06,0.06829765545361877,3.113947228207997e-06,0.06931702344546387,1.4441849743421341e-05,2.0,2.0,2.0,2.0,2.0
22,14:23:24,7,0.06422018348623837,63723.0,0.06472986748216103,0.06422018348623837,4.487026320961129e-06,0.06320081549439349,2.4274076818314308e-05,0.06218144750254839,5.1490465978242474e-06,0.06116207951070329,8.361070904086039e-06,0.060142711518858194,3.8225541171466676e-05,0.06523955147808347,1.4588965360502033e-05,0.06625891946992857,1.3828868005585122e-05,0.06727828746177367,7.846166244303614e-06,0.06829765545361877,3.0894279586945484e-06,0.06931702344546387,1.4932235133690317e-05,2.0,2.0,2.0,2.0,2.0
22,14:23:27,7,0.06829765545361877,1756359.0,0.0688073394495412,0.06829765545361877,0.00020402484162140744,0.06523955147808347,6.620202768631175e-07,0.06422018348623837,4.487026320961129e-06,0.06320081549439349,2.5549078833013646e-05,0.06218144750254839,5.1490465978242474e-06,0.06931702344546387,1.4932235133690317e-05,0.07033639143730874,6.600587353020416e-05,0.07135575942915384,2.2533208682859444e-05,0.07237512742099894,2.626013764890366e-05,0.07339449541284382,2.383272996707223e-05,1.0,1.0,2.0,1.0,0.0
22,14:23:30,7,0.06829765545361877,293440.0,0.0688073394495412,0.06829765545361877,0.00019715944615764176,0.06422018348623837,6.276932995442892e-06,0.06320081549439349,2.5549078833013646e-05,0.06218144750254839,5.1490465978242474e-06,0.06116207951070329,8.361070904086039e-06,0.06931702344546387,1.4932235133690317e-05,0.07033639143730874,6.600587353020416e-05,0.07135575942915384,2.2778401377993933e-05,0.07237512742099894,2.626013764890366e-05,0.07339449541284382,2.383272996707223e-05,1.0,1.0,2.0,1.0,0.0
22,14:23:33,7,0.06829765545361877,232856.0,0.0688073394495412,0.06829765545361877,0.0001966200222283459,0.06422018348623837,8.753379216301221e-06,0.06320081549439349,2.8001005784358525e-05,0.06218144750254839,5.1490465978242474e-06,0.06116207951070329,9.488957301704683e-06,0.06931702344546387,1.0052900500514006e-05,0.07033639143730874,6.679049015463452e-05,0.07135575942915384,2.2778401377993933e-05,0.07237512742099894,2.6186579840363315e-05,0.07339449541284382,2.383272996707223e-05,1.0,1.0,2.0,0.0,0.0
22,14:23:36,7,0.06829765545361877,92280.0,0.0688073394495412,0.06829765545361877,0.00019583540560391552,0.06625891946992857,1.2259634756724397e-07,0.06523955147808347,1.2259634756724397e-07,0.06422018348623837,8.753379216301221e-06,0.06320081549439349,2.7363504777008856e-05,0.06931702344546387,8.655302138247424e-06,0.07033639143730874,6.703568284976901e-05,0.07135575942915384,2.2778401377993933e-05,0.07237512742099894,2.6186579840363315e-05,0.07339449541284382,2.358753727193774e-05,1.0,1.0,2.0,0.0,0.0
22,14:23:39,7,0.06829765545361877,242301.0,0.0688073394495412,0.06829765545361877,0.00019610511756856347,0.06625891946992857,1.2259634756724397e-07,0.06523955147808347,1.2259634756724397e-07,0.06422018348623837,8.851456294355016e-06,0.06320081549439349,2.7363504777008856e-05,0.06931702344546387,2.1331764476700454e-06,0.07033639143730874,6.858039682911628e-05,0.07135575942915384,2.2778401377993933e-05,0.07237512742099894,2.6186579840363315e-05,0.07339449541284382,2.3661095080478087e-05,1.0,1.0,2.0,0.0,0.0
22,14:23:42,7,0.06829765545361877,93331.0,0.0688073394495412,0.06829765545361877,0.00019536953948316,0.06625891946992857,1.2259634756724397e-07,0.06523955147808347,6.129817378362199e-07,0.06422018348623837,8.655302138247424e-06,0.06320081549439349,2.7633216741656792e-05,0.06931702344546387,4.304848148476205e-06,0.07033639143730874,6.835972340349524e-05,0.07135575942915384,2.2778401377993933e-05,0.07237512742099894,2.626013764890366e-05,0.07339449541284382,2.3661095080478087e-05,1.0,1.0,2.0,0.0,0.0
22,14:23:45,7,0.06829765545361877,46151.0,0.0688073394495412,0.06829765545361877,0.0001955656936392676,0.06727828746177367,2.4519269513448794e-07,0.06625891946992857,1.2259634756724397e-07,0.06523955147808347,9.56251511024503e-07,0.06422018348623837,8.410109443112937e-06,0.06931702344546387,7.320718298630407e-06,0.07033639143730874,6.909530148889871e-05,0.07135575942915384,2.2533208682859444e-05,0.07237512742099894,2.7314466237981958e-05,0.07339449541284382,2.4200519009773962e-05,1.0,1.0,1.0,0.0,0.0
22,14:23:48,7,0.06829765545361877,77622.0,0.0688073394495412,0.06829765545361877,0.0001954676165612138,0.06727828746177367,2.4519269513448794e-07,0.06625891946992857,1.2259634756724397e-07,0.06523955147808347,9.56251511024503e-07,0.06422018348623837,9.292803145597093e-06,0.06931702344546387,5.604369432688991e-06,0.07033639143730874,6.909530148889871e-05,0.07135575942915384,2.3268786768262906e-05,0.07237512742099894,2.6726003769659187e-05,0.07339449541284382,2.4200519009773962e-05,1.0,1.0,1.0,0.0,0.0
22,14:23:51,7,0.06931702344546387,195089.0,0.0688073394495412,0.06829765545361877,0.00019529598167461967,0.06625891946992857,1.2259634756724397e-07,0.06523955147808347,3.8348137519033913e-05,0.06422018348623837,9.930304152946762e-06,0.06320081549439349,2.7853890167277833e-05,0.06931702344546387,6.6341787522538405e-06,0.07033639143730874,6.860491609862973e-05,0.07135575942915384,2.3268786768262906e-05,0.07237512742099894,2.6726003769659187e-05,0.07339449541284382,2.4200519009773962e-05,1.0,2.0,1.0,0.0,0.0
22,14:23:54,7,0.06829765545361877,7336.0,0.0688073394495412,0.06829765545361877,0.0001951243467880255,0.06625891946992857,1.2259634756724397e-07,0.06523955147808347,3.8348137519033913e-05,0.06422018348623837,9.930304152946762e-06,0.06320081549439349,2.7853890167277833e-05,0.06931702344546387,1.05327426048922e-05,0.07033639143730874,6.860491609862973e-05,0.07135575942915384,2.3268786768262906e-05,0.07237512742099894,2.6726003769659187e-05,0.07339449541284382,2.4519269513448797e-05,1.0,2.0,2.0,0.0,0.0
22,14:23:57,7,0.06931702344546387,93357.0,0.0688073394495412,0.06829765545361877,0.00019644838734175175,0.06625891946992857,2.4519269513448794e-07,0.06523955147808347,3.8348137519033913e-05,0.06422018348623837,9.881265613919865e-06,0.06320081549439349,2.7853890167277833e-05,0.06931702344546387,8.69379739138354e-06,0.07033639143730874,6.921789783646595e-05,0.07135575942915384,2.3268786768262906e-05,0.07237512742099894,2.6726003769659187e-05,0.07339449541284382,2.4764462208583282e-05,1.0,2.0,2.0,0.0,0.0
22,14:24:00,7,0.06931702344546387,268337.0,0.0688073394495412,0.06829765545361877,0.00019218203444641165,0.06625891946992857,2.4519269513448794e-07,0.06523955147808347,3.8348137519033913e-05,0.06422018348623837,9.881265613919865e-06,0.06320081549439349,2.7853890167277833e-05,0.06931702344546387,8.056296384033871e-06,0.07033639143730874,6.850683902057594e-05,0.07135575942915384,2.3268786768262906e-05,0.07237512742099894,2.6726003769659187e-05,0.07339449541284382,2.4739942939069835e-05,1.0,2.0,2.0,0.0,0.0
22,14:24:03,7,0.06829765545361877,133189.0,0.0688073394495412,0.06829765545361877,0.0001913483792829544,0.06625891946992857,2.4519269513448794e-07,0.06523955147808347,3.8348137519033913e-05,0.06422018348623837,9.881265613919865e-06,0.06320081549439349,2.7853890167277833e-05,0.06931702344546387,8.816393738950784e-06,0.07033639143730874,6.850683902057594e-05,0.07135575942915384,2.304811334264187e-05,0.07237512742099894,2.670148450014574e-05,0.07339449541284382,2.4739942939069835e-05,1.0,2.0,2.0,0.0,0.0
22,14:24:06,7,0.06829765545361877,171983.0,0.0688073394495412,0.06829765545361877,0.00019448684578067584,0.06625891946992857,2.4519269513448794e-07,0.06523955147808347,3.8348137519033913e-05,0.06422018348623837,9.881265613919865e-06,0.06320081549439349,2.787840943679128e-05,0.06931702344546387,6.3644667876059035e-06,0.07033639143730874,6.826164632544145e-05,0.07135575942915384,2.304811334264187e-05,0.07237512742099894,2.670148450014574e-05,0.07339449541284382,2.4788981478096733e-05,2.0,2.0,2.0,0.0,0.0
22,14:24:09,7,0.06931702344546387,205599.0,0.0688073394495412,0.06829765545361877,0.0001951243467880255,0.06625891946992857,2.4519269513448794e-07,0.06523955147808347,3.8348137519033913e-05,0.06422018348623837,9.881265613919865e-06,0.06320081549439349,2.714283135138782e-05,0.06931702344546387,1.926479005671672e-06,0.07033639143730874,6.826164632544145e-05,0.07135575942915384,2.304811334264187e-05,0.07237512742099894,2.670148450014574e-05,0.07339449541284382,2.481350074761018e-05,2.0,2.0,2.0,0.0,0.0
22,14:24:12,7,0.06829765545361877,70237.0,0.0688073394495412,0.06829765545361877,0.00019404549892943377,0.06625891946992857,2.9423123416138554e-07,0.06523955147808347,3.844621459708771e-05,0.06422018348623837,9.881265613919865e-06,0.06320081549439349,2.714283135138782e-05,0.06931702344546387,5.236580389987259e-06,0.07033639143730874,6.850683902057594e-05,0.07135575942915384,2.280292064750738e-05,0.07237512742099894,2.670148450014574e-05,0.07339449541284382,2.481350074761018e-05,2.0,2.0,2.0,0.0,0.0
22,14:24:15,7,0.06829765545361877,56619.0,0.0688073394495412,0.06829765545361877,0.0002100811011912293,0.06625891946992857,2.9423123416138554e-07,0.06523955147808347,3.844621459708771e-05,0.06422018348623837,9.488957301704683e-06,0.06320081549439349,2.714283135138782e-05,0.06931702344546387,9.551971824354247e-06,0.07033639143730874,6.850683902057594e-05,0.07135575942915384,2.280292064750738e-05,0.07237512742099894,2.670148450014574e-05,0.07339449541284382,2.481350074761018e-05,2.0,1.0,2.0,0.0,0.0
22,14:24:18,7,0.06829765545361877,109091.0,0.0688073394495412,0.06829765545361877,0.0002105469673119848,0.06625891946992857,2.9423123416138554e-07,0.06523955147808347,3.86914072922222e-05,0.06422018348623837,9.513476571218132e-06,0.06320081549439349,2.714283135138782e-05,0.06931702344546387,7.198121951063163e-06,0.07033639143730874,6.850683902057594e-05,0.07135575942915384,2.280292064750738e-05,0.07237512742099894,2.670148450014574e-05,0.07339449541284382,2.481350074761018e-05,2.0,1.0,1.0,0.0,0.0
22,14:24:21,7,0.07033639143730874,3298322.0,0.07084607543323118,0.07033639143730874,2.4624702372356624e-06,0.06931702344546387,3.1875050367483437e-07,0.06829765545361877,0.0002107921600071193,0.06625891946992857,2.9423123416138554e-07,0.06523955147808347,3.702409696530768e-05,0.07135575942915384,2.280292064750738e-05,0.07237512742099894,2.645629180501125e-05,0.07339449541284382,2.4592827321989143e-05,0.07441386340468892,3.76861172421708e-05,0.07543323139653424,5.852749632860228e-05,0.0,0.0,0.0,0.0,0.0
22,14:24:24,7,0.06931702344546387,248596.0,0.0698267074413863,0.06931702344546387,2.6578888152578496e-05,0.06829765545361877,0.00020847337268923246,0.06625891946992857,4.903853902689759e-07,0.06523955147808347,3.788227139827839e-05,0.06422018348623837,9.513476571218132e-06,0.07033639143730874,9.807707805379518e-07,0.07135575942915384,2.324426749874946e-05,0.07237512742099894,2.670148450014574e-05,0.07339449541284382,2.4592827321989143e-05,0.07441386340468892,3.76861172421708e-05,2.0,1.0,0.0,0.0,0.0
22,14:24:27,7,0.07033639143730874,404247.0,0.07084607543323118,0.07033639143730874,3.1875050367483435e-06,0.06931702344546387,3.386111119807279e-05,0.06829765545361877,0.00020847337268923246,0.06625891946992857,4.903853902689759e-07,0.06523955147808347,3.788227139827839e-05,0.07135575942915384,2.2876478456047726e-05,0.07237512742099894,2.670148450014574e-05,0.07339449541284382,2.461734659150259e-05,0.07441386340468892,3.76861172421708e-05,0.07543323139653424,5.862557340665607e-05,0.0,0.0,0.0,0.0,0.0
22,14:24:30,7,0.07033639143730874,106050.0,0.07084607543323118,0.07033639143730874,5.639431988093223e-06,0.06931702344546387,3.440053512736866e-05,0.06829765545361877,0.00020903731588804177,0.06625891946992857,4.903853902689759e-07,0.06523955147808347,3.788227139827839e-05,0.07135575942915384,2.2974555534101523e-05,0.07237512742099894,2.6824080847712984e-05,0.07339449541284382,2.4053403392693267e-05,0.07441386340468892,3.76861172421708e-05,0.07543323139653424,6.230346383367339e-05,0.0,0.0,0.0,0.0,0.0
22,14:24:33,7,0.07033639143730874,107100.0,0.07084607543323118,0.07033639143730874,3.7514482355576657e-06,0.06931702344546387,3.4694766361530046e-05,0.06829765545361877,0.00020795846802945002,0.06625891946992857,5.639431988093223e-07,0.06523955147808347,3.788227139827839e-05,0.07135575942915384,2.299907480361497e-05,0.07237512742099894,2.6824080847712984e-05,0.07339449541284382,2.4053403392693267e-05,0.07441386340468892,3.76861172421708e-05,0.07543323139653424,6.242606018124063e-05,0.0,0.0,0.0,0.0,0.0
22,14:24:36,7,0.07033639143730874,213150.0,0.0698267074413863,0.06931702344546387,3.5969768376229384e-05,0.06829765545361877,0.00020604596500740102,0.06625891946992857,5.639431988093223e-07,0.06523955147808347,3.788227139827839e-05,0.06422018348623837,5.71298979663357e-06,0.07033639143730874,2.500965490371777e-06,0.07135575942915384,2.3881768506099128e-05,0.07237512742099894,2.7020235003820574e-05,0.07339449541284382,2.402888412317982e-05,0.07441386340468892,3.842169532757426e-05,0.0,1.0,0.0,0.0,0.0
22,14:24:39,7,0.07033639143730874,1553827.0,0.07084607543323118,0.07033639143730874,3.4326977318828314e-07,0.06931702344546387,3.614140326282352e-05,0.06829765545361877,0.00020604596500740102,0.06625891946992857,6.865395463765663e-07,0.06523955147808347,3.788227139827839e-05,0.07135575942915384,2.5990425684255725e-06,0.07237512742099894,2.7240908429441612e-05,0.07339449541284382,2.402888412317982e-05,0.07441386340468892,3.842169532757426e-05,0.07543323139653424,6.330875388372479e-05,0.0,0.0,0.0,0.0,0.0
22,14:24:42,7,0.06931702344546387,39895.0,0.0698267074413863,0.06931702344546387,3.6509192305525256e-05,0.06829765545361877,0.00020607048427691445,0.06625891946992857,6.865395463765663e-07,0.06523955147808347,3.788227139827839e-05,0.06422018348623837,5.467797101499081e-06,0.07033639143730874,4.5115455904745785e-06,0.07135575942915384,6.129817378362199e-06,0.07237512742099894,2.6750523039172635e-05,0.07339449541284382,2.559811737204054e-05,0.07441386340468892,3.842169532757426e-05,1.0,1.0,0.0,0.0,0.0
22,14:24:45,7,0.06829765545361877,1312301.0,0.0688073394495412,0.06829765545361877,0.00020540846400005135,0.06625891946992857,6.865395463765663e-07,0.06523955147808347,3.788227139827839e-05,0.06422018348623837,5.467797101499081e-06,0.06320081549439349,2.7510620394089548e-05,0.06931702344546387,9.537995840731582e-06,0.07033639143730874,5.4187585624721835e-06,0.07135575942915384,6.7918376552253165e-06,0.07237512742099894,2.74861011245761e-05,0.07339449541284382,2.559811737204054e-05,2.0,2.0,0.0,0.0,0.0
22,14:24:48,7,0.06931702344546387,104896.0,0.0688073394495412,0.06829765545361877,0.00020516327130491686,0.06625891946992857,6.865395463765663e-07,0.06523955147808347,3.788227139827839e-05,0.06422018348623837,5.467797101499081e-06,0.06320081549439349,2.746158185506265e-05,0.06931702344546387,8.189436017491898e-06,0.07033639143730874,4.732219016095618e-06,0.07135575942915384,7.2331845064673944e-06,0.07237512742099894,2.74861011245761e-05,0.07339449541284382,2.559811737204054e-05,2.0,1.0,0.0,0.0,0.0
22,14:24:51,7,0.06829765545361877,176191.0,0.0688073394495412,0.06829765545361877,0.00020455028956708064,0.06625891946992857,6.129817378362199e-07,0.06523955147808347,3.788227139827839e-05,0.06422018348623837,5.467797101499081e-06,0.06320081549439349,2.746158185506265e-05,0.06931702344546387,6.8406310015570795e-06,0.07033639143730874,5.541354910039428e-06,0.07135575942915384,1.0224535387108147e-05,0.07237512742099894,2.74861011245761e-05,0.07339449541284382,2.559811737204054e-05,2.0,1.0,0.0,0.0,0.0
22,14:24:54,7,0.06931702344546387,306288.0,0.0698267074413863,0.06931702344546387,1.9983449846155902e-05,0.06829765545361877,0.00020430509687194615,0.06625891946992857,6.129817378362199e-07,0.06523955147808347,3.805390628487253e-05,0.06422018348623837,5.467797101499081e-06,0.07033639143730874,5.541354910039428e-06,0.07135575942915384,1.0567805160296431e-05,0.07237512742099894,2.74861011245761e-05,0.07339449541284382,2.6014944953769172e-05,0.07441386340468892,3.866688802270875e-05,1.0,0.0,0.0,0.0,0.0
22,14:24:57,7,0.06931702344546387,15747.0,0.0698267074413863,0.06931702344546387,1.9909892037615556e-05,0.06829765545361877,0.00020455028956708064,0.06625891946992857,1.1278863976186446e-06,0.06523955147808347,3.805390628487253e-05,0.06422018348623837,5.467797101499081e-06,0.07033639143730874,1.5128389289797907e-05,0.07135575942915384,1.2308673295751295e-05,0.07237512742099894,2.773129381971059e-05,0.07339449541284382,2.6014944953769172e-05,0.07441386340468892,3.866688802270875e-05,1.0,0.0,0.0,0.0,0.0
22,14:25:00,7,0.06931702344546387,56696.0,0.0698267074413863,0.06931702344546387,2.1994029946258706e-05,0.06829765545361877,0.00020482000153172858,0.06625891946992857,1.1278863976186446e-06,0.06523955147808347,3.8004867745845635e-05,0.06422018348623837,6.203375186902545e-06,0.07033639143730874,1.552069760201309e-05,0.07135575942915384,1.3068770650668208e-05,0.07237512742099894,2.773129381971059e-05,0.07339449541284382,2.6014944953769172e-05,0.07441386340468892,3.866688802270875e-05,1.0,0.0,0.0,0.0,0.0
22,14:25:03,7,0.06931702344546387,17833.0,0.0698267074413863,0.06931702344546387,4.266352895340091e-06,0.06829765545361877,0.00020486904007075546,0.06625891946992857,1.4466369012934789e-06,0.06523955147808347,3.8004867745845635e-05,0.06422018348623837,6.203375186902545e-06,0.07033639143730874,1.5618774680066882e-05,0.07135575942915384,1.3191366998235453e-05,0.07237512742099894,2.773129381971059e-05,0.07339449541284382,2.6014944953769172e-05,0.07441386340468892,3.866688802270875e-05,0.0,0.0,0.0,0.0,0.0
22,14:25:06,7,0.06931702344546387,180438.0,0.0698267074413863,0.06931702344546387,1.9639934880272486e-05,0.06829765545361877,0.00020486904007075546,0.06625891946992857,1.4466369012934789e-06,0.06523955147808347,3.8004867745845635e-05,0.06422018348623837,6.203375186902545e-06,0.07033639143730874,1.7261565737467953e-05,0.07135575942915384,1.4662523169042379e-05,0.07237512742099894,2.773129381971059e-05,0.07339449541284382,2.6014944953769172e-05,0.07441386340468892,3.621496107136387e-05,0.0,0.0,0.0,0.0,0.0
22,14:25:09,7,0.07033639143730874,24130.0,0.0698267074413863,0.06931702344546387,1.9198588029030408e-05,0.06829765545361877,0.00020504067495734962,0.06625891946992857,1.4466369012934789e-06,0.06523955147808347,3.8004867745845635e-05,0.06422018348623837,6.203375186902545e-06,0.07033639143730874,1.807070163141176e-05,0.07135575942915384,1.4662523169042379e-05,0.07237512742099894,2.773129381971059e-05,0.07339449541284382,2.6014944953769172e-05,0.07441386340468892,3.518515175179902e-05,0.0,0.0,0.0,0.0,0.0
22,14:25:12,7,0.07033639143730874,593754.0,0.0698267074413863,0.06931702344546387,6.031740300308404e-06,0.06829765545361877,0.00020504067495734962,0.06625891946992857,1.4466369012934789e-06,0.06523955147808347,3.8004867745845635e-05,0.06422018348623837,6.203375186902545e-06,0.07033639143730874,1.949281926319179e-05,0.07135575942915384,1.4662523169042379e-05,0.07237512742099894,2.773129381971059e-05,0.07339449541284382,2.6014944953769172e-05,0.07441386340468892,3.520967102131247e-05,0.0,0.0,0.0,0.0,0.0
22,14:25:15,7,0.06931702344546387,6294.0,0.0698267074413863,0.06931702344546387,6.129817378362199e-06,0.06829765545361877,2.503417417323122e-05,0.06625891946992857,1.324040553726235e-06,0.06523955147808347,3.802938701535908e-05,0.06422018348623837,1.3289444076289248e-05,0.07033639143730874,2.074330200837768e-05,0.07135575942915384,1.6378872034983796e-05,0.07237512742099894,2.773129381971059e-05,0.07339449541284382,2.6113022031822966e-05,0.07441386340468892,3.520967102131247e-05,0.0,0.0,0.0,0.0,0.0
22,14:25:18,7,0.06931702344546387,305263.0,0.0688073394495412,0.06829765545361877,2.503417417323122e-05,0.06625891946992857,1.324040553726235e-06,0.06523955147808347,3.802938701535908e-05,0.06422018348623837,1.3289444076289248e-05,0.06320081549439349,2.746158185506265e-05,0.06931702344546387,1.0298093195648493e-06,0.07033639143730874,2.218993890967116e-05,0.07135575942915384,1.591300591422827e-05,0.07237512742099894,2.7388024046522304e-05,0.07339449541284382,2.6113022031822966e-05,0.0,0.0,0.0,0.0,0.0
22,14:25:21,7,0.06931702344546387,401717.0,0.0688073394495412,0.06829765545361877,2.4053403392693267e-05,0.06625891946992857,1.324040553726235e-06,0.06523955147808347,3.802938701535908e-05,0.06422018348623837,1.3289444076289248e-05,0.06320081549439349,2.746158185506265e-05,0.06931702344546387,6.031740300308404e-06,0.07033639143730874,3.216928160164482e-05,0.07135575942915384,1.5962044453255164e-05,0.07237512742099894,2.7388024046522304e-05,0.07339449541284382,2.6113022031822966e-05,0.0,0.0,0.0,0.0,0.0
22,14:25:24,7,0.06829765545361877,83900.0,0.0688073394495412,0.06829765545361877,2.3538498732910843e-05,0.06625891946992857,1.324040553726235e-06,0.06523955147808347,3.802938701535908e-05,0.06422018348623837,1.3289444076289248e-05,0.06320081549439349,2.746158185506265e-05,0.06931702344546387,1.098463274202506e-05,0.07033639143730874,3.2316397218725516e-05,0.07135575942915384,1.628079495693e-05,0.07237512742099894,2.7388024046522304e-05,0.07339449541284382,2.6113022031822966e-05,0.0,0.0,0.0,0.0,0.0
22,14:25:27,7,0.06829765545361877,32509.0,0.0688073394495412,0.06829765545361877,2.3538498732910843e-05,0.06625891946992857,1.324040553726235e-06,0.06523955147808347,3.820102190195322e-05,0.06422018348623837,1.3289444076289248e-05,0.06320081549439349,2.746158185506265e-05,0.06931702344546387,1.081299785543092e-05,0.07033639143730874,3.2340916488238964e-05,0.07135575942915384,1.6403391304497243e-05,0.07237512742099894,2.7388024046522304e-05,0.07339449541284382,2.6113022031822966e-05,0.0,0.0,0.0,0.0,0.0
22,14:25:30,7,0.06829765545361877,733650.0,0.0688073394495412,0.06829765545361877,7.5274157406287806e-06,0.06625891946992857,1.324040553726235e-06,0.06523955147808347,3.86914072922222e-05,0.06422018348623837,1.3289444076289248e-05,0.06320081549439349,2.746158185506265e-05,0.06931702344546387,3.2659666991913795e-05,0.07033639143730874,3.256158991386e-05,0.07135575942915384,1.7629354780169683e-05,0.07237512742099894,2.7388024046522304e-05,0.07339449541284382,2.6113022031822966e-05,0.0,0.0,0.0,0.0,0.0
22,14:25:33,7,0.06829765545361877,340601.0,0.06727828746177367,0.06625891946992857,1.2750020146993375e-06,0.06523955147808347,3.930438903005842e-05,0.06422018348623837,1.3289444076289248e-05,0.06320081549439349,2.746158185506265e-05,0.06218144750254839,1.0003861961487108e-05,0.06829765545361877,1.7163488659414157e-07,0.06931702344546387,3.295389822607518e-05,0.07033639143730874,2.3464940924370497e-05,0.07135575942915384,1.7629354780169683e-05,0.07237512742099894,2.7388024046522304e-05,0.0,0.0,0.0,0.0,0.0
22,14:25:36,7,0.06829765545361877,11528.0,0.06727828746177367,0.06625891946992857,1.2750020146993375e-06,0.06523955147808347,3.851977240562806e-05,0.06422018348623837,1.3289444076289248e-05,0.06320081549439349,2.623561837939021e-05,0.06218144750254839,1.0003861961487108e-05,0.06829765545361877,1.0714920777377124e-05,0.06931702344546387,3.297841749558863e-05,0.07033639143730874,2.5622636641553992e-05,0.07135575942915384,2.3955326314639474e-05,0.07237512742099894,2.7633216741656792e-05,0.0,0.0,0.0,0.0,0.0
22,14:25:39,7,0.06625891946992857,4184.0,0.06727828746177367,0.06625891946992857,1.1033671281051959e-06,0.06523955147808347,3.851977240562806e-05,0.06422018348623837,1.3289444076289248e-05,0.06320081549439349,2.628465691841711e-05,0.06218144750254839,1.0003861961487108e-05,0.06829765545361877,2.2508689413345993e-05,0.06931702344546387,3.322361019072312e-05,0.07033639143730874,2.8981776564896476e-05,0.07135575942915384,2.422503827928741e-05,0.07237512742099894,2.7633216741656792e-05,0.0,0.0,0.0,0.0,0.0
22,14:25:42,7,0.06625891946992857,17782.0,0.066768603465851,0.06625891946992857,2.3538498732910843e-06,0.06523955147808347,3.851977240562806e-05,0.06422018348623837,1.3289444076289248e-05,0.06320081549439349,2.628465691841711e-05,0.06218144750254839,1.0003861961487108e-05,0.06727828746177367,1.2259634756724397e-07,0.06829765545361877,2.2900997725561174e-05,0.06931702344546387,3.337072580780381e-05,0.07033639143730874,3.094331812597238e-05,0.07135575942915384,2.422503827928741e-05,0.0,0.0,0.0,0.0,0.0
22,14:25:45,7,0.06625891946992857,17787.0,0.066768603465851,0.06625891946992857,2.4274076818314307e-06,0.06523955147808347,3.851977240562806e-05,0.06422018348623837,1.3289444076289248e-05,0.06320081549439349,2.628465691841711e-05,0.06218144750254839,8.777898485814668e-06,0.06727828746177367,2.6971196464793677e-07,0.06829765545361877,2.5794271528148135e-05,0.06931702344546387,1.2455788912831989e-05,0.07033639143730874,3.153178059429515e-05,0.07135575942915384,2.4347634626854654e-05,0.0,0.0,0.0,0.0,0.0
22,14:25:48,7,0.06625891946992857,9414.0,0.066768603465851,0.06625891946992857,2.280292064750738e-06,0.06523955147808347,3.851977240562806e-05,0.06422018348623837,1.3289444076289248e-05,0.06320081549439349,2.628465691841711e-05,0.06218144750254839,8.777898485814668e-06,0.06727828746177367,8.581744329707078e-07,0.06829765545361877,2.8172640670952668e-05,0.06931702344546387,1.3117809189695105e-05,0.07033639143730874,3.204668525407757e-05,0.07135575942915384,2.397984558415292e-05,0.0,0.0,0.0,0.0,0.0
22,14:25:51,7,0.06625891946992857,43932.0,0.066768603465851,0.06625891946992857,1.2995212842127862e-06,0.06523955147808347,3.851977240562806e-05,0.06422018348623837,1.3289444076289248e-05,0.06320081549439349,2.628465691841711e-05,0.06218144750254839,8.777898485814668e-06,0.06727828746177367,1.2848097225047169e-05,0.06829765545361877,2.866302606122164e-05,0.06931702344546387,1.324040553726235e-05,0.07033639143730874,3.246351283580621e-05,0.07135575942915384,2.4960616364690876e-05,0.0,0.0,0.0,0.0,0.0
22,14:25:54,7,0.06727828746177367,23034.0,0.066768603465851,0.06625891946992857,1.6918295964279668e-06,0.06523955147808347,3.851977240562806e-05,0.06422018348623837,1.3289444076289248e-05,0.06320081549439349,2.628465691841711e-05,0.06218144750254839,8.777898485814668e-06,0.06727828746177367,1.262742379942613e-05,0.06829765545361877,2.8564948983167848e-05,0.06931702344546387,1.2774539416506823e-05,0.07033639143730874,3.246351283580621e-05,0.07135575942915384,2.461734659150259e-05,0.0,0.0,0.0,0.0,0.0
22,14:25:57,7,0.06523955147808347,76354.0,0.06574923547400613,0.06523955147808347,3.842169532757426e-05,0.06422018348623837,1.3289444076289248e-05,0.06320081549439349,2.628465691841711e-05,0.06218144750254839,8.777898485814668e-06,0.06116207951070329,8.164916747978449e-06,0.06625891946992857,1.7653874049683134e-06,0.06727828746177367,1.32158862677489e-05,0.06829765545361877,2.8564948983167848e-05,0.06931702344546387,1.0690401507863675e-05,0.07033639143730874,3.246351283580621e-05,1.0,1.0,0.0,0.0,0.0
22,14:26:00,7,0.06523955147808347,55424.0,0.06574923547400613,0.06523955147808347,3.807842555438598e-05,0.06422018348623837,1.3289444076289248e-05,0.06320081549439349,2.6946677195280225e-05,0.06218144750254839,8.777898485814668e-06,0.06116207951070329,8.042320400411204e-06,0.06625891946992857,3.0894279586945484e-06,0.06727828746177367,1.32158862677489e-05,0.06829765545361877,2.993802807592098e-05,0.06931702344546387,9.268283876083646e-06,0.07033639143730874,3.300293676510208e-05,1.0,1.0,0.0,0.0,0.0
22,14:26:03,7,0.06625891946992857,10460.0,0.06574923547400613,0.06523955147808347,4.2197662832645375e-05,0.06422018348623837,1.3289444076289248e-05,0.06320081549439349,2.6946677195280225e-05,0.06218144750254839,8.777898485814668e-06,0.06116207951070329,8.042320400411204e-06,0.06625891946992857,3.4572170013962804e-06,0.06727828746177367,2.0925480180862605e-05,0.06829765545361877,2.7657736011170243e-05,0.06931702344546387,9.292803145597093e-06,0.07033639143730874,3.324812946023657e-05,1.0,0.0,0.0,0.0,0.0
22,14:26:06,7,0.06625891946992857,174662.0,0.06574923547400613,0.06523955147808347,4.168275817286295e-05,0.06422018348623837,1.3289444076289248e-05,0.06320081549439349,2.6946677195280225e-05,0.06218144750254839,8.777898485814668e-06,0.06116207951070329,8.042320400411204e-06,0.06625891946992857,7.600973549169127e-07,0.06727828746177367,2.0925480180862605e-05,0.06829765545361877,1.4392811204394443e-05,0.06931702344546387,9.292803145597093e-06,0.07033639143730874,3.324812946023657e-05,1.0,1.0,0.0,0.0,0.0
22,14:26:09,7,0.06523955147808347,959310.0,0.06574923547400613,0.06523955147808347,1.9174068759516957e-05,0.06422018348623837,1.3289444076289248e-05,0.06320081549439349,2.706927354284747e-05,0.06218144750254839,8.777898485814668e-06,0.06116207951070329,8.042320400411204e-06,0.06625891946992857,1.4956754403203766e-06,0.06727828746177367,2.229855927361574e-05,0.06829765545361877,1.2921655033587515e-05,0.06931702344546387,4.339910703880437e-06,0.07033639143730874,3.3836591928559336e-05,1.0,0.0,0.0,0.0,0.0
22,14:26:12,7,0.06625891946992857,134898.0,0.06574923547400613,0.06523955147808347,2.123368739864666e-05,0.06422018348623837,1.3289444076289248e-05,0.06320081549439349,2.7804851628250935e-05,0.06218144750254839,8.777898485814668e-06,0.06116207951070329,8.042320400411204e-06,0.06625891946992857,5.394239292958735e-07,0.06727828746177367,2.2323078543129187e-05,0.06829765545361877,1.2897135764074067e-05,0.06931702344546387,4.339910703880437e-06,0.07033639143730874,3.432697731882831e-05,1.0,0.0,0.0,0.0,0.0
22,14:26:15,7,0.06625891946992857,0.0,0.06574923547400613,0.06523955147808347,2.1258206668160106e-05,0.06422018348623837,1.3289444076289248e-05,0.06320081549439349,2.7804851628250935e-05,0.06218144750254839,8.777898485814668e-06,0.06116207951070329,8.042320400411204e-06,0.06625891946992857,3.604332618476973e-06,0.06727828746177367,2.2323078543129187e-05,0.06829765545361877,8.949533372408811e-06,0.06931702344546387,4.339910703880437e-06,0.07033639143730874,3.432697731882831e-05,1.0,0.0,0.0,0.0,0.0
22,14:26:18,7,0.06523955147808347,52290.0,0.06574923547400613,0.06523955147808347,2.098849470351217e-05,0.06422018348623837,1.3289444076289248e-05,0.06320081549439349,2.7584178202629894e-05,0.06218144750254839,8.777898485814668e-06,0.06116207951070329,8.042320400411204e-06,0.06625891946992857,3.3836591928559337e-06,0.06727828746177367,2.1955289500427454e-05,0.06829765545361877,9.439918762677787e-06,0.06931702344546387,4.5115455904745785e-06,0.07033639143730874,3.45721700139628e-05,0.0,0.0,0.0,0.0,0.0
22,14:26:21,7,0.06523955147808347,1122682.0,0.06574923547400613,0.06523955147808347,1.201444206158991e-06,0.06422018348623837,1.3289444076289248e-05,0.06320081549439349,2.9619277572246145e-05,0.06218144750254839,8.777898485814668e-06,0.06116207951070329,8.042320400411204e-06,0.06625891946992857,1.2259634756724397e-06,0.06727828746177367,1.9503362549082575e-05,0.06829765545361877,9.439918762677787e-06,0.06931702344546387,5.026450250257003e-06,0.07033639143730874,3.3346206538290365e-05,1.0,0.0,0.0,0.0,0.0
22,14:26:24,7,0.06523955147808347,26125.0,0.06574923547400613,0.06523955147808347,3.0894279586945484e-06,0.06422018348623837,1.3289444076289248e-05,0.06320081549439349,2.9619277572246145e-05,0.06218144750254839,8.777898485814668e-06,0.06116207951070329,8.042320400411204e-06,0.06625891946992857,1.4711561708069277e-06,0.06727828746177367,1.9331727662488433e-05,0.06829765545361877,8.679821407760873e-06,0.06931702344546387,5.663951257606672e-06,0.07033639143730874,3.310101384315588e-05,0.0,0.0,0.0,0.0,0.0
22,14:26:27,7,0.06523955147808347,0.0,0.06574923547400613,0.06523955147808347,3.359139923342485e-06,0.06422018348623837,1.404954143120616e-05,0.06320081549439349,2.9619277572246145e-05,0.06218144750254839,8.777898485814668e-06,0.06116207951070329,8.042320400411204e-06,0.06625891946992857,2.280292064750738e-06,0.06727828746177367,1.9331727662488433e-05,0.06829765545361877,8.925014102895362e-06,0.06931702344546387,5.663951257606672e-06,0.07033639143730874,3.341976434683071e-05,0.0,0.0,0.0,0.0,0.0
22,14:26:30,7,0.06625891946992857,38682.0,0.06574923547400613,0.06523955147808347,2.868754533073509e-06,0.06422018348623837,1.404954143120616e-05,0.06320081549439349,2.9619277572246145e-05,0.06218144750254839,8.777898485814668e-06,0.06116207951070329,8.042320400411204e-06,0.06625891946992857,1.1720210827428525e-05,0.06727828746177367,1.9331727662488433e-05,0.06829765545361877,8.925014102895362e-06,0.06931702344546387,5.663951257606672e-06,0.07033639143730874,3.3444283616344155e-05,0.0,0.0,0.0,0.0,0.0
22,14:26:33,7,0.06523955147808347,132715.0,0.06472986748216103,0.06422018348623837,1.4343772665367546e-05,0.06320081549439349,2.9619277572246145e-05,0.06218144750254839,9.243764606570196e-06,0.06116207951070329,8.042320400411204e-06,0.060142711518858194,4.6439496458472016e-05,0.06523955147808347,1.3975983622665813e-06,0.06625891946992857,1.2161557678670603e-05,0.06727828746177367,1.9331727662488433e-05,0.06829765545361877,9.219245337056747e-06,0.06931702344546387,5.663951257606672e-06,1.0,1.0,0.0,0.0,0.0
22,14:26:36,7,0.06523955147808347,79406.0,0.06574923547400613,0.06523955147808347,7.355780854034639e-08,0.06422018348623837,1.3926945083638917e-05,0.06320081549439349,2.9619277572246145e-05,0.06218144750254839,9.243764606570196e-06,0.06116207951070329,1.0567805160296431e-05,0.06625891946992857,1.2161557678670603e-05,0.06727828746177367,1.9331727662488433e-05,0.06829765545361877,9.219245337056747e-06,0.06931702344546387,5.762028335660467e-06,0.07033639143730874,3.3444283616344155e-05,0.0,0.0,0.0,0.0,0.0
22,14:26:39,7,0.06422018348623837,52223.0,0.06472986748216103,0.06422018348623837,1.3264924806775799e-05,0.06320081549439349,2.9619277572246145e-05,0.06218144750254839,9.611553649271928e-06,0.06116207951070329,1.0567805160296431e-05,0.060142711518858194,4.6439496458472016e-05,0.06523955147808347,7.993281861384308e-06,0.06625891946992857,1.243126964331854e-05,0.06727828746177367,1.9331727662488433e-05,0.06829765545361877,9.219245337056747e-06,0.06931702344546387,8.704340677274323e-06,1.0,0.0,0.0,0.0,0.0
22,14:26:42,7,0.06422018348623837,138872.0,0.06472986748216103,0.06422018348623837,1.081299785543092e-05,0.06320081549439349,2.9619277572246145e-05,0.06218144750254839,9.611553649271928e-06,0.06116207951070329,1.0567805160296431e-05,0.060142711518858194,4.6439496458472016e-05,0.06523955147808347,8.189436017491898e-06,0.06625891946992857,1.4883196594663418e-05,0.06727828746177367,1.9331727662488433e-05,0.06829765545361877,9.170206798029849e-06,0.06931702344546387,8.777898485814668e-06,1.0,0.0,0.0,0.0,0.0
22,14:26:45,7,0.06422018348623837,146177.0,0.06472986748216103,0.06422018348623837,7.797127705276717e-06,0.06320081549439349,2.9619277572246145e-05,0.06218144750254839,9.611553649271928e-06,0.06116207951070329,1.0567805160296431e-05,0.060142711518858194,5.09020035099197e-05,0.06523955147808347,7.94424332235741e-06,0.06625891946992857,1.5054831481257561e-05,0.06727828746177367,1.9331727662488433e-05,0.06829765545361877,8.925014102895362e-06,0.06931702344546387,8.777898485814668e-06,1.0,0.0,0.0,0.0,0.0
22,14:26:48,7,0.06422018348623837,37614.0,0.06472986748216103,0.06422018348623837,8.826937024841567e-06,0.06320081549439349,2.9619277572246145e-05,0.06218144750254839,9.611553649271928e-06,0.06116207951070329,1.0567805160296431e-05,0.060142711518858194,5.09020035099197e-05,0.06523955147808347,9.513476571218132e-06,0.06625891946992857,5.49231637101253e-06,0.06727828746177367,1.7997143822871416e-05,0.06829765545361877,9.023091180949157e-06,0.06931702344546387,9.023091180949157e-06,1.0,0.0,0.0,0.0,0.0
22,14:26:51,7,0.06422018348623837,103390.0,0.06472986748216103,0.06422018348623837,1.53245434459055e-05,0.06320081549439349,2.9619277572246145e-05,0.06218144750254839,9.611553649271928e-06,0.06116207951070329,1.0567805160296431e-05,0.060142711518858194,5.09020035099197e-05,0.06523955147808347,8.777898485814668e-06,0.06625891946992857,5.49231637101253e-06,0.06727828746177367,1.873272190827488e-05,0.06829765545361877,9.36636095413744e-06,0.06931702344546387,9.268283876083646e-06,0.0,0.0,0.0,0.0,0.0
22,14:26:54,7,0.06422018348623837,133734.0,0.06472986748216103,0.06422018348623837,1.52755049068786e-05,0.06320081549439349,2.9619277572246145e-05,0.06218144750254839,9.611553649271928e-06,0.06116207951070329,1.0567805160296431e-05,0.060142711518858194,5.126979255262143e-05,0.06523955147808347,7.380300123548088e-06,0.06625891946992857,5.541354910039428e-06,0.06727828746177367,1.873272190827488e-05,0.06829765545361877,9.36636095413744e-06,0.06931702344546387,9.268283876083646e-06,0.0,1.0,0.0,0.0,0.0
22,14:26:57,7,0.06523955147808347,536670.0,0.06472986748216103,0.06422018348623837,4.388949242907334e-06,0.06320081549439349,2.9619277572246145e-05,0.06218144750254839,9.611553649271928e-06,0.06116207951070329,1.0445208812729187e-05,0.060142711518858194,5.126979255262143e-05,0.06523955147808347,6.620202768631175e-06,0.06625891946992857,5.541354910039428e-06,0.06727828746177367,1.873272190827488e-05,0.06829765545361877,9.36636095413744e-06,0.06931702344546387,9.268283876083646e-06,0.0,0.0,0.0,0.0,0.0
22,14:27:00,7,0.06523955147808347,16708.0,0.06472986748216103,0.06422018348623837,4.094718008745949e-06,0.06320081549439349,2.9619277572246145e-05,0.06218144750254839,9.611553649271928e-06,0.06116207951070329,1.1867326444509216e-05,0.060142711518858194,5.119623474408108e-05,0.06523955147808347,6.914434002792561e-06,0.06625891946992857,5.541354910039428e-06,0.06727828746177367,1.873272190827488e-05,0.06829765545361877,9.36636095413744e-06,0.06931702344546387,9.268283876083646e-06,0.0,0.0,0.0,0.0,0.0
22,14:27:03,7,0.06422018348623837,183745.0,0.06472986748216103,0.06422018348623837,1.2259634756724397e-07,0.06320081549439349,2.9619277572246145e-05,0.06218144750254839,9.611553649271928e-06,0.06116207951070329,1.1867326444509216e-05,0.060142711518858194,5.119623474408108e-05,0.06523955147808347,7.208665236953946e-06,0.06625891946992857,5.443277831985633e-06,0.06727828746177367,1.873272190827488e-05,0.06829765545361877,9.36636095413744e-06,0.06931702344546387,9.268283876083646e-06,0.0,0.0,0.0,0.0,0.0
22,14:27:06,7,0.06422018348623837,5220.0,0.06371049949031593,0.06320081549439349,2.9619277572246145e-05,0.06218144750254839,9.611553649271928e-06,0.06116207951070329,1.1867326444509216e-05,0.060142711518858194,5.119623474408108e-05,0.05912334352701332,3.0477452005216852e-05,0.06422018348623837,1.569233248860723e-06,0.06523955147808347,7.625492818682576e-06,0.06625891946992857,5.443277831985633e-06,0.06727828746177367,1.873272190827488e-05,0.06829765545361877,9.36636095413744e-06,1.0,1.0,0.0,0.0,0.0
22,14:27:09,7,0.06320081549439349,163847.0,0.06371049949031593,0.06320081549439349,2.8368794827060258e-05,0.06218144750254839,1.0224535387108147e-05,0.06116207951070329,1.1867326444509216e-05,0.060142711518858194,5.0215463963543135e-05,0.05912334352701332,3.0477452005216852e-05,0.06422018348623837,1.1769249366455422e-06,0.06523955147808347,7.551935010142229e-06,0.06625891946992857,5.271642945391491e-06,0.06727828746177367,1.873272190827488e-05,0.06829765545361877,9.36636095413744e-06,2.0,1.0,0.0,0.0,0.0
22,14:27:12,7,0.06422018348623837,1044.0,0.06371049949031593,0.06320081549439349,2.8613987522194743e-05,0.06218144750254839,1.0224535387108147e-05,0.06116207951070329,1.1867326444509216e-05,0.060142711518858194,5.0215463963543135e-05,0.05912334352701332,3.0477452005216852e-05,0.06422018348623837,3.2855821148021386e-06,0.06523955147808347,8.115878208951552e-06,0.06625891946992857,5.271642945391491e-06,0.06727828746177367,1.873272190827488e-05,0.06829765545361877,9.36636095413744e-06,1.0,1.0,0.0,0.0,0.0
22,14:27:15,7,0.06422018348623837,0.0,0.06371049949031593,0.06320081549439349,2.812360213192577e-05,0.06218144750254839,1.0224535387108147e-05,0.06116207951070329,1.1867326444509216e-05,0.060142711518858194,5.036257958062383e-05,0.05912334352701332,3.0477452005216852e-05,0.06422018348623837,4.805776824635964e-06,0.06523955147808347,8.115878208951552e-06,0.06625891946992857,5.271642945391491e-06,0.06727828746177367,1.873272190827488e-05,0.06829765545361877,9.36636095413744e-06,1.0,1.0,0.0,0.0,0.0
22,14:27:18,7,0.06320081549439349,168966.0,0.06371049949031593,0.06320081549439349,2.4592827321989143e-05,0.06218144750254839,1.0224535387108147e-05,0.06116207951070329,1.1867326444509216e-05,0.060142711518858194,5.036257958062383e-05,0.05912334352701332,3.0477452005216852e-05,0.06422018348623837,6.276932995442892e-06,0.06523955147808347,8.262993826032244e-06,0.06625891946992857,5.271642945391491e-06,0.06727828746177367,1.873272190827488e-05,0.06829765545361877,9.36636095413744e-06,1.0,1.0,0.0,0.0,0.0
22,14:27:21,7,0.06320081549439349,367397.0,0.06371049949031593,0.06320081549439349,2.2263496718211508e-05,0.06218144750254839,1.0224535387108147e-05,0.06116207951070329,1.2970693572614413e-05,0.060142711518858194,5.036257958062383e-05,0.05912334352701332,3.0477452005216852e-05,0.06422018348623837,2.9423123416138554e-07,0.06523955147808347,8.164916747978449e-06,0.06625891946992857,4.536064859988027e-06,0.06727828746177367,1.873272190827488e-05,0.06829765545361877,9.36636095413744e-06,1.0,1.0,1.0,0.0,0.0
22,14:27:24,7,0.06422018348623837,12528.0,0.06472986748216103,0.06422018348623837,2.4519269513448796e-08,0.06320081549439349,2.0228397348595257e-05,0.06218144750254839,1.0224535387108147e-05,0.06116207951070329,1.3804348736071672e-05,0.060142711518858194,5.036257958062383e-05,0.06523955147808347,8.262993826032244e-06,0.06625891946992857,4.536064859988027e-06,0.06727828746177367,1.870820263876143e-05,0.06829765545361877,9.36636095413744e-06,0.06931702344546387,9.36636095413744e-06,0.0,0.0,0.0,0.0,0.0
22,14:27:27,7,0.06320081549439349,14613.0,0.06371049949031593,0.06320081549439349,1.998320465346077e-05,0.06218144750254839,1.0224535387108147e-05,0.06116207951070329,1.3828868005585122e-05,0.060142711518858194,5.036257958062383e-05,0.05912334352701332,3.0845241047918585e-05,0.06422018348623837,2.4519269513448796e-08,0.06523955147808347,8.753379216301221e-06,0.06625891946992857,4.536064859988027e-06,0.06727828746177367,1.870820263876143e-05,0.06829765545361877,9.36636095413744e-06,1.0,0.0,0.0,0.0,0.0
22,14:27:30,7,0.06320081549439349,212774.0,0.06371049949031593,0.06320081549439349,1.52755049068786e-05,0.06218144750254839,1.1695691557915075e-05,0.06116207951070329,1.3583675310450633e-05,0.060142711518858194,5.036257958062383e-05,0.05912334352701332,3.0845241047918585e-05,0.06422018348623837,8.581744329707078e-07,0.06523955147808347,8.753379216301221e-06,0.06625891946992857,4.364429973393886e-06,0.06727828746177367,1.870820263876143e-05,0.06829765545361877,9.36636095413744e-06,1.0,1.0,0.0,0.0,0.0
22,14:27:33,7,0.06320081549439349,115864.0,0.06371049949031593,0.06320081549439349,1.4785119516609623e-05,0.06218144750254839,1.1695691557915075e-05,0.06116207951070329,1.4074060700719609e-05,0.060142711518858194,5.048517592819107e-05,0.05912334352701332,3.0845241047918585e-05,0.06422018348623837,2.5990425684255725e-06,0.06523955147808347,9.97934269197366e-06,0.06625891946992857,4.364429973393886e-06,0.06727828746177367,1.870820263876143e-05,0.06829765545361877,9.36636095413744e-06,1.0,0.0,0.0,0.0,0.0
22,14:27:36,7,0.06320081549439349,8344.0,0.06371049949031593,0.06320081549439349,1.5226466367851702e-05,0.06218144750254839,1.1695691557915075e-05,0.06116207951070329,1.5765890297147574e-05,0.060142711518858194,5.048517592819107e-05,0.05912334352701332,3.077168323937824e-05,0.06422018348623837,3.825006044098012e-06,0.06523955147808347,1.017549684808125e-05,0.06625891946992857,4.487026320961129e-06,0.06727828746177367,1.870820263876143e-05,0.06829765545361877,9.36636095413744e-06,1.0,0.0,0.0,0.0,0.0
22,14:27:39,7,0.06320081549439349,43821.0,0.06371049949031593,0.06320081549439349,1.4932235133690317e-05,0.06218144750254839,1.1695691557915075e-05,0.06116207951070329,1.5765890297147574e-05,0.060142711518858194,5.048517592819107e-05,0.05912334352701332,3.077168323937824e-05,0.06422018348623837,4.2418336258266416e-06,0.06523955147808347,1.0420689543215737e-05,0.06625891946992857,4.487026320961129e-06,0.06727828746177367,1.73351235460083e-05,0.06829765545361877,9.36636095413744e-06,1.0,0.0,0.0,0.0,0.0
22,14:27:42,7,0.06320081549439349,236761.0,0.06371049949031593,0.06320081549439349,9.36636095413744e-06,0.06218144750254839,1.1695691557915075e-05,0.06116207951070329,1.6035602261795514e-05,0.060142711518858194,5.048517592819107e-05,0.05912334352701332,3.077168323937824e-05,0.06422018348623837,4.2418336258266416e-06,0.06523955147808347,1.078847858591747e-05,0.06625891946992857,4.437987781934232e-06,0.06727828746177367,1.7212527198441055e-05,0.06829765545361877,1.059232442980988e-05,0.0,0.0,0.0,0.0,0.0
22,14:27:45,7,0.06320081549439349,109515.0,0.06371049949031593,0.06320081549439349,6.7918376552253165e-06,0.06218144750254839,8.532705790680182e-06,0.06116207951070329,1.6035602261795514e-05,0.060142711518858194,5.058325300624487e-05,0.05912334352701332,3.077168323937824e-05,0.06422018348623837,4.658661207555271e-06,0.06523955147808347,1.078847858591747e-05,0.06625891946992857,4.437987781934232e-06,0.06727828746177367,1.7212527198441055e-05,0.06829765545361877,1.0641362968836777e-05,1.0,0.0,0.0,0.0,0.0
22,14:27:48,7,0.06320081549439349,70934.0,0.06371049949031593,0.06320081549439349,7.478377201601883e-06,0.06218144750254839,8.532705790680182e-06,0.06116207951070329,1.6525987652064488e-05,0.060142711518858194,5.058325300624487e-05,0.05912334352701332,3.077168323937824e-05,0.06422018348623837,5.10000805879735e-06,0.06523955147808347,1.078847858591747e-05,0.06625891946992857,4.437987781934232e-06,0.06727828746177367,1.7212527198441055e-05,0.06829765545361877,1.0641362968836777e-05,0.0,0.0,0.0,0.0,0.0
22,14:27:51,7,0.06320081549439349,159581.0,0.06371049949031593,0.06320081549439349,5.10000805879735e-06,0.06218144750254839,8.532705790680182e-06,0.06116207951070329,1.6525987652064488e-05,0.060142711518858194,5.058325300624487e-05,0.05912334352701332,3.077168323937824e-05,0.06422018348623837,5.369720023445286e-06,0.06523955147808347,1.078847858591747e-05,0.06625891946992857,4.388949242907334e-06,0.06727828746177367,1.7212527198441055e-05,0.06829765545361877,1.0641362968836777e-05,0.0,0.0,0.0,0.0,0.0
22,14:27:54,7,0.06320081549439349,206519.0,0.06371049949031593,0.06320081549439349,3.677890427017319e-07,0.06218144750254839,8.532705790680182e-06,0.06116207951070329,1.6722141808172078e-05,0.060142711518858194,5.063229154527176e-05,0.05912334352701332,3.077168323937824e-05,0.06422018348623837,5.6884705271201205e-06,0.06523955147808347,9.317322415110542e-06,0.06625891946992857,4.388949242907334e-06,0.06727828746177367,1.7212527198441055e-05,0.06829765545361877,1.1499537401807485e-05,0.0,0.0,0.0,0.0,0.0
22,14:27:57,7,0.06320081549439349,15645.0,0.06269113149847105,0.06218144750254839,8.974052641922259e-06,0.06116207951070329,1.6722141808172078e-05,0.060142711518858194,5.063229154527176e-05,0.05912334352701332,3.077168323937824e-05,0.05810397553516822,1.189258129210807e-05,0.06320081549439349,2.2067342562103917e-07,0.06422018348623837,6.0562595698218525e-06,0.06523955147808347,9.317322415110542e-06,0.06625891946992857,4.388949242907334e-06,0.06727828746177367,1.7212527198441055e-05,1.0,1.0,0.0,1.0,0.0
22,14:28:00,7,0.06320081549439349,192802.0,0.06371049949031593,0.06320081549439349,1.912503022049006e-06,0.06218144750254839,5.222604406364593e-06,0.06116207951070329,2.162599571086184e-05,0.060142711518858194,4.616978449382408e-05,0.05912334352701332,3.077168323937824e-05,0.06422018348623837,6.10529810884875e-06,0.06523955147808347,9.317322415110542e-06,0.06625891946992857,4.388949242907334e-06,0.06727828746177367,1.7212527198441055e-05,0.06829765545361877,1.1131748359105754e-05,0.0,0.0,0.0,0.0,0.0
22,14:28:03,7,0.06320081549439349,84486.0,0.06269113149847105,0.06218144750254839,5.467797101499081e-06,0.06116207951070329,2.162599571086184e-05,0.060142711518858194,4.616978449382408e-05,0.05912334352701332,3.077168323937824e-05,0.05810397553516822,1.189258129210807e-05,0.06320081549439349,1.7408681354548646e-06,0.06422018348623837,6.031740300308404e-06,0.06523955147808347,9.292803145597093e-06,0.06625891946992857,4.388949242907334e-06,0.06727828746177367,1.7212527198441055e-05,0.0,1.0,0.0,0.0,0.0
22,14:28:06,7,0.06320081549439349,54236.0,0.06269113149847105,0.06218144750254839,4.854815363662861e-06,0.06116207951070329,2.162599571086184e-05,0.060142711518858194,4.653757353652581e-05,0.05912334352701332,3.077168323937824e-05,0.05810397553516822,1.189258129210807e-05,0.06320081549439349,8.826937024841567e-07,0.06422018348623837,6.031740300308404e-06,0.06523955147808347,9.292803145597093e-06,0.06625891946992857,4.388949242907334e-06,0.06727828746177367,1.7212527198441055e-05,2.0,1.0,0.0,0.0,0.0
22,14:28:09,7,0.06218144750254839,174034.0,0.06269113149847105,0.06218144750254839,2.476446220858328e-06,0.06116207951070329,2.1086571781565964e-05,0.060142711518858194,4.653757353652581e-05,0.05912334352701332,3.118851082110687e-05,0.05810397553516822,1.189258129210807e-05,0.06320081549439349,6.129817378362199e-07,0.06422018348623837,6.546644960090829e-06,0.06523955147808347,1.1156267628619202e-05,0.06625891946992857,4.388949242907334e-06,0.06727828746177367,1.7212527198441055e-05,1.0,1.0,0.0,0.0,0.0
22,14:28:12,7,0.06218144750254839,45853.0,0.06269113149847105,0.06218144750254839,1.5201947098338254e-06,0.06116207951070329,2.1086571781565964e-05,0.060142711518858194,4.653757353652581e-05,0.05912334352701332,3.118851082110687e-05,0.05810397553516822,1.189258129210807e-05,0.06320081549439349,4.903853902689759e-07,0.06422018348623837,6.546644960090829e-06,0.06523955147808347,1.1156267628619202e-05,0.06625891946992857,4.388949242907334e-06,0.06727828746177367,1.7212527198441055e-05,1.0,1.0,0.0,0.0,0.0
22,14:28:15,7,0.06218144750254839,38571.0,0.06269113149847105,0.06218144750254839,1.3975983622665813e-06,0.06116207951070329,2.1086571781565964e-05,0.060142711518858194,4.641497718895857e-05,0.05912334352701332,3.118851082110687e-05,0.05810397553516822,1.2137773987242557e-05,0.06320081549439349,2.4519269513448794e-07,0.06422018348623837,6.473087151550482e-06,0.06523955147808347,1.1082709820078856e-05,0.06625891946992857,4.388949242907334e-06,0.06727828746177367,1.7212527198441055e-05,1.0,1.0,0.0,0.0,0.0
22,14:28:18,7,0.06116207951070329,72937.0,0.06167176350662573,0.06116207951070329,2.464186586101604e-05,0.060142711518858194,4.7542863586577215e-05,0.05912334352701332,3.118851082110687e-05,0.05810397553516822,1.2137773987242557e-05,0.057084607543322896,1.3583675310450633e-05,0.06218144750254839,5.10000805879735e-06,0.06320081549439349,2.4519269513448794e-07,0.06422018348623837,6.252413725929443e-06,0.06523955147808347,1.1082709820078856e-05,0.06625891946992857,4.388949242907334e-06,2.0,2.0,1.0,1.0,0.0
22,14:28:21,7,0.06218144750254839,280373.0,0.06320081549439349,0.06218144750254839,5.5168356405259795e-06,0.06116207951070329,2.792744797581818e-05,0.060142711518858194,4.7542863586577215e-05,0.05912334352701332,3.118851082110687e-05,0.05810397553516822,1.2137773987242557e-05,0.06422018348623837,5.49231637101253e-06,0.06523955147808347,1.1082709820078856e-05,0.06625891946992857,4.388949242907334e-06,0.06727828746177367,1.7212527198441055e-05,0.06829765545361877,8.875975563868464e-06,0.0,0.0,1.0,0.0,0.0
22,14:28:24,7,0.06320081549439349,5211.0,0.06269113149847105,0.06218144750254839,8.728859946787772e-06,0.06116207951070329,2.809908286241232e-05,0.060142711518858194,4.5090936635232336e-05,0.05912334352701332,3.118851082110687e-05,0.05810397553516822,1.2137773987242557e-05,0.06320081549439349,2.6971196464793677e-07,0.06422018348623837,6.031740300308404e-06,0.06523955147808347,1.1131748359105754e-05,0.06625891946992857,4.388949242907334e-06,0.06727828746177367,1.7212527198441055e-05,1.0,0.0,1.0,0.0,0.0
22,14:28:27,7,0.06218144750254839,293859.0,0.06269113149847105,0.06218144750254839,3.26106284528869e-06,0.06116207951070329,2.809908286241232e-05,0.060142711518858194,4.521353298279958e-05,0.05912334352701332,3.118851082110687e-05,0.05810397553516822,1.2137773987242557e-05,0.06320081549439349,1.3730790927531326e-06,0.06422018348623837,6.031740300308404e-06,0.06523955147808347,1.039617027370229e-05,0.06625891946992857,4.388949242907334e-06,0.06727828746177367,1.7212527198441055e-05,1.0,0.0,1.0,1.0,0.0
22,14:28:30,7,0.06218144750254839,0.0,0.06269113149847105,0.06218144750254839,5.467797101499081e-06,0.06116207951070329,2.809908286241232e-05,0.060142711518858194,4.521353298279958e-05,0.05912334352701332,3.118851082110687e-05,0.05810397553516822,1.2382966682377046e-05,0.06320081549439349,1.4711561708069277e-06,0.06422018348623837,6.031740300308404e-06,0.06523955147808347,1.0347131734675392e-05,0.06625891946992857,4.388949242907334e-06,0.06727828746177367,1.7212527198441055e-05,1.0,0.0,1.0,0.0,0.0
22,14:28:33,7,0.06218144750254839,89618.0,0.06269113149847105,0.06218144750254839,4.928373172203208e-06,0.06116207951070329,2.809908286241232e-05,0.060142711518858194,4.58265147206358e-05,0.05912334352701332,3.118851082110687e-05,0.05810397553516822,1.2382966682377046e-05,0.06320081549439349,1.5201947098338254e-06,0.06422018348623837,6.031740300308404e-06,0.06523955147808347,1.279905868602027e-05,0.06625891946992857,4.388949242907334e-06,0.06727828746177367,1.7212527198441055e-05,1.0,0.0,1.0,0.0,0.0
22,14:28:36,7,0.06218144750254839,30228.0,0.06269113149847105,0.06218144750254839,4.805776824635964e-06,0.06116207951070329,2.9570239033219247e-05,0.060142711518858194,4.58265147206358e-05,0.05912334352701332,3.118851082110687e-05,0.05810397553516822,1.2382966682377046e-05,0.06320081549439349,1.2750020146993375e-06,0.06422018348623837,5.7865476051739155e-06,0.06523955147808347,1.279905868602027e-05,0.06625891946992857,4.388949242907334e-06,0.06727828746177367,1.7212527198441055e-05,1.0,0.0,1.0,0.0,0.0
22,14:28:39,7,0.06320081549439349,2086.0,0.06269113149847105,0.06218144750254839,6.080778839335302e-06,0.06116207951070329,2.9570239033219247e-05,0.060142711518858194,4.58265147206358e-05,0.05912334352701332,3.118851082110687e-05,0.05810397553516822,1.2382966682377046e-05,0.06320081549439349,1.2259634756724397e-06,0.06422018348623837,5.7865476051739155e-06,0.06523955147808347,1.279905868602027e-05,0.06625891946992857,4.388949242907334e-06,0.06727828746177367,1.7212527198441055e-05,0.0,0.0,1.0,0.0,0.0
22,14:28:42,7,0.06218144750254839,1543435.0,0.06269113149847105,0.06218144750254839,2.0010175849925564e-06,0.060142711518858194,4.585103399014925e-05,0.05912334352701332,3.118851082110687e-05,0.05810397553516822,1.2432005221403942e-05,0.057084607543322896,1.8487529213140393e-05,0.06320081549439349,6.350490803983238e-06,0.06422018348623837,5.7865476051739155e-06,0.06523955147808347,1.279905868602027e-05,0.06625891946992857,4.462507051447681e-06,0.06727828746177367,1.7212527198441055e-05,0.0,0.0,1.0,0.0,0.0
22,14:28:45,7,0.06320081549439349,119847.0,0.06269113149847105,0.06218144750254839,3.790924259474318e-06,0.060142711518858194,4.609622668528374e-05,0.05912334352701332,3.118851082110687e-05,0.05810397553516822,1.248104376043084e-05,0.057084607543322896,1.8487529213140393e-05,0.06320081549439349,7.94424332235741e-06,0.06422018348623837,4.903853902689759e-06,0.06523955147808347,1.3191366998235453e-05,0.06625891946992857,4.462507051447681e-06,0.06727828746177367,1.7212527198441055e-05,0.0,0.0,1.0,0.0,0.0
22,14:28:48,7,0.06218144750254839,81339.0,0.06269113149847105,0.06218144750254839,4.011597685095357e-06,0.060142711518858194,4.609622668528374e-05,0.05912334352701332,3.118851082110687e-05,0.05810397553516822,1.248104376043084e-05,0.057084607543322896,1.8487529213140393e-05,0.06320081549439349,6.816356924738765e-06,0.06422018348623837,7.650012088196024e-06,0.06523955147808347,1.3191366998235453e-05,0.06625891946992857,4.462507051447681e-06,0.06727828746177367,1.7212527198441055e-05,0.0,0.0,1.0,0.0,0.0
22,14:28:51,7,0.06320081549439349,49019.0,0.06269113149847105,0.06218144750254839,5.826023629090568e-06,0.06116207951070329,2.4519269513448794e-07,0.060142711518858194,4.614526522431063e-05,0.05912334352701332,3.118851082110687e-05,0.05810397553516822,1.248104376043084e-05,0.06320081549439349,8.508186521166732e-06,0.06422018348623837,7.772608435763268e-06,0.06523955147808347,1.3191366998235453e-05,0.06625891946992857,4.462507051447681e-06,0.06727828746177367,1.7212527198441055e-05,0.0,1.0,1.0,0.0,0.0
22,14:28:54,7,0.06218144750254839,783672.0,0.06167176350662573,0.06116207951070329,2.3293306037776356e-06,0.060142711518858194,3.402318356955669e-05,0.05912334352701332,3.118851082110687e-05,0.05810397553516822,1.309402549826706e-05,0.057084607543322896,1.8487529213140393e-05,0.06218144750254839,8.581744329707078e-07,0.06320081549439349,8.508186521166732e-06,0.06422018348623837,7.772608435763268e-06,0.06523955147808347,1.3191366998235453e-05,0.06625891946992857,5.835586144200813e-06,1.0,2.0,2.0,1.0,1.0
22,14:28:57,7,0.06218144750254839,139528.0,0.06167176350662573,0.06116207951070329,7.355780854034638e-07,0.060142711518858194,3.3974145030529785e-05,0.05912334352701332,3.118851082110687e-05,0.05810397553516822,1.309402549826706e-05,0.057084607543322896,1.8487529213140393e-05,0.06218144750254839,4.168275817286295e-07,0.06320081549439349,8.728859946787772e-06,0.06422018348623837,7.282223045494292e-06,0.06523955147808347,1.2700981607966476e-05,0.06625891946992857,5.835586144200813e-06,0.0,2.0,2.0,1.0,1.0
22,14:29:00,7,0.06116207951070329,71927.0,0.06167176350662573,0.06116207951070329,1.667310326914518e-06,0.060142711518858194,3.3974145030529785e-05,0.05912334352701332,3.118851082110687e-05,0.05810397553516822,1.3216621845834305e-05,0.057084607543322896,1.873272190827488e-05,0.06218144750254839,2.4519269513448796e-08,0.06320081549439349,8.753379216301221e-06,0.06422018348623837,7.282223045494292e-06,0.06523955147808347,1.2700981607966476e-05,0.06625891946992857,5.835586144200813e-06,0.0,2.0,1.0,1.0,2.0
22,14:29:03,7,0.06116207951070329,110384.0,0.060652395514780855,0.060142711518858194,3.3974145030529785e-05,0.05912334352701332,3.118851082110687e-05,0.05810397553516822,1.3216621845834305e-05,0.057084607543322896,1.873272190827488e-05,0.05606523955147802,2.503417417323122e-05,0.06116207951070329,2.6971196464793677e-07,0.06218144750254839,9.807707805379519e-08,0.06320081549439349,8.753379216301221e-06,0.06422018348623837,7.282223045494292e-06,0.06523955147808347,1.2700981607966476e-05,2.0,2.0,2.0,2.0,2.0
22,14:29:06,7,0.06116207951070329,61419.0,0.060652395514780855,0.060142711518858194,3.451356895982566e-05,0.05912334352701332,3.118851082110687e-05,0.05810397553516822,1.3216621845834305e-05,0.057084607543322896,1.873272190827488e-05,0.05606523955147802,2.503417417323122e-05,0.06116207951070329,6.080778839335302e-06,0.06218144750254839,1.1278863976186446e-06,0.06320081549439349,8.998571911435708e-06,0.06422018348623837,7.282223045494292e-06,0.06523955147808347,1.260290452991268e-05,2.0,2.0,2.0,2.0,2.0
22,14:29:09,7,0.06116207951070329,286268.0,0.06167176350662573,0.06116207951070329,4.168275817286295e-07,0.060142711518858194,3.434193407323152e-05,0.05912334352701332,3.118851082110687e-05,0.05810397553516822,1.289787134215947e-05,0.057084607543322896,1.873272190827488e-05,0.06218144750254839,1.1524056671320934e-06,0.06320081549439349,8.777898485814668e-06,0.06422018348623837,7.037030350359804e-06,0.06523955147808347,1.260290452991268e-05,0.06625891946992857,5.7865476051739155e-06,2.0,2.0,1.0,0.0,1.0
22,14:29:12,7,0.06116207951070329,46841.0,0.060652395514780855,0.060142711518858194,3.497943508058119e-05,0.05912334352701332,3.118851082110687e-05,0.05810397553516822,1.289787134215947e-05,0.057084607543322896,1.8977914603409367e-05,0.05606523955147802,2.527936686836571e-05,0.06116207951070329,3.9230831221518074e-07,0.06218144750254839,1.3485598232396838e-06,0.06320081549439349,8.777898485814668e-06,0.06422018348623837,6.914434002792561e-06,0.06523955147808347,1.260290452991268e-05,2.0,2.0,2.0,1.0,2.0
22,14:29:15,7,0.06116207951070329,17697.0,0.060652395514780855,0.060142711518858194,3.497943508058119e-05,0.05912334352701332,3.118851082110687e-05,0.05810397553516822,1.289787134215947e-05,0.057084607543322896,1.8977914603409367e-05,0.05606523955147802,2.540196321593295e-05,0.06116207951070329,3.0649086891810996e-06,0.06218144750254839,1.4221176317800301e-06,0.06320081549439349,9.513476571218132e-06,0.06422018348623837,6.914434002792561e-06,0.06523955147808347,1.2651943068939579e-05,2.0,2.0,2.0,1.0,2.0
22,14:29:18,7,0.06116207951070329,131166.0,0.06167176350662573,0.06116207951070329,6.620202768631175e-07,0.060142711518858194,3.497943508058119e-05,0.05912334352701332,3.118851082110687e-05,0.05810397553516822,1.289787134215947e-05,0.057084607543322896,1.8977914603409367e-05,0.06218144750254839,1.4221176317800301e-06,0.06320081549439349,9.513476571218132e-06,0.06422018348623837,6.914434002792561e-06,0.06523955147808347,1.2651943068939579e-05,0.06625891946992857,5.565874179552877e-06,2.0,2.0,1.0,0.0,2.0
22,14:29:21,7,0.06218144750254839,104207.0,0.06269113149847105,0.06218144750254839,3.6778904270173194e-06,0.06116207951070329,1.0298093195648493e-06,0.060142711518858194,3.5469820470850164e-05,0.05912334352701332,3.118851082110687e-05,0.05810397553516822,1.289787134215947e-05,0.06320081549439349,9.317322415110542e-06,0.06422018348623837,6.914434002792561e-06,0.06523955147808347,1.2651943068939579e-05,0.06625891946992857,5.565874179552877e-06,0.06727828746177367,7.478377201601883e-06,1.0,1.0,0.0,0.0,2.0
22,14:29:24,7,0.06218144750254839,20840.0,0.06269113149847105,0.06218144750254839,3.26106284528869e-06,0.06116207951070329,6.129817378362199e-06,0.060142711518858194,3.551885900987706e-05,0.05912334352701332,3.118851082110687e-05,0.05810397553516822,1.289787134215947e-05,0.06320081549439349,9.317322415110542e-06,0.06422018348623837,6.914434002792561e-06,0.06523955147808347,1.2651943068939579e-05,0.06625891946992857,5.565874179552877e-06,0.06727828746177367,7.478377201601883e-06,1.0,1.0,0.0,0.0,2.0
22,14:29:27,7,0.06218144750254839,8336.0,0.06269113149847105,0.06218144750254839,4.536064859988027e-06,0.06116207951070329,6.448567882037034e-06,0.060142711518858194,3.56414553574443e-05,0.05912334352701332,3.118851082110687e-05,0.05810397553516822,1.289787134215947e-05,0.06320081549439349,9.317322415110542e-06,0.06422018348623837,6.7918376552253165e-06,0.06523955147808347,1.2651943068939579e-05,0.06625891946992857,5.565874179552877e-06,0.06727828746177367,7.478377201601883e-06,1.0,1.0,1.0,0.0,2.0
22,14:29:30,7,0.06218144750254839,34480.0,0.06269113149847105,0.06218144750254839,3.7247222317880066e-06,0.06116207951070329,6.7918376552253165e-06,0.060142711518858194,3.56414553574443e-05,0.05912334352701332,3.118851082110687e-05,0.05810397553516822,1.289787134215947e-05,0.06320081549439349,9.317322415110542e-06,0.06422018348623837,6.7918376552253165e-06,0.06523955147808347,1.2651943068939579e-05,0.06625891946992857,5.565874179552877e-06,0.06727828746177367,7.478377201601883e-06,1.0,0.0,0.0,0.0,2.0
22,14:29:33,7,0.06218144750254839,37517.0,0.06269113149847105,0.06218144750254839,4.288665430597329e-06,0.06116207951070329,7.086068889386702e-06,0.060142711518858194,3.56414553574443e-05,0.05912334352701332,3.118851082110687e-05,0.05810397553516822,1.289787134215947e-05,0.06320081549439349,9.587034379758478e-06,0.06422018348623837,6.7918376552253165e-06,0.06523955147808347,1.2651943068939579e-05,0.06625891946992857,6.620202768631175e-06,0.06727828746177367,7.478377201601883e-06,1.0,0.0,0.0,0.0,2.0
22,14:29:36,7,0.06218144750254839,12504.0,0.06269113149847105,0.06218144750254839,3.9944341964359435e-06,0.06116207951070329,7.208665236953946e-06,0.060142711518858194,3.588664805257879e-05,0.05912334352701332,3.118851082110687e-05,0.05810397553516822,1.3020467689726715e-05,0.06320081549439349,1.937022291562455e-05,0.06422018348623837,6.7918376552253165e-06,0.06523955147808347,1.2651943068939579e-05,0.06625891946992857,6.620202768631175e-06,0.06727828746177367,7.650012088196024e-06,1.0,0.0,0.0,0.0,2.0
22,14:29:39,7,0.06218144750254839,29184.0,0.06269113149847105,0.06218144750254839,3.675683692761109e-06,0.06116207951070329,7.453857932088434e-06,0.060142711518858194,3.588664805257879e-05,0.05912334352701332,3.118851082110687e-05,0.05810397553516822,1.3020467689726715e-05,0.06320081549439349,1.937022291562455e-05,0.06422018348623837,6.7918376552253165e-06,0.06523955147808347,1.2774539416506823e-05,0.06625891946992857,6.742799116198419e-06,0.06727828746177367,7.650012088196024e-06,1.0,0.0,0.0,0.0,2.0
22,14:29:42,7,0.06218144750254839,144843.0,0.06269113149847105,0.06218144750254839,9.094442255233293e-06,0.06116207951070329,7.453857932088434e-06,0.060142711518858194,3.591116732209224e-05,0.05912334352701332,3.118851082110687e-05,0.05810397553516822,1.3020467689726715e-05,0.06320081549439349,2.1111091051079414e-05,0.06422018348623837,6.7918376552253165e-06,0.06523955147808347,1.2774539416506823e-05,0.06625891946992857,6.742799116198419e-06,0.06727828746177367,7.650012088196024e-06,1.0,0.0,0.0,0.0,2.0
22,14:29:45,7,0.06218144750254839,9378.0,0.06269113149847105,0.06218144750254839,9.290596411340883e-06,0.06116207951070329,1.260290452991268e-05,0.060142711518858194,3.591116732209224e-05,0.05912334352701332,3.118851082110687e-05,0.05810397553516822,1.3020467689726715e-05,0.06320081549439349,2.1111091051079414e-05,0.06422018348623837,6.7918376552253165e-06,0.06523955147808347,1.2774539416506823e-05,0.06625891946992857,6.742799116198419e-06,0.06727828746177367,7.650012088196024e-06,0.0,0.0,0.0,0.0,2.0
22,14:29:48,7,0.06218144750254839,146922.0,0.06269113149847105,0.06218144750254839,5.833379409944603e-06,0.06116207951070329,1.3608194579964082e-05,0.060142711518858194,3.591116732209224e-05,0.05912334352701332,3.118851082110687e-05,0.05810397553516822,1.2971429150699816e-05,0.06320081549439349,2.1258206668160106e-05,0.06422018348623837,6.7918376552253165e-06,0.06523955147808347,1.3142328459208554e-05,0.06625891946992857,6.742799116198419e-06,0.06727828746177367,7.650012088196024e-06,0.0,0.0,0.0,0.0,2.0
22,14:29:51,7,0.06218144750254839,32302.0,0.06269113149847105,0.06218144750254839,5.07328205502769e-06,0.06116207951070329,1.3608194579964082e-05,0.060142711518858194,3.345924037074736e-05,0.05912334352701332,3.118851082110687e-05,0.05810397553516822,1.2971429150699816e-05,0.06320081549439349,2.1846669136482877e-05,0.06422018348623837,6.7918376552253165e-06,0.06523955147808347,1.3142328459208554e-05,0.06625891946992857,6.742799116198419e-06,0.06727828746177367,7.650012088196024e-06,0.0,0.0,0.0,0.0,2.0
22,14:29:54,7,0.06218144750254839,60468.0,0.06269113149847105,0.06218144750254839,4.435781047678021e-06,0.06116207951070329,1.4000502892179263e-05,0.060142711518858194,3.345924037074736e-05,0.05912334352701332,3.118851082110687e-05,0.05810397553516822,1.2848832803132572e-05,0.06320081549439349,2.1062052512052516e-05,0.06422018348623837,6.7918376552253165e-06,0.06523955147808347,1.4319253395854097e-05,0.06625891946992857,6.742799116198419e-06,0.06727828746177367,7.650012088196024e-06,0.0,0.0,0.0,0.0,2.0
22,14:29:57,7,0.06320081549439349,131295.0,0.06269113149847105,0.06218144750254839,1.4199108975238198e-06,0.06116207951070329,1.792358601433107e-05,0.060142711518858194,3.385154868296254e-05,0.05912334352701332,3.118851082110687e-05,0.05810397553516822,1.2848832803132572e-05,0.06320081549439349,2.1013013973025618e-05,0.06422018348623837,6.7918376552253165e-06,0.06523955147808347,1.544713979347274e-05,0.06625891946992857,6.742799116198419e-06,0.06727828746177367,7.650012088196024e-06,0.0,1.0,0.0,0.0,2.0
22,14:30:00,7,0.06218144750254839,88476.0,0.06167176350662573,0.06116207951070329,2.2091861831617365e-05,0.060142711518858194,3.385154868296254e-05,0.05912334352701332,3.118851082110687e-05,0.05810397553516822,1.2848832803132572e-05,0.057084607543322896,1.9247626568057306e-05,0.06218144750254839,2.7191869890414717e-07,0.06320081549439349,2.1013013973025618e-05,0.06422018348623837,6.7918376552253165e-06,0.06523955147808347,1.5422620523959292e-05,0.06625891946992857,6.742799116198419e-06,1.0,1.0,1.0,2.0,2.0
22,14:30:03,7,0.06218144750254839,20840.0,0.06167176350662573,0.06116207951070329,2.2288015987724956e-05,0.060142711518858194,3.385154868296254e-05,0.05912334352701332,3.118851082110687e-05,0.05810397553516822,1.3216621845834305e-05,0.057084607543322896,1.9247626568057306e-05,0.06218144750254839,2.9643796841759594e-07,0.06320081549439349,2.1013013973025618e-05,0.06422018348623837,6.7918376552253165e-06,0.06523955147808347,1.4932235133690317e-05,0.06625891946992857,6.742799116198419e-06,1.0,1.0,1.0,1.0,2.0
22,14:30:06,7,0.06116207951070329,98962.0,0.06167176350662573,0.06116207951070329,2.1846669136482877e-05,0.060142711518858194,3.385154868296254e-05,0.05912334352701332,6.669241307658072e-06,0.05810397553516822,1.3216621845834305e-05,0.057084607543322896,1.9247626568057306e-05,0.06218144750254839,6.450774616293244e-06,0.06320081549439349,2.1258206668160106e-05,0.06422018348623837,6.7918376552253165e-06,0.06523955147808347,1.3877906544612018e-05,0.06625891946992857,6.742799116198419e-06,1.0,1.0,1.0,2.0,2.0
22,14:30:09,7,0.06116207951070329,5205.0,0.06167176350662573,0.06116207951070329,2.8638506791708194e-05,0.060142711518858194,3.385154868296254e-05,0.05912334352701332,6.669241307658072e-06,0.05810397553516822,1.3216621845834305e-05,0.057084607543322896,1.9272145837570753e-05,0.06218144750254839,6.72048658094118e-06,0.06320081549439349,2.098849470351217e-05,0.06422018348623837,6.7918376552253165e-06,0.06523955147808347,1.4000502892179263e-05,0.06625891946992857,6.742799116198419e-06,1.0,1.0,0.0,1.0,2.0
22,14:30:12,7,0.06116207951070329,33315.0,0.06167176350662573,0.06116207951070329,2.9398604146625107e-05,0.060142711518858194,3.385154868296254e-05,0.05912334352701332,6.669241307658072e-06,0.05810397553516822,1.3216621845834305e-05,0.057084607543322896,1.9272145837570753e-05,0.06218144750254839,6.646928772400834e-06,0.06320081549439349,2.1062052512052516e-05,0.06422018348623837,6.7918376552253165e-06,0.06523955147808347,1.4000502892179263e-05,0.06625891946992857,6.742799116198419e-06,2.0,1.0,0.0,2.0,2.0
22,14:30:15,7,0.06116207951070329,49969.0,0.06167176350662573,0.06116207951070329,3.094331812597238e-05,0.060142711518858194,3.4587126768366006e-05,0.05912334352701332,6.669241307658072e-06,0.05810397553516822,1.3216621845834305e-05,0.057084607543322896,1.9272145837570753e-05,0.06218144750254839,6.745005850454629e-06,0.06320081549439349,2.1062052512052516e-05,0.06422018348623837,6.7918376552253165e-06,0.06523955147808347,1.363271384947753e-05,0.06625891946992857,6.742799116198419e-06,1.0,1.0,0.0,2.0,2.0
22,14:30:18,7,0.06218144750254839,79176.0,0.06167176350662573,0.06116207951070329,3.069812543083789e-05,0.060142711518858194,3.4611646037879454e-05,0.05912334352701332,6.669241307658072e-06,0.05810397553516822,1.3216621845834305e-05,0.057084607543322896,1.9272145837570753e-05,0.06218144750254839,1.75334844363721e-05,0.06320081549439349,2.096397543399872e-05,0.06422018348623837,6.7918376552253165e-06,0.06523955147808347,1.363271384947753e-05,0.06625891946992857,6.742799116198419e-06,1.0,1.0,0.0,2.0,2.0
22,14:30:21,7,0.06116207951070329,426140.0,0.06167176350662573,0.06116207951070329,2.829523701851991e-05,0.060142711518858194,4.061886706867441e-05,0.05912334352701332,6.669241307658072e-06,0.05810397553516822,1.3216621845834305e-05,0.057084607543322896,1.9272145837570753e-05,0.06218144750254839,8.55943179444984e-06,0.06320081549439349,2.096397543399872e-05,0.06422018348623837,6.546644960090829e-06,0.06523955147808347,1.3608194579964082e-05,0.06625891946992857,6.742799116198419e-06,1.0,1.0,0.0,2.0,2.0
22,14:30:24,7,0.06218144750254839,238598.0,0.06167176350662573,0.06116207951070329,2.7804851628250935e-05,0.060142711518858194,4.061886706867441e-05,0.05912334352701332,6.669241307658072e-06,0.05810397553516822,1.3216621845834305e-05,0.057084607543322896,1.9272145837570753e-05,0.06218144750254839,6.058466304078063e-06,0.06320081549439349,2.096397543399872e-05,0.06422018348623837,6.546644960090829e-06,0.06523955147808347,1.3608194579964082e-05,0.06625891946992857,6.742799116198419e-06,1.0,1.0,0.0,2.0,2.0
22,14:30:27,7,0.06218144750254839,266846.0,0.06269113149847105,0.06218144750254839,8.702133943018112e-06,0.06116207951070329,2.809908286241232e-05,0.060142711518858194,4.083954049429545e-05,0.05912334352701332,6.669241307658072e-06,0.05810397553516822,1.3216621845834305e-05,0.06320081549439349,2.096397543399872e-05,0.06422018348623837,6.546644960090829e-06,0.06523955147808347,1.3657233118990979e-05,0.06625891946992857,6.742799116198419e-06,0.06727828746177367,7.650012088196024e-06,0.0,0.0,0.0,2.0,2.0
22,14:30:30,7,0.06218144750254839,384404.0,0.06167176350662573,0.06116207951070329,2.8589468252681296e-05,0.060142711518858194,4.083954049429545e-05,0.05912334352701332,6.669241307658072e-06,0.05810397553516822,1.3412776001941895e-05,0.057084607543322896,1.9272145837570753e-05,0.06218144750254839,1.1791316709017525e-06,0.06320081549439349,2.096397543399872e-05,0.06422018348623837,6.546644960090829e-06,0.06523955147808347,1.3657233118990979e-05,0.06625891946992857,6.742799116198419e-06,1.0,1.0,0.0,2.0,2.0
22,14:30:33,7,0.06218144750254839,58316.0,0.06167176350662573,0.06116207951070329,2.7706774550197138e-05,0.060142711518858194,4.189386908337375e-05,0.05912334352701332,6.669241307658072e-06,0.05810397553516822,1.3412776001941895e-05,0.057084607543322896,1.9272145837570753e-05,0.06218144750254839,1.743074869711075e-06,0.06320081549439349,2.017935880956836e-05,0.06422018348623837,6.546644960090829e-06,0.06523955147808347,1.3657233118990979e-05,0.06625891946992857,6.742799116198419e-06,1.0,1.0,0.0,2.0,2.0
22,14:30:36,7,0.06218144750254839,33331.0,0.06167176350662573,0.06116207951070329,2.6995715734307123e-05,0.060142711518858194,4.1918388352887196e-05,0.05912334352701332,6.669241307658072e-06,0.05810397553516822,1.3412776001941895e-05,0.057084607543322896,1.9272145837570753e-05,0.06218144750254839,2.233460259980051e-06,0.06320081549439349,1.993416611443387e-05,0.06422018348623837,6.546644960090829e-06,0.06523955147808347,1.3755310197044774e-05,0.06625891946992857,6.742799116198419e-06,1.0,1.0,0.0,2.0,2.0
22,14:30:39,7,0.06218144750254839,370679.0,0.06167176350662573,0.06116207951070329,2.0645224930323885e-05,0.060142711518858194,3.9711654096676806e-05,0.05912334352701332,6.669241307658072e-06,0.05810397553516822,1.3559891619022587e-05,0.057084607543322896,1.9272145837570753e-05,0.06218144750254839,2.8709612673297193e-06,0.06320081549439349,1.993416611443387e-05,0.06422018348623837,6.546644960090829e-06,0.06523955147808347,1.3779829466558223e-05,0.06625891946992857,6.742799116198419e-06,1.0,0.0,1.0,2.0,2.0
22,14:30:42,7,0.06116207951070329,98963.0,0.06167176350662573,0.06116207951070329,1.998320465346077e-05,0.060142711518858194,3.9711654096676806e-05,0.05912334352701332,6.669241307658072e-06,0.05810397553516822,1.3559891619022587e-05,0.057084607543322896,1.9272145837570753e-05,0.06218144750254839,6.597890233373937e-06,0.06320081549439349,2.020387807908181e-05,0.06422018348623837,6.546644960090829e-06,0.06523955147808347,1.3779829466558223e-05,0.06625891946992857,6.742799116198419e-06,1.0,0.0,0.0,2.0,2.0
22,14:30:45,7,0.06116207951070329,12494.0,0.06167176350662573,0.06116207951070329,1.973801195832628e-05,0.060142711518858194,3.983425044424405e-05,0.05912334352701332,6.669241307658072e-06,0.05810397553516822,1.3461814540968792e-05,0.057084607543322896,1.9125030220490062e-05,0.06218144750254839,7.872892248073274e-06,0.06320081549439349,2.020387807908181e-05,0.06422018348623837,6.546644960090829e-06,0.06523955147808347,1.3975983622665813e-05,0.06625891946992857,6.742799116198419e-06,1.0,0.0,1.0,2.0,2.0
22,14:30:48,7,0.06116207951070329,55224.0,0.06167176350662573,0.06116207951070329,2.0449070774216295e-05,0.060142711518858194,3.973617336619025e-05,0.05912334352701332,6.669241307658072e-06,0.05810397553516822,1.3461814540968792e-05,0.057084607543322896,1.9125030220490062e-05,0.06218144750254839,1.4640210633785142e-05,0.06320081549439349,2.020387807908181e-05,0.06422018348623837,6.546644960090829e-06,0.06523955147808347,1.3975983622665813e-05,0.06625891946992857,6.742799116198419e-06,1.0,0.0,1.0,2.0,2.0
22,14:30:51,7,0.06116207951070329,92671.0,0.06167176350662573,0.06116207951070329,1.8806279716815227e-05,0.060142711518858194,4.0349155104026474e-05,0.05912334352701332,6.669241307658072e-06,0.05810397553516822,1.3461814540968792e-05,0.057084607543322896,1.9125030220490062e-05,0.06218144750254839,1.589069337897103e-05,0.06320081549439349,1.8610125560707637e-05,0.06422018348623837,6.546644960090829e-06,0.06523955147808347,1.3608194579964082e-05,0.06625891946992857,6.742799116198419e-06,1.0,0.0,1.0,2.0,2.0
22,14:30:54,7,0.06116207951070329,550694.0,0.06167176350662573,0.06116207951070329,5.958182491768057e-06,0.060142711518858194,4.0349155104026474e-05,0.05912334352701332,6.669241307658072e-06,0.05810397553516822,1.3461814540968792e-05,0.057084607543322896,1.9125030220490062e-05,0.06218144750254839,1.6871464159508983e-05,0.06320081549439349,1.8610125560707637e-05,0.06422018348623837,6.546644960090829e-06,0.06523955147808347,1.3608194579964082e-05,0.06625891946992857,6.742799116198419e-06,0.0,0.0,1.0,2.0,2.0
22,14:30:57,7,0.06218144750254839,53092.0,0.06167176350662573,0.06116207951070329,1.3902425814125468e-05,0.060142711518858194,4.0349155104026474e-05,0.05912334352701332,6.669241307658072e-06,0.05810397553516822,1.3461814540968792e-05,0.057084607543322896,1.9125030220490062e-05,0.06218144750254839,1.787675420956038e-05,0.06320081549439349,1.8855318255842126e-05,0.06422018348623837,6.595683499117726e-06,0.06523955147808347,1.3608194579964082e-05,0.06625891946992857,6.742799116198419e-06,0.0,0.0,1.0,2.0,2.0
22,14:31:00,7,0.06116207951070329,190523.0,0.06167176350662573,0.06116207951070329,9.905784883433313e-06,0.060142711518858194,4.0349155104026474e-05,0.05912334352701332,6.669241307658072e-06,0.05810397553516822,1.3461814540968792e-05,0.057084607543322896,1.9125030220490062e-05,0.06218144750254839,1.5741371027634127e-05,0.06320081549439349,1.8855318255842126e-05,0.06422018348623837,6.595683499117726e-06,0.06523955147808347,1.3608194579964082e-05,0.06625891946992857,6.742799116198419e-06,0.0,0.0,2.0,2.0,2.0
22,14:31:03,7,0.06116207951070329,75993.0,0.06167176350662573,0.06116207951070329,8.483667251653283e-06,0.060142711518858194,4.0349155104026474e-05,0.05912334352701332,6.669241307658072e-06,0.05810397553516822,1.3780565044643626e-05,0.057084607543322896,1.9125030220490062e-05,0.06218144750254839,1.5741371027634127e-05,0.06320081549439349,1.8610125560707637e-05,0.06422018348623837,3.849525313611461e-06,0.06523955147808347,1.3730790927531325e-05,0.06625891946992857,6.742799116198419e-06,0.0,0.0,1.0,2.0,2.0
22,14:31:06,7,0.06116207951070329,104100.0,0.06167176350662573,0.06116207951070329,6.1543366478756476e-06,0.060142711518858194,4.0349155104026474e-05,0.05912334352701332,6.669241307658072e-06,0.05810397553516822,1.3780565044643626e-05,0.057084607543322896,1.9125030220490062e-05,0.06218144750254839,1.5741371027634127e-05,0.06320081549439349,1.8610125560707637e-05,0.06422018348623837,3.113947228207997e-06,0.06523955147808347,1.3730790927531325e-05,0.06625891946992857,6.742799116198419e-06,0.0,0.0,2.0,2.0,2.0
22,14:31:09,7,0.06116207951070329,261291.0,0.060652395514780855,0.060142711518858194,4.0349155104026474e-05,0.05912334352701332,6.669241307658072e-06,0.05810397553516822,1.3780565044643626e-05,0.057084607543322896,1.9125030220490062e-05,0.05606523955147802,2.8246198479493014e-05,0.06116207951070329,9.439918762677786e-08,0.06218144750254839,1.5618774680066882e-05,0.06320081549439349,1.7825508936277273e-05,0.06422018348623837,3.113947228207997e-06,0.06523955147808347,1.3730790927531325e-05,1.0,2.0,2.0,2.0,2.0
22,14:31:12,7,0.06116207951070329,0.0,0.060652395514780855,0.060142711518858194,4.088857903332235e-05,0.05912334352701332,6.669241307658072e-06,0.05810397553516822,1.3780565044643626e-05,0.057084607543322896,1.9125030220490062e-05,0.05606523955147802,2.8246198479493014e-05,0.06116207951070329,2.2766141743237206e-06,0.06218144750254839,1.7359642815521747e-05,0.06320081549439349,1.7825508936277273e-05,0.06422018348623837,3.113947228207997e-06,0.06523955147808347,1.3730790927531325e-05,1.0,1.0,2.0,2.0,2.0
22,14:31:15,7,0.06116207951070329,0.0,0.060652395514780855,0.060142711518858194,4.088857903332235e-05,0.05912334352701332,6.669241307658072e-06,0.05810397553516822,1.3780565044643626e-05,0.057084607543322896,1.9125030220490062e-05,0.05606523955147802,3.069812543083789e-05,0.06116207951070329,4.507867700047561e-06,0.06218144750254839,1.6820218886225874e-05,0.06320081549439349,1.7997143822871416e-05,0.06422018348623837,3.113947228207997e-06,0.06523955147808347,1.3730790927531325e-05,1.0,2.0,2.0,2.0,2.0
22,14:31:18,7,0.06116207951070329,0.0,0.060652395514780855,0.060142711518858194,4.088857903332235e-05,0.05912334352701332,6.669241307658072e-06,0.05810397553516822,1.3780565044643626e-05,0.057084607543322896,1.9125030220490062e-05,0.05606523955147802,3.069812543083789e-05,0.06116207951070329,8.357393013659023e-06,0.06218144750254839,1.7163488659414156e-05,0.06320081549439349,1.7751951127736927e-05,0.06422018348623837,3.113947228207997e-06,0.06523955147808347,1.3730790927531325e-05,1.0,2.0,2.0,2.0,2.0
22,14:31:21,7,0.060142711518858194,10400.0,0.060652395514780855,0.060142711518858194,5.550206366333783e-05,0.05912334352701332,6.7918376552253165e-06,0.05810397553516822,1.3780565044643626e-05,0.057084607543322896,1.9125030220490062e-05,0.05606523955147802,3.069812543083789e-05,0.06116207951070329,9.754991375925603e-06,0.06218144750254839,1.674666107768553e-05,0.06320081549439349,1.7751951127736927e-05,0.06422018348623837,3.113947228207997e-06,0.06523955147808347,1.3730790927531325e-05,1.0,2.0,2.0,2.0,2.0
22,14:31:24,7,0.060142711518858194,414281.0,0.060652395514780855,0.060142711518858194,5.518331315966299e-05,0.05912334352701332,6.7918376552253165e-06,0.05810397553516822,1.3780565044643626e-05,0.057084607543322896,1.9125030220490062e-05,0.05606523955147802,3.069812543083789e-05,0.06116207951070329,2.325652713350618e-06,0.06218144750254839,1.6648583999631732e-05,0.06320081549439349,1.7751951127736927e-05,0.06422018348623837,3.113947228207997e-06,0.06523955147808347,1.3730790927531325e-05,2.0,2.0,2.0,2.0,2.0
22,14:31:27,7,0.060142711518858194,20800.0,0.060652395514780855,0.060142711518858194,5.4545812152313324e-05,0.05912334352701332,6.7918376552253165e-06,0.05810397553516822,1.3780565044643626e-05,0.057084607543322896,1.9125030220490062e-05,0.05606523955147802,3.069812543083789e-05,0.06116207951070329,9.632395028358359e-06,0.06218144750254839,1.6771180347198976e-05,0.06320081549439349,1.9272145837570753e-05,0.06422018348623837,3.113947228207997e-06,0.06523955147808347,1.3730790927531325e-05,1.0,2.0,2.0,2.0,2.0
22,14:31:30,7,0.060142711518858194,54119.0,0.060652395514780855,0.060142711518858194,5.51342746206361e-05,0.05912334352701332,6.7918376552253165e-06,0.05810397553516822,1.3608930158049485e-05,0.057084607543322896,1.9125030220490062e-05,0.05606523955147802,3.069812543083789e-05,0.06116207951070329,9.387202333223872e-06,0.06218144750254839,1.5545216871526537e-05,0.06320081549439349,2.645629180501125e-05,0.06422018348623837,3.113947228207997e-06,0.06523955147808347,1.343655969336994e-05,2.0,2.0,2.0,2.0,2.0
22,14:31:33,7,0.06116207951070329,374740.0,0.060652395514780855,0.060142711518858194,5.464388923036712e-05,0.05912334352701332,6.7918376552253165e-06,0.05810397553516822,1.3608930158049485e-05,0.057084607543322896,1.8879837525355573e-05,0.05606523955147802,3.069812543083789e-05,0.06116207951070329,1.8352673230816423e-06,0.06218144750254839,1.5545216871526537e-05,0.06320081549439349,2.645629180501125e-05,0.06422018348623837,3.113947228207997e-06,0.06523955147808347,1.3706271658017877e-05,2.0,2.0,2.0,2.0,2.0
22,14:31:36,7,0.060142711518858194,54080.0,0.060652395514780855,0.060142711518858194,5.361407991080227e-05,0.05912334352701332,6.178855917389097e-06,0.05810397553516822,1.3608930158049485e-05,0.057084607543322896,1.8634644830221085e-05,0.05606523955147802,3.069812543083789e-05,0.06116207951070329,2.595364677998555e-06,0.06218144750254839,1.5569736141039984e-05,0.06320081549439349,2.64808110745247e-05,0.06422018348623837,3.113947228207997e-06,0.06523955147808347,1.3706271658017877e-05,2.0,2.0,2.0,2.0,2.0
22,14:31:39,7,0.06116207951070329,116436.0,0.06167176350662573,0.06116207951070329,3.9598620264219807e-07,0.060142711518858194,5.361407991080227e-05,0.05912334352701332,1.7212527198441055e-05,0.05810397553516822,1.3608930158049485e-05,0.057084607543322896,1.0052900500514006e-05,0.06218144750254839,1.5545216871526537e-05,0.06320081549439349,2.684860011722643e-05,0.06422018348623837,3.113947228207997e-06,0.06523955147808347,1.3706271658017877e-05,0.06625891946992857,6.742799116198419e-06,0.0,1.0,2.0,2.0,2.0
22,14:31:42,7,0.06116207951070329,44896.0,0.060652395514780855,0.060142711518858194,5.39328304144771e-05,0.05912334352701332,1.7702912588710032e-05,0.05810397553516822,1.3608930158049485e-05,0.057084607543322896,1.0052900500514006e-05,0.05606523955147802,3.086976031743203e-05,0.06116207951070329,7.073809254629978e-07,0.06218144750254839,1.5545216871526537e-05,0.06320081549439349,2.684860011722643e-05,0.06422018348623837,3.113947228207997e-06,0.06523955147808347,1.3289444076289248e-05,2.0,2.0,2.0,2.0,2.0
22,14:31:45,7,0.06116207951070329,36274.0,0.06167176350662573,0.06116207951070329,1.174840798736899e-05,0.060142711518858194,5.388379187545021e-05,0.05912334352701332,1.7702912588710032e-05,0.05810397553516822,1.3608930158049485e-05,0.057084607543322896,1.0052900500514006e-05,0.06218144750254839,1.552069760201309e-05,0.06320081549439349,2.684860011722643e-05,0.06422018348623837,3.113947228207997e-06,0.06523955147808347,1.4025022161692712e-05,0.06625891946992857,6.742799116198419e-06,2.0,2.0,2.0,2.0,2.0
22,14:31:48,7,0.06116207951070329,40609.0,0.06167176350662573,0.06116207951070329,1.2385908994718659e-05,0.060142711518858194,5.6335718826795086e-05,0.05912334352701332,1.7702912588710032e-05,0.05810397553516822,1.3608930158049485e-05,0.057084607543322896,5.1490465978242474e-06,0.06218144750254839,1.5030312211744112e-05,0.06320081549439349,2.684860011722643e-05,0.06422018348623837,3.113947228207997e-06,0.06523955147808347,1.4025022161692712e-05,0.06625891946992857,6.742799116198419e-06,2.0,2.0,2.0,2.0,2.0
22,14:31:51,7,0.06116207951070329,428892.0,0.06167176350662573,0.06116207951070329,5.741186956574036e-06,0.060142711518858194,7.810883015473761e-05,0.05912334352701332,1.7702912588710032e-05,0.05810397553516822,1.3608930158049485e-05,0.057084607543322896,5.1490465978242474e-06,0.06218144750254839,1.669762253865863e-05,0.06320081549439349,2.684860011722643e-05,0.06422018348623837,3.113947228207997e-06,0.06523955147808347,1.4270214856827199e-05,0.06625891946992857,6.742799116198419e-06,2.0,2.0,2.0,2.0,2.0
22,14:31:54,7,0.060142711518858194,560332.0,0.06116207951070329,0.060142711518858194,7.734873279982071e-05,0.05912334352701332,1.7702912588710032e-05,0.05810397553516822,1.3608930158049485e-05,0.057084607543322896,5.1490465978242474e-06,0.05606523955147802,3.086976031743203e-05,0.06218144750254839,1.2525668830945317e-05,0.06320081549439349,2.684860011722643e-05,0.06422018348623837,3.359139923342485e-06,0.06523955147808347,1.4270214856827199e-05,0.06625891946992857,6.742799116198419e-06,2.0,2.0,2.0,2.0,2.0
22,14:31:57,7,0.06116207951070329,17692.0,0.06167176350662573,0.06116207951070329,6.129817378362199e-07,0.060142711518858194,7.776556038154934e-05,0.05912334352701332,1.7702912588710032e-05,0.05810397553516822,1.3608930158049485e-05,0.057084607543322896,5.1490465978242474e-06,0.06218144750254839,1.2525668830945317e-05,0.06320081549439349,2.684860011722643e-05,0.06422018348623837,3.359139923342485e-06,0.06523955147808347,1.4270214856827199e-05,0.06625891946992857,7.895204783330513e-06,2.0,2.0,2.0,2.0,2.0
22,14:32:00,7,0.06218144750254839,548962.0,0.06269113149847105,0.06218144750254839,2.1858928771239603e-06,0.06116207951070329,5.884624683227711e-07,0.060142711518858194,7.788815672911658e-05,0.05912334352701332,1.7702912588710032e-05,0.05810397553516822,1.3608930158049485e-05,0.06320081549439349,2.684860011722643e-05,0.06422018348623837,3.359139923342485e-06,0.06523955147808347,1.4270214856827199e-05,0.06625891946992857,7.895204783330513e-06,0.06727828746177367,7.650012088196024e-06,1.0,2.0,2.0,2.0,2.0
22,14:32:03,7,0.06116207951070329,116691.0,0.06218144750254839,0.06116207951070329,4.000318821119171e-06,0.060142711518858194,7.737325206933415e-05,0.05912334352701332,1.7702912588710032e-05,0.05810397553516822,1.3608930158049485e-05,0.057084607543322896,5.1490465978242474e-06,0.06320081549439349,2.684860011722643e-05,0.06422018348623837,3.359139923342485e-06,0.06523955147808347,1.4270214856827199e-05,0.06625891946992857,7.895204783330513e-06,0.06727828746177367,7.650012088196024e-06,2.0,2.0,2.0,2.0,2.0
22,14:32:06,7,0.06218144750254839,32302.0,0.06269113149847105,0.06218144750254839,3.5307748099366267e-06,0.06116207951070329,1.1258022597100014e-05,0.060142711518858194,7.349920748620924e-05,0.05912334352701332,1.7702912588710032e-05,0.05810397553516822,1.3608930158049485e-05,0.06320081549439349,2.6627926691605394e-05,0.06422018348623837,3.359139923342485e-06,0.06523955147808347,1.4270214856827199e-05,0.06625891946992857,7.895204783330513e-06,0.06727828746177367,7.650012088196024e-06,2.0,2.0,2.0,2.0,2.0
22,14:32:09,7,0.06320081549439349,701726.0,0.06167176350662573,0.06116207951070329,2.5062371333171685e-05,0.060142711518858194,7.266555232275198e-05,0.05912334352701332,1.7702912588710032e-05,0.05810397553516822,1.3608930158049485e-05,0.057084607543322896,6.375010073496687e-06,0.06218144750254839,2.4519269513448794e-07,0.06320081549439349,1.5373581984932394e-05,0.06422018348623837,3.359139923342485e-06,0.06523955147808347,1.4392811204394443e-05,0.06625891946992857,7.895204783330513e-06,2.0,2.0,2.0,2.0,2.0
22,14:32:12,7,0.06218144750254839,101107.0,0.06269113149847105,0.06218144750254839,1.3485598232396838e-06,0.06116207951070329,2.5037852063658238e-05,0.060142711518858194,7.266555232275198e-05,0.05912334352701332,1.7702912588710032e-05,0.05810397553516822,1.3608930158049485e-05,0.06320081549439349,1.4490888282448238e-05,0.06422018348623837,3.359139923342485e-06,0.06523955147808347,1.5618774680066882e-05,0.06625891946992857,7.895204783330513e-06,0.06727828746177367,7.650012088196024e-06,2.0,2.0,2.0,2.0,2.0
22,14:32:15,7,0.06218144750254839,467629.0,0.06269113149847105,0.06218144750254839,6.865395463765663e-07,0.06116207951070329,1.7951783174271537e-05,0.060142711518858194,7.200353204588887e-05,0.05912334352701332,1.7702912588710032e-05,0.05810397553516822,1.3608930158049485e-05,0.06320081549439349,1.2700981607966476e-05,0.06422018348623837,3.359139923342485e-06,0.06523955147808347,1.5618774680066882e-05,0.06625891946992857,7.895204783330513e-06,0.06727828746177367,7.650012088196024e-06,2.0,2.0,2.0,2.0,2.0
22,14:32:18,7,0.06320081549439349,529842.0,0.06269113149847105,0.06218144750254839,1.912503022049006e-06,0.06116207951070329,1.7167166549841176e-05,0.060142711518858194,7.092468418729712e-05,0.05912334352701332,1.7702912588710032e-05,0.05810397553516822,1.3608930158049485e-05,0.06320081549439349,3.1875050367483437e-07,0.06422018348623837,3.359139923342485e-06,0.06523955147808347,1.5741371027634127e-05,0.06625891946992857,7.895204783330513e-06,0.06727828746177367,7.650012088196024e-06,2.0,2.0,2.0,2.0,2.0
22,14:32:21,7,0.06320081549439349,19811.0,0.06371049949031593,0.06320081549439349,2.4519269513448796e-08,0.06218144750254839,7.257703775980844e-06,0.06116207951070329,1.7387839975462214e-05,0.060142711518858194,7.094920345681056e-05,0.05912334352701332,1.7702912588710032e-05,0.06422018348623837,4.094718008745949e-06,0.06523955147808347,1.5814928836174473e-05,0.06625891946992857,7.895204783330513e-06,0.06727828746177367,7.650012088196024e-06,0.06829765545361877,1.0052900500514006e-05,1.0,2.0,2.0,2.0,2.0
22,14:32:24,7,0.06422018348623837,202503.0,0.06472986748216103,0.06422018348623837,2.157695717183494e-06,0.06320081549439349,1.606012153130896e-05,0.06218144750254839,7.135107428413599e-06,0.06116207951070329,1.910418884140363e-05,0.060142711518858194,7.192997423734852e-05,0.06523955147808347,1.5814928836174473e-05,0.06625891946992857,7.895204783330513e-06,0.06727828746177367,7.650012088196024e-06,0.06829765545361877,1.0052900500514006e-05,0.06931702344546387,1.2504827451858885e-05,1.0,1.0,2.0,2.0,2.0
22,14:32:27,7,0.06320081549439349,476739.0,0.06422018348623837,0.06320081549439349,7.037030350359804e-06,0.06218144750254839,7.576454279655678e-06,0.06116207951070329,2.4106119822147185e-05,0.060142711518858194,7.192997423734852e-05,0.05912334352701332,1.7702912588710032e-05,0.06523955147808347,1.5079350750771009e-05,0.06625891946992857,6.840876194252214e-06,0.06727828746177367,7.650012088196024e-06,0.06829765545361877,1.017549684808125e-05,0.06931702344546387,1.2504827451858885e-05,2.0,2.0,2.0,2.0,2.0
22,14:32:30,7,0.06422018348623837,546515.0,0.06472986748216103,0.06422018348623837,6.129817378362199e-07,0.06320081549439349,7.404819393061536e-06,0.06218144750254839,6.0562595698218525e-06,0.06116207951070329,2.5626314531981008e-05,0.060142711518858194,7.192997423734852e-05,0.06523955147808347,2.7951967245331627e-06,0.06625891946992857,6.840876194252214e-06,0.06727828746177367,7.650012088196024e-06,0.06829765545361877,1.017549684808125e-05,0.06931702344546387,1.2504827451858885e-05,1.0,2.0,2.0,2.0,2.0
22,14:32:33,7,0.06320081549439349,40702.0,0.06371049949031593,0.06320081549439349,7.0615496198732534e-06,0.06218144750254839,5.811066874687365e-06,0.06116207951070329,3.3619596393365314e-05,0.060142711518858194,7.192997423734852e-05,0.05912334352701332,6.669241307658072e-06,0.06422018348623837,3.9230831221518074e-07,0.06523955147808347,3.040389419667651e-06,0.06625891946992857,6.840876194252214e-06,0.06727828746177367,7.650012088196024e-06,0.06829765545361877,1.017549684808125e-05,2.0,2.0,2.0,2.0,2.0
22,14:32:36,7,0.06320081549439349,0.0,0.06371049949031593,0.06320081549439349,1.3142328459208554e-05,0.06218144750254839,5.811066874687365e-06,0.06116207951070329,3.379123127995946e-05,0.060142711518858194,7.192997423734852e-05,0.05912334352701332,6.669241307658072e-06,0.06422018348623837,4.168275817286295e-07,0.06523955147808347,2.9913508806407533e-06,0.06625891946992857,6.963472541819458e-06,0.06727828746177367,7.650012088196024e-06,0.06829765545361877,1.017549684808125e-05,2.0,2.0,2.0,2.0,2.0
22,14:32:39,7,0.06422018348623837,98585.0,0.06472986748216103,0.06422018348623837,8.227931270628012e-06,0.06320081549439349,1.3412040423856492e-05,0.06218144750254839,6.375010073496687e-06,0.06116207951070329,3.379123127995946e-05,0.060142711518858194,7.192997423734852e-05,0.06523955147808347,3.4081784623693824e-06,0.06625891946992857,6.963472541819458e-06,0.06727828746177367,7.650012088196024e-06,0.06829765545361877,1.017549684808125e-05,0.06931702344546387,1.2504827451858885e-05,1.0,2.0,2.0,2.0,2.0
22,14:32:42,7,0.06523955147808347,37598.0,0.06472986748216103,0.06422018348623837,7.688507341332138e-06,0.06320081549439349,8.875975563868464e-06,0.06218144750254839,6.375010073496687e-06,0.06116207951070329,3.477200206049741e-05,0.060142711518858194,6.952708582503054e-05,0.06523955147808347,3.604332618476973e-06,0.06625891946992857,6.963472541819458e-06,0.06727828746177367,7.650012088196024e-06,0.06829765545361877,1.017549684808125e-05,0.06931702344546387,1.2504827451858885e-05,1.0,2.0,2.0,2.0,2.0
22,14:32:45,7,0.06523955147808347,0.0,0.06472986748216103,0.06422018348623837,8.963509356031476e-06,0.06320081549439349,8.875975563868464e-06,0.06218144750254839,6.276932995442892e-06,0.06116207951070329,3.482104059952431e-05,0.060142711518858194,6.952708582503054e-05,0.06523955147808347,4.364429973393886e-06,0.06625891946992857,6.963472541819458e-06,0.06727828746177367,7.650012088196024e-06,0.06829765545361877,1.017549684808125e-05,0.06931702344546387,1.2504827451858885e-05,2.0,2.0,2.0,2.0,2.0
22,14:32:48,7,0.06422018348623837,27153.0,0.06472986748216103,0.06422018348623837,8.816393738950784e-06,0.06320081549439349,8.875975563868464e-06,0.06218144750254839,6.7918376552253165e-06,0.06116207951070329,3.482104059952431e-05,0.060142711518858194,6.952708582503054e-05,0.06523955147808347,4.266352895340091e-06,0.06625891946992857,8.336551634572591e-06,0.06727828746177367,7.650012088196024e-06,0.06829765545361877,1.017549684808125e-05,0.06931702344546387,1.2504827451858885e-05,2.0,2.0,2.0,2.0,2.0
22,14:32:51,7,0.06523955147808347,46995.0,0.06472986748216103,0.06422018348623837,1.1660629002510844e-05,0.06320081549439349,8.875975563868464e-06,0.06218144750254839,3.2120243062617922e-06,0.06116207951070329,3.50662332946588e-05,0.060142711518858194,6.952708582503054e-05,0.06523955147808347,3.898563852638359e-06,0.06625891946992857,8.336551634572591e-06,0.06727828746177367,7.650012088196024e-06,0.06829765545361877,1.017549684808125e-05,0.06931702344546387,1.2504827451858885e-05,2.0,2.0,2.0,2.0,2.0
22,14:32:54,7,0.06523955147808347,76259.0,0.06472986748216103,0.06422018348623837,1.3842843989207787e-05,0.06320081549439349,8.875975563868464e-06,0.06218144750254839,3.334620653829036e-06,0.06116207951070329,3.50662332946588e-05,0.060142711518858194,6.969872071162468e-05,0.06523955147808347,2.8442352635600602e-06,0.06625891946992857,8.336551634572591e-06,0.06727828746177367,7.650012088196024e-06,0.06829765545361877,1.017549684808125e-05,0.06931702344546387,1.2504827451858885e-05,2.0,2.0,2.0,2.0,2.0
22,14:32:57,7,0.06422018348623837,59532.0,0.06472986748216103,0.06422018348623837,7.968762591870858e-06,0.06320081549439349,8.875975563868464e-06,0.06218144750254839,9.881265613919865e-06,0.06116207951070329,4.033787624005029e-05,0.060142711518858194,6.969872071162468e-05,0.06523955147808347,4.609622668528374e-06,0.06625891946992857,1.201444206158991e-05,0.06727828746177367,7.650012088196024e-06,0.06829765545361877,1.017549684808125e-05,0.06931702344546387,1.2504827451858885e-05,2.0,2.0,2.0,2.0,2.0
22,14:33:00,7,0.06523955147808347,576155.0,0.06574923547400613,0.06523955147808347,3.9230831221518074e-07,0.06422018348623837,7.968762591870858e-06,0.06320081549439349,8.875975563868464e-06,0.06218144750254839,9.881265613919865e-06,0.06116207951070329,4.033787624005029e-05,0.06625891946992857,3.1875050367483435e-06,0.06727828746177367,7.650012088196024e-06,0.06829765545361877,1.017549684808125e-05,0.06931702344546387,1.2750020146993374e-05,0.07033639143730874,6.41178897776686e-05,1.0,2.0,2.0,2.0,2.0
22,14:33:03,7,0.06523955147808347,37601.0,0.06574923547400613,0.06523955147808347,1.0298093195648493e-06,0.06422018348623837,7.086068889386702e-06,0.06320081549439349,8.753379216301221e-06,0.06218144750254839,8.802417755328118e-06,0.06116207951070329,4.033787624005029e-05,0.06625891946992857,3.2120243062617922e-06,0.06727828746177367,7.650012088196024e-06,0.06829765545361877,1.017549684808125e-05,0.06931702344546387,1.2872616494560618e-05,0.07033639143730874,6.448567882037033e-05,1.0,2.0,2.0,2.0,2.0
22,14:33:06,7,0.06523955147808347,212105.0,0.06574923547400613,0.06523955147808347,2.2067342562103917e-07,0.06422018348623837,7.4293386625749855e-06,0.06320081549439349,8.753379216301221e-06,0.06218144750254839,8.802417755328118e-06,0.06116207951070329,4.254461049626068e-05,0.06625891946992857,3.236543575775241e-06,0.06727828746177367,7.650012088196024e-06,0.06829765545361877,1.017549684808125e-05,0.06931702344546387,1.3117809189695105e-05,0.07033639143730874,6.451019808988379e-05,2.0,2.0,2.0,2.0,2.0
22,14:33:09,7,0.06625891946992857,155837.0,0.066768603465851,0.06625891946992857,4.192795086799744e-06,0.06523955147808347,2.6971196464793677e-07,0.06422018348623837,7.4293386625749855e-06,0.06320081549439349,8.753379216301221e-06,0.06218144750254839,8.875975563868464e-06,0.06727828746177367,7.650012088196024e-06,0.06829765545361877,1.017549684808125e-05,0.06931702344546387,1.3117809189695105e-05,0.07033639143730874,6.549096887042173e-05,0.07135575942915384,2.0424551504702847e-05,1.0,2.0,2.0,2.0,2.0
22,14:33:12,7,0.06625891946992857,34518.0,0.066768603465851,0.06625891946992857,3.3836591928559337e-06,0.06523955147808347,5.149046597824247e-07,0.06422018348623837,7.4293386625749855e-06,0.06320081549439349,8.753379216301221e-06,0.06218144750254839,8.875975563868464e-06,0.06727828746177367,7.72356989673637e-06,0.06829765545361877,1.017549684808125e-05,0.06931702344546387,1.669762253865863e-05,0.07033639143730874,6.549096887042173e-05,0.07135575942915384,2.0424551504702847e-05,1.0,2.0,2.0,1.0,2.0
22,14:33:15,7,0.06523955147808347,150619.0,0.06574923547400613,0.06523955147808347,5.149046597824247e-07,0.06422018348623837,1.2676462338453028e-05,0.06320081549439349,8.974052641922259e-06,0.06218144750254839,8.875975563868464e-06,0.06116207951070329,4.2814322460908616e-05,0.06625891946992857,8.826937024841567e-07,0.06727828746177367,8.238474556518795e-06,0.06829765545361877,1.017549684808125e-05,0.06931702344546387,1.7555796971629337e-05,0.07033639143730874,6.549096887042173e-05,2.0,2.0,2.0,2.0,2.0
22,14:33:18,7,0.06829765545361877,628411.0,0.06574923547400613,0.06523955147808347,1.1278863976186446e-06,0.06422018348623837,1.2676462338453028e-05,0.06320081549439349,8.974052641922259e-06,0.06218144750254839,8.875975563868464e-06,0.06116207951070329,4.318211150361035e-05,0.06625891946992857,1.2259634756724397e-07,0.06829765545361877,4.119237278259397e-06,0.06931702344546387,1.7800989666763825e-05,0.07033639143730874,6.649625892047314e-05,0.07135575942915384,2.0424551504702847e-05,2.0,2.0,2.0,2.0,2.0
22,14:33:21,7,0.06523955147808347,70091.0,0.06727828746177367,0.06625891946992857,4.168275817286295e-07,0.06523955147808347,1.4466369012934789e-06,0.06422018348623837,1.2676462338453028e-05,0.06320081549439349,9.636072918785377e-06,0.06218144750254839,8.581744329707078e-06,0.06829765545361877,3.726928966044217e-06,0.06931702344546387,1.8168778709465558e-05,0.07033639143730874,6.747702970101109e-05,0.07135575942915384,2.0424551504702847e-05,0.07237512742099894,3.481736270909729e-05,2.0,2.0,1.0,1.0,1.0
22,14:33:24,7,0.06727828746177367,246045.0,0.066768603465851,0.06625891946992857,6.52212569057738e-06,0.06523955147808347,4.634141938041823e-06,0.06422018348623837,1.2676462338453028e-05,0.06320081549439349,9.636072918785377e-06,0.06218144750254839,8.581744329707078e-06,0.06727828746177367,7.846166244303615e-07,0.06829765545361877,6.178855917389097e-06,0.06931702344546387,1.8144259439952107e-05,0.07033639143730874,6.767318385711867e-05,0.07135575942915384,2.04000322351894e-05,2.0,2.0,1.0,1.0,2.0
22,14:33:27,7,0.06625891946992857,64946.0,0.066768603465851,0.06625891946992857,4.999724246487344e-06,0.06523955147808347,4.634141938041823e-06,0.06422018348623837,1.2676462338453028e-05,0.06320081549439349,9.636072918785377e-06,0.06218144750254839,8.581744329707078e-06,0.06727828746177367,1.1278863976186446e-06,0.06829765545361877,8.140397478465e-06,0.06931702344546387,1.8144259439952107e-05,0.07033639143730874,6.767318385711867e-05,0.07135575942915384,2.04000322351894e-05,2.0,2.0,1.0,2.0,2.0
22,14:33:30,7,0.06829765545361877,56546.0,0.06727828746177367,0.06625891946992857,5.955975757511847e-06,0.06523955147808347,4.634141938041823e-06,0.06422018348623837,1.2676462338453028e-05,0.06320081549439349,9.636072918785377e-06,0.06218144750254839,8.581744329707078e-06,0.06829765545361877,8.287513095545693e-06,0.06931702344546387,1.831589432654625e-05,0.07033639143730874,6.774674166565902e-05,0.07135575942915384,2.04000322351894e-05,0.07237512742099894,3.45721700139628e-05,2.0,0.0,1.0,1.0,1.0
22,14:33:33,7,0.06625891946992857,18828.0,0.066768603465851,0.06625891946992857,5.6372252538370126e-06,0.06523955147808347,4.634141938041823e-06,0.06422018348623837,1.1842807174995769e-05,0.06320081549439349,9.636072918785377e-06,0.06218144750254839,8.581744329707078e-06,0.06727828746177367,1.6918295964279668e-06,0.06829765545361877,8.998571911435708e-06,0.06931702344546387,1.831589432654625e-05,0.07033639143730874,6.701116358025556e-05,0.07135575942915384,2.04000322351894e-05,2.0,2.0,1.0,2.0,1.0
22,14:33:36,7,0.06727828746177367,327921.0,0.06778797145769633,0.06727828746177367,5.149046597824247e-07,0.06625891946992857,8.9473266381526e-06,0.06523955147808347,4.634141938041823e-06,0.06422018348623837,1.1842807174995769e-05,0.06320081549439349,9.636072918785377e-06,0.06829765545361877,4.707699746582169e-06,0.06931702344546387,1.831589432654625e-05,0.07033639143730874,7.510252251969366e-05,0.07135575942915384,2.04000322351894e-05,0.07237512742099894,3.45721700139628e-05,2.0,2.0,0.0,1.0,0.0
22,14:33:39,7,0.06931702344546387,403583.0,0.06829765545361877,0.06727828746177367,8.875975563868464e-06,0.06625891946992857,1.7381955350778987e-05,0.06523955147808347,4.634141938041823e-06,0.06422018348623837,1.1842807174995769e-05,0.06320081549439349,9.636072918785377e-06,0.06931702344546387,1.5250985637365151e-05,0.07033639143730874,7.252799922078153e-05,0.07135575942915384,2.04000322351894e-05,0.07237512742099894,3.45721700139628e-05,0.07339449541284382,3.324812946023657e-05,2.0,0.0,1.0,0.0,0.0
22,14:33:42,7,0.06727828746177367,62823.0,0.06778797145769633,0.06727828746177367,7.6009735491691265e-06,0.06625891946992857,1.282357795553372e-05,0.06523955147808347,4.364429973393886e-06,0.06422018348623837,1.1842807174995769e-05,0.06320081549439349,9.611553649271928e-06,0.06829765545361877,7.355780854034639e-08,0.06931702344546387,1.571685175812068e-05,0.07033639143730874,7.284674972445637e-05,0.07135575942915384,2.04000322351894e-05,0.07237512742099894,3.45721700139628e-05,1.0,1.0,1.0,1.0,0.0
22,14:33:45,7,0.06727828746177367,48176.0,0.06778797145769633,0.06727828746177367,7.993281861384308e-06,0.06625891946992857,1.282357795553372e-05,0.06523955147808347,4.2418336258266416e-06,0.06422018348623837,1.1842807174995769e-05,0.06320081549439349,9.36636095413744e-06,0.06829765545361877,2.010580100102801e-06,0.06931702344546387,1.4760600247096176e-05,0.07033639143730874,7.32145387671581e-05,0.07135575942915384,2.5549078833013646e-05,0.07237512742099894,3.45721700139628e-05,0.0,1.0,1.0,1.0,0.0
22,14:33:48,7,0.06829765545361877,17813.0,0.06778797145769633,0.06727828746177367,7.919724052843962e-06,0.06625891946992857,1.282357795553372e-05,0.06523955147808347,4.2418336258266416e-06,0.06422018348623837,1.1842807174995769e-05,0.06320081549439349,8.630782868733977e-06,0.06829765545361877,1.667310326914518e-06,0.06931702344546387,1.7310604276494848e-05,0.07033639143730874,7.32145387671581e-05,0.07135575942915384,2.5549078833013646e-05,0.07237512742099894,3.45721700139628e-05,2.0,0.0,1.0,1.0,0.0
22,14:33:51,7,0.06829765545361877,256670.0,0.0688073394495412,0.06829765545361877,4.903853902689759e-07,0.06727828746177367,5.71298979663357e-06,0.06625891946992857,1.282357795553372e-05,0.06523955147808347,4.2418336258266416e-06,0.06422018348623837,1.2087999870130256e-05,0.06931702344546387,1.7212527198441055e-05,0.07033639143730874,7.3263577306185e-05,0.07135575942915384,2.5549078833013646e-05,0.07237512742099894,3.4621208552989697e-05,0.07339449541284382,3.324812946023657e-05,1.0,0.0,0.0,0.0,0.0
22,14:33:54,7,0.06829765545361877,211696.0,0.0688073394495412,0.06829765545361877,2.8442352635600602e-06,0.06727828746177367,5.71298979663357e-06,0.06625891946992857,1.282357795553372e-05,0.06523955147808347,1.7899066744817621e-06,0.06422018348623837,1.2087999870130256e-05,0.06931702344546387,1.7948105283844517e-05,0.07033639143730874,9.5772266719531e-05,0.07135575942915384,2.5965906414742274e-05,0.07237512742099894,3.4621208552989697e-05,0.07339449541284382,3.324812946023657e-05,0.0,0.0,0.0,0.0,0.0
22,14:33:57,7,0.06829765545361877,126808.0,0.06778797145769633,0.06727828746177367,1.324040553726235e-06,0.06625891946992857,1.2553865990885784e-05,0.06523955147808347,1.7899066744817621e-06,0.06422018348623837,1.2087999870130256e-05,0.06320081549439349,8.630782868733977e-06,0.06829765545361877,1.4711561708069277e-06,0.06931702344546387,2.0424551504702847e-05,0.07033639143730874,9.385976369748199e-05,0.07135575942915384,2.5965906414742274e-05,0.07237512742099894,3.4621208552989697e-05,1.0,0.0,1.0,0.0,0.0
22,14:34:00,7,0.06727828746177367,279626.0,0.066768603465851,0.06625891946992857,1.2161557678670603e-05,0.06523955147808347,1.7899066744817621e-06,0.06422018348623837,1.2087999870130256e-05,0.06320081549439349,8.630782868733977e-06,0.06218144750254839,9.268283876083646e-06,0.06727828746177367,2.4519269513448794e-07,0.06829765545361877,9.807707805379518e-07,0.06931702344546387,1.9051472411949716e-05,0.07033639143730874,9.47179381304527e-05,0.07135575942915384,2.5965906414742274e-05,2.0,1.0,1.0,1.0,1.0
22,14:34:03,7,0.06829765545361877,359495.0,0.0688073394495412,0.06829765545361877,6.30145226495634e-06,0.06727828746177367,3.4326977318828314e-07,0.06625891946992857,1.22105962176975e-05,0.06523955147808347,1.7899066744817621e-06,0.06422018348623837,1.2087999870130256e-05,0.06931702344546387,1.6231756417903104e-05,0.07033639143730874,9.447274543531821e-05,0.07135575942915384,2.5965906414742274e-05,0.07237512742099894,3.4621208552989697e-05,0.07339449541284382,3.324812946023657e-05,0.0,0.0,0.0,0.0,0.0
22,14:34:06,7,0.06829765545361877,137288.0,0.0688073394495412,0.06829765545361877,3.0894279586945484e-06,0.06727828746177367,3.4326977318828314e-07,0.06625891946992857,1.2038961331103359e-05,0.06523955147808347,1.7899066744817621e-06,0.06422018348623837,1.2087999870130256e-05,0.06931702344546387,1.655050692157794e-05,0.07033639143730874,9.47179381304527e-05,0.07135575942915384,2.5965906414742274e-05,0.07237512742099894,3.4621208552989697e-05,0.07339449541284382,3.324812946023657e-05,0.0,0.0,0.0,0.0,0.0
22,14:34:09,7,0.06727828746177367,142518.0,0.06778797145769633,0.06727828746177367,7.380300123548088e-06,0.06625891946992857,1.2038961331103359e-05,0.06523955147808347,1.7899066744817621e-06,0.06422018348623837,1.2087999870130256e-05,0.06320081549439349,8.630782868733977e-06,0.06829765545361877,5.4187585624721835e-06,0.06931702344546387,1.72860850069814e-05,0.07033639143730874,9.964631130265591e-05,0.07135575942915384,2.5965906414742274e-05,0.07237512742099894,3.459668928347625e-05,0.0,1.0,1.0,1.0,0.0
22,14:34:12,7,0.06829765545361877,12566.0,0.06778797145769633,0.06727828746177367,8.361070904086039e-06,0.06625891946992857,1.2038961331103359e-05,0.06523955147808347,1.7899066744817621e-06,0.06422018348623837,1.2087999870130256e-05,0.06320081549439349,8.630782868733977e-06,0.06829765545361877,6.865395463765662e-06,0.06931702344546387,1.72860850069814e-05,0.07033639143730874,0.00010209823825400078,0.07135575942915384,2.5965906414742274e-05,0.07237512742099894,3.459668928347625e-05,0.0,1.0,0.0,1.0,0.0
22,14:34:15,7,0.06829765545361877,26200.0,0.06778797145769633,0.06727828746177367,8.630782868733977e-06,0.06625891946992857,1.2038961331103359e-05,0.06523955147808347,1.7899066744817621e-06,0.06422018348623837,1.2087999870130256e-05,0.06320081549439349,7.3312615845211895e-06,0.06829765545361877,6.546644960090829e-06,0.06931702344546387,2.0007723922974216e-05,0.07033639143730874,0.00010266218145281011,0.07135575942915384,2.5965906414742274e-05,0.07237512742099894,3.459668928347625e-05,0.0,1.0,1.0,1.0,0.0
22,14:34:18,7,0.06727828746177367,379014.0,0.066768603465851,0.06625891946992857,1.2038961331103359e-05,0.06523955147808347,1.7899066744817621e-06,0.06422018348623837,1.2087999870130256e-05,0.06320081549439349,7.3312615845211895e-06,0.06218144750254839,9.268283876083646e-06,0.06727828746177367,1.588848664471482e-05,0.06829765545361877,8.679821407760873e-06,0.06931702344546387,2.2312535257238403e-05,0.07033639143730874,8.790158120571394e-05,0.07135575942915384,2.5965906414742274e-05,1.0,2.0,2.0,2.0,1.0
22,14:34:21,7,0.06625891946992857,337084.0,0.066768603465851,0.06625891946992857,1.1058190550565406e-05,0.06523955147808347,1.7899066744817621e-06,0.06422018348623837,8.900494833381913e-06,0.06320081549439349,7.3312615845211895e-06,0.06218144750254839,9.268283876083646e-06,0.06727828746177367,1.262742379942613e-05,0.06829765545361877,9.194726067543298e-06,0.06931702344546387,2.3121671151182215e-05,0.07033639143730874,8.790158120571394e-05,0.07135575942915384,2.6211099109876763e-05,1.0,1.0,2.0,2.0,1.0
22,14:34:24,7,0.06727828746177367,481615.0,0.066768603465851,0.06625891946992857,1.0935594202998162e-05,0.06523955147808347,2.0596186391296986e-06,0.06422018348623837,8.900494833381913e-06,0.06320081549439349,7.306742315007741e-06,0.06218144750254839,9.268283876083646e-06,0.06727828746177367,2.2312535257238405e-06,0.06829765545361877,1.2455788912831989e-05,0.06931702344546387,2.383272996707223e-05,0.07033639143730874,8.679821407760874e-05,0.07135575942915384,2.623561837939021e-05,2.0,2.0,1.0,2.0,1.0
22,14:34:27,7,0.06625891946992857,20925.0,0.066768603465851,0.06625891946992857,1.0911074933484715e-05,0.06523955147808347,2.0596186391296986e-06,0.06422018348623837,8.900494833381913e-06,0.06320081549439349,7.306742315007741e-06,0.06218144750254839,9.268283876083646e-06,0.06727828746177367,2.1086571781565966e-06,0.06829765545361877,1.301973211164131e-05,0.06931702344546387,2.4077922662206718e-05,0.07033639143730874,8.694532969468943e-05,0.07135575942915384,2.623561837939021e-05,2.0,2.0,2.0,2.0,1.0
22,14:34:30,7,0.06727828746177367,87888.0,0.066768603465851,0.06625891946992857,1.404954143120616e-05,0.06523955147808347,1.9370222915624548e-06,0.06422018348623837,9.145687528516401e-06,0.06320081549439349,7.208665236953946e-06,0.06218144750254839,9.268283876083646e-06,0.06727828746177367,1.6427910574010693e-06,0.06829765545361877,1.3264924806775799e-05,0.06931702344546387,2.4764462208583282e-05,0.07033639143730874,8.728859946787772e-05,0.07135575942915384,2.623561837939021e-05,2.0,1.0,2.0,2.0,2.0
22,14:34:33,7,0.06625891946992857,298221.0,0.066768603465851,0.06625891946992857,1.0886555663971265e-05,0.06523955147808347,1.667310326914518e-06,0.06422018348623837,9.145687528516401e-06,0.06320081549439349,7.208665236953946e-06,0.06218144750254839,1.0298093195648495e-05,0.06727828746177367,4.830296094149413e-06,0.06829765545361877,1.3338482615316144e-05,0.06931702344546387,2.500965490371777e-05,0.07033639143730874,8.728859946787772e-05,0.07135575942915384,2.623561837939021e-05,2.0,1.0,2.0,1.0,2.0
22,14:34:36,7,0.06727828746177367,166463.0,0.066768603465851,0.06625891946992857,8.213955287005347e-06,0.06523955147808347,1.667310326914518e-06,0.06422018348623837,9.145687528516401e-06,0.06320081549439349,7.208665236953946e-06,0.06218144750254839,1.0298093195648495e-05,0.06727828746177367,6.203375186902545e-06,0.06829765545361877,1.3853387275098569e-05,0.06931702344546387,2.520580905982536e-05,0.07033639143730874,8.728859946787772e-05,0.07135575942915384,2.626013764890366e-05,1.0,1.0,2.0,1.0,2.0
22,14:34:39,7,0.06727828746177367,366423.0,0.06778797145769633,0.06727828746177367,5.222604406364593e-06,0.06625891946992857,1.3975983622665813e-05,0.06523955147808347,1.667310326914518e-06,0.06422018348623837,9.145687528516401e-06,0.06320081549439349,7.208665236953946e-06,0.06829765545361877,1.3853387275098569e-05,0.06931702344546387,2.5230328329338812e-05,0.07033639143730874,8.875975563868464e-05,0.07135575942915384,2.626013764890366e-05,0.07237512742099894,3.481736270909729e-05,1.0,1.0,1.0,0.0,1.0
22,14:34:42,7,0.06727828746177367,59683.0,0.06778797145769633,0.06727828746177367,3.923083122151807e-06,0.06625891946992857,1.3975983622665813e-05,0.06523955147808347,1.9615415610759035e-06,0.06422018348623837,9.145687528516401e-06,0.06320081549439349,7.208665236953946e-06,0.06829765545361877,1.5398101254445845e-05,0.06931702344546387,2.545100175495985e-05,0.07033639143730874,8.900494833381912e-05,0.07135575942915384,2.626013764890366e-05,0.07237512742099894,4.217314356313193e-05,1.0,0.0,1.0,0.0,0.0
22,14:34:45,7,0.06727828746177367,64914.0,0.06778797145769633,0.06727828746177367,2.402888412317982e-06,0.06625891946992857,1.3975983622665813e-05,0.06523955147808347,1.9615415610759035e-06,0.06422018348623837,9.145687528516401e-06,0.06320081549439349,7.208665236953946e-06,0.06829765545361877,1.5005792942230663e-05,0.06931702344546387,2.564715591106744e-05,0.07033639143730874,8.888235198625188e-05,0.07135575942915384,2.626013764890366e-05,0.07237512742099894,4.236929771923952e-05,0.0,1.0,1.0,0.0,1.0
22,14:34:48,7,0.06727828746177367,11517.0,0.06778797145769633,0.06727828746177367,2.378369142804533e-06,0.06625891946992857,1.404954143120616e-05,0.06523955147808347,1.9615415610759035e-06,0.06422018348623837,8.900494833381913e-06,0.06320081549439349,7.208665236953946e-06,0.06829765545361877,1.5496178332499638e-05,0.06931702344546387,2.623561837939021e-05,0.07033639143730874,8.64794635739339e-05,0.07135575942915384,2.650533034403815e-05,0.07237512742099894,4.236929771923952e-05,0.0,1.0,1.0,0.0,0.0
22,14:34:51,7,0.06625891946992857,152825.0,0.066768603465851,0.06625891946992857,1.4123099239746507e-05,0.06523955147808347,1.9615415610759035e-06,0.06422018348623837,8.900494833381913e-06,0.06320081549439349,7.208665236953946e-06,0.06218144750254839,9.611553649271928e-06,0.06727828746177367,1.8389452135086597e-06,0.06829765545361877,2.1871188405996324e-05,0.06931702344546387,2.603946422328262e-05,0.07033639143730874,8.64794635739339e-05,0.07135575942915384,2.6382733996470905e-05,1.0,2.0,1.0,1.0,1.0
22,14:34:54,7,0.06727828746177367,260840.0,0.06778797145769633,0.06727828746177367,4.903853902689759e-08,0.06625891946992857,1.3926945083638917e-05,0.06523955147808347,2.010580100102801e-06,0.06422018348623837,8.900494833381913e-06,0.06320081549439349,7.208665236953946e-06,0.06829765545361877,1.856108702168074e-05,0.06931702344546387,2.603946422328262e-05,0.07033639143730874,8.66756177300415e-05,0.07135575942915384,2.6382733996470905e-05,0.07237512742099894,4.236929771923952e-05,1.0,0.0,0.0,0.0,0.0
22,14:34:57,7,0.06727828746177367,3141.0,0.06778797145769633,0.06727828746177367,2.1086571781565966e-06,0.06625891946992857,1.3951464353152364e-05,0.06523955147808347,2.010580100102801e-06,0.06422018348623837,8.900494833381913e-06,0.06320081549439349,7.208665236953946e-06,0.06829765545361877,1.9223107298543855e-05,0.06931702344546387,2.687311938673988e-05,0.07033639143730874,8.66756177300415e-05,0.07135575942915384,2.6382733996470905e-05,0.07237512742099894,4.1314969130161224e-05,0.0,1.0,0.0,0.0,0.0
22,14:35:00,7,0.06625891946992857,114140.0,0.066768603465851,0.06625891946992857,1.694281523379312e-05,0.06523955147808347,2.010580100102801e-06,0.06422018348623837,8.900494833381913e-06,0.06320081549439349,7.208665236953946e-06,0.06218144750254839,9.611553649271928e-06,0.06727828746177367,4.658661207555271e-07,0.06829765545361877,1.873272190827488e-05,0.06931702344546387,2.7608697472143345e-05,0.07033639143730874,8.66756177300415e-05,0.07135575942915384,2.6382733996470905e-05,2.0,2.0,1.0,1.0,1.0
22,14:35:03,7,0.06625891946992857,58581.0,0.066768603465851,0.06625891946992857,1.569233248860723e-05,0.06523955147808347,2.010580100102801e-06,0.06422018348623837,1.1842807174995769e-05,0.06320081549439349,7.208665236953946e-06,0.06218144750254839,9.611553649271928e-06,0.06727828746177367,3.0894279586945484e-06,0.06829765545361877,1.8977914603409367e-05,0.06931702344546387,2.7608697472143345e-05,0.07033639143730874,8.741119581544496e-05,0.07135575942915384,2.6382733996470905e-05,2.0,2.0,1.0,1.0,1.0
22,14:35:06,7,0.06625891946992857,21966.0,0.066768603465851,0.06625891946992857,1.6673103269145183e-05,0.06523955147808347,2.010580100102801e-06,0.06422018348623837,1.1842807174995769e-05,0.06320081549439349,7.208665236953946e-06,0.06218144750254839,9.611553649271928e-06,0.06727828746177367,3.996640930692154e-06,0.06829765545361877,1.954185780221869e-05,0.06931702344546387,2.7608697472143345e-05,0.07033639143730874,8.741119581544496e-05,0.07135575942915384,2.6382733996470905e-05,2.0,2.0,1.0,1.0,1.0
22,14:35:09,7,0.06727828746177367,212538.0,0.06778797145769633,0.06727828746177367,1.2259634756724397e-07,0.06625891946992857,1.6599545460604833e-05,0.06523955147808347,2.010580100102801e-06,0.06422018348623837,1.1842807174995769e-05,0.06320081549439349,7.208665236953946e-06,0.06829765545361877,2.0032243192487667e-05,0.06931702344546387,2.7853890167277833e-05,0.07033639143730874,8.741119581544496e-05,0.07135575942915384,2.6382733996470905e-05,0.07237512742099894,4.168275817286295e-05,0.0,0.0,1.0,0.0,0.0
22,14:35:12,7,0.06625891946992857,171556.0,0.066768603465851,0.06625891946992857,1.2946174303100964e-05,0.06523955147808347,2.010580100102801e-06,0.06422018348623837,1.1842807174995769e-05,0.06320081549439349,7.208665236953946e-06,0.06218144750254839,9.611553649271928e-06,0.06727828746177367,2.9423123416138554e-07,0.06829765545361877,2.052262858275664e-05,0.06931702344546387,2.7780332358737484e-05,0.07033639143730874,8.741119581544496e-05,0.07135575942915384,2.6382733996470905e-05,2.0,2.0,2.0,1.0,1.0
22,14:35:15,7,0.06727828746177367,42910.0,0.06778797145769633,0.06727828746177367,4.315391434366988e-06,0.06625891946992857,1.2529346721372335e-05,0.06523955147808347,1.9615415610759035e-06,0.06422018348623837,1.1842807174995769e-05,0.06320081549439349,7.208665236953946e-06,0.06829765545361877,2.057166712178354e-05,0.06931702344546387,2.7780332358737484e-05,0.07033639143730874,8.733763800690461e-05,0.07135575942915384,2.6382733996470905e-05,0.07237512742099894,4.27125674924278e-05,1.0,0.0,1.0,0.0,0.0
22,14:35:18,7,0.06727828746177367,117264.0,0.06778797145769633,0.06727828746177367,1.8389452135086597e-06,0.06625891946992857,1.2897135764074067e-05,0.06523955147808347,1.9615415610759035e-06,0.06422018348623837,1.1842807174995769e-05,0.06320081549439349,7.208665236953946e-06,0.06829765545361877,2.059618639129699e-05,0.06931702344546387,2.7853890167277833e-05,0.07033639143730874,8.709244531177012e-05,0.07135575942915384,2.6382733996470905e-05,0.07237512742099894,4.2835163839995044e-05,1.0,0.0,1.0,0.0,0.0
22,14:35:21,7,0.06727828746177367,36645.0,0.06778797145769633,0.06727828746177367,1.324040553726235e-06,0.06625891946992857,1.7506758432602442e-05,0.06523955147808347,2.500965490371777e-06,0.06422018348623837,1.1842807174995769e-05,0.06320081549439349,7.208665236953946e-06,0.06829765545361877,2.1601476441348388e-05,0.06931702344546387,2.7853890167277833e-05,0.07033639143730874,8.586648183609768e-05,0.07135575942915384,2.6382733996470905e-05,0.07237512742099894,4.2835163839995044e-05,1.0,0.0,1.0,0.0,0.0
22,14:35:24,7,0.06829765545361877,469383.0,0.066768603465851,0.06625891946992857,1.7506758432602442e-05,0.06523955147808347,2.500965490371777e-06,0.06422018348623837,1.1842807174995769e-05,0.06320081549439349,7.208665236953946e-06,0.06218144750254839,9.611553649271928e-06,0.06727828746177367,7.355780854034639e-08,0.06829765545361877,1.3583675310450633e-05,0.06931702344546387,2.8197159940466115e-05,0.07033639143730874,8.586648183609768e-05,0.07135575942915384,2.6382733996470905e-05,2.0,1.0,2.0,1.0,1.0
22,14:35:27,7,0.06727828746177367,135060.0,0.06778797145769633,0.06727828746177367,9.170206798029849e-06,0.06625891946992857,1.9885127575406975e-05,0.06523955147808347,2.500965490371777e-06,0.06422018348623837,1.1842807174995769e-05,0.06320081549439349,7.208665236953946e-06,0.06829765545361877,1.3706271658017877e-05,0.06931702344546387,2.8197159940466115e-05,0.07033639143730874,8.603811672269182e-05,0.07135575942915384,2.6382733996470905e-05,0.07237512742099894,4.2663528953400904e-05,1.0,0.0,1.0,0.0,0.0
22,14:35:30,7,0.06829765545361877,233504.0,0.06778797145769633,0.06727828746177367,4.5115455904745785e-06,0.06625891946992857,2.013032027054146e-05,0.06523955147808347,2.500965490371777e-06,0.06422018348623837,1.1842807174995769e-05,0.06320081549439349,7.208665236953946e-06,0.06829765545361877,1.5814928836174473e-05,0.06931702344546387,2.8197159940466115e-05,0.07033639143730874,8.395397881404868e-05,0.07135575942915384,2.3930807045126026e-05,0.07237512742099894,4.2663528953400904e-05,0.0,0.0,1.0,1.0,0.0
22,14:35:33,7,0.06727828746177367,72243.0,0.06778797145769633,0.06727828746177367,2.9423123416138553e-06,0.06625891946992857,2.344042165485705e-05,0.06523955147808347,2.500965490371777e-06,0.06422018348623837,1.1842807174995769e-05,0.06320081549439349,7.208665236953946e-06,0.06829765545361877,2.037551296567595e-05,0.06931702344546387,2.8197159940466115e-05,0.07033639143730874,8.383138246648144e-05,0.07135575942915384,2.3930807045126026e-05,0.07237512742099894,4.2663528953400904e-05,0.0,0.0,0.0,1.0,0.0
22,14:35:36,7,0.06829765545361877,167570.0,0.06778797145769633,0.06727828746177367,2.4519269513448794e-07,0.06625891946992857,2.344042165485705e-05,0.06523955147808347,2.500965490371777e-06,0.06422018348623837,1.1842807174995769e-05,0.06320081549439349,7.208665236953946e-06,0.06829765545361877,1.9075991681463163e-05,0.06931702344546387,2.8197159940466115e-05,0.07033639143730874,8.385590173599488e-05,0.07135575942915384,2.5132251251285015e-05,0.07237512742099894,4.2663528953400904e-05,0.0,0.0,0.0,1.0,0.0
22,14:35:39,7,0.06829765545361877,401183.0,0.06727828746177367,0.06625891946992857,2.3489460193883948e-05,0.06523955147808347,2.500965490371777e-06,0.06422018348623837,1.1842807174995769e-05,0.06320081549439349,7.208665236953946e-06,0.06218144750254839,9.685111457812275e-06,0.06829765545361877,1.6207237148389653e-05,0.06931702344546387,2.9079853642950273e-05,0.07033639143730874,8.459147982139834e-05,0.07135575942915384,2.5132251251285015e-05,0.07237512742099894,4.2663528953400904e-05,0.0,2.0,1.0,1.0,1.0
22,14:35:42,7,0.06829765545361877,24098.0,0.06778797145769633,0.06727828746177367,2.4519269513448796e-08,0.06625891946992857,2.34159023853436e-05,0.06523955147808347,2.500965490371777e-06,0.06422018348623837,1.1842807174995769e-05,0.06320081549439349,7.208665236953946e-06,0.06829765545361877,1.547165906298619e-05,0.06931702344546387,2.9472161955165453e-05,0.07033639143730874,8.361070904086039e-05,0.07135575942915384,2.5132251251285015e-05,0.07237512742099894,4.2663528953400904e-05,0.0,1.0,0.0,0.0,0.0
22,14:35:45,7,0.06829765545361877,139349.0,0.06727828746177367,0.06625891946992857,2.34159023853436e-05,0.06523955147808347,2.500965490371777e-06,0.06422018348623837,1.1842807174995769e-05,0.06320081549439349,7.208665236953946e-06,0.06218144750254839,9.660592188298826e-06,0.06829765545361877,1.343655969336994e-05,0.06931702344546387,2.9472161955165453e-05,0.07033639143730874,8.373330538842763e-05,0.07135575942915384,2.5132251251285015e-05,0.07237512742099894,4.2663528953400904e-05,0.0,2.0,1.0,1.0,1.0
22,14:35:48,7,0.06829765545361877,74383.0,0.06727828746177367,0.06625891946992857,2.339138311583015e-05,0.06523955147808347,2.5990425684255725e-06,0.06422018348623837,1.1842807174995769e-05,0.06320081549439349,7.208665236953946e-06,0.06218144750254839,9.660592188298826e-06,0.06829765545361877,1.2308673295751295e-05,0.06931702344546387,3.0232259310082367e-05,0.07033639143730874,8.471407616896559e-05,0.07135575942915384,2.5132251251285015e-05,0.07237512742099894,4.2663528953400904e-05,0.0,2.0,1.0,1.0,1.0
22,14:35:51,7,0.06727828746177367,335040.0,0.066768603465851,0.06625891946992857,1.8046182361898314e-05,0.06523955147808347,2.5990425684255725e-06,0.06422018348623837,1.1842807174995769e-05,0.06320081549439349,7.208665236953946e-06,0.06218144750254839,9.660592188298826e-06,0.06727828746177367,8.949533372408811e-06,0.06829765545361877,1.3338482615316144e-05,0.06931702344546387,3.072264470035134e-05,0.07033639143730874,8.513090375069421e-05,0.07135575942915384,2.5352924676906056e-05,2.0,2.0,1.0,1.0,1.0
22,14:35:54,7,0.06727828746177367,358012.0,0.066768603465851,0.06625891946992857,1.7212527198441055e-05,0.06523955147808347,2.5990425684255725e-06,0.06422018348623837,1.1842807174995769e-05,0.06320081549439349,6.963472541819458e-06,0.06218144750254839,9.660592188298826e-06,0.06727828746177367,2.746158185506265e-06,0.06829765545361877,1.807070163141176e-05,0.06931702344546387,3.072264470035134e-05,0.07033639143730874,8.476311470799248e-05,0.07135575942915384,2.5352924676906056e-05,2.0,2.0,1.0,1.0,1.0
22,14:35:57,7,0.06727828746177367,4188.0,0.066768603465851,0.06625891946992857,1.7212527198441055e-05,0.06523955147808347,2.5990425684255725e-06,0.06422018348623837,1.1842807174995769e-05,0.06320081549439349,6.963472541819458e-06,0.06218144750254839,9.660592188298826e-06,0.06727828746177367,3.2120243062617922e-06,0.06829765545361877,1.807070163141176e-05,0.06931702344546387,3.072264470035134e-05,0.07033639143730874,8.464051836042524e-05,0.07135575942915384,2.5352924676906056e-05,2.0,2.0,1.0,1.0,1.0
22,14:36:00,7,0.06727828746177367,11517.0,0.066768603465851,0.06625891946992857,2.483802001712363e-05,0.06523955147808347,2.1086571781565966e-06,0.06422018348623837,1.1842807174995769e-05,0.06320081549439349,6.963472541819458e-06,0.06218144750254839,9.660592188298826e-06,0.06727828746177367,2.9423123416138553e-06,0.06829765545361877,1.8438490674113494e-05,0.06931702344546387,3.0501971274730303e-05,0.07033639143730874,8.486119178604629e-05,0.07135575942915384,2.5352924676906056e-05,2.0,2.0,1.0,1.0,1.0
22,14:36:03,7,0.06727828746177367,157002.0,0.066768603465851,0.06625891946992857,2.3661095080478087e-05,0.06523955147808347,2.1086571781565966e-06,0.06422018348623837,1.1842807174995769e-05,0.06320081549439349,6.963472541819458e-06,0.06218144750254839,9.660592188298826e-06,0.06727828746177367,4.658661207555271e-07,0.06829765545361877,4.403660804615404e-05,0.06931702344546387,3.0256778579595814e-05,0.07033639143730874,8.770542704960635e-05,0.07135575942915384,2.540196321593295e-05,2.0,1.0,1.0,1.0,1.0
22,14:36:06,7,0.06625891946992857,153832.0,0.06727828746177367,0.06625891946992857,2.177311132794253e-05,0.06523955147808347,2.157695717183494e-06,0.06422018348623837,1.1842807174995769e-05,0.06320081549439349,6.963472541819458e-06,0.06218144750254839,9.587034379758478e-06,0.06829765545361877,4.433083928031542e-05,0.06931702344546387,3.0673606161324445e-05,0.07033639143730874,6.151884720924303e-05,0.07135575942915384,2.540196321593295e-05,0.07237512742099894,4.278612530096815e-05,2.0,0.0,1.0,1.0,1.0
22,14:36:09,7,0.06727828746177367,79572.0,0.06778797145769633,0.06727828746177367,1.1033671281051959e-05,0.06625891946992857,2.2582247221886343e-05,0.06523955147808347,2.157695717183494e-06,0.06422018348623837,1.159761447986128e-05,0.06320081549439349,6.963472541819458e-06,0.06829765545361877,4.521353298279958e-05,0.06931702344546387,3.0673606161324445e-05,0.07033639143730874,6.0783269123839564e-05,0.07135575942915384,2.540196321593295e-05,0.07237512742099894,4.278612530096815e-05,1.0,0.0,0.0,0.0,0.0
22,14:36:12,7,0.06727828746177367,39786.0,0.06778797145769633,0.06727828746177367,1.098463274202506e-05,0.06625891946992857,2.1331764476700452e-05,0.06523955147808347,2.157695717183494e-06,0.06422018348623837,1.159761447986128e-05,0.06320081549439349,6.963472541819458e-06,0.06829765545361877,4.5728437642582005e-05,0.06931702344546387,3.086976031743203e-05,0.07033639143730874,6.0783269123839564e-05,0.07135575942915384,2.5328405407392605e-05,0.07237512742099894,4.2737086761941254e-05,1.0,0.0,0.0,0.0,0.0
22,14:36:15,7,0.06727828746177367,126687.0,0.06778797145769633,0.06727828746177367,1.0028381231000557e-05,0.06625891946992857,2.1209168129133208e-05,0.06523955147808347,2.4274076818314307e-06,0.06422018348623837,1.159761447986128e-05,0.06320081549439349,6.963472541819458e-06,0.06829765545361877,4.5728437642582005e-05,0.06931702344546387,3.111495301256652e-05,0.07033639143730874,6.0783269123839564e-05,0.07135575942915384,2.5573598102527094e-05,0.07237512742099894,4.2737086761941254e-05,1.0,0.0,0.0,0.0,0.0
22,14:36:18,7,0.06727828746177367,5235.0,0.06778797145769633,0.06727828746177367,9.096648989489503e-06,0.06625891946992857,2.1209168129133208e-05,0.06523955147808347,2.4274076818314307e-06,0.06422018348623837,1.159761447986128e-05,0.06320081549439349,6.963472541819458e-06,0.06829765545361877,4.666016988409306e-05,0.06931702344546387,3.111495301256652e-05,0.07033639143730874,6.0783269123839564e-05,0.07135575942915384,2.5573598102527094e-05,0.07237512742099894,4.2737086761941254e-05,0.0,0.0,0.0,0.0,0.0
22,14:36:21,7,0.06829765545361877,12576.0,0.06778797145769633,0.06727828746177367,9.636072918785377e-06,0.06625891946992857,2.1209168129133208e-05,0.06523955147808347,2.4274076818314307e-06,0.06422018348623837,1.2186076948184051e-05,0.06320081549439349,6.963472541819458e-06,0.06829765545361877,4.666016988409306e-05,0.06931702344546387,3.0918798856458934e-05,0.07033639143730874,6.0783269123839564e-05,0.07135575942915384,2.5573598102527094e-05,0.07237512742099894,4.303131799610264e-05,0.0,0.0,0.0,0.0,0.0
22,14:36:24,7,0.06727828746177367,556406.0,0.06778797145769633,0.06727828746177367,7.674531357709473e-06,0.06625891946992857,2.1209168129133208e-05,0.06523955147808347,2.672600376965919e-06,0.06422018348623837,1.2186076948184051e-05,0.06320081549439349,6.963472541819458e-06,0.06829765545361877,3.6509192305525256e-05,0.06931702344546387,3.0918798856458934e-05,0.07033639143730874,6.0783269123839564e-05,0.07135575942915384,2.5573598102527094e-05,0.07237512742099894,4.3668819003452306e-05,0.0,0.0,0.0,0.0,0.0
22,14:36:27,7,0.06727828746177367,4188.0,0.06778797145769633,0.06727828746177367,1.9615415610759035e-06,0.06625891946992857,2.1209168129133208e-05,0.06523955147808347,2.672600376965919e-06,0.06422018348623837,1.2186076948184051e-05,0.06320081549439349,6.963472541819458e-06,0.06829765545361877,3.6754385000659744e-05,0.06931702344546387,3.074716396986479e-05,0.07033639143730874,6.156788574826992e-05,0.07135575942915384,2.5573598102527094e-05,0.07237512742099894,4.415920439372128e-05,0.0,0.0,0.0,0.0,0.0
22,14:36:30,7,0.06727828746177367,68099.0,0.06778797145769633,0.06727828746177367,1.4711561708069277e-06,0.06625891946992857,2.1209168129133208e-05,0.06523955147808347,2.672600376965919e-06,0.06422018348623837,1.243126964331854e-05,0.06320081549439349,6.963472541819458e-06,0.06829765545361877,3.5675537142068e-05,0.06931702344546387,3.074716396986479e-05,0.07033639143730874,6.112653889702784e-05,0.07135575942915384,2.5573598102527094e-05,0.07237512742099894,4.440439708885577e-05,0.0,0.0,1.0,0.0,0.0
22,14:36:33,7,0.06625891946992857,71193.0,0.066768603465851,0.06625891946992857,2.1135610320592862e-05,0.06523955147808347,2.672600376965919e-06,0.06422018348623837,1.243126964331854e-05,0.06320081549439349,6.963472541819458e-06,0.06218144750254839,9.341841684623991e-06,0.06727828746177367,9.072129719976055e-07,0.06829765545361877,3.5896210567689034e-05,0.06931702344546387,3.221832014067172e-05,0.07033639143730874,6.117557743605475e-05,0.07135575942915384,2.5573598102527094e-05,1.0,1.0,2.0,1.0,1.0
22,14:36:36,7,0.06727828746177367,411696.0,0.066768603465851,0.06625891946992857,1.655050692157794e-05,0.06523955147808347,2.672600376965919e-06,0.06422018348623837,1.243126964331854e-05,0.06320081549439349,6.963472541819458e-06,0.06218144750254839,9.341841684623991e-06,0.06727828746177367,1.4711561708069277e-06,0.06829765545361877,3.057552908327065e-05,0.06931702344546387,3.214476233213137e-05,0.07033639143730874,6.117557743605475e-05,0.07135575942915384,2.4347634626854654e-05,1.0,1.0,2.0,1.0,1.0
22,14:36:39,7,0.06829765545361877,103661.0,0.066768603465851,0.06625891946992857,2.4004364853666372e-05,0.06523955147808347,2.672600376965919e-06,0.06422018348623837,1.243126964331854e-05,0.06320081549439349,6.963472541819458e-06,0.06218144750254839,9.341841684623991e-06,0.06727828746177367,2.5745232989121237e-06,0.06829765545361877,3.072264470035134e-05,0.06931702344546387,3.238995502726586e-05,0.07033639143730874,6.117557743605475e-05,0.07135575942915384,2.4347634626854654e-05,1.0,1.0,1.0,1.0,1.0
22,14:36:42,7,0.06727828746177367,2094.0,0.066768603465851,0.06625891946992857,2.4004364853666372e-05,0.06523955147808347,2.672600376965919e-06,0.06422018348623837,1.243126964331854e-05,0.06320081549439349,6.963472541819458e-06,0.06218144750254839,9.341841684623991e-06,0.06727828746177367,5.29616221490494e-06,0.06829765545361877,3.072264470035134e-05,0.06931702344546387,3.238995502726586e-05,0.07033639143730874,6.132269305313544e-05,0.07135575942915384,2.4347634626854654e-05,1.0,1.0,1.0,1.0,1.0
22,14:36:45,7,0.06727828746177367,49192.0,0.066768603465851,0.06625891946992857,4.5262571521826475e-05,0.06523955147808347,2.672600376965919e-06,0.06422018348623837,1.243126964331854e-05,0.06320081549439349,6.963472541819458e-06,0.06218144750254839,9.341841684623991e-06,0.06727828746177367,2.689763865625333e-05,0.06829765545361877,3.194860817602378e-05,0.06931702344546387,3.238995502726586e-05,0.07033639143730874,6.132269305313544e-05,0.07135575942915384,2.4347634626854654e-05,1.0,1.0,2.0,1.0,1.0
22,14:36:48,7,0.06625891946992857,248089.0,0.066768603465851,0.06625891946992857,4.418372366323473e-05,0.06523955147808347,2.672600376965919e-06,0.06422018348623837,1.243126964331854e-05,0.06320081549439349,6.963472541819458e-06,0.06218144750254839,9.341841684623991e-06,0.06727828746177367,2.2729362838967034e-05,0.06829765545361877,3.194860817602378e-05,0.06931702344546387,3.236543575775241e-05,0.07033639143730874,6.132269305313544e-05,0.07135575942915384,2.4347634626854654e-05,1.0,1.0,1.0,1.0,1.0
22,14:36:51,7,0.06625891946992857,211493.0,0.066768603465851,0.06625891946992857,4.6978920387767895e-05,0.06523955147808347,2.5990425684255725e-06,0.06422018348623837,1.243126964331854e-05,0.06320081549439349,6.963472541819458e-06,0.06218144750254839,9.341841684623991e-06,0.06727828746177367,1.9272145837570753e-05,0.06829765545361877,3.194860817602378e-05,0.06931702344546387,3.212024306261792e-05,0.07033639143730874,6.132269305313544e-05,0.07135575942915384,2.4347634626854654e-05,1.0,1.0,1.0,1.0,1.0
22,14:36:54,7,0.06727828746177367,21970.0,0.066768603465851,0.06625891946992857,4.6733727692633407e-05,0.06523955147808347,1.0494247351756085e-05,0.06422018348623837,1.243126964331854e-05,0.06320081549439349,6.963472541819458e-06,0.06218144750254839,9.341841684623991e-06,0.06727828746177367,1.998320465346077e-05,0.06829765545361877,3.1850531097969986e-05,0.06931702344546387,3.197312744553723e-05,0.07033639143730874,6.245057945075409e-05,0.07135575942915384,2.4347634626854654e-05,1.0,1.0,1.0,1.0,1.0
22,14:36:57,7,0.06625891946992857,57563.0,0.066768603465851,0.06625891946992857,4.6194303763337534e-05,0.06523955147808347,1.0494247351756085e-05,0.06422018348623837,1.243126964331854e-05,0.06320081549439349,6.963472541819458e-06,0.06218144750254839,9.341841684623991e-06,0.06727828746177367,1.954185780221869e-05,0.06829765545361877,3.212024306261792e-05,0.06931702344546387,3.319909092120967e-05,0.07033639143730874,6.576068083506967e-05,0.07135575942915384,2.4347634626854654e-05,1.0,1.0,1.0,1.0,2.0
22,14:37:00,7,0.06625891946992857,0.0,0.066768603465851,0.06625891946992857,4.749382504755032e-05,0.06523955147808347,1.0494247351756085e-05,0.06422018348623837,1.243126964331854e-05,0.06320081549439349,6.963472541819458e-06,0.06218144750254839,9.341841684623991e-06,0.06727828746177367,2.2238977448698057e-05,0.06829765545361877,3.212024306261792e-05,0.06931702344546387,3.319909092120967e-05,0.07033639143730874,6.558904594847553e-05,0.07135575942915384,2.4347634626854654e-05,1.0,2.0,1.0,1.0,1.0
22,14:37:03,7,0.06625891946992857,33487.0,0.066768603465851,0.06625891946992857,4.7322190160956174e-05,0.06523955147808347,1.0494247351756085e-05,0.06422018348623837,1.243126964331854e-05,0.06320081549439349,6.963472541819458e-06,0.06218144750254839,9.341841684623991e-06,0.06727828746177367,2.1920226945023223e-05,0.06829765545361877,3.283130187850794e-05,0.06931702344546387,3.319909092120967e-05,0.07033639143730874,6.536837252285448e-05,0.07135575942915384,2.4347634626854654e-05,1.0,2.0,1.0,1.0,1.0
22,14:37:06,7,0.06625891946992857,11506.0,0.066768603465851,0.06625891946992857,4.705247819630824e-05,0.06523955147808347,1.0739440046890572e-05,0.06422018348623837,1.243126964331854e-05,0.06320081549439349,6.963472541819458e-06,0.06218144750254839,9.341841684623991e-06,0.06727828746177367,2.2508689413345993e-05,0.06829765545361877,3.268418626142724e-05,0.06931702344546387,3.3689476311478644e-05,0.07033639143730874,6.534385325334104e-05,0.07135575942915384,2.4347634626854654e-05,1.0,2.0,1.0,1.0,1.0
22,14:37:09,7,0.06625891946992857,66994.0,0.066768603465851,0.06625891946992857,4.7322190160956174e-05,0.06523955147808347,1.0739440046890572e-05,0.06422018348623837,1.2676462338453028e-05,0.06320081549439349,6.963472541819458e-06,0.06218144750254839,9.341841684623991e-06,0.06727828746177367,2.1331764476700452e-05,0.06829765545361877,3.3664957041965196e-05,0.06931702344546387,3.3689476311478644e-05,0.07033639143730874,6.534385325334104e-05,0.07135575942915384,2.4347634626854654e-05,1.0,2.0,1.0,1.0,1.0
22,14:37:12,7,0.06625891946992857,24058.0,0.066768603465851,0.06625891946992857,4.7616421395117564e-05,0.06523955147808347,1.0739440046890572e-05,0.06422018348623837,1.2676462338453028e-05,0.06320081549439349,6.963472541819458e-06,0.06218144750254839,9.341841684623991e-06,0.06727828746177367,2.1331764476700452e-05,0.06829765545361877,3.3664957041965196e-05,0.06931702344546387,3.3689476311478644e-05,0.07033639143730874,6.534385325334104e-05,0.07135575942915384,2.4347634626854654e-05,1.0,1.0,1.0,1.0,1.0
22,14:37:15,7,0.06625891946992857,43937.0,0.066768603465851,0.06625891946992857,4.8499115097601715e-05,0.06523955147808347,1.0739440046890572e-05,0.06422018348623837,1.2676462338453028e-05,0.06320081549439349,6.963472541819458e-06,0.06218144750254839,9.341841684623991e-06,0.06727828746177367,2.2312535257238403e-05,0.06829765545361877,3.4621208552989697e-05,0.06931702344546387,3.3689476311478644e-05,0.07033639143730874,6.534385325334104e-05,0.07135575942915384,2.4347634626854654e-05,2.0,2.0,1.0,1.0,1.0
22,14:37:18,7,0.06625891946992857,0.0,0.066768603465851,0.06625891946992857,4.9357289530572425e-05,0.06523955147808347,1.0739440046890572e-05,0.06422018348623837,1.2676462338453028e-05,0.06320081549439349,6.963472541819458e-06,0.06218144750254839,9.341841684623991e-06,0.06727828746177367,2.4077922662206718e-05,0.06829765545361877,3.479284343958384e-05,0.06931702344546387,3.3689476311478644e-05,0.07033639143730874,6.534385325334104e-05,0.07135575942915384,2.520580905982536e-05,2.0,1.0,1.0,1.0,1.0
22,14:37:21,7,0.06625891946992857,26170.0,0.066768603465851,0.06625891946992857,4.9577962956193466e-05,0.06523955147808347,1.0077419770027456e-05,0.06422018348623837,1.2676462338453028e-05,0.06320081549439349,7.625492818682576e-06,0.06218144750254839,9.341841684623991e-06,0.06727828746177367,2.8589468252681296e-05,0.06829765545361877,3.479284343958384e-05,0.06931702344546387,3.359139923342485e-05,0.07033639143730874,6.595683499117727e-05,0.07135575942915384,2.520580905982536e-05,2.0,1.0,1.0,1.0,1.0
22,14:37:24,7,0.06625891946992857,384177.0,0.066768603465851,0.06625891946992857,4.781257555122515e-05,0.06523955147808347,9.832227074892967e-06,0.06422018348623837,1.2676462338453028e-05,0.06320081549439349,7.625492818682576e-06,0.06218144750254839,9.341841684623991e-06,0.06727828746177367,2.13562837462139e-05,0.06829765545361877,3.479284343958384e-05,0.06931702344546387,3.359139923342485e-05,0.07033639143730874,6.620202768631175e-05,0.07135575942915384,2.520580905982536e-05,2.0,1.0,1.0,1.0,1.0
22,14:37:27,7,0.06625891946992857,615628.0,0.066768603465851,0.06625891946992857,4.759190212560411e-05,0.06523955147808347,9.832227074892967e-06,0.06422018348623837,1.2676462338453028e-05,0.06320081549439349,7.625492818682576e-06,0.06218144750254839,9.341841684623991e-06,0.06727828746177367,6.840876194252214e-06,0.06829765545361877,3.479284343958384e-05,0.06931702344546387,3.359139923342485e-05,0.07033639143730874,6.620202768631175e-05,0.07135575942915384,2.520580905982536e-05,1.0,1.0,1.0,1.0,1.0
22,14:37:30,7,0.06727828746177367,351816.0,0.06778797145769633,0.06727828746177367,1.667310326914518e-06,0.06625891946992857,4.6120745954797185e-05,0.06523955147808347,9.856746344406416e-06,0.06422018348623837,1.2676462338453028e-05,0.06320081549439349,7.625492818682576e-06,0.06829765545361877,3.420438097126107e-05,0.06931702344546387,3.359139923342485e-05,0.07033639143730874,6.642270111193279e-05,0.07135575942915384,2.520580905982536e-05,0.07237512742099894,4.749382504755032e-05,1.0,0.0,0.0,0.0,0.0
22,14:37:33,7,0.06727828746177367,113150.0,0.06778797145769633,0.06727828746177367,2.084137908643148e-06,0.06625891946992857,4.6120745954797185e-05,0.06523955147808347,9.856746344406416e-06,0.06422018348623837,1.2676462338453028e-05,0.06320081549439349,7.625492818682576e-06,0.06829765545361877,3.238995502726586e-05,0.06931702344546387,3.4302458049314865e-05,0.07033639143730874,6.784481874371282e-05,0.07135575942915384,2.5083212712258117e-05,0.07237512742099894,4.749382504755032e-05,0.0,0.0,0.0,0.0,0.0
22,14:37:36,7,0.06727828746177367,37697.0,0.06778797145769633,0.06727828746177367,1.6182717878876205e-06,0.06625891946992857,4.751834431706377e-05,0.06523955147808347,9.856746344406416e-06,0.06422018348623837,1.2676462338453028e-05,0.06320081549439349,7.625492818682576e-06,0.06829765545361877,3.2267358679698614e-05,0.06931702344546387,3.4302458049314865e-05,0.07033639143730874,6.789385728273972e-05,0.07135575942915384,2.5083212712258117e-05,0.07237512742099894,4.749382504755032e-05,0.0,0.0,0.0,0.0,0.0
22,14:37:39,7,0.06829765545361877,325748.0,0.06727828746177367,0.06625891946992857,4.621882303285098e-05,0.06523955147808347,9.856746344406416e-06,0.06422018348623837,1.2676462338453028e-05,0.06320081549439349,7.625492818682576e-06,0.06218144750254839,9.954823422460211e-06,0.06829765545361877,2.9079853642950273e-05,0.06931702344546387,3.4302458049314865e-05,0.07033639143730874,6.789385728273972e-05,0.07135575942915384,2.5083212712258117e-05,0.07237512742099894,4.749382504755032e-05,0.0,0.0,1.0,1.0,1.0
22,14:37:42,7,0.06727828746177367,116318.0,0.066768603465851,0.06625891946992857,4.8106806785386534e-05,0.06523955147808347,1.0494247351756085e-05,0.06422018348623837,1.2676462338453028e-05,0.06320081549439349,7.625492818682576e-06,0.06218144750254839,9.954823422460211e-06,0.06727828746177367,1.9860608305893523e-06,0.06829765545361877,2.6186579840363315e-05,0.06931702344546387,3.4302458049314865e-05,0.07033639143730874,6.777126093517248e-05,0.07135575942915384,2.5083212712258117e-05,1.0,1.0,1.0,1.0,2.0
22,14:37:45,7,0.06727828746177367,273267.0,0.06778797145769633,0.06727828746177367,2.672600376965919e-06,0.06625891946992857,4.835199948052102e-05,0.06523955147808347,1.061684369932333e-05,0.06422018348623837,1.2676462338453028e-05,0.06320081549439349,7.625492818682576e-06,0.06829765545361877,2.6211099109876763e-05,0.06931702344546387,3.4302458049314865e-05,0.07033639143730874,6.777126093517248e-05,0.07135575942915384,2.5083212712258117e-05,0.07237512742099894,4.7935171898792395e-05,0.0,0.0,0.0,0.0,1.0
22,14:37:48,7,0.06727828746177367,186366.0,0.066768603465851,0.06625891946992857,4.719959381338893e-05,0.06523955147808347,3.5798133489635243e-06,0.06422018348623837,1.2676462338453028e-05,0.06320081549439349,7.625492818682576e-06,0.06218144750254839,9.954823422460211e-06,0.06727828746177367,5.590393449066325e-06,0.06829765545361877,2.6358214726957454e-05,0.06931702344546387,3.4302458049314865e-05,0.07033639143730874,6.777126093517248e-05,0.07135575942915384,2.5083212712258117e-05,1.0,1.0,1.0,1.0,2.0
22,14:37:51,7,0.06625891946992857,37687.0,0.066768603465851,0.06625891946992857,4.7076997465821685e-05,0.06523955147808347,3.5798133489635243e-06,0.06422018348623837,1.243126964331854e-05,0.06320081549439349,7.625492818682576e-06,0.06218144750254839,9.954823422460211e-06,0.06727828746177367,4.830296094149413e-06,0.06829765545361877,2.6358214726957454e-05,0.06931702344546387,3.4302458049314865e-05,0.07033639143730874,6.777126093517248e-05,0.07135575942915384,2.5083212712258117e-05,1.0,1.0,1.0,1.0,2.0
22,14:37:54,7,0.06727828746177367,49180.0,0.066768603465851,0.06625891946992857,4.641497718895857e-05,0.06523955147808347,3.5798133489635243e-06,0.06422018348623837,1.243126964331854e-05,0.06320081549439349,7.625492818682576e-06,0.06218144750254839,9.954823422460211e-06,0.06727828746177367,4.560584129501476e-06,0.06829765545361877,2.64808110745247e-05,0.06931702344546387,3.420438097126107e-05,0.07033639143730874,6.794289582176661e-05,0.07135575942915384,2.5083212712258117e-05,1.0,1.0,1.0,1.0,2.0
22,14:37:57,7,0.06625891946992857,309743.0,0.066768603465851,0.06625891946992857,4.2271220641185724e-05,0.06523955147808347,3.5798133489635243e-06,0.06422018348623837,1.243126964331854e-05,0.06320081549439349,7.625492818682576e-06,0.06218144750254839,9.954823422460211e-06,0.06727828746177367,2.8197159940466115e-06,0.06829765545361877,3.15072613247817e-05,0.06931702344546387,3.420438097126107e-05,0.07033639143730874,6.845780048154903e-05,0.07135575942915384,2.5083212712258117e-05,1.0,1.0,1.0,2.0,2.0
22,14:38:00,7,0.06727828746177367,108888.0,0.066768603465851,0.06625891946992857,4.2271220641185724e-05,0.06523955147808347,3.5798133489635243e-06,0.06422018348623837,1.243126964331854e-05,0.06320081549439349,7.625492818682576e-06,0.06218144750254839,9.954823422460211e-06,0.06727828746177367,5.149046597824247e-07,0.06829765545361877,3.5087074673745226e-05,0.06931702344546387,3.420438097126107e-05,0.07033639143730874,6.870299317668352e-05,0.07135575942915384,2.5083212712258117e-05,1.0,1.0,1.0,1.0,2.0
22,14:38:03,7,0.06625891946992857,77423.0,0.066768603465851,0.06625891946992857,4.082458373989225e-05,0.06523955147808347,3.5798133489635243e-06,0.06422018348623837,1.243126964331854e-05,0.06320081549439349,7.625492818682576e-06,0.06218144750254839,9.954823422460211e-06,0.06727828746177367,1.6427910574010693e-06,0.06829765545361877,3.513611321277212e-05,0.06931702344546387,3.420438097126107e-05,0.07033639143730874,6.889914733279111e-05,0.07135575942915384,2.5083212712258117e-05,1.0,1.0,1.0,1.0,1.0
22,14:38:06,7,0.06625891946992857,24067.0,0.066768603465851,0.06625891946992857,4.133948839967467e-05,0.06523955147808347,4.315391434366988e-06,0.06422018348623837,1.243126964331854e-05,0.06320081549439349,7.895204783330513e-06,0.06218144750254839,9.954823422460211e-06,0.06727828746177367,1.6427910574010693e-06,0.06829765545361877,3.513611321277212e-05,0.06931702344546387,3.420438097126107e-05,0.07033639143730874,6.872751244619698e-05,0.07135575942915384,2.5083212712258117e-05,1.0,1.0,1.0,1.0,2.0
22,14:38:09,7,0.06727828746177367,62800.0,0.066768603465851,0.06625891946992857,4.847459582808827e-05,0.06523955147808347,4.560584129501476e-06,0.06422018348623837,1.243126964331854e-05,0.06320081549439349,7.895204783330513e-06,0.06218144750254839,9.954823422460211e-06,0.06727828746177367,4.462507051447681e-06,0.06829765545361877,3.530774809936627e-05,0.06931702344546387,3.420438097126107e-05,0.07033639143730874,6.872751244619698e-05,0.07135575942915384,2.5083212712258117e-05,1.0,1.0,1.0,1.0,2.0
22,14:38:12,7,0.06727828746177367,113066.0,0.066768603465851,0.06625891946992857,4.847459582808827e-05,0.06523955147808347,4.560584129501476e-06,0.06422018348623837,1.243126964331854e-05,0.06320081549439349,7.895204783330513e-06,0.06218144750254839,1.0837517124944367e-05,0.06727828746177367,7.674531357709473e-06,0.06829765545361877,3.552842152498731e-05,0.06931702344546387,3.420438097126107e-05,0.07033639143730874,6.909530148889871e-05,0.07135575942915384,2.5083212712258117e-05,1.0,1.0,1.0,1.0,2.0
22,14:38:15,7,0.06727828746177367,25108.0,0.066768603465851,0.06625891946992857,4.798421043781929e-05,0.06523955147808347,4.805776824635964e-06,0.06422018348623837,1.243126964331854e-05,0.06320081549439349,7.895204783330513e-06,0.06218144750254839,1.0837517124944367e-05,0.06727828746177367,8.262993826032244e-06,0.06829765545361877,3.528322882985282e-05,0.06931702344546387,3.420438097126107e-05,0.07033639143730874,6.909530148889871e-05,0.07135575942915384,2.5083212712258117e-05,1.0,1.0,1.0,1.0,2.0
22,14:38:18,7,0.06727828746177367,30346.0,0.066768603465851,0.06625891946992857,4.756738285609066e-05,0.06523955147808347,4.805776824635964e-06,0.06422018348623837,1.243126964331854e-05,0.06320081549439349,7.895204783330513e-06,0.06218144750254839,4.290872164853539e-06,0.06727828746177367,8.262993826032244e-06,0.06829765545361877,3.528322882985282e-05,0.06931702344546387,3.420438097126107e-05,0.07033639143730874,6.916885929743906e-05,0.07135575942915384,2.5083212712258117e-05,1.0,1.0,1.0,1.0,2.0
22,14:38:21,7,0.06727828746177367,211474.0,0.066768603465851,0.06625891946992857,4.7322190160956174e-05,0.06523955147808347,4.805776824635964e-06,0.06422018348623837,1.243126964331854e-05,0.06320081549439349,7.895204783330513e-06,0.06218144750254839,4.290872164853539e-06,0.06727828746177367,2.4960616364690876e-05,0.06829765545361877,3.528322882985282e-05,0.06931702344546387,3.4228900240774516e-05,0.07033639143730874,6.941405199257355e-05,0.07135575942915384,2.5083212712258117e-05,1.0,1.0,1.0,1.0,2.0
22,14:38:24,7,0.06727828746177367,368518.0,0.066768603465851,0.06625891946992857,4.680728550117375e-05,0.06523955147808347,4.805776824635964e-06,0.06422018348623837,1.243126964331854e-05,0.06320081549439349,7.895204783330513e-06,0.06218144750254839,4.290872164853539e-06,0.06727828746177367,1.9075991681463163e-05,0.06829765545361877,3.528322882985282e-05,0.06931702344546387,3.4228900240774516e-05,0.07033639143730874,6.951212907062734e-05,0.07135575942915384,2.5083212712258117e-05,1.0,1.0,1.0,1.0,2.0
22,14:38:27,7,0.06727828746177367,85852.0,0.066768603465851,0.06625891946992857,4.724863235241583e-05,0.06523955147808347,4.805776824635964e-06,0.06422018348623837,1.243126964331854e-05,0.06320081549439349,7.94424332235741e-06,0.06218144750254839,4.290872164853539e-06,0.06727828746177367,2.0816859816918027e-05,0.06829765545361877,3.528322882985282e-05,0.06931702344546387,3.45721700139628e-05,0.07033639143730874,6.963472541819458e-05,0.07135575942915384,2.5083212712258117e-05,1.0,1.0,1.0,1.0,1.0
22,14:38:30,7,0.06727828746177367,49209.0,0.066768603465851,0.06625891946992857,4.886690414030345e-05,0.06523955147808347,4.805776824635964e-06,0.06422018348623837,1.243126964331854e-05,0.06320081549439349,7.94424332235741e-06,0.06218144750254839,4.290872164853539e-06,0.06727828746177367,2.074330200837768e-05,0.06829765545361877,3.528322882985282e-05,0.06931702344546387,3.45721700139628e-05,0.07033639143730874,6.938953272306009e-05,0.07135575942915384,2.5083212712258117e-05,1.0,1.0,1.0,1.0,1.0
22,14:38:33,7,0.06625891946992857,35569.0,0.066768603465851,0.06625891946992857,4.8401038019547925e-05,0.06523955147808347,4.805776824635964e-06,0.06422018348623837,1.243126964331854e-05,0.06320081549439349,7.94424332235741e-06,0.06218144750254839,4.290872164853539e-06,0.06727828746177367,2.13562837462139e-05,0.06829765545361877,3.543034444693351e-05,0.06931702344546387,3.45721700139628e-05,0.07033639143730874,6.938953272306009e-05,0.07135575942915384,2.5083212712258117e-05,1.0,1.0,1.0,1.0,1.0
22,14:38:36,7,0.06727828746177367,5235.0,0.066768603465851,0.06625891946992857,4.955344368668002e-05,0.06523955147808347,4.805776824635964e-06,0.06422018348623837,1.243126964331854e-05,0.06320081549439349,7.94424332235741e-06,0.06218144750254839,4.290872164853539e-06,0.06727828746177367,2.1331764476700452e-05,0.06829765545361877,3.55774600640142e-05,0.06931702344546387,3.45721700139628e-05,0.07033639143730874,7.181694040489152e-05,0.07135575942915384,2.5083212712258117e-05,1.0,1.0,1.0,1.0,1.0
22,14:38:39,7,0.06727828746177367,233278.0,0.066768603465851,0.06625891946992857,5.026450250257003e-05,0.06523955147808347,4.805776824635964e-06,0.06422018348623837,1.243126964331854e-05,0.06320081549439349,7.94424332235741e-06,0.06218144750254839,4.290872164853539e-06,0.06727828746177367,2.0890417625458373e-05,0.06829765545361877,3.570005641158145e-05,0.06931702344546387,3.45721700139628e-05,0.07033639143730874,7.181694040489152e-05,0.07135575942915384,2.5083212712258117e-05,1.0,1.0,1.0,2.0,1.0
22,14:38:42,7,0.06727828746177367,12554.0,0.066768603465851,0.06625891946992857,5.1000080587973496e-05,0.06523955147808347,4.805776824635964e-06,0.06422018348623837,1.243126964331854e-05,0.06320081549439349,7.94424332235741e-06,0.06218144750254839,4.290872164853539e-06,0.06727828746177367,2.0816859816918027e-05,0.06829765545361877,3.577361422012179e-05,0.06931702344546387,3.45721700139628e-05,0.07033639143730874,7.181694040489152e-05,0.07135575942915384,2.5083212712258117e-05,1.0,1.0,1.0,2.0,1.0
22,14:38:45,7,0.06625891946992857,29298.0,0.066768603465851,0.06625891946992857,5.055873373673142e-05,0.06523955147808347,4.805776824635964e-06,0.06422018348623837,1.243126964331854e-05,0.06320081549439349,7.94424332235741e-06,0.06218144750254839,4.290872164853539e-06,0.06727828746177367,2.098849470351217e-05,0.06829765545361877,3.604332618476973e-05,0.06931702344546387,3.5087074673745226e-05,0.07033639143730874,7.181694040489152e-05,0.07135575942915384,2.5083212712258117e-05,1.0,1.0,1.0,2.0,1.0
22,14:38:48,7,0.06625891946992857,25104.0,0.066768603465851,0.06625891946992857,5.068133008429866e-05,0.06523955147808347,4.805776824635964e-06,0.06422018348623837,1.243126964331854e-05,0.06320081549439349,7.94424332235741e-06,0.06218144750254839,4.290872164853539e-06,0.06727828746177367,2.1895707675509775e-05,0.06829765545361877,3.604332618476973e-05,0.06931702344546387,3.5087074673745226e-05,0.07033639143730874,7.201309456099912e-05,0.07135575942915384,2.5083212712258117e-05,1.0,1.0,1.0,2.0,1.0
22,14:38:51,7,0.06625891946992857,81616.0,0.066768603465851,0.06625891946992857,4.77880562817117e-05,0.06523955147808347,4.805776824635964e-06,0.06422018348623837,1.243126964331854e-05,0.06320081549439349,7.94424332235741e-06,0.06218144750254839,4.290872164853539e-06,0.06727828746177367,2.201830402307702e-05,0.06829765545361877,3.604332618476973e-05,0.06931702344546387,3.528322882985282e-05,0.07033639143730874,7.444050224283055e-05,0.07135575942915384,2.486253928663708e-05,1.0,1.0,1.0,2.0,1.0
22,14:38:54,7,0.06727828746177367,68031.0,0.066768603465851,0.06625891946992857,4.8155845324413436e-05,0.06523955147808347,5.050969519770452e-06,0.06422018348623837,1.243126964331854e-05,0.06320081549439349,7.94424332235741e-06,0.06218144750254839,4.290872164853539e-06,0.06727828746177367,2.1675034249888734e-05,0.06829765545361877,3.702409696530768e-05,0.06931702344546387,3.528322882985282e-05,0.07033639143730874,7.463665639893813e-05,0.07135575942915384,2.486253928663708e-05,1.0,1.0,1.0,2.0,1.0
22,14:38:57,7,0.06625891946992857,10468.0,0.066768603465851,0.06625891946992857,4.7616421395117564e-05,0.06523955147808347,5.050969519770452e-06,0.06422018348623837,1.243126964331854e-05,0.06320081549439349,7.94424332235741e-06,0.06218144750254839,4.290872164853539e-06,0.06727828746177367,2.199378475356357e-05,0.06829765545361877,3.702409696530768e-05,0.06931702344546387,3.528322882985282e-05,0.07033639143730874,7.51270417892071e-05,0.07135575942915384,2.486253928663708e-05,1.0,1.0,2.0,2.0,1.0
22,14:39:00,7,0.06625891946992857,28251.0,0.066768603465851,0.06625891946992857,4.852363436711517e-05,0.06523955147808347,5.1490465978242474e-06,0.06422018348623837,1.243126964331854e-05,0.06320081549439349,7.94424332235741e-06,0.06218144750254839,4.290872164853539e-06,0.06727828746177367,2.177311132794253e-05,0.06829765545361877,3.712217404336148e-05,0.06931702344546387,3.552842152498731e-05,0.07033639143730874,7.757896874055199e-05,0.07135575942915384,2.5352924676906056e-05,1.0,1.0,1.0,2.0,1.0
22,14:39:03,7,0.06625891946992857,18828.0,0.066768603465851,0.06625891946992857,4.808228751587309e-05,0.06523955147808347,5.982701761281507e-06,0.06422018348623837,1.243126964331854e-05,0.06320081549439349,7.94424332235741e-06,0.06218144750254839,4.290872164853539e-06,0.06727828746177367,2.216541964015771e-05,0.06829765545361877,3.717121258238837e-05,0.06931702344546387,3.552842152498731e-05,0.07033639143730874,7.757896874055199e-05,0.07135575942915384,2.5352924676906056e-05,1.0,1.0,1.0,1.0,1.0
22,14:39:06,7,0.06727828746177367,58602.0,0.066768603465851,0.06625891946992857,4.7542863586577215e-05,0.06523955147808347,5.982701761281507e-06,0.06422018348623837,1.243126964331854e-05,0.06320081549439349,7.94424332235741e-06,0.06218144750254839,4.290872164853539e-06,0.06727828746177367,2.2091861831617365e-05,0.06829765545361877,3.717121258238837e-05,0.06931702344546387,3.552842152498731e-05,0.07033639143730874,7.811839266984786e-05,0.07135575942915384,2.5426482485446402e-05,1.0,1.0,1.0,2.0,1.0
22,14:39:09,7,0.06727828746177367,404966.0,0.066768603465851,0.06625891946992857,4.5507764216960964e-05,0.06523955147808347,5.982701761281507e-06,0.06422018348623837,1.243126964331854e-05,0.06320081549439349,8.606263599220527e-06,0.06218144750254839,4.290872164853539e-06,0.06727828746177367,1.8095220900925212e-05,0.06829765545361877,3.717121258238837e-05,0.06931702344546387,3.552842152498731e-05,0.07033639143730874,7.811839266984786e-05,0.07135575942915384,2.5426482485446402e-05,1.0,1.0,1.0,2.0,1.0
22,14:39:12,7,0.06625891946992857,38712.0,0.066768603465851,0.06625891946992857,4.5654879834041655e-05,0.06523955147808347,5.982701761281507e-06,0.06422018348623837,1.243126964331854e-05,0.06320081549439349,8.606263599220527e-06,0.06218144750254839,4.290872164853539e-06,0.06727828746177367,1.787454747530417e-05,0.06829765545361877,3.717121258238837e-05,0.06931702344546387,3.552842152498731e-05,0.07033639143730874,7.640204380390644e-05,0.07135575942915384,2.5426482485446402e-05,1.0,1.0,1.0,2.0,1.0
22,14:39:15,7,0.06727828746177367,149681.0,0.066768603465851,0.06625891946992857,4.467410905350371e-05,0.06523955147808347,6.325971534469789e-06,0.06422018348623837,1.243126964331854e-05,0.06320081549439349,8.606263599220527e-06,0.06218144750254839,4.290872164853539e-06,0.06727828746177367,1.588848664471482e-05,0.06829765545361877,4.4526993436423016e-05,0.06931702344546387,3.5675537142068e-05,0.07033639143730874,7.689242919417542e-05,0.07135575942915384,2.5426482485446402e-05,1.0,1.0,1.0,2.0,1.0
22,14:39:18,7,0.06625891946992857,41857.0,0.066768603465851,0.06625891946992857,4.295776018756229e-05,0.06523955147808347,6.325971534469789e-06,0.06422018348623837,1.243126964331854e-05,0.06320081549439349,8.606263599220527e-06,0.06218144750254839,4.290872164853539e-06,0.06727828746177367,1.650146838255104e-05,0.06829765545361877,4.4526993436423016e-05,0.06931702344546387,3.5675537142068e-05,0.07033639143730874,7.689242919417542e-05,0.07135575942915384,2.5426482485446402e-05,1.0,1.0,1.0,2.0,1.0
22,14:39:21,7,0.06625891946992857,5230.0,0.066768603465851,0.06625891946992857,4.2835163839995044e-05,0.06523955147808347,6.325971534469789e-06,0.06422018348623837,1.243126964331854e-05,0.06320081549439349,8.606263599220527e-06,0.06218144750254839,4.290872164853539e-06,0.06727828746177367,1.7948105283844517e-05,0.06829765545361877,4.484574394009785e-05,0.06931702344546387,3.5675537142068e-05,0.07033639143730874,7.689242919417542e-05,0.07135575942915384,2.5426482485446402e-05,1.0,1.0,1.0,2.0,1.0
22,14:39:24,7,0.06727828746177367,625903.0,0.066768603465851,0.06625891946992857,3.785775212876494e-05,0.06523955147808347,6.325971534469789e-06,0.06422018348623837,1.243126964331854e-05,0.06320081549439349,8.606263599220527e-06,0.06218144750254839,4.7812575551225154e-06,0.06727828746177367,8.998571911435708e-06,0.06829765545361877,4.89404619488438e-05,0.06931702344546387,3.5552940794500756e-05,0.07033639143730874,7.708858335028301e-05,0.07135575942915384,2.5426482485446402e-05,1.0,1.0,1.0,2.0,1.0
22,14:39:27,7,0.06625891946992857,82634.0,0.066768603465851,0.06625891946992857,4.018708273254258e-05,0.06523955147808347,6.325971534469789e-06,0.06422018348623837,1.243126964331854e-05,0.06320081549439349,8.606263599220527e-06,0.06218144750254839,3.7514482355576657e-06,0.06727828746177367,1.4687042438555828e-05,0.06829765545361877,4.876882706224966e-05,0.06931702344546387,3.5087074673745226e-05,0.07033639143730874,7.71866604283368e-05,0.07135575942915384,2.5426482485446402e-05,1.0,2.0,1.0,1.0,1.0
22,14:39:30,7,0.06625891946992857,144429.0,0.066768603465851,0.06625891946992857,3.8789484370275996e-05,0.06523955147808347,6.325971534469789e-06,0.06422018348623837,1.243126964331854e-05,0.06320081549439349,8.606263599220527e-06,0.06218144750254839,3.7514482355576657e-06,0.06727828746177367,1.4270214856827199e-05,0.06829765545361877,5.2642871645374566e-05,0.06931702344546387,3.4768324170070395e-05,0.07033639143730874,7.706406408076956e-05,0.07135575942915384,2.5426482485446402e-05,1.0,1.0,1.0,1.0,1.0
22,14:39:33,7,0.06625891946992857,97297.0,0.066768603465851,0.06625891946992857,3.56264986030411e-05,0.06523955147808347,6.325971534469789e-06,0.06422018348623837,1.243126964331854e-05,0.06320081549439349,8.606263599220527e-06,0.06218144750254839,3.7514482355576657e-06,0.06727828746177367,1.4245695587313751e-05,0.06829765545361877,5.2642871645374566e-05,0.06931702344546387,3.4768324170070395e-05,0.07033639143730874,7.706406408076956e-05,0.07135575942915384,2.5573598102527094e-05,1.0,1.0,1.0,1.0,1.0
22,14:39:36,7,0.06625891946992857,134014.0,0.066768603465851,0.06625891946992857,3.393466900661313e-05,0.06523955147808347,6.325971534469789e-06,0.06422018348623837,1.2921655033587515e-05,0.06320081549439349,8.606263599220527e-06,0.06218144750254839,3.7514482355576657e-06,0.06727828746177367,1.12053061676461e-05,0.06829765545361877,5.2642871645374566e-05,0.06931702344546387,3.4768324170070395e-05,0.07033639143730874,7.71866604283368e-05,0.07135575942915384,2.5573598102527094e-05,1.0,1.0,1.0,1.0,1.0
22,14:39:39,7,0.06625891946992857,36610.0,0.066768603465851,0.06625891946992857,3.449861220542246e-05,0.06523955147808347,7.0615496198732534e-06,0.06422018348623837,1.2921655033587515e-05,0.06320081549439349,8.606263599220527e-06,0.06218144750254839,3.7514482355576657e-06,0.06727828746177367,1.1475018132294036e-05,0.06829765545361877,5.2667390914888014e-05,0.06931702344546387,3.4768324170070395e-05,0.07033639143730874,7.713762188930991e-05,0.07135575942915384,2.5573598102527094e-05,1.0,1.0,2.0,1.0,1.0
22,14:39:42,7,0.06625891946992857,20930.0,0.066768603465851,0.06625891946992857,3.425341951028797e-05,0.06523955147808347,7.0615496198732534e-06,0.06422018348623837,1.2921655033587515e-05,0.06320081549439349,8.606263599220527e-06,0.06218144750254839,3.7514482355576657e-06,0.06727828746177367,1.142597959326714e-05,0.06829765545361877,5.2667390914888014e-05,0.06931702344546387,3.4768324170070395e-05,0.07033639143730874,7.713762188930991e-05,0.07135575942915384,2.5573598102527094e-05,2.0,1.0,2.0,1.0,0.0
22,14:39:45,7,0.06727828746177367,487834.0,0.066768603465851,0.06625891946992857,3.292937895656173e-05,0.06523955147808347,7.0615496198732534e-06,0.06422018348623837,1.2921655033587515e-05,0.06320081549439349,8.606263599220527e-06,0.06218144750254839,3.7514482355576657e-06,0.06727828746177367,5.467797101499081e-06,0.06829765545361877,5.308421849661664e-05,0.06931702344546387,3.4768324170070395e-05,0.07033639143730874,7.73828145844444e-05,0.07135575942915384,2.5573598102527094e-05,1.0,1.0,2.0,1.0,0.0
22,14:39:48,7,0.06727828746177367,83715.0,0.066768603465851,0.06625891946992857,3.256158991386e-05,0.06523955147808347,7.306742315007741e-06,0.06422018348623837,1.2921655033587515e-05,0.06320081549439349,8.606263599220527e-06,0.06218144750254839,3.26106284528869e-06,0.06727828746177367,1.4025022161692712e-05,0.06829765545361877,5.318229557467044e-05,0.06931702344546387,3.4768324170070395e-05,0.07033639143730874,7.858425879060339e-05,0.07135575942915384,2.5573598102527094e-05,1.0,1.0,2.0,1.0,0.0
22,14:39:51,7,0.06625891946992857,379943.0,0.066768603465851,0.06625891946992857,2.5181289790311913e-05,0.06523955147808347,7.306742315007741e-06,0.06422018348623837,1.2921655033587515e-05,0.06320081549439349,8.606263599220527e-06,0.06218144750254839,2.8197159940466115e-06,0.06727828746177367,8.532705790680182e-06,0.06829765545361877,5.318229557467044e-05,0.06931702344546387,3.4768324170070395e-05,0.07033639143730874,7.882945148573787e-05,0.07135575942915384,2.5573598102527094e-05,1.0,1.0,2.0,1.0,0.0
22,14:39:54,7,0.06727828746177367,100495.0,0.066768603465851,0.06625891946992857,2.5500040293986748e-05,0.06523955147808347,7.306742315007741e-06,0.06422018348623837,1.2921655033587515e-05,0.06320081549439349,8.606263599220527e-06,0.06218144750254839,2.8197159940466115e-06,0.06727828746177367,7.3312615845211895e-06,0.06829765545361877,5.318229557467044e-05,0.06931702344546387,3.4768324170070395e-05,0.07033639143730874,7.907464418087236e-05,0.07135575942915384,2.5573598102527094e-05,1.0,2.0,2.0,1.0,0.0
22,14:39:57,7,0.06727828746177367,371685.0,0.06778797145769633,0.06727828746177367,4.290872164853539e-06,0.06625891946992857,2.5696194450094338e-05,0.06523955147808347,7.306742315007741e-06,0.06422018348623837,1.2921655033587515e-05,0.06320081549439349,8.606263599220527e-06,0.06829765545361877,5.318229557467044e-05,0.06931702344546387,3.4768324170070395e-05,0.07033639143730874,7.907464418087236e-05,0.07135575942915384,2.5352924676906056e-05,0.07237512742099894,3.893659998735669e-05,0.0,0.0,1.0,0.0,0.0
22,14:40:00,7,0.06727828746177367,214635.0,0.066768603465851,0.06625891946992857,3.8250060440980123e-05,0.06523955147808347,7.306742315007741e-06,0.06422018348623837,1.2921655033587515e-05,0.06320081549439349,8.606263599220527e-06,0.06218144750254839,2.8197159940466115e-06,0.06727828746177367,2.9177930721004065e-06,0.06829765545361877,5.318229557467044e-05,0.06931702344546387,3.4768324170070395e-05,0.07033639143730874,7.907464418087236e-05,0.07135575942915384,2.5352924676906056e-05,1.0,1.0,2.0,1.0,0.0
22,14:40:03,7,0.06625891946992857,23012.0,0.066768603465851,0.06625891946992857,3.940246610811222e-05,0.06523955147808347,7.306742315007741e-06,0.06422018348623837,1.2921655033587515e-05,0.06320081549439349,8.606263599220527e-06,0.06218144750254839,2.8197159940466115e-06,0.06727828746177367,3.849525313611461e-06,0.06829765545361877,5.330489192223768e-05,0.06931702344546387,3.5258709560339365e-05,0.07033639143730874,7.907464418087236e-05,0.07135575942915384,2.5352924676906056e-05,1.0,1.0,1.0,1.0,0.0
22,14:40:06,7,0.06727828746177367,57541.0,0.066768603465851,0.06625891946992857,3.8397176058060815e-05,0.06523955147808347,6.938953272306009e-06,0.06422018348623837,1.3068770650668208e-05,0.06320081549439349,8.606263599220527e-06,0.06218144750254839,2.8197159940466115e-06,0.06727828746177367,3.8740445831249095e-06,0.06829765545361877,5.330489192223768e-05,0.06931702344546387,3.5258709560339365e-05,0.07033639143730874,7.907464418087236e-05,0.07135575942915384,2.5107731981771567e-05,1.0,1.0,2.0,1.0,0.0
22,14:40:09,7,0.06727828746177367,154824.0,0.066768603465851,0.06625891946992857,3.5945249106715936e-05,0.06523955147808347,6.889914733279112e-06,0.06422018348623837,1.324040553726235e-05,0.06320081549439349,8.606263599220527e-06,0.06218144750254839,2.8197159940466115e-06,0.06727828746177367,3.236543575775241e-06,0.06829765545361877,5.350104607834527e-05,0.06931702344546387,3.530774809936627e-05,0.07033639143730874,7.907464418087236e-05,0.07135575942915384,2.5107731981771567e-05,2.0,2.0,2.0,1.0,0.0
22,14:40:12,7,0.06625891946992857,6276.0,0.066768603465851,0.06625891946992857,3.5798133489635244e-05,0.06523955147808347,6.840876194252214e-06,0.06422018348623837,1.324040553726235e-05,0.06320081549439349,8.606263599220527e-06,0.06218144750254839,2.8197159940466115e-06,0.06727828746177367,6.031740300308404e-06,0.06829765545361877,5.3672680964939416e-05,0.06931702344546387,3.530774809936627e-05,0.07033639143730874,7.907464418087236e-05,0.07135575942915384,2.5107731981771567e-05,1.0,2.0,2.0,1.0,0.0
22,14:40:15,7,0.06625891946992857,21966.0,0.066768603465851,0.06625891946992857,3.626399961039077e-05,0.06523955147808347,7.086068889386702e-06,0.06422018348623837,1.324040553726235e-05,0.06320081549439349,8.606263599220527e-06,0.06218144750254839,2.8197159940466115e-06,0.06727828746177367,6.399529343010135e-06,0.06829765545361877,5.3672680964939416e-05,0.06931702344546387,3.530774809936627e-05,0.07033639143730874,7.907464418087236e-05,0.07135575942915384,2.608850276230952e-05,1.0,2.0,2.0,1.0,0.0
22,14:40:18,7,0.06727828746177367,92136.0,0.066768603465851,0.06625891946992857,3.670534646163285e-05,0.06523955147808347,7.086068889386702e-06,0.06422018348623837,1.324040553726235e-05,0.06320081549439349,8.606263599220527e-06,0.06218144750254839,2.8197159940466115e-06,0.06727828746177367,5.001930980743554e-06,0.06829765545361877,5.3672680964939416e-05,0.06931702344546387,3.530774809936627e-05,0.07033639143730874,7.907464418087236e-05,0.07135575942915384,2.608850276230952e-05,1.0,2.0,2.0,1.0,0.0
22,14:40:21,7,0.06727828746177367,103598.0,0.066768603465851,0.06625891946992857,4.195247013751089e-05,0.06523955147808347,6.840876194252214e-06,0.06422018348623837,1.324040553726235e-05,0.06320081549439349,8.606263599220527e-06,0.06218144750254839,3.3101013843155873e-06,0.06727828746177367,3.923083122151807e-06,0.06829765545361877,5.372171950396631e-05,0.06931702344546387,3.545486371644696e-05,0.07033639143730874,7.907464418087236e-05,0.07135575942915384,2.608850276230952e-05,1.0,2.0,2.0,1.0,0.0
22,14:40:24,7,0.06829765545361877,295239.0,0.06727828746177367,0.06625891946992857,4.136400766918812e-05,0.06523955147808347,6.30145226495634e-06,0.06422018348623837,1.324040553726235e-05,0.06320081549439349,8.606263599220527e-06,0.06218144750254839,3.3101013843155873e-06,0.06829765545361877,5.5045760057692544e-05,0.06931702344546387,3.545486371644696e-05,0.07033639143730874,7.907464418087236e-05,0.07135575942915384,2.608850276230952e-05,0.07237512742099894,3.908371560443738e-05,2.0,2.0,1.0,1.0,0.0
22,14:40:27,7,0.06727828746177367,62818.0,0.066768603465851,0.06625891946992857,4.182987378994365e-05,0.06523955147808347,6.30145226495634e-06,0.06422018348623837,1.324040553726235e-05,0.06320081549439349,8.606263599220527e-06,0.06218144750254839,3.3101013843155873e-06,0.06727828746177367,2.280292064750738e-06,0.06829765545361877,5.560970325650187e-05,0.06931702344546387,4.2835163839995044e-05,0.07033639143730874,7.895204783330512e-05,0.07135575942915384,2.608850276230952e-05,2.0,2.0,1.0,1.0,0.0
22,14:40:30,7,0.06829765545361877,269243.0,0.066768603465851,0.06625891946992857,4.182987378994365e-05,0.06523955147808347,6.30145226495634e-06,0.06422018348623837,1.324040553726235e-05,0.06320081549439349,8.606263599220527e-06,0.06218144750254839,3.7759675050711145e-06,0.06727828746177367,2.4519269513448794e-07,0.06829765545361877,5.173565867337696e-05,0.06931702344546387,4.298227945707574e-05,0.07033639143730874,7.914820198941271e-05,0.07135575942915384,2.608850276230952e-05,2.0,2.0,1.0,1.0,0.0
22,14:40:33,7,0.06727828746177367,29293.0,0.066768603465851,0.06625891946992857,4.151112328626881e-05,0.06523955147808347,6.30145226495634e-06,0.06422018348623837,1.324040553726235e-05,0.06320081549439349,8.606263599220527e-06,0.06218144750254839,3.7759675050711145e-06,0.06727828746177367,1.1033671281051959e-06,0.06829765545361877,5.173565867337696e-05,0.06931702344546387,4.303131799610264e-05,0.07033639143730874,7.841262390400925e-05,0.07135575942915384,2.608850276230952e-05,2.0,1.0,1.0,1.0,0.0
22,14:40:36,7,0.06625891946992857,12555.0,0.066768603465851,0.06625891946992857,4.109429570454018e-05,0.06523955147808347,6.0562595698218525e-06,0.06422018348623837,1.324040553726235e-05,0.06320081549439349,8.606263599220527e-06,0.06218144750254839,3.7759675050711145e-06,0.06727828746177367,1.3485598232396838e-06,0.06829765545361877,5.173565867337696e-05,0.06931702344546387,4.28596831095085e-05,0.07033639143730874,7.998185715286997e-05,0.07135575942915384,2.608850276230952e-05,2.0,2.0,1.0,1.0,0.0
22,14:40:39,7,0.06727828746177367,172814.0,0.06778797145769633,0.06727828746177367,1.6918295964279668e-06,0.06625891946992857,4.1560161825295706e-05,0.06523955147808347,6.0562595698218525e-06,0.06422018348623837,1.324040553726235e-05,0.06320081549439349,8.606263599220527e-06,0.06829765545361877,5.151498524775592e-05,0.06931702344546387,4.28596831095085e-05,0.07033639143730874,7.998185715286997e-05,0.07135575942915384,2.608850276230952e-05,0.07237512742099894,3.908371560443738e-05,1.0,1.0,0.0,0.0,0.0
22,14:40:42,7,0.06727828746177367,57585.0,0.06778797145769633,0.06727828746177367,5.884624683227711e-07,0.06625891946992857,4.1314969130161224e-05,0.06523955147808347,6.0562595698218525e-06,0.06422018348623837,1.324040553726235e-05,0.06320081549439349,8.606263599220527e-06,0.06829765545361877,5.475152882353116e-05,0.06931702344546387,4.310487580464298e-05,0.07033639143730874,8.03496461955717e-05,0.07135575942915384,2.608850276230952e-05,0.07237512742099894,3.908371560443738e-05,1.0,1.0,0.0,0.0,0.0
22,14:40:45,7,0.06727828746177367,26175.0,0.06778797145769633,0.06727828746177367,1.1278863976186446e-06,0.06625891946992857,4.229573991069917e-05,0.06523955147808347,7.306742315007741e-06,0.06422018348623837,1.324040553726235e-05,0.06320081549439349,8.606263599220527e-06,0.06829765545361877,5.475152882353116e-05,0.06931702344546387,4.310487580464298e-05,0.07033639143730874,8.03496461955717e-05,0.07135575942915384,2.608850276230952e-05,0.07237512742099894,3.908371560443738e-05,1.0,1.0,0.0,0.0,0.0
22,14:40:48,7,0.06829765545361877,42953.0,0.06778797145769633,0.06727828746177367,1.0052900500514005e-06,0.06625891946992857,4.229573991069917e-05,0.06523955147808347,8.459147982139834e-06,0.06422018348623837,1.324040553726235e-05,0.06320081549439349,8.606263599220527e-06,0.06829765545361877,5.524191421380014e-05,0.06931702344546387,4.310487580464298e-05,0.07033639143730874,8.047224254313895e-05,0.07135575942915384,2.608850276230952e-05,0.07237512742099894,3.908371560443738e-05,0.0,1.0,0.0,0.0,0.0
22,14:40:51,7,0.06727828746177367,248344.0,0.06778797145769633,0.06727828746177367,5.639431988093223e-07,0.06625891946992857,4.229573991069917e-05,0.06523955147808347,8.213955287005347e-06,0.06422018348623837,1.324040553726235e-05,0.06320081549439349,8.606263599220527e-06,0.06829765545361877,5.0460656658677623e-05,0.06931702344546387,4.310487580464298e-05,0.07033639143730874,8.047224254313895e-05,0.07135575942915384,2.608850276230952e-05,0.07237512742099894,3.908371560443738e-05,1.0,1.0,0.0,0.0,0.0
22,14:40:54,7,0.06727828746177367,42932.0,0.06778797145769633,0.06727828746177367,6.129817378362199e-07,0.06625891946992857,4.222218210215883e-05,0.06523955147808347,8.213955287005347e-06,0.06422018348623837,1.324040553726235e-05,0.06320081549439349,8.606263599220527e-06,0.06829765545361877,5.063229154527176e-05,0.06931702344546387,4.310487580464298e-05,0.07033639143730874,8.267897679934934e-05,0.07135575942915384,2.608850276230952e-05,0.07237512742099894,3.908371560443738e-05,1.0,1.0,0.0,0.0,0.0
22,14:40:57,7,0.06727828746177367,20940.0,0.06778797145769633,0.06727828746177367,1.4956754403203766e-06,0.06625891946992857,4.222218210215883e-05,0.06523955147808347,8.213955287005347e-06,0.06422018348623837,1.324040553726235e-05,0.06320081549439349,8.606263599220527e-06,0.06829765545361877,5.0779407162352455e-05,0.06931702344546387,4.3448145577831265e-05,0.07033639143730874,8.267897679934934e-05,0.07135575942915384,2.608850276230952e-05,0.07237512742099894,3.908371560443738e-05,1.0,0.0,0.0,0.0,0.0
22,14:41:00,7,0.06829765545361877,1048.0,0.06778797145769633,0.06727828746177367,1.4956754403203766e-06,0.06625891946992857,4.229573991069917e-05,0.06523955147808347,8.213955287005347e-06,0.06422018348623837,1.324040553726235e-05,0.06320081549439349,8.606263599220527e-06,0.06829765545361877,5.1000080587973496e-05,0.06931702344546387,4.3448145577831265e-05,0.07033639143730874,8.267897679934934e-05,0.07135575942915384,2.608850276230952e-05,0.07237512742099894,3.908371560443738e-05,1.0,0.0,0.0,0.0,0.0
22,14:41:03,7,0.06727828746177367,64914.0,0.066768603465851,0.06625891946992857,4.229573991069917e-05,0.06523955147808347,8.213955287005347e-06,0.06422018348623837,1.3363001884829594e-05,0.06320081549439349,8.606263599220527e-06,0.06218144750254839,3.7759675050711145e-06,0.06727828746177367,3.7759675050711145e-06,0.06829765545361877,5.838038071152158e-05,0.06931702344546387,4.3840453890046445e-05,0.07033639143730874,8.267897679934934e-05,0.07135575942915384,2.608850276230952e-05,2.0,1.0,1.0,0.0,0.0
22,14:41:06,7,0.06727828746177367,176943.0,0.06778797145769633,0.06727828746177367,3.2120243062617922e-06,0.06625891946992857,4.229573991069917e-05,0.06523955147808347,7.0615496198732534e-06,0.06422018348623837,1.3363001884829594e-05,0.06320081549439349,8.606263599220527e-06,0.06829765545361877,5.862557340665607e-05,0.06931702344546387,4.3840453890046445e-05,0.07033639143730874,8.285061168594348e-05,0.07135575942915384,2.608850276230952e-05,0.07237512742099894,3.932890829957187e-05,1.0,0.0,0.0,0.0,0.0
22,14:41:09,7,0.06727828746177367,0.0,0.06778797145769633,0.06727828746177367,3.5798133489635243e-06,0.06625891946992857,4.558132202550131e-05,0.06523955147808347,7.0615496198732534e-06,0.06422018348623837,1.3363001884829594e-05,0.06320081549439349,8.606263599220527e-06,0.06829765545361877,5.901788171887125e-05,0.06931702344546387,4.393853096810024e-05,0.07033639143730874,8.297320803351073e-05,0.07135575942915384,2.608850276230952e-05,0.07237512742099894,3.932890829957187e-05,1.0,0.0,0.0,0.0,0.0
22,14:41:12,7,0.06727828746177367,23051.0,0.06778797145769633,0.06727828746177367,3.947602391665256e-06,0.06625891946992857,4.558132202550131e-05,0.06523955147808347,7.0615496198732534e-06,0.06422018348623837,1.3363001884829594e-05,0.06320081549439349,8.606263599220527e-06,0.06829765545361877,5.869913121519642e-05,0.06931702344546387,4.393853096810024e-05,0.07033639143730874,8.297320803351073e-05,0.07135575942915384,2.608850276230952e-05,0.07237512742099894,3.932890829957187e-05,0.0,0.0,0.0,0.0,0.0
22,14:41:15,7,0.06727828746177367,63867.0,0.06778797145769633,0.06727828746177367,1.6967334503306566e-05,0.06625891946992857,4.460055124496336e-05,0.06523955147808347,6.325971534469789e-06,0.06422018348623837,1.3363001884829594e-05,0.06320081549439349,8.851456294355016e-06,0.06829765545361877,5.9827017612815064e-05,0.06931702344546387,4.393853096810024e-05,0.07033639143730874,8.42727293177235e-05,0.07135575942915384,2.626013764890366e-05,0.07237512742099894,3.932890829957187e-05,0.0,0.0,0.0,0.0,0.0
22,14:41:18,7,0.06727828746177367,210488.0,0.06778797145769633,0.06727828746177367,1.3485598232396838e-05,0.06625891946992857,4.460055124496336e-05,0.06523955147808347,6.325971534469789e-06,0.06422018348623837,1.3363001884829594e-05,0.06320081549439349,8.851456294355016e-06,0.06829765545361877,5.9140478066438493e-05,0.06931702344546387,4.393853096810024e-05,0.07033639143730874,8.432176785675041e-05,0.07135575942915384,2.626013764890366e-05,0.07237512742099894,3.932890829957187e-05,0.0,0.0,0.0,0.0,0.0
22,14:41:21,7,0.06727828746177367,179171.0,0.06778797145769633,0.06727828746177367,1.3926945083638917e-05,0.06625891946992857,4.261449041437401e-05,0.06523955147808347,6.325971534469789e-06,0.06422018348623837,1.3363001884829594e-05,0.06320081549439349,8.851456294355016e-06,0.06829765545361877,5.600201156871705e-05,0.06931702344546387,4.37668960815061e-05,0.07033639143730874,8.530253863728835e-05,0.07135575942915384,2.626013764890366e-05,0.07237512742099894,3.932890829957187e-05,0.0,0.0,0.0,0.0,0.0
22,14:41:24,7,0.06829765545361877,828431.0,0.06778797145769633,0.06727828746177367,2.868754533073509e-06,0.06625891946992857,4.506641736571889e-05,0.06523955147808347,6.325971534469789e-06,0.06422018348623837,1.3363001884829594e-05,0.06320081549439349,8.851456294355016e-06,0.06829765545361877,5.119623474408108e-05,0.06931702344546387,4.37668960815061e-05,0.07033639143730874,8.547417352388251e-05,0.07135575942915384,2.626013764890366e-05,0.07237512742099894,3.932890829957187e-05,0.0,0.0,0.0,0.0,0.0
22,14:41:27,7,0.06727828746177367,128781.0,0.066768603465851,0.06625891946992857,4.540968713890717e-05,0.06523955147808347,6.325971534469789e-06,0.06422018348623837,1.3363001884829594e-05,0.06320081549439349,8.851456294355016e-06,0.06218144750254839,3.6533711575038706e-06,0.06727828746177367,1.9247626568057306e-05,0.06829765545361877,5.126979255262143e-05,0.06931702344546387,4.425728147177507e-05,0.07033639143730874,8.549869279339595e-05,0.07135575942915384,2.626013764890366e-05,1.0,1.0,1.0,0.0,0.0
22,14:41:30,7,0.06727828746177367,87939.0,0.066768603465851,0.06625891946992857,4.523805225231303e-05,0.06523955147808347,6.325971534469789e-06,0.06422018348623837,1.3363001884829594e-05,0.06320081549439349,8.851456294355016e-06,0.06218144750254839,3.6533711575038706e-06,0.06727828746177367,1.968897341929938e-05,0.06829765545361877,5.2495756028293875e-05,0.06931702344546387,4.575295691209545e-05,0.07033639143730874,8.554773133242284e-05,0.07135575942915384,2.650533034403815e-05,1.0,1.0,1.0,0.0,0.0
22,14:41:33,7,0.06727828746177367,53357.0,0.066768603465851,0.06625891946992857,4.425728147177507e-05,0.06523955147808347,6.325971534469789e-06,0.06422018348623837,1.3363001884829594e-05,0.06320081549439349,8.851456294355016e-06,0.06218144750254839,3.6533711575038706e-06,0.06727828746177367,2.2435131604805647e-05,0.06829765545361877,5.519287567477324e-05,0.06931702344546387,4.575295691209545e-05,0.07033639143730874,8.554773133242284e-05,0.07135575942915384,2.650533034403815e-05,1.0,1.0,1.0,0.0,0.0
22,14:41:36,7,0.06727828746177367,29299.0,0.066768603465851,0.06625891946992857,4.3668819003452306e-05,0.06523955147808347,6.325971534469789e-06,0.06422018348623837,1.3363001884829594e-05,0.06320081549439349,8.851456294355016e-06,0.06218144750254839,3.6533711575038706e-06,0.06727828746177367,2.3317825307289805e-05,0.06829765545361877,5.575681887358256e-05,0.06931702344546387,4.575295691209545e-05,0.07033639143730874,8.544965425436905e-05,0.07135575942915384,2.650533034403815e-05,1.0,1.0,1.0,0.0,0.0
22,14:41:39,7,0.06727828746177367,292063.0,0.066768603465851,0.06625891946992857,4.955344368668002e-05,0.06523955147808347,6.325971534469789e-06,0.06422018348623837,1.3363001884829594e-05,0.06320081549439349,8.851456294355016e-06,0.06218144750254839,3.6533711575038706e-06,0.06727828746177367,1.787454747530417e-05,0.06829765545361877,5.583037668212291e-05,0.06931702344546387,4.575295691209545e-05,0.07033639143730874,8.544965425436905e-05,0.07135575942915384,2.670148450014574e-05,1.0,1.0,1.0,0.0,0.0
22,14:41:42,7,0.06727828746177367,0.0,0.066768603465851,0.06625891946992857,4.965152076473381e-05,0.06523955147808347,6.325971534469789e-06,0.06422018348623837,1.3363001884829594e-05,0.06320081549439349,8.851456294355016e-06,0.06218144750254839,3.6533711575038706e-06,0.06727828746177367,1.9198588029030408e-05,0.06829765545361877,5.59284537601767e-05,0.06931702344546387,4.609622668528374e-05,0.07033639143730874,8.544965425436905e-05,0.07135575942915384,2.7191869890414714e-05,1.0,1.0,0.0,0.0,0.0
22,14:41:45,7,0.06625891946992857,17782.0,0.066768603465851,0.06625891946992857,4.923469318300518e-05,0.06523955147808347,6.325971534469789e-06,0.06422018348623837,1.3363001884829594e-05,0.06320081549439349,8.851456294355016e-06,0.06218144750254839,3.6533711575038706e-06,0.06727828746177367,1.9223107298543855e-05,0.06829765545361877,5.59284537601767e-05,0.06931702344546387,4.585103399014925e-05,0.07033639143730874,8.275253460788969e-05,0.07135575942915384,2.7191869890414714e-05,1.0,1.0,0.0,0.0,0.0
22,14:41:48,7,0.06625891946992857,71187.0,0.066768603465851,0.06625891946992857,4.938180880008587e-05,0.06523955147808347,6.325971534469789e-06,0.06422018348623837,1.3363001884829594e-05,0.06320081549439349,8.851456294355016e-06,0.06218144750254839,3.6533711575038706e-06,0.06727828746177367,2.1062052512052516e-05,0.06829765545361877,5.617364645531119e-05,0.06931702344546387,4.585103399014925e-05,0.07033639143730874,8.275253460788969e-05,0.07135575942915384,2.7191869890414714e-05,1.0,1.0,0.0,0.0,0.0
22,14:41:51,7,0.06625891946992857,372694.0,0.066768603465851,0.06625891946992857,4.347266484734471e-05,0.06523955147808347,6.325971534469789e-06,0.06422018348623837,1.3363001884829594e-05,0.06320081549439349,9.341841684623991e-06,0.06218144750254839,3.6533711575038706e-06,0.06727828746177367,1.343655969336994e-05,0.06829765545361877,5.666403184558017e-05,0.06931702344546387,4.585103399014925e-05,0.07033639143730874,8.287513095545694e-05,0.07135575942915384,2.7191869890414714e-05,1.0,1.0,0.0,0.0,0.0
22,14:41:54,7,0.06625891946992857,29293.0,0.066768603465851,0.06625891946992857,4.315391434366988e-05,0.06523955147808347,6.963472541819458e-06,0.06422018348623837,1.3363001884829594e-05,0.06320081549439349,9.341841684623991e-06,0.06218144750254839,3.6533711575038706e-06,0.06727828746177367,1.7384162085035198e-05,0.06829765545361877,5.6516916228499475e-05,0.06931702344546387,4.585103399014925e-05,0.07033639143730874,8.275253460788969e-05,0.07135575942915384,2.7191869890414714e-05,1.0,1.0,0.0,0.0,0.0
22,14:41:57,7,0.06625891946992857,24065.0,0.066768603465851,0.06625891946992857,4.2418336258266416e-05,0.06523955147808347,6.963472541819458e-06,0.06422018348623837,1.3363001884829594e-05,0.06320081549439349,9.341841684623991e-06,0.06218144750254839,3.6533711575038706e-06,0.06727828746177367,1.6869257425252773e-05,0.06829765545361877,5.678662819314741e-05,0.06931702344546387,4.585103399014925e-05,0.07033639143730874,8.280157314691659e-05,0.07135575942915384,2.7191869890414714e-05,1.0,1.0,0.0,0.0,0.0
22,14:42:00,7,0.06625891946992857,85772.0,0.066768603465851,0.06625891946992857,4.8964981218357244e-05,0.06523955147808347,6.963472541819458e-06,0.06422018348623837,1.3363001884829594e-05,0.06320081549439349,9.341841684623991e-06,0.06218144750254839,4.094718008745949e-06,0.06727828746177367,1.772743185822348e-05,0.06829765545361877,5.678662819314741e-05,0.06931702344546387,4.585103399014925e-05,0.07033639143730874,8.363522831037384e-05,0.07135575942915384,2.7191869890414714e-05,1.0,1.0,0.0,0.0,0.0
22,14:42:03,7,0.06727828746177367,12564.0,0.066768603465851,0.06625891946992857,4.822940313295378e-05,0.06523955147808347,6.963472541819458e-06,0.06422018348623837,1.3363001884829594e-05,0.06320081549439349,9.341841684623991e-06,0.06218144750254839,4.094718008745949e-06,0.06727828746177367,1.7433200624062093e-05,0.06829765545361877,5.188277429045765e-05,0.06931702344546387,4.585103399014925e-05,0.07033639143730874,8.36597475798873e-05,0.07135575942915384,2.7191869890414714e-05,1.0,1.0,0.0,0.0,0.0
22,14:42:06,7,0.06625891946992857,121386.0,0.066768603465851,0.06625891946992857,4.680728550117375e-05,0.06523955147808347,6.963472541819458e-06,0.06422018348623837,1.3363001884829594e-05,0.06320081549439349,9.341841684623991e-06,0.06218144750254839,4.315391434366988e-06,0.06727828746177367,1.9198588029030408e-05,0.06829765545361877,5.1858255020944206e-05,0.06931702344546387,4.585103399014925e-05,0.07033639143730874,8.36597475798873e-05,0.07135575942915384,2.7191869890414714e-05,1.0,1.0,0.0,0.0,0.0
22,14:42:09,7,0.06625891946992857,58596.0,0.066768603465851,0.06625891946992857,4.7322190160956174e-05,0.06523955147808347,7.012511080846356e-06,0.06422018348623837,1.3363001884829594e-05,0.06320081549439349,9.341841684623991e-06,0.06218144750254839,4.315391434366988e-06,0.06727828746177367,1.895339533389592e-05,0.06829765545361877,5.558518398698842e-05,0.06931702344546387,4.585103399014925e-05,0.07033639143730874,8.36597475798873e-05,0.07135575942915384,2.7191869890414714e-05,1.0,1.0,0.0,0.0,0.0
22,14:42:12,7,0.06625891946992857,154808.0,0.066768603465851,0.06625891946992857,4.411016585469438e-05,0.06523955147808347,7.012511080846356e-06,0.06422018348623837,1.3363001884829594e-05,0.06320081549439349,9.341841684623991e-06,0.06218144750254839,4.315391434366988e-06,0.06727828746177367,1.9394742185137998e-05,0.06829765545361877,5.617364645531119e-05,0.06931702344546387,4.585103399014925e-05,0.07033639143730874,8.719052238982391e-05,0.07135575942915384,2.7191869890414714e-05,1.0,0.0,0.0,0.0,0.0
22,14:42:15,7,0.06625891946992857,26150.0,0.066768603465851,0.06625891946992857,4.349718411685817e-05,0.06523955147808347,7.012511080846356e-06,0.06422018348623837,1.32158862677489e-05,0.06320081549439349,9.341841684623991e-06,0.06218144750254839,4.315391434366988e-06,0.06727828746177367,2.564715591106744e-05,0.06829765545361877,5.649239695898603e-05,0.06931702344546387,4.585103399014925e-05,0.07033639143730874,8.721504165933737e-05,0.07135575942915384,2.7191869890414714e-05,1.0,0.0,0.0,0.0,0.0
22,14:42:18,7,0.06625891946992857,31380.0,0.066768603465851,0.06625891946992857,4.254093260583366e-05,0.06523955147808347,7.012511080846356e-06,0.06422018348623837,1.32158862677489e-05,0.06320081549439349,9.341841684623991e-06,0.06218144750254839,4.315391434366988e-06,0.06727828746177367,2.9717354650299942e-05,0.06829765545361877,5.6271723533364987e-05,0.06931702344546387,4.614526522431063e-05,0.07033639143730874,8.721504165933737e-05,0.07135575942915384,2.7191869890414714e-05,1.0,0.0,0.0,0.0,0.0
22,14:42:21,7,0.06625891946992857,179919.0,0.066768603465851,0.06625891946992857,3.86914072922222e-05,0.06523955147808347,7.012511080846356e-06,0.06422018348623837,1.32158862677489e-05,0.06320081549439349,9.341841684623991e-06,0.06218144750254839,4.315391434366988e-06,0.06727828746177367,3.0060624423488224e-05,0.06829765545361877,5.6296242802878434e-05,0.06931702344546387,4.614526522431063e-05,0.07033639143730874,8.606263599220527e-05,0.07135575942915384,2.7191869890414714e-05,1.0,0.0,0.0,0.0,0.0
22,14:42:24,7,0.06727828746177367,741169.0,0.066768603465851,0.06625891946992857,3.599428764574283e-05,0.06523955147808347,7.012511080846356e-06,0.06422018348623837,1.32158862677489e-05,0.06320081549439349,9.341841684623991e-06,0.06218144750254839,4.462507051447681e-06,0.06727828746177367,2.5573598102527094e-05,0.06829765545361877,5.6296242802878434e-05,0.06931702344546387,4.614526522431063e-05,0.07033639143730874,8.655302138247425e-05,0.07135575942915384,2.7191869890414714e-05,1.0,0.0,0.0,0.0,0.0
22,14:42:27,7,0.06625891946992857,327548.0,0.066768603465851,0.06625891946992857,3.224283941018517e-05,0.06523955147808347,6.767318385711867e-06,0.06422018348623837,1.32158862677489e-05,0.06320081549439349,9.341841684623991e-06,0.06218144750254839,4.462507051447681e-06,0.06727828746177367,2.238609306577875e-05,0.06829765545361877,5.641883915044568e-05,0.06931702344546387,4.614526522431063e-05,0.07033639143730874,8.655302138247425e-05,0.07135575942915384,2.7191869890414714e-05,0.0,0.0,0.0,0.0,0.0
22,14:42:30,7,0.06625891946992857,660026.0,0.066768603465851,0.06625891946992857,2.3489460193883948e-05,0.06523955147808347,6.767318385711867e-06,0.06422018348623837,1.32158862677489e-05,0.06320081549439349,9.341841684623991e-06,0.06218144750254839,4.2418336258266416e-06,0.06727828746177367,2.3268786768262906e-05,0.06829765545361877,5.6296242802878434e-05,0.06931702344546387,4.663565061457961e-05,0.07033639143730874,8.655302138247425e-05,0.07135575942915384,2.7191869890414714e-05,0.0,0.0,0.0,0.0,0.0
22,14:42:33,7,0.06625891946992857,126572.0,0.066768603465851,0.06625891946992857,2.0669744199837336e-05,0.06523955147808347,7.135107428413599e-06,0.06422018348623837,1.32158862677489e-05,0.06320081549439349,9.341841684623991e-06,0.06218144750254839,4.2418336258266416e-06,0.06727828746177367,2.851591044414095e-05,0.06829765545361877,5.752220627855088e-05,0.06931702344546387,4.663565061457961e-05,0.07033639143730874,8.650398284344736e-05,0.07135575942915384,2.6946677195280225e-05,0.0,0.0,0.0,0.0,0.0
22,14:42:36,7,0.06727828746177367,385980.0,0.066768603465851,0.06625891946992857,1.1769249366455421e-05,0.06523955147808347,7.135107428413599e-06,0.06422018348623837,1.32158862677489e-05,0.06320081549439349,9.341841684623991e-06,0.06218144750254839,4.2418336258266416e-06,0.06727828746177367,2.8393314096573706e-05,0.06829765545361877,5.752220627855088e-05,0.06931702344546387,4.663565061457961e-05,0.07033639143730874,8.699436823371633e-05,0.07135575942915384,2.6946677195280225e-05,0.0,0.0,0.0,0.0,0.0
22,14:42:39,7,0.06625891946992857,230122.0,0.066768603465851,0.06625891946992857,8.164916747978449e-06,0.06523955147808347,7.135107428413599e-06,0.06422018348623837,1.32158862677489e-05,0.06320081549439349,9.341841684623991e-06,0.06218144750254839,4.2418336258266416e-06,0.06727828746177367,2.8589468252681296e-05,0.06829765545361877,5.7473167739523975e-05,0.06931702344546387,4.663565061457961e-05,0.07033639143730874,8.826937024841567e-05,0.07135575942915384,2.6946677195280225e-05,0.0,0.0,0.0,0.0,0.0
22,14:42:42,7,0.06625891946992857,464525.0,0.06574923547400613,0.06523955147808347,7.135107428413599e-06,0.06422018348623837,1.32158862677489e-05,0.06320081549439349,9.341841684623991e-06,0.06218144750254839,4.2418336258266416e-06,0.06116207951070329,4.626786157187788e-05,0.06625891946992857,4.830296094149413e-06,0.06727828746177367,2.623561837939021e-05,0.06829765545361877,5.646787768947258e-05,0.06931702344546387,4.663565061457961e-05,0.07033639143730874,8.84900436740367e-05,1.0,0.0,0.0,0.0,0.0
22,14:42:45,7,0.06625891946992857,84666.0,0.06574923547400613,0.06523955147808347,5.663951257606672e-06,0.06422018348623837,1.32158862677489e-05,0.06320081549439349,9.341841684623991e-06,0.06218144750254839,4.2418336258266416e-06,0.06116207951070329,4.626786157187788e-05,0.06625891946992857,5.762028335660467e-06,0.06727828746177367,3.037937492716306e-05,0.06829765545361877,5.744864847001053e-05,0.06931702344546387,4.663565061457961e-05,0.07033639143730874,8.84900436740367e-05,1.0,0.0,0.0,0.0,0.0
22,14:42:48,7,0.06625891946992857,17782.0,0.06574923547400613,0.06523955147808347,5.860105413714262e-06,0.06422018348623837,1.324040553726235e-05,0.06320081549439349,9.341841684623991e-06,0.06218144750254839,4.2418336258266416e-06,0.06116207951070329,4.626786157187788e-05,0.06625891946992857,1.625627568741655e-05,0.06727828746177367,3.035485565764961e-05,0.06829765545361877,5.6271723533364987e-05,0.06931702344546387,4.663565061457961e-05,0.07033639143730874,8.750927289349875e-05,1.0,0.0,0.0,0.0,0.0
22,14:42:51,7,0.06523955147808347,34485.0,0.06574923547400613,0.06523955147808347,1.0298093195648495e-05,0.06422018348623837,1.324040553726235e-05,0.06320081549439349,9.341841684623991e-06,0.06218144750254839,5.271642945391491e-06,0.06116207951070329,4.626786157187788e-05,0.06625891946992857,2.344042165485705e-05,0.06727828746177367,2.827071774900646e-05,0.06829765545361877,5.6516916228499475e-05,0.06931702344546387,4.663565061457961e-05,0.07033639143730874,8.760734997155254e-05,1.0,0.0,0.0,0.0,0.0
22,14:42:54,7,0.06523955147808347,62700.0,0.06574923547400613,0.06523955147808347,9.072129719976054e-06,0.06422018348623837,1.324040553726235e-05,0.06320081549439349,9.587034379758478e-06,0.06218144750254839,5.271642945391491e-06,0.06116207951070329,4.626786157187788e-05,0.06625891946992857,2.44702309744219e-05,0.06727828746177367,2.8540429713654397e-05,0.06829765545361877,5.6762108923633964e-05,0.06931702344546387,4.663565061457961e-05,0.07033639143730874,8.03006076565448e-05,0.0,0.0,0.0,0.0,0.0
22,14:42:57,7,0.06523955147808347,89873.0,0.06574923547400613,0.06523955147808347,7.037030350359804e-06,0.06422018348623837,1.324040553726235e-05,0.06320081549439349,9.587034379758478e-06,0.06218144750254839,5.271642945391491e-06,0.06116207951070329,4.626786157187788e-05,0.06625891946992857,2.4911577825663977e-05,0.06727828746177367,2.9079853642950273e-05,0.06829765545361877,5.6762108923633964e-05,0.06931702344546387,4.663565061457961e-05,0.07033639143730874,8.363522831037384e-05,0.0,0.0,0.0,0.0,0.0
22,14:43:00,7,0.06523955147808347,69020.0,0.06574923547400613,0.06523955147808347,6.889914733279112e-06,0.06422018348623837,1.324040553726235e-05,0.06320081549439349,9.587034379758478e-06,0.06218144750254839,5.271642945391491e-06,0.06116207951070329,4.626786157187788e-05,0.06625891946992857,2.5426482485446402e-05,0.06727828746177367,2.7559658933116446e-05,0.06829765545361877,5.283902580148215e-05,0.06931702344546387,4.663565061457961e-05,0.07033639143730874,8.363522831037384e-05,0.0,0.0,0.0,0.0,0.0
22,14:43:03,7,0.06523955147808347,118090.0,0.06574923547400613,0.06523955147808347,4.2418336258266416e-06,0.06422018348623837,1.324040553726235e-05,0.06320081549439349,9.587034379758478e-06,0.06218144750254839,5.271642945391491e-06,0.06116207951070329,4.626786157187788e-05,0.06625891946992857,2.567167518058089e-05,0.06727828746177367,2.7559658933116446e-05,0.06829765545361877,5.4408259050342875e-05,0.06931702344546387,4.663565061457961e-05,0.07033639143730874,8.363522831037384e-05,0.0,0.0,0.0,0.0,0.0
22,14:43:06,7,0.06523955147808347,74195.0,0.06574923547400613,0.06523955147808347,2.500965490371777e-06,0.06422018348623837,1.324040553726235e-05,0.06320081549439349,9.587034379758478e-06,0.06218144750254839,5.271642945391491e-06,0.06116207951070329,4.700343965728134e-05,0.06625891946992857,2.1944746214536674e-05,0.06727828746177367,2.7608697472143345e-05,0.06829765545361877,4.940632806959933e-05,0.06931702344546387,4.663565061457961e-05,0.07033639143730874,8.363522831037384e-05,0.0,0.0,0.0,0.0,0.0
22,14:43:09,7,0.06523955147808347,156750.0,0.06472986748216103,0.06422018348623837,1.3877906544612018e-05,0.06320081549439349,9.587034379758478e-06,0.06218144750254839,5.271642945391491e-06,0.06116207951070329,4.700343965728134e-05,0.060142711518858194,2.5318842892282363e-05,0.06523955147808347,3.923083122151807e-06,0.06625891946992857,2.344042165485705e-05,0.06727828746177367,2.74861011245761e-05,0.06829765545361877,4.229573991069917e-05,0.06931702344546387,4.663565061457961e-05,0.0,0.0,0.0,0.0,0.0
22,14:43:12,7,0.06523955147808347,52250.0,0.06472986748216103,0.06422018348623837,1.0935594202998162e-05,0.06320081549439349,9.587034379758478e-06,0.06218144750254839,6.620202768631175e-06,0.06116207951070329,4.700343965728134e-05,0.060142711518858194,2.5196246544715118e-05,0.06523955147808347,2.9913508806407533e-06,0.06625891946992857,2.3661095080478087e-05,0.06727828746177367,2.7608697472143345e-05,0.06829765545361877,4.1805354520430194e-05,0.06931702344546387,4.663565061457961e-05,0.0,0.0,0.0,0.0,0.0
22,14:43:15,7,0.06523955147808347,51205.0,0.06472986748216103,0.06422018348623837,1.118078689813265e-05,0.06320081549439349,1.2529346721372335e-05,0.06218144750254839,6.620202768631175e-06,0.06116207951070329,4.700343965728134e-05,0.060142711518858194,2.5196246544715118e-05,0.06523955147808347,3.359139923342485e-06,0.06625891946992857,2.3661095080478087e-05,0.06727828746177367,2.7608697472143345e-05,0.06829765545361877,4.173179671188985e-05,0.06931702344546387,4.663565061457961e-05,0.0,0.0,0.0,0.0,0.0
22,14:43:18,7,0.06422018348623837,56380.0,0.06472986748216103,0.06422018348623837,9.954823422460211e-06,0.06320081549439349,1.2529346721372335e-05,0.06218144750254839,6.620202768631175e-06,0.06116207951070329,4.712603600484859e-05,0.060142711518858194,2.5245285083742013e-05,0.06523955147808347,5.639431988093223e-06,0.06625891946992857,2.3685614349991538e-05,0.06727828746177367,2.7608697472143345e-05,0.06829765545361877,4.173179671188985e-05,0.06931702344546387,4.663565061457961e-05,0.0,0.0,0.0,0.0,0.0
22,14:43:21,7,0.06422018348623837,555408.0,0.06371049949031593,0.06320081549439349,1.2529346721372335e-05,0.06218144750254839,6.203375186902545e-06,0.06116207951070329,4.712603600484859e-05,0.060142711518858194,2.5245285083742013e-05,0.05912334352701332,6.1543366478756476e-06,0.06422018348623837,1.2357711834778194e-05,0.06523955147808347,5.7865476051739155e-06,0.06625891946992857,3.096783739548583e-05,0.06727828746177367,2.8148121401439217e-05,0.06829765545361877,4.246737479729332e-05,1.0,1.0,1.0,1.0,0.0
22,14:43:24,7,0.06320081549439349,7301.0,0.06371049949031593,0.06320081549439349,1.2357711834778194e-05,0.06218144750254839,6.203375186902545e-06,0.06116207951070329,4.712603600484859e-05,0.060142711518858194,2.5245285083742013e-05,0.05912334352701332,6.1543366478756476e-06,0.06422018348623837,1.571685175812068e-05,0.06523955147808347,6.325971534469789e-06,0.06625891946992857,3.0428413466189957e-05,0.06727828746177367,2.8148121401439217e-05,0.06829765545361877,4.246737479729332e-05,1.0,1.0,1.0,1.0,0.0
22,14:43:27,7,0.06422018348623837,294408.0,0.06371049949031593,0.06320081549439349,1.2357711834778194e-05,0.06218144750254839,6.71827984668497e-06,0.06116207951070329,4.712603600484859e-05,0.060142711518858194,2.5245285083742013e-05,0.05912334352701332,6.1543366478756476e-06,0.06422018348623837,8.826937024841567e-06,0.06523955147808347,9.170206798029849e-06,0.06625891946992857,2.9325046338084758e-05,0.06727828746177367,3.5503902255473854e-05,0.06829765545361877,4.246737479729332e-05,1.0,0.0,1.0,1.0,2.0
22,14:43:30,7,0.06320081549439349,55279.0,0.06371049949031593,0.06320081549439349,1.4588965360502033e-05,0.06218144750254839,6.71827984668497e-06,0.06116207951070329,4.712603600484859e-05,0.060142711518858194,2.5245285083742013e-05,0.05912334352701332,6.1543366478756476e-06,0.06422018348623837,8.826937024841567e-06,0.06523955147808347,8.434628712626386e-06,0.06625891946992857,2.915341145149062e-05,0.06727828746177367,3.538130590790661e-05,0.06829765545361877,4.143756547772847e-05,1.0,1.0,1.0,1.0,0.0
22,14:43:33,7,0.06320081549439349,209672.0,0.06371049949031593,0.06320081549439349,1.037165100418884e-05,0.06218144750254839,6.71827984668497e-06,0.06116207951070329,4.712603600484859e-05,0.060142711518858194,2.632413294233376e-05,0.05912334352701332,6.1543366478756476e-06,0.06422018348623837,8.606263599220527e-06,0.06523955147808347,8.434628712626386e-06,0.06625891946992857,2.969283538078649e-05,0.06727828746177367,3.520967102131247e-05,0.06829765545361877,4.143756547772847e-05,1.0,0.0,1.0,1.0,0.0
22,14:43:36,7,0.06320081549439349,125160.0,0.06371049949031593,0.06320081549439349,7.650012088196024e-06,0.06218144750254839,6.71827984668497e-06,0.06116207951070329,4.712603600484859e-05,0.060142711518858194,2.718230737530447e-05,0.05912334352701332,6.1543366478756476e-06,0.06422018348623837,9.121168259002952e-06,0.06523955147808347,1.8781760447301776e-05,0.06625891946992857,2.969283538078649e-05,0.06727828746177367,3.520967102131247e-05,0.06829765545361877,4.168275817286295e-05,1.0,0.0,1.0,0.0,0.0
22,14:43:39,7,0.06320081549439349,10430.0,0.06371049949031593,0.06320081549439349,1.2774539416506823e-05,0.06218144750254839,6.71827984668497e-06,0.06116207951070329,4.639045791944512e-05,0.060142711518858194,2.7304903722871712e-05,0.05912334352701332,6.1543366478756476e-06,0.06422018348623837,9.930304152946762e-06,0.06523955147808347,1.7899066744817622e-05,0.06625891946992857,2.9055334373436822e-05,0.06727828746177367,3.520967102131247e-05,0.06829765545361877,4.168275817286295e-05,1.0,0.0,1.0,1.0,0.0
22,14:43:42,7,0.06320081549439349,68848.0,0.06371049949031593,0.06320081549439349,1.140146032375369e-05,0.06218144750254839,6.71827984668497e-06,0.06116207951070329,4.639045791944512e-05,0.060142711518858194,2.7304903722871712e-05,0.05912334352701332,6.1543366478756476e-06,0.06422018348623837,8.802417755328118e-06,0.06523955147808347,1.8021663092384866e-05,0.06625891946992857,1.956637707173214e-05,0.06727828746177367,3.520967102131247e-05,0.06829765545361877,4.168275817286295e-05,0.0,1.0,1.0,0.0,0.0
22,14:43:45,7,0.06320081549439349,232599.0,0.06371049949031593,0.06320081549439349,6.178855917389097e-06,0.06218144750254839,6.840876194252214e-06,0.06116207951070329,4.639045791944512e-05,0.060142711518858194,2.7427500070438956e-05,0.05912334352701332,6.1543366478756476e-06,0.06422018348623837,9.415399493164337e-06,0.06523955147808347,1.851204848265384e-05,0.06625891946992857,1.956637707173214e-05,0.06727828746177367,3.520967102131247e-05,0.06829765545361877,4.192795086799744e-05,1.0,1.0,1.0,0.0,0.0
22,14:43:48,7,0.06320081549439349,110558.0,0.06371049949031593,0.06320081549439349,4.413468512420783e-06,0.06218144750254839,7.086068889386702e-06,0.06116207951070329,4.639045791944512e-05,0.060142711518858194,2.8163078155842422e-05,0.05912334352701332,6.1543366478756476e-06,0.06422018348623837,9.636072918785377e-06,0.06523955147808347,1.851204848265384e-05,0.06625891946992857,1.956637707173214e-05,0.06727828746177367,3.520967102131247e-05,0.06829765545361877,4.192795086799744e-05,0.0,0.0,0.0,0.0,0.0
22,14:43:51,7,0.06320081549439349,198194.0,0.06371049949031593,0.06320081549439349,4.805776824635964e-06,0.06218144750254839,7.086068889386702e-06,0.06116207951070329,4.639045791944512e-05,0.060142711518858194,2.6937114680169982e-05,0.05912334352701332,6.1543366478756476e-06,0.06422018348623837,9.047610450462606e-06,0.06523955147808347,2.0424551504702847e-05,0.06625891946992857,1.9811569766866626e-05,0.06727828746177367,3.520967102131247e-05,0.06829765545361877,4.192795086799744e-05,0.0,0.0,0.0,0.0,0.0
22,14:43:54,7,0.06320081549439349,123076.0,0.06371049949031593,0.06320081549439349,1.9615415610759035e-06,0.06218144750254839,7.086068889386702e-06,0.06116207951070329,4.639045791944512e-05,0.060142711518858194,2.6937114680169982e-05,0.05912334352701332,6.1543366478756476e-06,0.06422018348623837,9.023091180949157e-06,0.06523955147808347,2.23615737962653e-05,0.06625891946992857,1.9223107298543855e-05,0.06727828746177367,3.545486371644696e-05,0.06829765545361877,4.2099585754591585e-05,0.0,1.0,0.0,1.0,0.0
22,14:43:57,7,0.06320081549439349,83440.0,0.06269113149847105,0.06218144750254839,7.086068889386702e-06,0.06116207951070329,4.639045791944512e-05,0.060142711518858194,2.6937114680169982e-05,0.05912334352701332,6.1543366478756476e-06,0.05810397553516822,1.1426715171352542e-05,0.06320081549439349,7.772608435763268e-06,0.06422018348623837,1.1965403522563013e-05,0.06523955147808347,2.2729362838967034e-05,0.06625891946992857,1.9223107298543855e-05,0.06727828746177367,3.545486371644696e-05,2.0,2.0,1.0,1.0,1.0
22,14:44:00,7,0.06320081549439349,330631.0,0.06371049949031593,0.06320081549439349,3.9230831221518074e-07,0.06218144750254839,7.821646974790167e-06,0.06116207951070329,4.639045791944512e-05,0.060142711518858194,2.6937114680169982e-05,0.05912334352701332,6.1543366478756476e-06,0.06422018348623837,1.3559156040937184e-05,0.06523955147808347,2.2729362838967034e-05,0.06625891946992857,1.93457036461111e-05,0.06727828746177367,3.55774600640142e-05,0.06829765545361877,4.217314356313193e-05,1.0,1.0,0.0,0.0,0.0
22,14:44:03,7,0.06218144750254839,45888.0,0.06269113149847105,0.06218144750254839,9.341841684623991e-06,0.06116207951070329,4.6341419380418226e-05,0.060142711518858194,2.6937114680169982e-05,0.05912334352701332,6.1543366478756476e-06,0.05810397553516822,1.1426715171352542e-05,0.06320081549439349,4.413468512420783e-06,0.06422018348623837,1.3681752388504428e-05,0.06523955147808347,2.2753882108480482e-05,0.06625891946992857,1.93457036461111e-05,0.06727828746177367,3.55774600640142e-05,1.0,2.0,1.0,2.0,1.0
22,14:44:06,7,0.06218144750254839,243838.0,0.06269113149847105,0.06218144750254839,6.30145226495634e-06,0.06116207951070329,4.6341419380418226e-05,0.060142711518858194,2.6789999063089287e-05,0.05912334352701332,6.1543366478756476e-06,0.05810397553516822,1.1426715171352542e-05,0.06320081549439349,4.585103399014924e-06,0.06422018348623837,9.268283876083646e-06,0.06523955147808347,2.1503399363294595e-05,0.06625891946992857,1.8855318255842126e-05,0.06727828746177367,3.55774600640142e-05,2.0,2.0,1.0,2.0,1.0
22,14:44:09,7,0.06218144750254839,1240099.0,0.06269113149847105,0.06218144750254839,3.8740445831249095e-06,0.06116207951070329,2.3513979463397395e-05,0.060142711518858194,2.6789999063089287e-05,0.05912334352701332,6.1543366478756476e-06,0.05810397553516822,1.1426715171352542e-05,0.06320081549439349,7.306742315007741e-06,0.06422018348623837,8.998571911435708e-06,0.06523955147808347,2.0301955157135603e-05,0.06625891946992857,1.914954949000351e-05,0.06727828746177367,3.55774600640142e-05,2.0,2.0,1.0,2.0,1.0
22,14:44:12,7,0.06320081549439349,415114.0,0.06371049949031593,0.06320081549439349,2.500965490371777e-06,0.06218144750254839,4.2418336258266416e-06,0.06116207951070329,2.3513979463397395e-05,0.060142711518858194,2.7525577148492753e-05,0.05912334352701332,6.1543366478756476e-06,0.06422018348623837,8.434628712626386e-06,0.06523955147808347,2.0301955157135603e-05,0.06625891946992857,1.914954949000351e-05,0.06727828746177367,3.55774600640142e-05,0.06829765545361877,4.315391434366988e-05,1.0,1.0,1.0,1.0,0.0
22,14:44:15,7,0.06320081549439349,90741.0,0.06371049949031593,0.06320081549439349,3.677890427017319e-07,0.06218144750254839,4.609622668528374e-06,0.06116207951070329,2.3513979463397395e-05,0.060142711518858194,2.7525577148492753e-05,0.05912334352701332,6.1543366478756476e-06,0.06422018348623837,1.0886555663971265e-05,0.06523955147808347,2.0301955157135603e-05,0.06625891946992857,1.9394742185137998e-05,0.06727828746177367,3.55774600640142e-05,0.06829765545361877,4.315391434366988e-05,1.0,1.0,0.0,0.0,0.0
22,14:44:18,7,0.06218144750254839,41695.0,0.06269113149847105,0.06218144750254839,4.732219016095618e-06,0.06116207951070329,2.3538498732910843e-05,0.060142711518858194,2.7525577148492753e-05,0.05912334352701332,6.1543366478756476e-06,0.05810397553516822,1.1426715171352542e-05,0.06320081549439349,1.0543285890782983e-06,0.06422018348623837,1.098463274202506e-05,0.06523955147808347,2.0301955157135603e-05,0.06625891946992857,1.9394742185137998e-05,0.06727828746177367,3.5332267368879715e-05,2.0,1.0,2.0,1.0,1.0
22,14:44:21,7,0.06218144750254839,170997.0,0.06320081549439349,0.06218144750254839,3.138466497721446e-06,0.06116207951070329,2.397984558415292e-05,0.060142711518858194,2.7525577148492753e-05,0.05912334352701332,6.1543366478756476e-06,0.05810397553516822,1.147575371037944e-05,0.06422018348623837,1.0935594202998162e-05,0.06523955147808347,2.2753882108480482e-05,0.06625891946992857,2.2067342562103918e-05,0.06727828746177367,3.5332267368879715e-05,0.06829765545361877,4.315391434366988e-05,2.0,0.0,1.0,1.0,1.0
22,14:44:24,7,0.06320081549439349,25032.0,0.06371049949031593,0.06320081549439349,8.826937024841567e-07,0.06218144750254839,3.138466497721446e-06,0.06116207951070329,2.397984558415292e-05,0.060142711518858194,2.8751540624165193e-05,0.05912334352701332,6.1543366478756476e-06,0.06422018348623837,1.3289444076289248e-05,0.06523955147808347,2.2827439917020828e-05,0.06625891946992857,2.2067342562103918e-05,0.06727828746177367,3.5332267368879715e-05,0.06829765545361877,4.315391434366988e-05,1.0,0.0,1.0,0.0,0.0
22,14:44:27,7,0.06320081549439349,298555.0,0.06371049949031593,0.06320081549439349,2.9423123416138554e-07,0.06218144750254839,4.437987781934232e-06,0.06116207951070329,2.397984558415292e-05,0.060142711518858194,2.8751540624165193e-05,0.05912334352701332,6.399529343010135e-06,0.06422018348623837,7.012511080846356e-06,0.06523955147808347,2.527936686836571e-05,0.06625891946992857,2.2067342562103918e-05,0.06727828746177367,3.543034444693351e-05,0.06829765545361877,4.315391434366988e-05,1.0,0.0,1.0,2.0,0.0
22,14:44:30,7,0.06320081549439349,83438.0,0.06371049949031593,0.06320081549439349,5.933663222254608e-06,0.06218144750254839,4.536064859988027e-06,0.06116207951070329,2.402888412317982e-05,0.060142711518858194,2.8751540624165193e-05,0.05912334352701332,6.399529343010135e-06,0.06422018348623837,7.478377201601883e-06,0.06523955147808347,2.527936686836571e-05,0.06625891946992857,2.142984155475425e-05,0.06727828746177367,3.5552940794500756e-05,0.06829765545361877,4.315391434366988e-05,1.0,0.0,1.0,0.0,0.0
22,14:44:33,7,0.06320081549439349,59451.0,0.06371049949031593,0.06320081549439349,4.536064859988027e-06,0.06218144750254839,4.536064859988027e-06,0.06116207951070329,2.402888412317982e-05,0.060142711518858194,2.8947694780272783e-05,0.05912334352701332,6.399529343010135e-06,0.06422018348623837,7.478377201601883e-06,0.06523955147808347,2.5352924676906056e-05,0.06625891946992857,2.142984155475425e-05,0.06727828746177367,3.5552940794500756e-05,0.06829765545361877,4.315391434366988e-05,0.0,0.0,1.0,0.0,0.0
22,14:44:36,7,0.06523955147808347,673387.0,0.06371049949031593,0.06320081549439349,9.807707805379518e-07,0.06218144750254839,4.658661207555271e-06,0.06116207951070329,2.402888412317982e-05,0.060142711518858194,2.8947694780272783e-05,0.05912334352701332,6.399529343010135e-06,0.06422018348623837,8.581744329707078e-07,0.06523955147808347,2.2042823292590467e-05,0.06625891946992857,2.0669744199837336e-05,0.06727828746177367,3.5651017872554546e-05,0.06829765545361877,4.315391434366988e-05,0.0,0.0,0.0,0.0,0.0
22,14:44:39,7,0.06320081549439349,47995.0,0.06371049949031593,0.06320081549439349,1.667310326914518e-06,0.06218144750254839,4.658661207555271e-06,0.06116207951070329,2.525484759885226e-05,0.060142711518858194,2.8947694780272783e-05,0.05912334352701332,6.399529343010135e-06,0.06422018348623837,3.8740445831249095e-06,0.06523955147808347,2.2900997725561174e-05,0.06625891946992857,2.116012959010631e-05,0.06727828746177367,3.5651017872554546e-05,0.06829765545361877,4.2099585754591585e-05,0.0,0.0,1.0,0.0,0.0
22,14:44:42,7,0.06320081549439349,0.0,0.06371049949031593,0.06320081549439349,2.03509936961625e-06,0.06218144750254839,7.110588158900151e-06,0.06116207951070329,2.525484759885226e-05,0.060142711518858194,2.9683272865676245e-05,0.05912334352701332,6.399529343010135e-06,0.06422018348623837,4.560584129501476e-06,0.06523955147808347,2.3219748229236008e-05,0.06625891946992857,2.0939456164485272e-05,0.06727828746177367,3.5651017872554546e-05,0.06829765545361877,4.2099585754591585e-05,0.0,1.0,0.0,0.0,0.0
22,14:44:45,7,0.06320081549439349,84486.0,0.06371049949031593,0.06320081549439349,2.4519269513448794e-07,0.06218144750254839,7.355780854034639e-06,0.06116207951070329,2.525484759885226e-05,0.060142711518858194,2.9903946291297286e-05,0.05912334352701332,6.399529343010135e-06,0.06422018348623837,4.952892441716656e-06,0.06523955147808347,2.3219748229236008e-05,0.06625891946992857,2.118464885961976e-05,0.06727828746177367,3.5651017872554546e-05,0.06829765545361877,4.2099585754591585e-05,0.0,0.0,0.0,0.0,0.0
22,14:44:48,7,0.06320081549439349,10430.0,0.06269113149847105,0.06218144750254839,7.919724052843962e-06,0.06116207951070329,2.525484759885226e-05,0.060142711518858194,2.9903946291297286e-05,0.05912334352701332,6.399529343010135e-06,0.05810397553516822,1.2113254717729108e-05,0.06320081549439349,9.881265613919865e-06,0.06422018348623837,7.5274157406287806e-06,0.06523955147808347,2.3612056541451192e-05,0.06625891946992857,2.118464885961976e-05,0.06727828746177367,3.5651017872554546e-05,1.0,2.0,1.0,1.0,1.0
22,14:44:51,7,0.06320081549439349,564203.0,0.06269113149847105,0.06218144750254839,7.846166244303614e-06,0.06116207951070329,2.525484759885226e-05,0.060142711518858194,2.9903946291297286e-05,0.05912334352701332,6.399529343010135e-06,0.05810397553516822,1.2235851065296352e-05,0.06320081549439349,6.375010073496687e-07,0.06422018348623837,7.846166244303614e-06,0.06523955147808347,2.4102441931720166e-05,0.06625891946992857,2.118464885961976e-05,0.06727828746177367,3.5651017872554546e-05,1.0,2.0,1.0,1.0,1.0
22,14:44:54,7,0.06218144750254839,262605.0,0.06269113149847105,0.06218144750254839,8.140397478465e-06,0.06116207951070329,2.525484759885226e-05,0.060142711518858194,2.9903946291297286e-05,0.05912334352701332,6.399529343010135e-06,0.05810397553516822,1.2235851065296352e-05,0.06320081549439349,4.168275817286295e-07,0.06422018348623837,6.620202768631175e-06,0.06523955147808347,2.417599974026051e-05,0.06625891946992857,2.1258206668160106e-05,0.06727828746177367,3.5651017872554546e-05,1.0,2.0,1.0,1.0,1.0
22,14:44:57,7,0.06320081549439349,15645.0,0.06269113149847105,0.06218144750254839,8.508186521166732e-06,0.06116207951070329,2.525484759885226e-05,0.060142711518858194,2.9903946291297286e-05,0.05912334352701332,6.399529343010135e-06,0.05810397553516822,1.2235851065296352e-05,0.06320081549439349,1.9370222915624548e-06,0.06422018348623837,6.620202768631175e-06,0.06523955147808347,2.4396673165881553e-05,0.06625891946992857,2.1748592058429083e-05,0.06727828746177367,3.5651017872554546e-05,2.0,2.0,1.0,1.0,1.0
22,14:45:00,7,0.06218144750254839,25025.0,0.06269113149847105,0.06218144750254839,1.2578385260399233e-05,0.06116207951070329,2.525484759885226e-05,0.060142711518858194,3.002654263886453e-05,0.05912334352701332,6.71827984668497e-06,0.05810397553516822,1.2235851065296352e-05,0.06320081549439349,2.084137908643148e-06,0.06422018348623837,8.459147982139834e-06,0.06523955147808347,2.4053403392693267e-05,0.06625891946992857,2.1871188405996324e-05,0.06727828746177367,3.5651017872554546e-05,1.0,2.0,1.0,1.0,1.0
22,14:45:03,7,0.06218144750254839,150048.0,0.06269113149847105,0.06218144750254839,1.0273573926135046e-05,0.06116207951070329,2.525484759885226e-05,0.060142711518858194,3.002654263886453e-05,0.05912334352701332,6.71827984668497e-06,0.05810397553516822,1.2235851065296352e-05,0.06320081549439349,2.8197159940466115e-06,0.06422018348623837,8.704340677274323e-06,0.06523955147808347,2.4053403392693267e-05,0.06625891946992857,2.1871188405996324e-05,0.06727828746177367,3.5651017872554546e-05,2.0,2.0,2.0,1.0,1.0
22,14:45:06,7,0.06320081549439349,80297.0,0.06269113149847105,0.06218144750254839,1.2480308182345438e-05,0.06116207951070329,2.525484759885226e-05,0.060142711518858194,2.980586921324349e-05,0.05912334352701332,6.71827984668497e-06,0.05810397553516822,1.2235851065296352e-05,0.06320081549439349,1.3485598232396838e-06,0.06422018348623837,9.145687528516401e-06,0.06523955147808347,2.5524559563500195e-05,0.06625891946992857,2.1871188405996324e-05,0.06727828746177367,3.5651017872554546e-05,2.0,1.0,2.0,1.0,1.0
22,14:45:09,7,0.06218144750254839,143796.0,0.06269113149847105,0.06218144750254839,1.1254344706672997e-05,0.06116207951070329,2.525484759885226e-05,0.060142711518858194,2.980586921324349e-05,0.05912334352701332,6.71827984668497e-06,0.05810397553516822,1.248104376043084e-05,0.06320081549439349,1.5447139793472742e-06,0.06422018348623837,9.145687528516401e-06,0.06523955147808347,2.5524559563500195e-05,0.06625891946992857,2.1871188405996324e-05,0.06727828746177367,3.545486371644696e-05,2.0,2.0,2.0,1.0,1.0
22,14:45:12,7,0.06218144750254839,128255.0,0.06371049949031593,0.06320081549439349,2.4519269513448796e-08,0.06218144750254839,1.078847858591747e-05,0.06116207951070329,2.525484759885226e-05,0.060142711518858194,2.980586921324349e-05,0.05912334352701332,6.71827984668497e-06,0.06422018348623837,9.636072918785377e-06,0.06523955147808347,2.5745232989121236e-05,0.06625891946992857,2.1871188405996324e-05,0.06727828746177367,2.7608697472143345e-05,0.06829765545361877,4.337458776929092e-05,1.0,0.0,1.0,0.0,0.0
22,14:45:15,7,0.06320081549439349,32316.0,0.06269113149847105,0.06218144750254839,1.1352421784726792e-05,0.06116207951070329,2.525484759885226e-05,0.060142711518858194,2.9928465560810734e-05,0.05912334352701332,6.71827984668497e-06,0.05810397553516822,1.248104376043084e-05,0.06320081549439349,3.2855821148021386e-06,0.06422018348623837,9.636072918785377e-06,0.06523955147808347,2.4960616364690876e-05,0.06625891946992857,2.1920226945023223e-05,0.06727828746177367,2.7608697472143345e-05,2.0,1.0,1.0,1.0,1.0
22,14:45:18,7,0.06320081549439349,185654.0,0.06371049949031593,0.06320081549439349,1.2750020146993375e-06,0.06218144750254839,1.1352421784726792e-05,0.06116207951070329,2.525484759885226e-05,0.060142711518858194,2.9290964553461065e-05,0.05912334352701332,6.71827984668497e-06,0.06422018348623837,9.758669266352621e-06,0.06523955147808347,2.4985135634204323e-05,0.06625891946992857,2.1920226945023223e-05,0.06727828746177367,2.7976486514845074e-05,0.06829765545361877,4.560584129501476e-05,1.0,0.0,0.0,0.0,0.0
22,14:45:21,7,0.06320081549439349,12516.0,0.06371049949031593,0.06320081549439349,9.930304152946762e-06,0.06218144750254839,1.8855318255842126e-05,0.06116207951070329,2.280292064750738e-05,0.060142711518858194,2.9290964553461065e-05,0.05912334352701332,6.71827984668497e-06,0.06422018348623837,1.02000161175947e-05,0.06523955147808347,2.4887058556150526e-05,0.06625891946992857,2.1920226945023223e-05,0.06727828746177367,2.7976486514845074e-05,0.06829765545361877,4.560584129501476e-05,0.0,0.0,0.0,0.0,1.0
22,14:45:24,7,0.06320081549439349,5215.0,0.06371049949031593,0.06320081549439349,1.0028381231000557e-05,0.06218144750254839,1.973801195832628e-05,0.06116207951070329,2.280292064750738e-05,0.060142711518858194,2.9290964553461065e-05,0.05912334352701332,6.71827984668497e-06,0.06422018348623837,1.0249054656621597e-05,0.06523955147808347,2.4887058556150526e-05,0.06625891946992857,2.1920226945023223e-05,0.06727828746177367,2.0620705660810437e-05,0.06829765545361877,4.560584129501476e-05,1.0,0.0,0.0,0.0,1.0
22,14:45:27,7,0.06320081549439349,526965.0,0.06371049949031593,0.06320081549439349,4.928373172203208e-06,0.06218144750254839,2.1037533242539065e-05,0.06116207951070329,2.280292064750738e-05,0.060142711518858194,2.9290964553461065e-05,0.05912334352701332,6.71827984668497e-06,0.06422018348623837,4.437987781934232e-06,0.06523955147808347,2.4985135634204323e-05,0.06625891946992857,2.201830402307702e-05,0.06727828746177367,2.0620705660810437e-05,0.06829765545361877,4.560584129501476e-05,0.0,0.0,2.0,0.0,1.0
22,14:45:30,7,0.06320081549439349,13559.0,0.06371049949031593,0.06320081549439349,4.609622668528374e-06,0.06218144750254839,2.177311132794253e-05,0.06116207951070329,2.280292064750738e-05,0.060142711518858194,2.9290964553461065e-05,0.05912334352701332,6.71827984668497e-06,0.06422018348623837,4.977411711230106e-06,0.06523955147808347,2.5745232989121236e-05,0.06625891946992857,2.201830402307702e-05,0.06727828746177367,2.0620705660810437e-05,0.06829765545361877,4.5654879834041655e-05,0.0,0.0,0.0,0.0,1.0
22,14:45:33,7,0.06320081549439349,122480.0,0.06371049949031593,0.06320081549439349,1.7303248495640816e-06,0.06218144750254839,2.1748592058429083e-05,0.06116207951070329,2.280292064750738e-05,0.060142711518858194,2.9290964553461065e-05,0.05912334352701332,6.71827984668497e-06,0.06422018348623837,5.369720023445286e-06,0.06523955147808347,2.5745232989121236e-05,0.06625891946992857,2.199378475356357e-05,0.06727828746177367,2.0620705660810437e-05,0.06829765545361877,4.5654879834041655e-05,0.0,1.0,0.0,0.0,1.0
22,14:45:36,7,0.06320081549439349,219624.0,0.06269113149847105,0.06218144750254839,2.1748592058429083e-05,0.06116207951070329,2.280292064750738e-05,0.060142711518858194,2.9290964553461065e-05,0.05912334352701332,6.71827984668497e-06,0.05810397553516822,1.248104376043084e-05,0.06320081549439349,4.571127415392259e-06,0.06422018348623837,7.748089166249819e-06,0.06523955147808347,2.5745232989121236e-05,0.06625891946992857,2.199378475356357e-05,0.06727828746177367,2.0620705660810437e-05,1.0,2.0,1.0,1.0,2.0
22,14:45:39,7,0.06320081549439349,200705.0,0.06371049949031593,0.06320081549439349,3.495712254532395e-06,0.06218144750254839,2.1748592058429083e-05,0.06116207951070329,2.280292064750738e-05,0.060142711518858194,2.9290964553461065e-05,0.05912334352701332,6.71827984668497e-06,0.06422018348623837,7.748089166249819e-06,0.06523955147808347,2.586782933668848e-05,0.06625891946992857,2.1282725937673554e-05,0.06727828746177367,2.0620705660810437e-05,0.06829765545361877,4.553228348647441e-05,0.0,1.0,0.0,0.0,2.0
22,14:45:42,7,0.06320081549439349,101171.0,0.06269113149847105,0.06218144750254839,2.116012959010631e-05,0.06116207951070329,2.280292064750738e-05,0.060142711518858194,2.9511637979082106e-05,0.05912334352701332,6.71827984668497e-06,0.05810397553516822,1.248104376043084e-05,0.06320081549439349,2.280292064750738e-06,0.06422018348623837,7.453857932088434e-06,0.06523955147808347,2.586782933668848e-05,0.06625891946992857,2.1282725937673554e-05,0.06727828746177367,2.0620705660810437e-05,1.0,2.0,1.0,1.0,2.0
22,14:45:45,7,0.06320081549439349,245027.0,0.06269113149847105,0.06218144750254839,1.9247626568057306e-05,0.06116207951070329,2.2827439917020828e-05,0.060142711518858194,2.963423432664935e-05,0.05912334352701332,6.71827984668497e-06,0.05810397553516822,1.248104376043084e-05,0.06320081549439349,9.317322415110542e-07,0.06422018348623837,7.72356989673637e-06,0.06523955147808347,2.586782933668848e-05,0.06625891946992857,2.1405322285240798e-05,0.06727828746177367,2.0620705660810437e-05,1.0,1.0,1.0,1.0,2.0
22,14:45:48,7,0.06422018348623837,111670.0,0.06269113149847105,0.06218144750254839,2.2435131604805647e-05,0.06116207951070329,2.2337054526751854e-05,0.060142711518858194,2.987942702178384e-05,0.05912334352701332,6.71827984668497e-06,0.05810397553516822,1.248104376043084e-05,0.06320081549439349,4.658661207555271e-07,0.06422018348623837,6.448567882037034e-06,0.06523955147808347,2.586782933668848e-05,0.06625891946992857,2.1405322285240798e-05,0.06727828746177367,2.0620705660810437e-05,2.0,1.0,1.0,1.0,2.0
22,14:45:51,7,0.06320081549439349,43800.0,0.06269113149847105,0.06218144750254839,2.4543788782962244e-05,0.06116207951070329,2.2582247221886343e-05,0.060142711518858194,3.0345293142539365e-05,0.05912334352701332,6.71827984668497e-06,0.05810397553516822,1.248104376043084e-05,0.06320081549439349,1.4956754403203766e-06,0.06422018348623837,6.448567882037034e-06,0.06523955147808347,2.586782933668848e-05,0.06625891946992857,2.1405322285240798e-05,0.06727828746177367,2.0620705660810437e-05,2.0,1.0,1.0,1.0,2.0
22,14:45:54,7,0.06218144750254839,170074.0,0.06320081549439349,0.06218144750254839,2.44702309744219e-05,0.06116207951070329,2.2582247221886343e-05,0.060142711518858194,3.0345293142539365e-05,0.05912334352701332,6.71827984668497e-06,0.05810397553516822,1.248104376043084e-05,0.06422018348623837,4.952892441716656e-06,0.06523955147808347,2.586782933668848e-05,0.06625891946992857,2.1405322285240798e-05,0.06727828746177367,2.0620705660810437e-05,0.06829765545361877,4.553228348647441e-05,2.0,0.0,1.0,1.0,2.0
22,14:45:57,7,0.06320081549439349,44849.0,0.06269113149847105,0.06218144750254839,2.4715423669556387e-05,0.06116207951070329,2.2582247221886343e-05,0.060142711518858194,3.0345293142539365e-05,0.05912334352701332,6.71827984668497e-06,0.05810397553516822,1.248104376043084e-05,0.06320081549439349,1.078847858591747e-06,0.06422018348623837,4.952892441716656e-06,0.06523955147808347,2.5965906414742274e-05,0.06625891946992857,2.1405322285240798e-05,0.06727828746177367,2.2337054526751854e-05,2.0,2.0,1.0,1.0,2.0
22,14:46:00,7,0.06218144750254839,48984.0,0.06269113149847105,0.06218144750254839,2.3857249236585677e-05,0.06116207951070329,2.2582247221886343e-05,0.060142711518858194,3.0394331681566263e-05,0.05912334352701332,6.71827984668497e-06,0.05810397553516822,1.248104376043084e-05,0.06320081549439349,1.4466369012934789e-06,0.06422018348623837,5.3206814844183884e-06,0.06523955147808347,2.5965906414742274e-05,0.06625891946992857,2.1454360824267696e-05,0.06727828746177367,2.4788981478096733e-05,1.0,1.0,1.0,1.0,2.0
22,14:46:03,7,0.06320081549439349,84483.0,0.06371049949031593,0.06320081549439349,1.8389452135086597e-06,0.06218144750254839,2.3857249236585677e-05,0.06116207951070329,2.2582247221886343e-05,0.060142711518858194,3.0394331681566263e-05,0.05912334352701332,6.71827984668497e-06,0.06422018348623837,5.3206814844183884e-06,0.06523955147808347,2.5965906414742274e-05,0.06625891946992857,2.1209168129133208e-05,0.06727828746177367,2.4911577825663977e-05,0.06829765545361877,4.4085646585180934e-05,0.0,0.0,0.0,0.0,2.0
22,14:46:06,7,0.06320081549439349,39634.0,0.06371049949031593,0.06320081549439349,9.807707805379518e-07,0.06218144750254839,2.1944746214536674e-05,0.06116207951070329,2.2582247221886343e-05,0.060142711518858194,3.0394331681566263e-05,0.05912334352701332,6.71827984668497e-06,0.06422018348623837,6.546644960090829e-06,0.06523955147808347,2.7510620394089548e-05,0.06625891946992857,2.1331764476700452e-05,0.06727828746177367,2.4911577825663977e-05,0.06829765545361877,4.4085646585180934e-05,0.0,0.0,0.0,0.0,2.0
22,14:46:09,7,0.06320081549439349,217868.0,0.06371049949031593,0.06320081549439349,3.2855821148021386e-06,0.06218144750254839,1.9026953142436265e-05,0.06116207951070329,2.265580503042669e-05,0.060142711518858194,3.0394331681566263e-05,0.05912334352701332,6.71827984668497e-06,0.06422018348623837,9.121168259002952e-06,0.06523955147808347,2.7510620394089548e-05,0.06625891946992857,2.1846669136482877e-05,0.06727828746177367,2.4911577825663977e-05,0.06829765545361877,4.4085646585180934e-05,0.0,0.0,0.0,0.0,2.0
22,14:46:12,7,0.06320081549439349,489601.0,0.06371049949031593,0.06320081549439349,2.084137908643148e-06,0.06218144750254839,1.9026953142436265e-05,0.06116207951070329,2.265580503042669e-05,0.060142711518858194,3.0394331681566263e-05,0.05912334352701332,6.71827984668497e-06,0.06422018348623837,1.1033671281051959e-06,0.06523955147808347,2.7167350620901266e-05,0.06625891946992857,2.1846669136482877e-05,0.06727828746177367,2.4911577825663977e-05,0.06829765545361877,4.4085646585180934e-05,2.0,0.0,0.0,0.0,2.0
22,14:46:15,7,0.06320081549439349,160581.0,0.06269113149847105,0.06218144750254839,2.4690904400042936e-05,0.06116207951070329,2.265580503042669e-05,0.060142711518858194,3.0394331681566263e-05,0.05912334352701332,6.71827984668497e-06,0.05810397553516822,1.4050277009291564e-05,0.06320081549439349,3.677890427017319e-07,0.06422018348623837,1.1033671281051959e-06,0.06523955147808347,2.7167350620901266e-05,0.06625891946992857,2.1846669136482877e-05,0.06727828746177367,2.4911577825663977e-05,1.0,1.0,1.0,1.0,2.0
22,14:46:18,7,0.06218144750254839,36475.0,0.06269113149847105,0.06218144750254839,2.461734659150259e-05,0.06116207951070329,2.265580503042669e-05,0.060142711518858194,3.0394331681566263e-05,0.05912334352701332,6.71827984668497e-06,0.05810397553516822,1.4050277009291564e-05,0.06320081549439349,8.091358939438103e-07,0.06422018348623837,1.4221176317800301e-06,0.06523955147808347,2.7412543316035755e-05,0.06625891946992857,2.1846669136482877e-05,0.06727828746177367,2.6750523039172635e-05,1.0,1.0,1.0,1.0,2.0
22,14:46:21,7,0.06218144750254839,219939.0,0.06269113149847105,0.06218144750254839,1.9615415610759035e-05,0.06116207951070329,2.265580503042669e-05,0.060142711518858194,3.0394331681566263e-05,0.05912334352701332,6.71827984668497e-06,0.05810397553516822,1.4050277009291564e-05,0.06320081549439349,5.639431988093223e-07,0.06422018348623837,1.5201947098338254e-06,0.06523955147808347,2.7706774550197138e-05,0.06625891946992857,2.1846669136482877e-05,0.06727828746177367,2.6750523039172635e-05,1.0,1.0,1.0,2.0,2.0
22,14:46:24,7,0.06218144750254839,65670.0,0.06269113149847105,0.06218144750254839,1.870820263876143e-05,0.06116207951070329,2.265580503042669e-05,0.060142711518858194,3.164481442675215e-05,0.05912334352701332,6.71827984668497e-06,0.05810397553516822,1.4050277009291564e-05,0.06320081549439349,4.658661207555271e-07,0.06422018348623837,1.7653874049683134e-06,0.06523955147808347,2.7706774550197138e-05,0.06625891946992857,2.1846669136482877e-05,0.06727828746177367,2.6750523039172635e-05,1.0,1.0,1.0,2.0,2.0
22,14:46:27,7,0.06422018348623837,172206.0,0.06472986748216103,0.06422018348623837,1.9615415610759035e-06,0.06320081549439349,3.1875050367483437e-07,0.06218144750254839,1.8830798986328675e-05,0.06116207951070329,2.265580503042669e-05,0.060142711518858194,3.2380392512155616e-05,0.06523955147808347,2.8197159940466115e-05,0.06625891946992857,2.1846669136482877e-05,0.06727828746177367,2.6750523039172635e-05,0.06829765545361877,4.425728147177507e-05,0.06931702344546387,4.3202952882696776e-05,0.0,0.0,0.0,0.0,2.0
22,14:46:30,7,0.06320081549439349,99165.0,0.06269113149847105,0.06218144750254839,2.1601476441348388e-05,0.06116207951070329,2.3097151881668767e-05,0.060142711518858194,3.230683470361527e-05,0.05912334352701332,6.71827984668497e-06,0.05810397553516822,1.4050277009291564e-05,0.06320081549439349,3.9230831221518074e-07,0.06422018348623837,1.6182717878876205e-06,0.06523955147808347,2.9251488529544412e-05,0.06625891946992857,2.1846669136482877e-05,0.06727828746177367,2.6750523039172635e-05,1.0,1.0,1.0,2.0,2.0
22,14:46:33,7,0.06320081549439349,1043.0,0.06269113149847105,0.06218144750254839,2.1871188405996324e-05,0.06116207951070329,2.339138311583015e-05,0.060142711518858194,3.230683470361527e-05,0.05912334352701332,6.71827984668497e-06,0.05810397553516822,1.4050277009291564e-05,0.06320081549439349,4.903853902689759e-07,0.06422018348623837,1.6182717878876205e-06,0.06523955147808347,2.9251488529544412e-05,0.06625891946992857,2.1846669136482877e-05,0.06727828746177367,2.6750523039172635e-05,1.0,1.0,1.0,2.0,2.0
22,14:46:36,7,0.06320081549439349,226122.0,0.06269113149847105,0.06218144750254839,2.4004364853666372e-05,0.06116207951070329,2.3661095080478087e-05,0.060142711518858194,3.230683470361527e-05,0.05912334352701332,6.71827984668497e-06,0.05810397553516822,1.4050277009291564e-05,0.06320081549439349,5.394239292958735e-07,0.06422018348623837,2.157695717183494e-06,0.06523955147808347,2.9447642685652002e-05,0.06625891946992857,2.1846669136482877e-05,0.06727828746177367,2.6750523039172635e-05,1.0,1.0,1.0,2.0,2.0
22,14:46:39,7,0.06320081549439349,26075.0,0.06269113149847105,0.06218144750254839,3.077168323937824e-05,0.06116207951070329,2.4004364853666372e-05,0.060142711518858194,3.245395032069596e-05,0.05912334352701332,6.71827984668497e-06,0.05810397553516822,1.4050277009291564e-05,0.06320081549439349,2.746158185506265e-06,0.06422018348623837,3.628851887990422e-06,0.06523955147808347,2.9447642685652002e-05,0.06625891946992857,2.1846669136482877e-05,0.06727828746177367,2.709379281236092e-05,1.0,1.0,1.0,2.0,2.0
22,14:46:42,7,0.06320081549439349,92784.0,0.06269113149847105,0.06218144750254839,2.9815431728353735e-05,0.06116207951070329,2.4102441931720166e-05,0.060142711518858194,3.245395032069596e-05,0.05912334352701332,6.71827984668497e-06,0.05810397553516822,1.4001238470264665e-05,0.06320081549439349,2.3538498732910843e-06,0.06422018348623837,2.9913508806407533e-06,0.06523955147808347,2.9226969260030965e-05,0.06625891946992857,2.1846669136482877e-05,0.06727828746177367,2.709379281236092e-05,1.0,1.0,1.0,2.0,2.0
22,14:46:45,7,0.06320081549439349,150065.0,0.06269113149847105,0.06218144750254839,2.6946677195280225e-05,0.06116207951070329,2.483802001712363e-05,0.060142711518858194,3.2331353973128714e-05,0.05912334352701332,7.208665236953946e-06,0.05810397553516822,1.4001238470264665e-05,0.06320081549439349,2.7951967245331627e-06,0.06422018348623837,3.4572170013962804e-06,0.06523955147808347,2.9643796841759593e-05,0.06625891946992857,2.1846669136482877e-05,0.06727828746177367,2.709379281236092e-05,1.0,1.0,1.0,2.0,2.0
22,14:46:48,7,0.06320081549439349,159579.0,0.06269113149847105,0.06218144750254839,2.733898550749541e-05,0.06116207951070329,2.483802001712363e-05,0.060142711518858194,3.2331353973128714e-05,0.05912334352701332,7.208665236953946e-06,0.05810397553516822,1.4001238470264665e-05,0.06320081549439349,2.4960616364690876e-05,0.06422018348623837,3.4572170013962804e-06,0.06523955147808347,3.037937492716306e-05,0.06625891946992857,2.179763059745598e-05,0.06727828746177367,2.709379281236092e-05,1.0,1.0,1.0,2.0,2.0
22,14:46:51,7,0.06218144750254839,223056.0,0.06269113149847105,0.06218144750254839,2.5965906414742274e-05,0.06116207951070329,2.483802001712363e-05,0.060142711518858194,3.2331353973128714e-05,0.05912334352701332,7.208665236953946e-06,0.05810397553516822,1.451614313004709e-05,0.06320081549439349,2.586782933668848e-05,0.06422018348623837,4.560584129501476e-06,0.06523955147808347,3.0992356664999276e-05,0.06625891946992857,2.179763059745598e-05,0.06727828746177367,2.709379281236092e-05,1.0,1.0,1.0,2.0,2.0
22,14:46:54,7,0.06218144750254839,10421.0,0.06269113149847105,0.06218144750254839,2.5745232989121236e-05,0.06116207951070329,2.483802001712363e-05,0.060142711518858194,3.2086161277994226e-05,0.05912334352701332,7.208665236953946e-06,0.05810397553516822,1.451614313004709e-05,0.06320081549439349,2.606398349279607e-05,0.06422018348623837,4.021160200205602e-06,0.06523955147808347,3.0992356664999276e-05,0.06625891946992857,2.179763059745598e-05,0.06727828746177367,2.709379281236092e-05,1.0,1.0,1.0,2.0,2.0
22,14:46:57,7,0.06320081549439349,90721.0,0.06269113149847105,0.06218144750254839,2.525484759885226e-05,0.06116207951070329,2.4592827321989143e-05,0.060142711518858194,3.206164200848078e-05,0.05912334352701332,7.208665236953946e-06,0.05810397553516822,1.451614313004709e-05,0.06320081549439349,2.726542769895506e-05,0.06422018348623837,4.021160200205602e-06,0.06523955147808347,3.381207265904589e-05,0.06625891946992857,2.2288015987724956e-05,0.06727828746177367,2.709379281236092e-05,1.0,1.0,1.0,2.0,2.0
22,14:47:00,7,0.06218144750254839,34386.0,0.06269113149847105,0.06218144750254839,2.7437062585549202e-05,0.06116207951070329,2.4715423669556387e-05,0.060142711518858194,3.2552027398749755e-05,0.05912334352701332,7.208665236953946e-06,0.05810397553516822,1.451614313004709e-05,0.06320081549439349,2.7535139663603e-05,0.06422018348623837,4.021160200205602e-06,0.06523955147808347,3.4621208552989697e-05,0.06625891946992857,2.2288015987724956e-05,0.06727828746177367,2.709379281236092e-05,1.0,1.0,1.0,2.0,2.0
22,14:47:03,7,0.06218144750254839,31260.0,0.06269113149847105,0.06218144750254839,2.670148450014574e-05,0.06116207951070329,2.4936097095177425e-05,0.060142711518858194,3.2552027398749755e-05,0.05912334352701332,7.208665236953946e-06,0.05810397553516822,1.451614313004709e-05,0.06320081549439349,2.7608697472143345e-05,0.06422018348623837,4.021160200205602e-06,0.06523955147808347,3.4621208552989697e-05,0.06625891946992857,2.2288015987724956e-05,0.06727828746177367,2.709379281236092e-05,1.0,1.0,1.0,2.0,2.0
22,14:47:06,7,0.06218144750254839,59394.0,0.06269113149847105,0.06218144750254839,2.5573598102527094e-05,0.06116207951070329,2.4200519009773962e-05,0.060142711518858194,3.2552027398749755e-05,0.05912334352701332,7.208665236953946e-06,0.05810397553516822,1.451614313004709e-05,0.06320081549439349,2.8197159940466115e-05,0.06422018348623837,4.168275817286296e-06,0.06523955147808347,3.4621208552989697e-05,0.06625891946992857,2.2288015987724956e-05,0.06727828746177367,2.6603407422091943e-05,1.0,1.0,1.0,2.0,2.0
22,14:47:09,7,0.06218144750254839,27100.0,0.06269113149847105,0.06218144750254839,2.7780332358737484e-05,0.06116207951070329,2.3759172158531884e-05,0.060142711518858194,3.2674623746317e-05,0.05912334352701332,7.208665236953946e-06,0.05810397553516822,1.454066239956054e-05,0.06320081549439349,2.8001005784358525e-05,0.06422018348623837,4.290872164853539e-06,0.06523955147808347,3.471928563104349e-05,0.06625891946992857,2.2263496718211508e-05,0.06727828746177367,2.6603407422091943e-05,1.0,1.0,1.0,2.0,2.0
22,14:47:12,7,0.06218144750254839,35428.0,0.06269113149847105,0.06218144750254839,2.890821875635613e-05,0.06116207951070329,2.3710133619504985e-05,0.060142711518858194,3.269914301583045e-05,0.05912334352701332,7.208665236953946e-06,0.05810397553516822,1.454066239956054e-05,0.06320081549439349,2.8246198479493014e-05,0.06422018348623837,4.364429973393886e-06,0.06523955147808347,3.484188197861074e-05,0.06625891946992857,2.299907480361497e-05,0.06727828746177367,2.628465691841711e-05,1.0,1.0,1.0,2.0,2.0
22,14:47:15,7,0.06320081549439349,104265.0,0.06269113149847105,0.06218144750254839,2.9202449990517517e-05,0.06116207951070329,2.4936097095177425e-05,0.060142711518858194,3.269914301583045e-05,0.05912334352701332,7.208665236953946e-06,0.05810397553516822,1.454066239956054e-05,0.06320081549439349,2.8491391174627502e-05,0.06422018348623837,4.364429973393886e-06,0.06523955147808347,3.5332267368879715e-05,0.06625891946992857,2.299907480361497e-05,0.06727828746177367,2.628465691841711e-05,1.0,1.0,1.0,2.0,2.0
22,14:47:18,7,0.06218144750254839,3126.0,0.06269113149847105,0.06218144750254839,2.9325046338084758e-05,0.06116207951070329,2.505869344274467e-05,0.060142711518858194,3.2944335710964936e-05,0.05912334352701332,7.208665236953946e-06,0.05810397553516822,1.454066239956054e-05,0.06320081549439349,2.969283538078649e-05,0.06422018348623837,4.854815363662861e-06,0.06523955147808347,3.5332267368879715e-05,0.06625891946992857,2.299907480361497e-05,0.06727828746177367,2.628465691841711e-05,1.0,1.0,1.0,2.0,2.0
22,14:47:21,7,0.06320081549439349,431764.0,0.06269113149847105,0.06218144750254839,2.155243790232149e-05,0.06116207951070329,2.505869344274467e-05,0.060142711518858194,3.2944335710964936e-05,0.05912334352701332,7.208665236953946e-06,0.05810397553516822,1.454066239956054e-05,0.06320081549439349,2.0424551504702847e-05,0.06422018348623837,8.753379216301221e-06,0.06523955147808347,3.5332267368879715e-05,0.06625891946992857,2.3219748229236008e-05,0.06727828746177367,2.628465691841711e-05,1.0,1.0,2.0,2.0,2.0
22,14:47:24,7,0.06218144750254839,125040.0,0.06269113149847105,0.06218144750254839,1.9002433872922817e-05,0.06116207951070329,2.505869344274467e-05,0.060142711518858194,3.2944335710964936e-05,0.05912334352701332,7.208665236953946e-06,0.05810397553516822,1.429546970442605e-05,0.06320081549439349,2.057166712178354e-05,0.06422018348623837,8.753379216301221e-06,0.06523955147808347,3.5332267368879715e-05,0.06625891946992857,2.3219748229236008e-05,0.06727828746177367,2.628465691841711e-05,1.0,1.0,2.0,2.0,2.0
22,14:47:27,7,0.06218144750254839,295159.0,0.06269113149847105,0.06218144750254839,2.0105801001028013e-05,0.06116207951070329,2.5303886137879158e-05,0.060142711518858194,3.2944335710964936e-05,0.05912334352701332,7.208665236953946e-06,0.05810397553516822,1.429546970442605e-05,0.06320081549439349,1.3804348736071672e-05,0.06422018348623837,8.753379216301221e-06,0.06523955147808347,3.5332267368879715e-05,0.06625891946992857,2.3219748229236008e-05,0.06727828746177367,2.628465691841711e-05,1.0,1.0,2.0,2.0,2.0
22,14:47:30,7,0.06218144750254839,222099.0,0.06269113149847105,0.06218144750254839,1.995868538394732e-05,0.06116207951070329,2.7755813089224037e-05,0.060142711518858194,3.348375964026081e-05,0.05912334352701332,7.208665236953946e-06,0.05810397553516822,1.429546970442605e-05,0.06320081549439349,1.1867326444509216e-05,0.06422018348623837,8.777898485814668e-06,0.06523955147808347,3.5332267368879715e-05,0.06625891946992857,2.3219748229236008e-05,0.06727828746177367,2.6162060570849864e-05,1.0,1.0,2.0,2.0,2.0
22,14:47:33,7,0.06218144750254839,217842.0,0.06269113149847105,0.06218144750254839,1.6673103269145183e-05,0.06116207951070329,2.7657736011170243e-05,0.060142711518858194,3.348375964026081e-05,0.05912334352701332,7.208665236953946e-06,0.05810397553516822,1.5055567059342964e-05,0.06320081549439349,1.0298093195648495e-05,0.06422018348623837,8.826937024841567e-06,0.06523955147808347,3.5332267368879715e-05,0.06625891946992857,2.3219748229236008e-05,0.06727828746177367,2.6162060570849864e-05,1.0,1.0,2.0,2.0,2.0
22,14:47:36,7,0.06218144750254839,109435.0,0.06269113149847105,0.06218144750254839,1.4736080977582727e-05,0.06116207951070329,3.212024306261792e-05,0.060142711518858194,3.348375964026081e-05,0.05912334352701332,7.208665236953946e-06,0.05810397553516822,1.5055567059342964e-05,0.06320081549439349,9.807707805379518e-06,0.06422018348623837,1.0420689543215737e-05,0.06523955147808347,3.5332267368879715e-05,0.06625891946992857,2.3219748229236008e-05,0.06727828746177367,2.567167518058089e-05,1.0,1.0,2.0,2.0,2.0
22,14:47:39,7,0.06218144750254839,64664.0,0.06269113149847105,0.06218144750254839,1.73351235460083e-05,0.06116207951070329,3.212024306261792e-05,0.060142711518858194,3.348375964026081e-05,0.05912334352701332,7.208665236953946e-06,0.05810397553516822,1.5055567059342964e-05,0.06320081549439349,9.121168259002952e-06,0.06422018348623837,1.0420689543215737e-05,0.06523955147808347,3.5332267368879715e-05,0.06625891946992857,2.3219748229236008e-05,0.06727828746177367,2.567167518058089e-05,1.0,1.0,2.0,2.0,2.0
22,14:47:42,7,0.06320081549439349,162573.0,0.06269113149847105,0.06218144750254839,1.5962044453255164e-05,0.06116207951070329,3.212024306261792e-05,0.060142711518858194,3.348375964026081e-05,0.05912334352701332,7.2331845064673944e-06,0.05810397553516822,1.5055567059342964e-05,0.06320081549439349,9.023091180949157e-06,0.06422018348623837,1.0763959316404021e-05,0.06523955147808347,3.5332267368879715e-05,0.06625891946992857,2.3219748229236008e-05,0.06727828746177367,2.567167518058089e-05,1.0,1.0,2.0,2.0,2.0
22,14:47:45,7,0.06218144750254839,64661.0,0.06269113149847105,0.06218144750254839,1.6991853772820017e-05,0.06116207951070329,3.212024306261792e-05,0.060142711518858194,3.343472110123391e-05,0.05912334352701332,7.2331845064673944e-06,0.05810397553516822,1.5055567059342964e-05,0.06320081549439349,8.262993826032244e-06,0.06422018348623837,1.0763959316404021e-05,0.06523955147808347,3.582265275914869e-05,0.06625891946992857,2.280292064750738e-05,0.06727828746177367,2.567167518058089e-05,1.0,1.0,2.0,2.0,2.0
22,14:47:48,7,0.06218144750254839,41680.0,0.06269113149847105,0.06218144750254839,2.0228397348595257e-05,0.06116207951070329,3.2340916488238964e-05,0.060142711518858194,3.343472110123391e-05,0.05912334352701332,7.2331845064673944e-06,0.05810397553516822,1.5055567059342964e-05,0.06320081549439349,1.0469728082242636e-05,0.06422018348623837,1.100915201153851e-05,0.06523955147808347,3.582265275914869e-05,0.06625891946992857,2.3293306037776357e-05,0.06727828746177367,2.6162060570849864e-05,1.0,1.0,2.0,2.0,2.0
22,14:47:51,7,0.06320081549439349,206351.0,0.06269113149847105,0.06218144750254839,1.73351235460083e-05,0.06116207951070329,3.2340916488238964e-05,0.060142711518858194,3.343472110123391e-05,0.05912334352701332,7.2331845064673944e-06,0.05810397553516822,1.5055567059342964e-05,0.06320081549439349,1.0150977578567801e-05,0.06422018348623837,1.100915201153851e-05,0.06523955147808347,3.3910149737099685e-05,0.06625891946992857,2.3293306037776357e-05,0.06727828746177367,2.603946422328262e-05,1.0,2.0,2.0,2.0,2.0
22,14:47:54,7,0.06320081549439349,154335.0,0.06269113149847105,0.06218144750254839,1.807070163141176e-05,0.06116207951070329,3.2340916488238964e-05,0.060142711518858194,3.220875762556147e-05,0.05912334352701332,7.2331845064673944e-06,0.05810397553516822,1.5055567059342964e-05,0.06320081549439349,7.184145967440497e-06,0.06422018348623837,1.1131748359105754e-05,0.06523955147808347,3.3910149737099685e-05,0.06625891946992857,2.3293306037776357e-05,0.06727828746177367,2.6529849613551597e-05,1.0,2.0,2.0,2.0,2.0
22,14:47:57,7,0.06320081549439349,164740.0,0.06269113149847105,0.06218144750254839,1.914954949000351e-05,0.06116207951070329,3.199764671505068e-05,0.060142711518858194,3.242943105118251e-05,0.05912334352701332,7.2331845064673944e-06,0.05810397553516822,1.5055567059342964e-05,0.06320081549439349,6.473087151550482e-06,0.06422018348623837,1.118078689813265e-05,0.06523955147808347,3.3910149737099685e-05,0.06625891946992857,2.3293306037776357e-05,0.06727828746177367,2.6529849613551597e-05,1.0,2.0,2.0,2.0,2.0
22,14:48:00,7,0.06218144750254839,78175.0,0.06269113149847105,0.06218144750254839,1.9787050497353178e-05,0.06116207951070329,3.199764671505068e-05,0.060142711518858194,3.242943105118251e-05,0.05912334352701332,7.2331845064673944e-06,0.05810397553516822,1.5055567059342964e-05,0.06320081549439349,7.3312615845211895e-06,0.06422018348623837,1.118078689813265e-05,0.06523955147808347,3.3910149737099685e-05,0.06625891946992857,2.3293306037776357e-05,0.06727828746177367,2.6529849613551597e-05,1.0,2.0,2.0,2.0,2.0
22,14:48:03,7,0.06218144750254839,16684.0,0.06269113149847105,0.06218144750254839,2.0914936894971824e-05,0.06116207951070329,3.199764671505068e-05,0.060142711518858194,3.1595775887725255e-05,0.05912334352701332,7.2331845064673944e-06,0.05810397553516822,1.4810374364208475e-05,0.06320081549439349,7.453857932088434e-06,0.06422018348623837,1.118078689813265e-05,0.06523955147808347,3.3910149737099685e-05,0.06625891946992857,2.3293306037776357e-05,0.06727828746177367,2.6529849613551597e-05,1.0,2.0,2.0,2.0,2.0
22,14:48:06,7,0.06320081549439349,46908.0,0.06269113149847105,0.06218144750254839,2.1282725937673554e-05,0.06116207951070329,3.199764671505068e-05,0.060142711518858194,3.16202951572387e-05,0.05912334352701332,7.2331845064673944e-06,0.05810397553516822,1.4810374364208475e-05,0.06320081549439349,7.3312615845211895e-06,0.06422018348623837,1.142597959326714e-05,0.06523955147808347,3.395918827612658e-05,0.06625891946992857,2.3293306037776357e-05,0.06727828746177367,2.6529849613551597e-05,2.0,2.0,2.0,2.0,2.0
22,14:48:09,7,0.06320081549439349,96946.0,0.06269113149847105,0.06218144750254839,2.6775042308686086e-05,0.06116207951070329,3.224283941018517e-05,0.060142711518858194,3.1522218079184906e-05,0.05912334352701332,7.2331845064673944e-06,0.05810397553516822,1.4810374364208475e-05,0.06320081549439349,7.821646974790167e-06,0.06422018348623837,1.142597959326714e-05,0.06523955147808347,3.403274608466693e-05,0.06625891946992857,2.1062052512052516e-05,0.06727828746177367,2.6529849613551597e-05,2.0,2.0,2.0,2.0,2.0
22,14:48:12,7,0.06218144750254839,188646.0,0.06269113149847105,0.06218144750254839,2.3808210697558782e-05,0.06116207951070329,3.224283941018517e-05,0.060142711518858194,3.1522218079184906e-05,0.05912334352701332,7.2331845064673944e-06,0.05810397553516822,1.4810374364208475e-05,0.06320081549439349,7.012511080846356e-06,0.06422018348623837,1.1867326444509216e-05,0.06523955147808347,3.410630389320727e-05,0.06625891946992857,2.1062052512052516e-05,0.06727828746177367,2.6407253265984353e-05,2.0,2.0,2.0,2.0,2.0
22,14:48:15,7,0.06320081549439349,70920.0,0.06269113149847105,0.06218144750254839,2.4323115357341207e-05,0.06116207951070329,3.224283941018517e-05,0.060142711518858194,3.1595775887725255e-05,0.05912334352701332,7.2331845064673944e-06,0.05810397553516822,1.4810374364208475e-05,0.06320081549439349,6.350490803983238e-06,0.06422018348623837,1.1867326444509216e-05,0.06523955147808347,3.410630389320727e-05,0.06625891946992857,2.1062052512052516e-05,0.06727828746177367,2.6407253265984353e-05,2.0,2.0,2.0,2.0,2.0
22,14:48:18,7,0.06218144750254839,345213.0,0.06269113149847105,0.06218144750254839,2.4519269513448797e-05,0.06116207951070329,3.224283941018517e-05,0.060142711518858194,3.1595775887725255e-05,0.05912334352701332,7.2331845064673944e-06,0.05810397553516822,1.4810374364208475e-05,0.06320081549439349,5.639431988093223e-07,0.06422018348623837,1.2112519139643705e-05,0.06523955147808347,3.3836591928559336e-05,0.06625891946992857,2.1062052512052516e-05,0.06727828746177367,2.7216389159928164e-05,2.0,2.0,2.0,2.0,2.0
22,14:48:21,7,0.06320081549439349,111601.0,0.06371049949031593,0.06320081549439349,5.7865476051739155e-06,0.06218144750254839,2.9202449990517517e-05,0.06116207951070329,3.2488032105319655e-05,0.060142711518858194,3.1595775887725255e-05,0.05912334352701332,7.282223045494292e-06,0.06422018348623837,1.2186076948184051e-05,0.06523955147808347,3.3836591928559336e-05,0.06625891946992857,2.1062052512052516e-05,0.06727828746177367,2.733898550749541e-05,0.06829765545361877,4.300679872658919e-05,2.0,2.0,2.0,2.0,2.0
22,14:48:24,7,0.06422018348623837,39653.0,0.06371049949031593,0.06320081549439349,6.497606421063931e-06,0.06218144750254839,2.95457197637058e-05,0.06116207951070329,3.285582114802139e-05,0.060142711518858194,3.1595775887725255e-05,0.05912334352701332,7.404819393061536e-06,0.06422018348623837,1.2921655033587515e-05,0.06523955147808347,3.3836591928559336e-05,0.06625891946992857,2.118464885961976e-05,0.06727828746177367,2.733898550749541e-05,0.06829765545361877,4.300679872658919e-05,2.0,2.0,2.0,2.0,2.0
22,14:48:27,7,0.06320081549439349,386216.0,0.06371049949031593,0.06320081549439349,6.1543366478756476e-06,0.06218144750254839,3.0600048352784096e-05,0.06116207951070329,3.285582114802139e-05,0.060142711518858194,3.1693852965779045e-05,0.05912334352701332,7.404819393061536e-06,0.06422018348623837,5.4187585624721835e-06,0.06523955147808347,3.3836591928559336e-05,0.06625891946992857,1.995868538394732e-05,0.06727828746177367,2.733898550749541e-05,0.06829765545361877,4.300679872658919e-05,2.0,2.0,2.0,2.0,2.0
22,14:48:30,7,0.06320081549439349,170122.0,0.06371049949031593,0.06320081549439349,7.306742315007741e-06,0.06218144750254839,3.0600048352784096e-05,0.06116207951070329,3.285582114802139e-05,0.060142711518858194,3.16693336962656e-05,0.05912334352701332,7.404819393061536e-06,0.06422018348623837,3.898563852638359e-06,0.06523955147808347,3.432697731882831e-05,0.06625891946992857,1.995868538394732e-05,0.06727828746177367,2.733898550749541e-05,0.06829765545361877,4.300679872658919e-05,2.0,2.0,2.0,2.0,2.0
22,14:48:33,7,0.06320081549439349,144062.0,0.06371049949031593,0.06320081549439349,8.262993826032244e-06,0.06218144750254839,3.0477452005216852e-05,0.06116207951070329,3.285582114802139e-05,0.060142711518858194,3.1546737348698353e-05,0.05912334352701332,7.895204783330513e-06,0.06422018348623837,1.0298093195648493e-06,0.06523955147808347,3.432697731882831e-05,0.06625891946992857,1.995868538394732e-05,0.06727828746177367,2.733898550749541e-05,0.06829765545361877,4.300679872658919e-05,2.0,2.0,2.0,2.0,2.0
22,14:48:36,7,0.06422018348623837,114819.0,0.06472986748216103,0.06422018348623837,2.378369142804533e-06,0.06320081549439349,8.679821407760873e-06,0.06218144750254839,3.0477452005216852e-05,0.06116207951070329,3.285582114802139e-05,0.060142711518858194,3.1546737348698353e-05,0.06523955147808347,3.432697731882831e-05,0.06625891946992857,2.0669744199837336e-05,0.06727828746177367,2.733898550749541e-05,0.06829765545361877,4.300679872658919e-05,0.06931702344546387,4.089814154843259e-05,2.0,2.0,2.0,2.0,2.0
22,14:48:39,7,0.06422018348623837,12528.0,0.06472986748216103,0.06422018348623837,5.1956332098997996e-05,0.06320081549439349,1.1058190550565406e-05,0.06218144750254839,3.035485565764961e-05,0.06116207951070329,3.285582114802139e-05,0.060142711518858194,3.203712273896733e-05,0.06523955147808347,3.3346206538290365e-05,0.06625891946992857,2.0669744199837336e-05,0.06727828746177367,2.733898550749541e-05,0.06829765545361877,4.300679872658919e-05,0.06931702344546387,4.089814154843259e-05,2.0,2.0,2.0,2.0,2.0
22,14:48:42,7,0.06523955147808347,805564.0,0.06472986748216103,0.06422018348623837,4.891594267933035e-05,0.06320081549439349,1.1058190550565406e-05,0.06218144750254839,2.9202449990517517e-05,0.06116207951070329,3.285582114802139e-05,0.060142711518858194,3.203712273896733e-05,0.06523955147808347,1.7751951127736927e-05,0.06625891946992857,2.0669744199837336e-05,0.06727828746177367,2.733898550749541e-05,0.06829765545361877,4.300679872658919e-05,0.06931702344546387,4.089814154843259e-05,2.0,2.0,2.0,2.0,2.0
22,14:48:45,7,0.06523955147808347,306095.0,0.06472986748216103,0.06422018348623837,4.8180364593926884e-05,0.06320081549439349,1.1278863976186446e-05,0.06218144750254839,3.0992356664999276e-05,0.06116207951070329,3.285582114802139e-05,0.060142711518858194,3.1056351958429376e-05,0.06523955147808347,1.2848097225047169e-05,0.06625891946992857,2.0669744199837336e-05,0.06727828746177367,2.733898550749541e-05,0.06829765545361877,4.300679872658919e-05,0.06931702344546387,4.089814154843259e-05,2.0,2.0,2.0,2.0,2.0
22,14:48:48,7,0.06422018348623837,482745.0,0.06472986748216103,0.06422018348623837,4.685632404020065e-05,0.06320081549439349,1.1278863976186446e-05,0.06218144750254839,3.0011585884461325e-05,0.06116207951070329,3.310101384315588e-05,0.060142711518858194,3.1056351958429376e-05,0.06523955147808347,2.966831611127304e-06,0.06625891946992857,2.0669744199837336e-05,0.06727828746177367,2.733898550749541e-05,0.06829765545361877,4.300679872658919e-05,0.06931702344546387,4.089814154843259e-05,2.0,2.0,2.0,2.0,2.0
22,14:48:51,7,0.06422018348623837,487986.0,0.06523955147808347,0.06422018348623837,5.09510420489466e-05,0.06320081549439349,1.1278863976186446e-05,0.06218144750254839,2.5720713719607785e-05,0.06116207951070329,3.310101384315588e-05,0.060142711518858194,3.1375102462104214e-05,0.06625891946992857,2.0449070774216295e-05,0.06727828746177367,2.733898550749541e-05,0.06829765545361877,4.300679872658919e-05,0.06931702344546387,4.089814154843259e-05,0.07033639143730874,0.00010126458309054353,2.0,2.0,2.0,2.0,1.0
22,14:48:54,7,0.06625891946992857,42876.0,0.06574923547400613,0.06523955147808347,1.3289444076289248e-05,0.06422018348623837,5.097556131846005e-05,0.06320081549439349,1.142597959326714e-05,0.06218144750254839,2.6211099109876763e-05,0.06116207951070329,3.310101384315588e-05,0.06625891946992857,2.4592827321989143e-05,0.06727828746177367,2.684860011722643e-05,0.06829765545361877,4.396305023761369e-05,0.06931702344546387,4.089814154843259e-05,0.07033639143730874,0.00010126458309054353,2.0,2.0,2.0,2.0,1.0
22,14:48:57,7,0.06523955147808347,81548.0,0.06574923547400613,0.06523955147808347,1.3485598232396838e-05,0.06422018348623837,5.097556131846005e-05,0.06320081549439349,1.1450498862780587e-05,0.06218144750254839,2.628465691841711e-05,0.06116207951070329,3.285582114802139e-05,0.06625891946992857,2.3661095080478087e-05,0.06727828746177367,2.684860011722643e-05,0.06829765545361877,4.396305023761369e-05,0.06931702344546387,4.089814154843259e-05,0.07033639143730874,0.00010126458309054353,2.0,2.0,2.0,2.0,1.0
22,14:49:00,7,0.06523955147808347,3721024.0,0.066768603465851,0.06523955147808347,9.194726067543298e-06,0.06422018348623837,4.972507857327416e-05,0.06320081549439349,8.900494833381913e-06,0.06218144750254839,2.628465691841711e-05,0.06116207951070329,3.285582114802139e-05,0.06829765545361877,1.181828790548232e-05,0.06931702344546387,4.089814154843259e-05,0.07033639143730874,9.959727276362901e-05,0.07135575942915384,2.2116381101130813e-05,0.07237512742099894,4.3202952882696776e-05,1.0,1.0,2.0,1.0,0.0
22,14:49:03,7,0.06625891946992857,31378.0,0.066768603465851,0.06625891946992857,2.3857249236585677e-05,0.06523955147808347,9.317322415110542e-06,0.06422018348623837,4.955344368668002e-05,0.06320081549439349,9.145687528516401e-06,0.06218144750254839,2.6578888152578496e-05,0.06727828746177367,3.0894279586945484e-06,0.06829765545361877,1.181828790548232e-05,0.06931702344546387,4.089814154843259e-05,0.07033639143730874,9.959727276362901e-05,0.07135575942915384,2.2116381101130813e-05,1.0,2.0,1.0,1.0,0.0
22,14:49:06,7,0.06625891946992857,91057.0,0.066768603465851,0.06625891946992857,2.3097151881668767e-05,0.06523955147808347,9.562515110245031e-06,0.06422018348623837,4.955344368668002e-05,0.06320081549439349,1.0003861961487108e-05,0.06218144750254839,2.6358214726957454e-05,0.06727828746177367,2.500965490371777e-06,0.06829765545361877,1.2087999870130256e-05,0.06931702344546387,4.1388526938701566e-05,0.07033639143730874,9.98424654587635e-05,0.07135575942915384,2.2116381101130813e-05,1.0,2.0,1.0,0.0,0.0
22,14:49:09,7,0.06727828746177367,186296.0,0.06778797145769633,0.06727828746177367,1.6918295964279668e-06,0.06625891946992857,2.895725729538303e-05,0.06523955147808347,9.562515110245031e-06,0.06422018348623837,4.553228348647441e-05,0.06320081549439349,1.1229825437159549e-05,0.06829765545361877,1.1916364983536115e-05,0.06931702344546387,4.1388526938701566e-05,0.07033639143730874,9.98424654587635e-05,0.07135575942915384,2.2116381101130813e-05,0.07237512742099894,4.3202952882696776e-05,1.0,1.0,0.0,0.0,0.0
22,14:49:12,7,0.06727828746177367,117256.0,0.066768603465851,0.06625891946992857,1.3975983622665813e-05,0.06523955147808347,9.072129719976054e-06,0.06422018348623837,4.489478247912474e-05,0.06320081549439349,1.1229825437159549e-05,0.06218144750254839,1.993416611443387e-05,0.06727828746177367,2.2067342562103917e-07,0.06829765545361877,1.142597959326714e-05,0.06931702344546387,4.5556802755987865e-05,0.07033639143730874,0.00010057804354416695,0.07135575942915384,2.2116381101130813e-05,2.0,2.0,1.0,0.0,0.0
22,14:49:15,7,0.06727828746177367,27214.0,0.066768603465851,0.06625891946992857,1.3779829466558223e-05,0.06523955147808347,9.072129719976054e-06,0.06422018348623837,4.489478247912474e-05,0.06320081549439349,1.1229825437159549e-05,0.06218144750254839,1.9468299993678344e-05,0.06727828746177367,2.2312535257238405e-06,0.06829765545361877,1.1671172288401626e-05,0.06931702344546387,4.5556802755987865e-05,0.07033639143730874,0.0001007006398917342,0.07135575942915384,2.2116381101130813e-05,1.0,2.0,1.0,0.0,0.0
22,14:49:18,7,0.06727828746177367,10470.0,0.066768603465851,0.06625891946992857,1.4319253395854097e-05,0.06523955147808347,9.636072918785377e-06,0.06422018348623837,4.464958978399026e-05,0.06320081549439349,1.0886555663971265e-05,0.06218144750254839,1.9468299993678344e-05,0.06727828746177367,2.010580100102801e-06,0.06829765545361877,1.3093289920181658e-05,0.06931702344546387,4.5556802755987865e-05,0.07033639143730874,0.0001007006398917342,0.07135575942915384,2.2116381101130813e-05,2.0,2.0,1.0,0.0,0.0
22,14:49:21,7,0.06625891946992857,61735.0,0.066768603465851,0.06625891946992857,1.6231756417903104e-05,0.06523955147808347,9.636072918785377e-06,0.06422018348623837,4.464958978399026e-05,0.06320081549439349,1.0886555663971265e-05,0.06218144750254839,1.9468299993678344e-05,0.06727828746177367,2.2312535257238405e-06,0.06829765545361877,1.3093289920181658e-05,0.06931702344546387,4.666016988409306e-05,0.07033639143730874,0.0001009948711258956,0.07135575942915384,2.2116381101130813e-05,2.0,2.0,1.0,0.0,0.0
22,14:49:24,7,0.06727828746177367,102606.0,0.06778797145769633,0.06727828746177367,8.33655163457259e-07,0.06625891946992857,1.6403391304497243e-05,0.06523955147808347,1.0126458309054352e-05,0.06422018348623837,4.563036056452821e-05,0.06320081549439349,1.0935594202998162e-05,0.06829765545361877,1.7997143822871416e-05,0.06931702344546387,4.666016988409306e-05,0.07033639143730874,0.00010077419770027455,0.07135575942915384,2.2116381101130813e-05,0.07237512742099894,4.3202952882696776e-05,1.0,1.0,0.0,0.0,0.0
22,14:49:27,7,0.06727828746177367,325809.0,0.06778797145769633,0.06727828746177367,9.072129719976055e-07,0.06625891946992857,1.588848664471482e-05,0.06523955147808347,1.0249054656621597e-05,0.06422018348623837,4.563036056452821e-05,0.06320081549439349,1.0935594202998162e-05,0.06829765545361877,1.3902425814125468e-05,0.06931702344546387,4.666016988409306e-05,0.07033639143730874,0.00010101939039540904,0.07135575942915384,2.2116381101130813e-05,0.07237512742099894,4.3202952882696776e-05,1.0,1.0,0.0,0.0,0.0
22,14:49:30,7,0.06727828746177367,62843.0,0.066768603465851,0.06625891946992857,1.5643293949580333e-05,0.06523955147808347,1.0249054656621597e-05,0.06422018348623837,4.563036056452821e-05,0.06320081549439349,1.0935594202998162e-05,0.06218144750254839,1.937022291562455e-05,0.06727828746177367,1.0543285890782983e-06,0.06829765545361877,1.4392811204394443e-05,0.06931702344546387,4.666016988409306e-05,0.07033639143730874,0.00010891459517873955,0.07135575942915384,2.2116381101130813e-05,2.0,2.0,0.0,0.0,0.0
22,14:49:33,7,0.06727828746177367,141304.0,0.06778797145769633,0.06727828746177367,5.29616221490494e-06,0.06625891946992857,1.4392811204394443e-05,0.06523955147808347,1.0003861961487108e-05,0.06422018348623837,4.496834028766509e-05,0.06320081549439349,1.1058190550565406e-05,0.06829765545361877,1.713896938990071e-05,0.06931702344546387,4.666016988409306e-05,0.07033639143730874,0.00010896363371776645,0.07135575942915384,2.162599571086184e-05,0.07237512742099894,4.342362630831782e-05,1.0,0.0,0.0,0.0,0.0
22,14:49:36,7,0.06829765545361877,117316.0,0.06778797145769633,0.06727828746177367,5.443277831985633e-06,0.06625891946992857,2.020387807908181e-05,0.06523955147808347,1.0003861961487108e-05,0.06422018348623837,4.496834028766509e-05,0.06320081549439349,1.1058190550565406e-05,0.06829765545361877,1.586396737520137e-05,0.06931702344546387,4.666016988409306e-05,0.07033639143730874,0.00010935594202998164,0.07135575942915384,2.162599571086184e-05,0.07237512742099894,4.342362630831782e-05,1.0,0.0,0.0,0.0,0.0
22,14:49:39,7,0.06829765545361877,13612.0,0.06778797145769633,0.06727828746177367,5.1490465978242474e-06,0.06625891946992857,2.020387807908181e-05,0.06523955147808347,9.317322415110542e-06,0.06422018348623837,4.496834028766509e-05,0.06320081549439349,1.1107229089592305e-05,0.06829765545361877,1.6329833495956897e-05,0.06931702344546387,4.420824293274818e-05,0.07033639143730874,0.00010955209618608922,0.07135575942915384,2.162599571086184e-05,0.07237512742099894,4.342362630831782e-05,1.0,0.0,0.0,0.0,0.0
22,14:49:42,7,0.06829765545361877,235642.0,0.06778797145769633,0.06727828746177367,1.2750020146993375e-06,0.06625891946992857,2.020387807908181e-05,0.06523955147808347,1.1254344706672997e-05,0.06422018348623837,4.496834028766509e-05,0.06320081549439349,1.1107229089592305e-05,0.06829765545361877,1.547165906298619e-05,0.06931702344546387,4.445343562788267e-05,0.07033639143730874,0.00010710016923474434,0.07135575942915384,2.162599571086184e-05,0.07237512742099894,4.342362630831782e-05,1.0,0.0,0.0,0.0,0.0
22,14:49:45,7,0.06727828746177367,47145.0,0.06778797145769633,0.06727828746177367,6.914434002792561e-06,0.06625891946992857,2.0277435887622155e-05,0.06523955147808347,1.1254344706672997e-05,0.06422018348623837,4.496834028766509e-05,0.06320081549439349,1.1107229089592305e-05,0.06829765545361877,1.0347131734675392e-05,0.06931702344546387,4.445343562788267e-05,0.07033639143730874,0.00010879199883117231,0.07135575942915384,2.162599571086184e-05,0.07237512742099894,4.342362630831782e-05,1.0,0.0,0.0,0.0,0.0
22,14:49:48,7,0.06829765545361877,139337.0,0.06778797145769633,0.06727828746177367,6.007221030794955e-06,0.06625891946992857,1.851204848265384e-05,0.06523955147808347,1.1254344706672997e-05,0.06422018348623837,4.496834028766509e-05,0.06320081549439349,1.118078689813265e-05,0.06829765545361877,9.36636095413744e-06,0.06931702344546387,4.445343562788267e-05,0.07033639143730874,0.00010849776759701093,0.07135575942915384,2.162599571086184e-05,0.07237512742099894,4.342362630831782e-05,0.0,0.0,0.0,0.0,0.0
22,14:49:51,7,0.06727828746177367,127768.0,0.06778797145769633,0.06727828746177367,4.021160200205602e-06,0.06625891946992857,1.851204848265384e-05,0.06523955147808347,1.1744730096941974e-05,0.06422018348623837,4.496834028766509e-05,0.06320081549439349,1.1058190550565406e-05,0.06829765545361877,1.8879837525355573e-05,0.06931702344546387,5.60265308382305e-05,0.07033639143730874,0.00010857132540555127,0.07135575942915384,2.162599571086184e-05,0.07237512742099894,4.342362630831782e-05,0.0,0.0,0.0,0.0,0.0
22,14:49:54,7,0.06727828746177367,395083.0,0.06778797145769633,0.06727828746177367,3.8004867745845632e-06,0.06625891946992857,1.851204848265384e-05,0.06523955147808347,1.2308673295751295e-05,0.06422018348623837,4.5017378826691986e-05,0.06320081549439349,1.098463274202506e-05,0.06829765545361877,1.2578385260399233e-05,0.06931702344546387,5.60265308382305e-05,0.07033639143730874,0.00010908623006533369,0.07135575942915384,2.1944746214536674e-05,0.07237512742099894,4.342362630831782e-05,0.0,0.0,0.0,0.0,0.0
22,14:49:57,7,0.06829765545361877,60784.0,0.06778797145769633,0.06727828746177367,3.923083122151807e-06,0.06625891946992857,1.851204848265384e-05,0.06523955147808347,1.3534636771423735e-05,0.06422018348623837,4.5017378826691986e-05,0.06320081549439349,1.0249054656621597e-05,0.06829765545361877,1.1156267628619202e-05,0.06931702344546387,5.663951257606672e-05,0.07033639143730874,0.00011063094404468097,0.07135575942915384,2.1944746214536674e-05,0.07237512742099894,4.342362630831782e-05,0.0,0.0,0.0,0.0,0.0
