date,time,sym,n_close,amount_delta,n_midprice,n_bid1,n_bsize1,n_bid2,n_bsize2,n_bid3,n_bsize3,n_bid4,n_bsize4,n_bid5,n_bsize5,n_ask1,n_asize1,n_ask2,n_asize2,n_ask3,n_asize3,n_ask4,n_asize4,n_ask5,n_asize5,label_5,label_10,label_20,label_40,label_60
64,13:10:03,0,0.09974966300789534,4718007.0,0.099845946466397,0.09974966300789534,3.017089754858545e-05,0.09955709609089158,2.3022971407598265e-05,0.09936452917388805,2.8591704563948745e-06,0.0991719622568843,3.2581244735662525e-06,0.09897939533988054,3.324616809761482e-08,0.09994222992489887,0.000758687363607159,0.0,0.0,0.0,0.0,0.0,0.0,0.0,0.0,1.0,1.0,1.0,1.0,1.0
64,13:10:06,0,0.09994222992489887,22573632.0,0.099845946466397,0.09974966300789534,3.121815184366032e-05,0.09955709609089158,2.3022971407598265e-05,0.09936452917388805,2.8591704563948745e-06,0.0991719622568843,2.626447279711571e-06,0.09897939533988054,3.324616809761482e-08,0.09994222992489887,0.0007015870698995056,0.0,0.0,0.0,0.0,0.0,0.0,0.0,0.0,1.0,1.0,1.0,1.0,1.0
64,13:10:09,0,0.09994222992489887,18283988.0,0.099845946466397,0.09974966300789534,3.168359819702692e-05,0.09955709609089158,2.2457786549938813e-05,0.09936452917388805,2.476839523272304e-06,0.0991719622568843,2.626447279711571e-06,0.09897939533988054,3.324616809761482e-08,0.09994222992489887,0.0006618512497892364,0.0,0.0,0.0,0.0,0.0,0.0,0.0,0.0,1.0,1.0,1.0,1.0,1.0
64,13:10:12,0,0.09994222992489887,15999264.0,0.099845946466397,0.09974966300789534,3.244826006327206e-05,0.09955709609089158,2.2707132810670923e-05,0.09936452917388805,2.3604779349306524e-06,0.0991719622568843,2.626447279711571e-06,0.09897939533988054,3.324616809761482e-08,0.09994222992489887,0.0006211579400377558,0.0,0.0,0.0,0.0,0.0,0.0,0.0,0.0,1.0,1.0,1.0,1.0,1.0
64,13:10:15,0,0.09994222992489887,5083506.0,0.099845946466397,0.09974966300789534,3.1633728944880504e-05,0.09955709609089158,2.3222448416183954e-05,0.09936452917388805,2.3272317668330376e-06,0.0991719622568843,2.6098241956627637e-06,0.09897939533988054,3.324616809761482e-08,0.09994222992489887,0.0006147414295949161,0.0,0.0,0.0,0.0,0.0,0.0,0.0,0.0,1.0,1.0,1.0,1.0,1.0
64,13:10:18,0,0.09994222992489887,4780889.0,0.099845946466397,0.09974966300789534,3.4177060804348035e-05,0.09955709609089158,2.0047439362861736e-05,0.09936452917388805,2.626447279711571e-06,0.0991719622568843,2.6098241956627637e-06,0.09897939533988054,3.324616809761482e-08,0.09994222992489887,0.0006070116955122207,0.0,0.0,0.0,0.0,0.0,0.0,0.0,0.0,1.0,1.0,1.0,1.0,1.0
64,13:10:21,0,0.09994222992489887,7345344.0,0.099845946466397,0.09974966300789534,2.973869736331646e-05,0.09955709609089158,1.9947700858568894e-05,0.09936452917388805,2.626447279711571e-06,0.0991719622568843,2.5267087754187266e-06,0.09897939533988054,3.324616809761482e-08,0.09994222992489887,0.0005975697837724981,0.0,0.0,0.0,0.0,0.0,0.0,0.0,0.0,1.0,1.0,1.0,1.0,1.0
64,13:10:24,0,0.09994222992489887,29942206.0,0.099845946466397,0.09974966300789534,2.844209680750948e-05,0.09955709609089158,2.0113931699056968e-05,0.09936452917388805,2.6596934478091856e-06,0.0991719622568843,1.5625699005878965e-06,0.09897939533988054,6.649233619522964e-08,0.09994222992489887,0.0005144377404444122,0.0,0.0,0.0,0.0,0.0,0.0,0.0,0.0,1.0,1.0,1.0,1.0,1.0
64,13:10:27,0,0.09994222992489887,3609736.0,0.099845946466397,0.09974966300789534,4.323664161094808e-05,0.09955709609089158,2.016380095120339e-05,0.09936452917388805,2.6596934478091856e-06,0.0991719622568843,1.5625699005878965e-06,0.09897939533988054,6.649233619522964e-08,0.09994222992489887,0.0005101656078438687,0.0,0.0,0.0,0.0,0.0,0.0,0.0,0.0,1.0,1.0,1.0,1.0,1.0
64,13:10:30,0,0.09994222992489887,9036125.0,0.099845946466397,0.09974966300789534,3.967930162450329e-05,0.09955709609089158,2.8458719891558286e-05,0.09936452917388805,2.6596934478091856e-06,0.0991719622568843,1.5625699005878965e-06,0.09897939533988054,6.649233619522964e-08,0.09994222992489887,0.0004914480152049116,0.0,0.0,0.0,0.0,0.0,0.0,0.0,0.0,1.0,1.0,1.0,1.0,1.0
64,13:10:33,0,0.09994222992489887,63048825.0,0.099845946466397,0.09974966300789534,5.67512089426285e-05,0.09955709609089158,3.6720392663815573e-05,0.09936452917388805,2.3604779349306524e-06,0.0991719622568843,1.2301082196117483e-06,0.09897939533988054,6.649233619522964e-08,0.09994222992489887,0.0003141129545722341,0.0,0.0,0.0,0.0,0.0,0.0,0.0,0.0,1.0,1.0,1.0,1.0,1.0
64,13:10:36,0,0.09994222992489887,109460029.0,0.09994222992489887,0.09994222992489887,2.6693514596415427e-05,0.09974966300789534,6.148878789653861e-05,0.09955709609089158,3.655416182332749e-05,0.09936452917388805,1.8119161613200078e-06,0.0991719622568843,1.2301082196117483e-06,0.0,0.0,0.0,0.0,0.0,0.0,0.0,0.0,0.0,0.0,1.0,1.0,1.0,1.0,1.0
64,13:10:39,0,0.09994222992489887,1576512.0,0.09994222992489887,0.09994222992489887,0.0007087386531189835,0.09974966300789534,6.147216481248981e-05,0.09955709609089158,3.5224315099422906e-05,0.09936452917388805,1.8119161613200078e-06,0.0991719622568843,1.2301082196117483e-06,0.0,0.0,0.0,0.0,0.0,0.0,0.0,0.0,0.0,0.0,1.0,1.0,1.0,1.0,1.0
64,13:10:42,0,0.09994222992489887,2804592.0,0.09994222992489887,0.09994222992489887,0.0014825598386750173,0.09974966300789534,6.182124957751476e-05,0.09955709609089158,0.00012364249915502952,0.09936452917388805,1.8119161613200078e-06,0.0991719622568843,9.30892706733215e-07,0.0,0.0,0.0,0.0,0.0,0.0,0.0,0.0,0.0,0.0,1.0,1.0,1.0,1.0,1.0
64,13:10:45,0,0.09994222992489887,1188096.0,0.09994222992489887,0.09994222992489887,0.0018043993689439775,0.09974966300789534,6.165501873702669e-05,0.09955709609089158,0.00012354276065073668,0.09936452917388805,1.8119161613200078e-06,0.0991719622568843,9.30892706733215e-07,0.0,0.0,0.0,0.0,0.0,0.0,0.0,0.0,0.0,0.0,1.0,1.0,1.0,1.0,1.0
64,13:10:48,0,0.09994222992489887,708288.0,0.09994222992489887,0.09994222992489887,0.0018832759027555687,0.09974966300789534,0.00018142433930868409,0.09955709609089158,0.0001243240456010306,0.09936452917388805,1.8119161613200078e-06,0.0991719622568843,9.30892706733215e-07,0.0,0.0,0.0,0.0,0.0,0.0,0.0,0.0,0.0,0.0,1.0,1.0,1.0,1.0,1.0
64,13:10:51,0,0.09994222992489887,588336.0,0.09994222992489887,0.09994222992489887,0.0018883126972223574,0.09974966300789534,0.00017756778380936076,0.09955709609089158,0.0001243240456010306,0.09936452917388805,1.8119161613200078e-06,0.0991719622568843,9.30892706733215e-07,0.0,0.0,0.0,0.0,0.0,0.0,0.0,0.0,0.0,0.0,1.0,1.0,1.0,1.0,1.0
64,13:10:54,0,0.09994222992489887,1673616.0,0.09994222992489887,0.09994222992489887,0.001892235745057876,0.09974966300789534,0.00017748466838911673,0.09955709609089158,0.0001243240456010306,0.09936452917388805,1.8119161613200078e-06,0.0991719622568843,9.30892706733215e-07,0.0,0.0,0.0,0.0,0.0,0.0,0.0,0.0,0.0,0.0,1.0,1.0,1.0,1.0,1.0
64,13:10:57,0,0.09994222992489887,651168.0,0.09994222992489887,0.09994222992489887,0.0019109865838649307,0.09974966300789534,0.0001772353221283846,0.09955709609089158,0.0001243240456010306,0.09936452917388805,1.8119161613200078e-06,0.0991719622568843,9.30892706733215e-07,0.0,0.0,0.0,0.0,0.0,0.0,0.0,0.0,0.0,0.0,1.0,1.0,1.0,1.0,1.0
64,13:11:00,0,0.09994222992489887,622608.0,0.09994222992489887,0.09994222992489887,0.0019834299841496334,0.09974966300789534,0.000177202075960287,0.09955709609089158,0.000124290799432933,0.09936452917388805,1.8119161613200078e-06,0.0991719622568843,9.30892706733215e-07,0.0,0.0,0.0,0.0,0.0,0.0,0.0,0.0,0.0,0.0,1.0,1.0,1.0,1.0,1.0
64,13:11:03,0,0.09994222992489887,485520.0,0.09994222992489887,0.09994222992489887,0.0019848595693778307,0.09974966300789534,0.0001769693527836037,0.09955709609089158,0.0001245068995255675,0.09936452917388805,1.8119161613200078e-06,0.0991719622568843,9.142696226844076e-07,0.0,0.0,0.0,0.0,0.0,0.0,0.0,0.0,0.0,0.0,1.0,1.0,1.0,1.0,1.0
64,13:11:06,0,0.09994222992489887,896784.0,0.09994222992489887,0.09994222992489887,0.0019885000247845197,0.09974966300789534,0.00017618806783330974,0.09955709609089158,0.00012380872999551758,0.09936452917388805,1.8119161613200078e-06,0.0991719622568843,8.976465386356002e-07,0.0,0.0,0.0,0.0,0.0,0.0,0.0,0.0,0.0,0.0,1.0,1.0,1.0,1.0,1.0
64,13:11:09,0,0.09994222992489887,348432.0,0.09994222992489887,0.09994222992489887,0.0019912594567366216,0.09974966300789534,0.00017547327521921102,0.09955709609089158,0.00012380872999551758,0.09936452917388805,1.8119161613200078e-06,0.0991719622568843,8.976465386356002e-07,0.0,0.0,0.0,0.0,0.0,0.0,0.0,0.0,0.0,0.0,1.0,1.0,1.0,1.0,1.0
64,13:11:12,0,0.09994222992489887,594048.0,0.09994222992489887,0.09994222992489887,0.0020899673298184402,0.09974966300789534,0.00017667013727072517,0.09955709609089158,0.0001238253530795664,0.09936452917388805,1.8119161613200078e-06,0.0991719622568843,8.47777286489178e-07,0.0,0.0,0.0,0.0,0.0,0.0,0.0,0.0,0.0,0.0,1.0,1.0,1.0,1.0,1.0
64,13:11:15,0,0.09994222992489887,1068144.0,0.09994222992489887,0.09994222992489887,0.0020894686372969757,0.09974966300789534,0.0001765537756823835,0.09955709609089158,3.547366136015501e-05,0.09936452917388805,8.311542024403705e-07,0.0991719622568843,8.47777286489178e-07,0.0,0.0,0.0,0.0,0.0,0.0,0.0,0.0,0.0,0.0,1.0,1.0,1.0,1.0,1.0
64,13:11:18,0,0.09994222992489887,902496.0,0.09994222992489887,0.09994222992489887,0.0020866593360927273,0.09974966300789534,0.0001765205295142859,0.09955709609089158,3.5540153696350245e-05,0.09936452917388805,8.311542024403705e-07,0.0991719622568843,5.153156055130298e-07,0.0,0.0,0.0,0.0,0.0,0.0,0.0,0.0,0.0,0.0,1.0,1.0,1.0,1.0,1.0
64,13:11:21,0,0.09994222992489887,501114.0,0.09994222992489887,0.09994222992489887,0.002084236854054295,0.09974966300789534,0.0001763210525057002,0.09955709609089158,3.557339986444786e-05,0.09936452917388805,8.311542024403705e-07,0.0991719622568843,5.153156055130298e-07,0.0,0.0,0.0,0.0,0.0,0.0,0.0,0.0,0.0,0.0,1.0,1.0,1.0,1.0,1.0
64,13:11:24,0,0.09994222992489887,1079568.0,0.09994222992489887,0.09994222992489887,0.0025507138386319282,0.09974966300789534,0.0005086165026413603,0.09955709609089158,3.52076920153741e-05,0.09936452917388805,8.311542024403705e-07,0.0991719622568843,5.153156055130298e-07,0.0,0.0,0.0,0.0,0.0,0.0,0.0,0.0,0.0,0.0,1.0,1.0,1.0,1.0,1.0
64,13:11:27,0,0.09994222992489887,719712.0,0.09994222992489887,0.09994222992489887,0.00261424726586647,0.09974966300789534,0.0005085998795573115,0.09955709609089158,3.52076920153741e-05,0.09936452917388805,8.311542024403705e-07,0.0991719622568843,5.153156055130298e-07,0.0,0.0,0.0,0.0,0.0,0.0,0.0,0.0,0.0,0.0,1.0,1.0,1.0,1.0,1.0
64,13:11:30,0,0.09994222992489887,719712.0,0.09994222992489887,0.09994222992489887,0.0026425896241696867,0.09974966300789534,0.0005086165026413603,0.09955709609089158,3.5141199679178866e-05,0.09936452917388805,8.311542024403705e-07,0.0991719622568843,5.153156055130298e-07,0.0,0.0,0.0,0.0,0.0,0.0,0.0,0.0,0.0,0.0,1.0,1.0,1.0,1.0,1.0
64,13:11:33,0,0.09994222992489887,1610784.0,0.09994222992489887,0.09994222992489887,0.0027824562533563524,0.09974966300789534,0.000508732864229702,0.09955709609089158,5.342659213286702e-05,0.09936452917388805,8.311542024403705e-07,0.0991719622568843,5.153156055130298e-07,0.0,0.0,0.0,0.0,0.0,0.0,0.0,0.0,0.0,0.0,1.0,1.0,1.0,1.0,1.0
64,13:11:36,0,0.09994222992489887,479808.0,0.09994222992489887,0.09994222992489887,0.002806493232890928,0.09974966300789534,0.0005086497488094579,0.09955709609089158,5.342659213286702e-05,0.09936452917388805,8.311542024403705e-07,0.0991719622568843,4.986925214642223e-07,0.0,0.0,0.0,0.0,0.0,0.0,0.0,0.0,0.0,0.0,1.0,1.0,1.0,1.0,1.0
64,13:11:39,0,0.09994222992489887,805392.0,0.09994222992489887,0.09994222992489887,0.0029807197768064782,0.09974966300789534,0.0005073365251696022,0.09955709609089158,5.342659213286702e-05,0.09936452917388805,8.311542024403705e-07,0.0991719622568843,4.986925214642223e-07,0.0,0.0,0.0,0.0,0.0,0.0,0.0,0.0,0.0,0.0,1.0,1.0,1.0,1.0,1.0
64,13:11:42,0,0.09994222992489887,479808.0,0.09994222992489887,0.09994222992489887,0.002981683915681309,0.09974966300789534,0.0005072367866653094,0.09955709609089158,5.337672288072059e-05,0.09936452917388805,8.311542024403705e-07,0.0991719622568843,4.986925214642223e-07,0.0,0.0,0.0,0.0,0.0,0.0,0.0,0.0,0.0,0.0,1.0,1.0,1.0,1.0,1.0
64,13:11:45,0,0.09994222992489887,251328.0,0.09994222992489887,0.09994222992489887,0.0029980908996374823,0.09974966300789534,0.0005072201635812605,0.09955709609089158,5.3243738208330136e-05,0.09936452917388805,8.311542024403705e-07,0.0991719622568843,4.986925214642223e-07,0.0,0.0,0.0,0.0,0.0,0.0,0.0,0.0,0.0,0.0,1.0,1.0,1.0,1.0,1.0
64,13:11:48,0,0.09994222992489887,548352.0,0.09994222992489887,0.09994222992489887,0.0030055546643753964,0.09974966300789534,0.0005072866559174558,0.09955709609089158,5.3243738208330136e-05,0.09936452917388805,8.145311183915631e-07,0.0991719622568843,4.986925214642223e-07,0.0,0.0,0.0,0.0,0.0,0.0,0.0,0.0,0.0,0.0,1.0,1.0,1.0,1.0,1.0
64,13:11:51,0,0.09994222992489887,1051008.0,0.09994222992489887,0.09994222992489887,0.0030073998267048144,0.09974966300789534,0.0005080014485315545,0.09955709609089158,5.3243738208330136e-05,0.09936452917388805,8.810234545867927e-07,0.0991719622568843,4.986925214642223e-07,0.0,0.0,0.0,0.0,0.0,0.0,0.0,0.0,0.0,0.0,1.0,1.0,1.0,1.0,1.0
64,13:11:54,0,0.09994222992489887,742560.0,0.09994222992489887,0.09994222992489887,0.003009244989034232,0.09974966300789534,0.0005080679408677497,0.09955709609089158,5.3243738208330136e-05,0.09936452917388805,8.810234545867927e-07,0.0991719622568843,4.986925214642223e-07,0.0,0.0,0.0,0.0,0.0,0.0,0.0,0.0,0.0,0.0,1.0,1.0,1.0,1.0,1.0
64,13:11:57,0,0.09994222992489887,479808.0,0.09994222992489887,0.09994222992489887,0.0030246379648634276,0.09974966300789534,0.0005079515792794081,0.09955709609089158,5.329360746047656e-05,0.09936452917388805,8.810234545867927e-07,0.0991719622568843,4.986925214642223e-07,0.0,0.0,0.0,0.0,0.0,0.0,0.0,0.0,0.0,0.0,1.0,1.0,1.0,1.0,1.0
64,13:12:00,0,0.09994222992489887,725424.0,0.09994222992489887,0.09994222992489887,0.0030232748719714255,0.09974966300789534,0.0005080014485315545,0.09955709609089158,5.284478419115876e-05,0.09936452917388805,8.810234545867927e-07,0.0991719622568843,4.986925214642223e-07,0.0,0.0,0.0,0.0,0.0,0.0,0.0,0.0,0.0,0.0,1.0,1.0,1.0,1.0,1.0
64,13:12:03,0,0.09994222992489887,634032.0,0.09994222992489887,0.09994222992489887,0.0030210141325407876,0.09974966300789534,0.0005078352176910664,0.09955709609089158,5.284478419115876e-05,0.09936452917388805,8.810234545867927e-07,0.0991719622568843,4.986925214642223e-07,0.0,0.0,0.0,0.0,0.0,0.0,0.0,0.0,0.0,0.0,1.0,1.0,1.0,1.0,1.0
64,13:12:06,0,0.09994222992489887,639744.0,0.09994222992489887,0.09994222992489887,0.003102733213724725,0.09974966300789534,0.0005069708173205285,0.09955709609089158,5.289465344330518e-05,0.09936452917388805,8.810234545867927e-07,0.0991719622568843,4.986925214642223e-07,0.0,0.0,0.0,0.0,0.0,0.0,0.0,0.0,0.0,0.0,1.0,1.0,1.0,1.0,1.0
64,13:12:09,0,0.09994222992489887,485520.0,0.09994222992489887,0.09994222992489887,0.003103148790825945,0.09974966300789534,0.0005065884863874058,0.09955709609089158,5.289465344330518e-05,0.09936452917388805,8.810234545867927e-07,0.0991719622568843,4.986925214642223e-07,0.0,0.0,0.0,0.0,0.0,0.0,0.0,0.0,0.0,0.0,1.0,1.0,1.0,1.0,1.0
64,13:12:12,0,0.09994222992489887,605472.0,0.09994222992489887,0.09994222992489887,0.0032382612179746514,0.09974966300789534,0.0005067048479757475,0.09955709609089158,5.289465344330518e-05,0.09936452917388805,8.810234545867927e-07,0.0991719622568843,4.986925214642223e-07,0.0,0.0,0.0,0.0,0.0,0.0,0.0,0.0,0.0,0.0,1.0,1.0,1.0,1.0,1.0
64,13:12:15,0,0.09994222992489887,628320.0,0.09994222992489887,0.09994222992489887,0.003236765140410259,0.09974966300789534,0.0005067214710597963,0.09955709609089158,5.289465344330518e-05,0.09936452917388805,8.810234545867927e-07,0.0991719622568843,4.986925214642223e-07,0.0,0.0,0.0,0.0,0.0,0.0,0.0,0.0,0.0,0.0,1.0,1.0,1.0,1.0,1.0
64,13:12:18,0,0.09994222992489887,308448.0,0.09994222992489887,0.09994222992489887,0.0032437967049629046,0.09974966300789534,0.0005066716018076499,0.09955709609089158,5.2944522695451605e-05,0.09936452917388805,8.810234545867927e-07,0.0991719622568843,4.986925214642223e-07,0.0,0.0,0.0,0.0,0.0,0.0,0.0,0.0,0.0,0.0,1.0,1.0,1.0,1.0,1.0
64,13:12:21,0,0.09994222992489887,85680.0,0.09994222992489887,0.09994222992489887,0.0032437967049629046,0.09974966300789534,0.0005066716018076499,0.09955709609089158,5.2944522695451605e-05,0.09936452917388805,8.810234545867927e-07,0.0991719622568843,4.986925214642223e-07,0.0,0.0,0.0,0.0,0.0,0.0,0.0,0.0,0.0,0.0,1.0,1.0,1.0,1.0,1.0
64,13:12:24,0,0.09994222992489887,599760.0,0.09994222992489887,0.09994222992489887,0.003259721619481662,0.09974966300789534,0.0005066716018076499,0.09955709609089158,5.2944522695451605e-05,0.09936452917388805,8.810234545867927e-07,0.0991719622568843,4.986925214642223e-07,0.0,0.0,0.0,0.0,0.0,0.0,0.0,0.0,0.0,0.0,1.0,1.0,1.0,1.0,1.0
64,13:12:27,0,0.09994222992489887,765408.0,0.09994222992489887,0.09994222992489887,0.0032629464977871306,0.09974966300789534,0.0005063391401266737,0.09955709609089158,5.277829185496353e-05,0.09936452917388805,8.810234545867927e-07,0.0991719622568843,7.147926140987186e-07,0.0,0.0,0.0,0.0,0.0,0.0,0.0,0.0,0.0,0.0,1.0,1.0,1.0,1.0,1.0
64,13:12:30,0,0.09994222992489887,97104.0,0.09994222992489887,0.09994222992489887,0.0032631293517116676,0.09974966300789534,0.0005063391401266737,0.09955709609089158,5.277829185496353e-05,0.09936452917388805,9.142696226844076e-07,0.0991719622568843,8.311542024403705e-07,0.0,0.0,0.0,0.0,0.0,0.0,0.0,0.0,0.0,0.0,1.0,1.0,1.0,1.0,1.0
64,13:12:33,0,0.09994222992489887,388416.0,0.09994222992489887,0.09994222992489887,0.003288080600868927,0.09974966300789534,0.0005063391401266737,0.09955709609089158,5.277829185496353e-05,0.09936452917388805,8.47777286489178e-07,0.0991719622568843,8.311542024403705e-07,0.0,0.0,0.0,0.0,0.0,0.0,0.0,0.0,0.0,0.0,1.0,1.0,1.0,1.0,1.0
64,13:12:36,0,0.09994222992489887,119952.0,0.09994222992489887,0.09994222992489887,0.0033108376029317445,0.09974966300789534,0.0005062227785383321,0.09955709609089158,5.277829185496353e-05,0.09936452917388805,8.47777286489178e-07,0.0991719622568843,8.311542024403705e-07,0.0,0.0,0.0,0.0,0.0,0.0,0.0,0.0,0.0,0.0,1.0,1.0,1.0,1.0,1.0
64,13:12:39,0,0.09994222992489887,616896.0,0.09994222992489887,0.09994222992489887,0.003311236556948916,0.09974966300789534,0.0005218817237123087,0.09955709609089158,5.277829185496353e-05,0.09936452917388805,8.47777286489178e-07,0.0991719622568843,8.311542024403705e-07,0.0,0.0,0.0,0.0,0.0,0.0,0.0,0.0,0.0,0.0,1.0,1.0,1.0,1.0,1.0
64,13:12:42,0,0.09994222992489887,639744.0,0.09994222992489887,0.09994222992489887,0.0033098900871409626,0.09974966300789534,0.0005217819852080158,0.09955709609089158,5.277829185496353e-05,0.09936452917388805,8.47777286489178e-07,0.0991719622568843,8.311542024403705e-07,0.0,0.0,0.0,0.0,0.0,0.0,0.0,0.0,0.0,0.0,1.0,1.0,1.0,1.0,1.0
64,13:12:45,0,0.09994222992489887,1096704.0,0.09994222992489887,0.09994222992489887,0.0033088095866777903,0.09974966300789534,0.0005216988697877718,0.09955709609089158,5.277829185496353e-05,0.09936452917388805,8.47777286489178e-07,0.0991719622568843,8.311542024403705e-07,0.0,0.0,0.0,0.0,0.0,0.0,0.0,0.0,0.0,0.0,1.0,1.0,1.0,1.0,1.0
64,13:12:48,0,0.09994222992489887,662592.0,0.09994222992489887,0.09994222992489887,0.003312815749933553,0.09974966300789534,0.0005216988697877718,0.09955709609089158,5.277829185496353e-05,0.09936452917388805,8.976465386356002e-07,0.0991719622568843,8.145311183915631e-07,0.0,0.0,0.0,0.0,0.0,0.0,0.0,0.0,0.0,0.0,1.0,1.0,1.0,1.0,1.0
64,13:12:51,0,0.09994222992489887,108528.0,0.09994222992489887,0.09994222992489887,0.0033130650961942848,0.09974966300789534,0.0005218484775442111,0.09955709609089158,5.272842260281711e-05,0.09936452917388805,9.30892706733215e-07,0.0991719622568843,5.984310257570668e-07,0.0,0.0,0.0,0.0,0.0,0.0,0.0,0.0,0.0,0.0,1.0,1.0,1.0,1.0,1.0
64,13:12:54,0,0.09994222992489887,279888.0,0.09994222992489887,0.09994222992489887,0.0033129487346059434,0.09974966300789534,0.0005218484775442111,0.09955709609089158,5.272842260281711e-05,0.09936452917388805,9.30892706733215e-07,0.0991719622568843,5.984310257570668e-07,0.0,0.0,0.0,0.0,0.0,0.0,0.0,0.0,0.0,0.0,1.0,1.0,1.0,1.0,1.0
64,13:12:57,0,0.09994222992489887,662592.0,0.09994222992489887,0.09994222992489887,0.0033117352494703802,0.09974966300789534,0.0005218484775442111,0.09955709609089158,5.2745045686865916e-05,0.09936452917388805,9.30892706733215e-07,0.0991719622568843,5.984310257570668e-07,0.0,0.0,0.0,0.0,0.0,0.0,0.0,0.0,0.0,0.0,1.0,1.0,1.0,1.0,1.0
64,13:13:00,0,0.09994222992489887,488319.0,0.09994222992489887,0.09994222992489887,0.0033123421582690023,0.09974966300789534,0.0005218484775442111,0.09955709609089158,5.2745045686865916e-05,0.09936452917388805,9.30892706733215e-07,0.0991719622568843,5.984310257570668e-07,0.0,0.0,0.0,0.0,0.0,0.0,0.0,0.0,0.0,0.0,1.0,1.0,1.0,1.0,1.0
64,13:13:03,0,0.09994222992489887,3627120.0,0.09994222992489887,0.09994222992489887,0.0033116107425708546,0.09974966300789534,0.0005218318544601623,0.09955709609089158,5.2745045686865916e-05,0.09936452917388805,9.30892706733215e-07,0.0991719622568843,5.984310257570668e-07,0.0,0.0,0.0,0.0,0.0,0.0,0.0,0.0,0.0,0.0,1.0,1.0,1.0,1.0,1.0
64,13:13:06,0,0.09994222992489887,274176.0,0.09994222992489887,0.09994222992489887,0.0033101977804267063,0.09974966300789534,0.0005218152313761134,0.09955709609089158,5.2745045686865916e-05,0.09936452917388805,9.30892706733215e-07,0.0991719622568843,5.984310257570668e-07,0.0,0.0,0.0,0.0,0.0,0.0,0.0,0.0,0.0,0.0,1.0,1.0,1.0,1.0,1.0
64,13:13:09,0,0.09994222992489887,1513680.0,0.09994222992489887,0.09994222992489887,0.003307105886793628,0.09974966300789534,0.0005218152313761134,0.09955709609089158,5.2745045686865916e-05,0.09936452917388805,9.30892706733215e-07,0.0991719622568843,5.984310257570668e-07,0.0,0.0,0.0,0.0,0.0,0.0,0.0,0.0,0.0,0.0,1.0,1.0,1.0,1.0,1.0
64,13:13:12,0,0.09994222992489887,925344.0,0.09994222992489887,0.09994222992489887,0.003306607194272164,0.09974966300789534,0.0005209840771736731,0.09955709609089158,5.2745045686865916e-05,0.09936452917388805,9.30892706733215e-07,0.0991719622568843,5.984310257570668e-07,0.0,0.0,0.0,0.0,0.0,0.0,0.0,0.0,0.0,0.0,1.0,1.0,1.0,1.0,1.0
64,13:13:15,0,0.09994222992489887,1028160.0,0.09994222992489887,0.09994222992489887,0.0033304446967981536,0.09974966300789534,0.0005211669310982099,0.09955709609089158,5.272842260281711e-05,0.09936452917388805,9.30892706733215e-07,0.0991719622568843,5.984310257570668e-07,0.0,0.0,0.0,0.0,0.0,0.0,0.0,0.0,0.0,0.0,1.0,1.0,1.0,1.0,1.0
64,13:13:18,0,0.09994222992489887,885360.0,0.09994222992489887,0.09994222992489887,0.003328150711199418,0.09974966300789534,0.0005211669310982099,0.09955709609089158,5.272842260281711e-05,0.09936452917388805,9.30892706733215e-07,0.0991719622568843,5.818079417082594e-07,0.0,0.0,0.0,0.0,0.0,0.0,0.0,0.0,0.0,0.0,1.0,1.0,1.0,1.0,1.0
64,13:13:21,0,0.09994222992489887,3295824.0,0.09994222992489887,0.09994222992489887,0.003319174245813062,0.09974966300789534,0.0005211669310982099,0.09955709609089158,5.272842260281711e-05,0.09936452917388805,5.984310257570668e-07,0.0991719622568843,5.818079417082594e-07,0.0,0.0,0.0,0.0,0.0,0.0,0.0,0.0,0.0,0.0,1.0,1.0,1.0,1.0,1.0
64,13:13:24,0,0.09994222992489887,3347232.0,0.09994222992489887,0.09994222992489887,0.0033123421582690023,0.09974966300789534,0.0005211669310982099,0.09955709609089158,5.272842260281711e-05,0.09936452917388805,5.984310257570668e-07,0.0991719622568843,5.818079417082594e-07,0.0,0.0,0.0,0.0,0.0,0.0,0.0,0.0,0.0,0.0,1.0,1.0,1.0,1.0,1.0
64,13:13:27,0,0.09994222992489887,354144.0,0.09994222992489887,0.09994222992489887,0.003336545368644066,0.09974966300789534,0.0005211669310982099,0.09955709609089158,5.272842260281711e-05,0.09936452917388805,5.984310257570668e-07,0.0991719622568843,5.818079417082594e-07,0.0,0.0,0.0,0.0,0.0,0.0,0.0,0.0,0.0,0.0,1.0,1.0,1.0,1.0,1.0
64,13:13:30,0,0.09994222992489887,1142400.0,0.09994222992489887,0.09994222992489887,0.003334201513793184,0.09974966300789534,0.0005211004387620147,0.09955709609089158,5.272842260281711e-05,0.09936452917388805,5.984310257570668e-07,0.0991719622568843,5.818079417082594e-07,0.0,0.0,0.0,0.0,0.0,0.0,0.0,0.0,0.0,0.0,1.0,1.0,1.0,1.0,1.0
64,13:13:33,0,0.09994222992489887,588336.0,0.09994222992489887,0.09994222992489887,0.003332057135950888,0.09974966300789534,0.0005211004387620147,0.09955709609089158,5.272842260281711e-05,0.09936452917388805,5.984310257570668e-07,0.0991719622568843,5.818079417082594e-07,0.0,0.0,0.0,0.0,0.0,0.0,0.0,0.0,0.0,0.0,1.0,1.0,1.0,1.0,1.0
64,13:13:36,0,0.09994222992489887,1085280.0,0.09994222992489887,0.09994222992489887,0.003337393145930555,0.09974966300789534,0.0005211004387620147,0.09955709609089158,5.272842260281711e-05,0.09936452917388805,5.984310257570668e-07,0.0991719622568843,5.818079417082594e-07,0.0,0.0,0.0,0.0,0.0,0.0,0.0,0.0,0.0,0.0,1.0,1.0,1.0,1.0,1.0
64,13:13:39,0,0.09994222992489887,394128.0,0.09994222992489887,0.09994222992489887,0.003337675738359385,0.09974966300789534,0.0005211004387620147,0.09955709609089158,5.272842260281711e-05,0.09936452917388805,5.984310257570668e-07,0.0991719622568843,5.818079417082594e-07,0.0,0.0,0.0,0.0,0.0,0.0,0.0,0.0,0.0,0.0,1.0,1.0,1.0,1.0,1.0
64,13:13:42,0,0.09994222992489887,1319472.0,0.09994222992489887,0.09994222992489887,0.003333852429028159,0.09974966300789534,0.0005211004387620147,0.09955709609089158,5.281153802306114e-05,0.09936452917388805,5.984310257570668e-07,0.0991719622568843,5.818079417082594e-07,0.0,0.0,0.0,0.0,0.0,0.0,0.0,0.0,0.0,0.0,1.0,1.0,1.0,1.0,1.0
64,13:13:45,0,0.09994222992489887,1485120.0,0.09994222992489887,0.09994222992489887,0.003298661360096834,0.09974966300789534,0.0005211004387620147,0.09955709609089158,5.281153802306114e-05,0.09936452917388805,6.150541098058742e-07,0.0991719622568843,5.818079417082594e-07,0.0,0.0,0.0,0.0,0.0,0.0,0.0,0.0,0.0,0.0,1.0,1.0,1.0,1.0,1.0
64,13:13:48,0,0.09994222992489887,217056.0,0.09994222992489887,0.09994222992489887,0.0032989439525256633,0.09974966300789534,0.0005211004387620147,0.09955709609089158,5.289465344330518e-05,0.09936452917388805,6.150541098058742e-07,0.0991719622568843,5.818079417082594e-07,0.0,0.0,0.0,0.0,0.0,0.0,0.0,0.0,0.0,0.0,1.0,1.0,1.0,1.0,1.0
64,13:13:51,0,0.09994222992489887,496944.0,0.09994222992489887,0.09994222992489887,0.003296915936271709,0.09974966300789534,0.0005211004387620147,0.09955709609089158,5.289465344330518e-05,0.09936452917388805,6.150541098058742e-07,0.0991719622568843,5.818079417082594e-07,0.0,0.0,0.0,0.0,0.0,0.0,0.0,0.0,0.0,0.0,1.0,1.0,1.0,1.0,1.0
64,13:13:54,0,0.09994222992489887,491232.0,0.09994222992489887,0.09994222992489887,0.003295719074220195,0.09974966300789534,0.0005211669310982099,0.09955709609089158,5.289465344330518e-05,0.09936452917388805,4.986925214642223e-07,0.0991719622568843,5.818079417082594e-07,0.0,0.0,0.0,0.0,0.0,0.0,0.0,0.0,0.0,0.0,1.0,1.0,1.0,1.0,1.0
64,13:13:57,0,0.09994222992489887,811104.0,0.09994222992489887,0.09994222992489887,0.003293208988528825,0.09974966300789534,0.0005211669310982099,0.09955709609089158,5.289465344330518e-05,0.09936452917388805,4.986925214642223e-07,0.0991719622568843,5.818079417082594e-07,0.0,0.0,0.0,0.0,0.0,0.0,0.0,0.0,0.0,0.0,1.0,1.0,1.0,1.0,1.0
64,13:14:00,0,0.09994222992489887,211344.0,0.09994222992489887,0.09994222992489887,0.003293824042638631,0.09974966300789534,0.0005211669310982099,0.09955709609089158,5.289465344330518e-05,0.09936452917388805,4.986925214642223e-07,0.0991719622568843,5.818079417082594e-07,0.0,0.0,0.0,0.0,0.0,0.0,0.0,0.0,0.0,0.0,1.0,1.0,1.0,1.0,1.0
64,13:14:03,0,0.09994222992489887,1125264.0,0.09994222992489887,0.09994222992489887,0.0032905659181650644,0.09974966300789534,0.0005211669310982099,0.09955709609089158,5.281153802306114e-05,0.09936452917388805,4.986925214642223e-07,0.0991719622568843,5.818079417082594e-07,0.0,0.0,0.0,0.0,0.0,0.0,0.0,0.0,0.0,0.0,1.0,1.0,1.0,1.0,1.0
64,13:14:06,0,0.09994222992489887,1690752.0,0.09994222992489887,0.09994222992489887,0.0032863436548166676,0.09974966300789534,0.0005211669310982099,0.09955709609089158,5.281153802306114e-05,0.09936452917388805,4.986925214642223e-07,0.0991719622568843,5.818079417082594e-07,0.0,0.0,0.0,0.0,0.0,0.0,0.0,0.0,0.0,0.0,1.0,1.0,1.0,1.0,1.0
64,13:14:09,0,0.09994222992489887,34272.0,0.09994222992489887,0.09994222992489887,0.003286626247245497,0.09974966300789534,0.0005211669310982099,0.09955709609089158,5.299439194759802e-05,0.09936452917388805,4.986925214642223e-07,0.0991719622568843,5.818079417082594e-07,0.0,0.0,0.0,0.0,0.0,0.0,0.0,0.0,0.0,0.0,1.0,1.0,1.0,1.0,1.0
64,13:14:12,0,0.09994222992489887,365568.0,0.09994222992489887,0.09994222992489887,0.003287241301355303,0.09974966300789534,0.0005211669310982099,0.09955709609089158,5.299439194759802e-05,0.09936452917388805,4.986925214642223e-07,0.0991719622568843,5.984310257570668e-07,0.0,0.0,0.0,0.0,0.0,0.0,0.0,0.0,0.0,0.0,1.0,1.0,1.0,1.0,1.0
64,13:14:15,0,0.09994222992489887,97104.0,0.09994222992489887,0.09994222992489887,0.0032871249397669615,0.09974966300789534,0.0005211669310982099,0.09955709609089158,5.287803035925637e-05,0.09936452917388805,4.986925214642223e-07,0.0991719622568843,5.984310257570668e-07,0.0,0.0,0.0,0.0,0.0,0.0,0.0,0.0,0.0,0.0,1.0,1.0,1.0,1.0,1.0
64,13:14:18,0,0.09994222992489887,228480.0,0.09994222992489887,0.09994222992489887,0.0032860444393037888,0.09974966300789534,0.0005211669310982099,0.09955709609089158,5.287803035925637e-05,0.09936452917388805,4.986925214642223e-07,0.0991719622568843,5.984310257570668e-07,0.0,0.0,0.0,0.0,0.0,0.0,0.0,0.0,0.0,0.0,1.0,1.0,1.0,1.0,1.0
64,13:14:21,0,0.09994222992489887,57548400.0,0.09994222992489887,0.09994222992489887,0.0031191819216218604,0.09974966300789534,0.0005210505695098683,0.09955709609089158,5.287803035925637e-05,0.09936452917388805,4.986925214642223e-07,0.0991719622568843,5.984310257570668e-07,0.0,0.0,0.0,0.0,0.0,0.0,0.0,0.0,0.0,0.0,1.0,1.0,1.0,1.0,1.0
64,13:14:24,0,0.09994222992489887,456960.0,0.09994222992489887,0.09994222992489887,0.0031198468449838124,0.09974966300789534,0.0005210505695098683,0.09955709609089158,5.289465344330518e-05,0.09936452917388805,4.986925214642223e-07,0.0991719622568843,5.984310257570668e-07,0.0,0.0,0.0,0.0,0.0,0.0,0.0,0.0,0.0,0.0,1.0,1.0,1.0,1.0,1.0
64,13:14:27,0,0.09994222992489887,496944.0,0.09994222992489887,0.09994222992489887,0.0031157076970556594,0.09974966300789534,0.0005210505695098683,0.09955709609089158,5.289465344330518e-05,0.09936452917388805,4.986925214642223e-07,0.0991719622568843,5.984310257570668e-07,0.0,0.0,0.0,0.0,0.0,0.0,0.0,0.0,0.0,0.0,1.0,1.0,1.0,1.0,1.0
64,13:14:30,0,0.09994222992489887,559776.0,0.09994222992489887,0.09994222992489887,0.0029204597672828274,0.09974966300789534,0.0005210505695098683,0.09955709609089158,5.3044261199744446e-05,0.09936452917388805,4.986925214642223e-07,0.0991719622568843,5.984310257570668e-07,0.0,0.0,0.0,0.0,0.0,0.0,0.0,0.0,0.0,0.0,1.0,1.0,1.0,1.0,1.0
64,13:14:33,0,0.09994222992489887,1199520.0,0.09994222992489887,0.09994222992489887,0.002906695853690415,0.09974966300789534,0.0005210505695098683,0.09955709609089158,5.3044261199744446e-05,0.09936452917388805,4.986925214642223e-07,0.0991719622568843,5.984310257570668e-07,0.0,0.0,0.0,0.0,0.0,0.0,0.0,0.0,0.0,0.0,1.0,1.0,1.0,1.0,1.0
64,13:14:36,0,0.09994222992489887,776832.0,0.09994222992489887,0.09994222992489887,0.002899348450540842,0.09974966300789534,0.0006872481638298448,0.09955709609089158,5.2944522695451605e-05,0.09936452917388805,4.986925214642223e-07,0.0991719622568843,6.150541098058742e-07,0.0,0.0,0.0,0.0,0.0,0.0,0.0,0.0,0.0,0.0,1.0,1.0,1.0,1.0,1.0
64,13:14:39,0,0.09994222992489887,885360.0,0.09994222992489887,0.09994222992489887,0.0028971209572783018,0.09974966300789534,0.0006872481638298448,0.09955709609089158,5.2944522695451605e-05,0.09936452917388805,4.986925214642223e-07,0.0991719622568843,6.150541098058742e-07,0.0,0.0,0.0,0.0,0.0,0.0,0.0,0.0,0.0,0.0,1.0,1.0,1.0,1.0,1.0
64,13:14:42,0,0.09994222992489887,3689952.0,0.09994222992489887,0.09994222992489887,0.002887562683950238,0.09974966300789534,0.0006872481638298448,0.09955709609089158,5.299439194759802e-05,0.09936452917388805,4.986925214642223e-07,0.0991719622568843,6.150541098058742e-07,0.0,0.0,0.0,0.0,0.0,0.0,0.0,0.0,0.0,0.0,1.0,1.0,1.0,1.0,1.0
64,13:14:45,0,0.09994222992489887,1485120.0,0.09994222992489887,0.09994222992489887,0.0028897403079606314,0.09974966300789534,0.0006872481638298448,0.09955709609089158,5.299439194759802e-05,0.09936452917388805,4.986925214642223e-07,0.0991719622568843,5.319386895618372e-07,0.0,0.0,0.0,0.0,0.0,0.0,0.0,0.0,0.0,0.0,1.0,1.0,1.0,1.0,1.0
64,13:14:48,0,0.09994222992489887,268464.0,0.09994222992489887,0.09994222992489887,0.002888427084320776,0.09974966300789534,0.0006872481638298448,0.09955709609089158,5.299439194759802e-05,0.09936452917388805,4.986925214642223e-07,0.0991719622568843,5.319386895618372e-07,0.0,0.0,0.0,0.0,0.0,0.0,0.0,0.0,0.0,0.0,1.0,1.0,1.0,1.0,1.0
64,13:14:51,0,0.09994222992489887,714000.0,0.09994222992489887,0.09994222992489887,0.0028045470022104936,0.09974966300789534,0.0006872481638298448,0.09955709609089158,5.299439194759802e-05,0.09936452917388805,4.986925214642223e-07,0.0991719622568843,5.319386895618372e-07,0.0,0.0,0.0,0.0,0.0,0.0,0.0,0.0,0.0,0.0,1.0,1.0,1.0,1.0,1.0
64,13:14:54,0,0.09994222992489887,337008.0,0.09994222992489887,0.09994222992489887,0.0028036659787559065,0.09974966300789534,0.0006872481638298448,0.09955709609089158,5.297776886354922e-05,0.09936452917388805,4.986925214642223e-07,0.0991719622568843,5.319386895618372e-07,0.0,0.0,0.0,0.0,0.0,0.0,0.0,0.0,0.0,0.0,1.0,1.0,1.0,1.0,1.0
64,13:14:57,0,0.09994222992489887,2993088.0,0.09994222992489887,0.09994222992489887,0.0028045303791264446,0.09974966300789534,0.0006872481638298448,0.09955709609089158,5.297776886354922e-05,0.09936452917388805,4.986925214642223e-07,0.0991719622568843,5.319386895618372e-07,0.0,0.0,0.0,0.0,0.0,0.0,0.0,0.0,0.0,0.0,1.0,1.0,1.0,1.0,1.0
64,13:15:00,0,0.09994222992489887,1216656.0,0.09994222992489887,0.09994222992489887,0.0028004078542823406,0.09974966300789534,0.0006871982945776984,0.09955709609089158,5.29278996114028e-05,0.09936452917388805,4.986925214642223e-07,0.0991719622568843,5.319386895618372e-07,0.0,0.0,0.0,0.0,0.0,0.0,0.0,0.0,0.0,0.0,1.0,1.0,1.0,1.0,1.0
64,13:15:03,0,0.09994222992489887,1399440.0,0.09994222992489887,0.09994222992489887,0.0028668004519732775,0.09974966300789534,0.0006871982945776984,0.09955709609089158,5.29278996114028e-05,0.09936452917388805,4.986925214642223e-07,0.0991719622568843,5.319386895618372e-07,0.0,0.0,0.0,0.0,0.0,0.0,0.0,0.0,0.0,0.0,1.0,1.0,1.0,1.0,1.0
64,13:15:06,0,0.09994222992489887,428400.0,0.09994222992489887,0.09994222992489887,0.002864656074130981,0.09974966300789534,0.0006871982945776984,0.09955709609089158,5.29278996114028e-05,0.09936452917388805,4.986925214642223e-07,0.0991719622568843,5.319386895618372e-07,0.0,0.0,0.0,0.0,0.0,0.0,0.0,0.0,0.0,0.0,1.0,1.0,1.0,1.0,1.0
64,13:15:09,0,0.09994222992489887,3946992.0,0.09994222992489887,0.09994222992489887,0.002920609375039267,0.09974966300789534,0.0006870154406531614,0.09955709609089158,5.29278996114028e-05,0.09936452917388805,4.654463533666075e-07,0.0991719622568843,5.319386895618372e-07,0.0,0.0,0.0,0.0,0.0,0.0,0.0,0.0,0.0,0.0,1.0,1.0,1.0,1.0,1.0
64,13:15:12,0,0.09994222992489887,382704.0,0.09994222992489887,0.09994222992489887,0.002919828090088973,0.09974966300789534,0.0006869489483169662,0.09955709609089158,5.29278996114028e-05,0.09936452917388805,4.654463533666075e-07,0.0991719622568843,5.319386895618372e-07,0.0,0.0,0.0,0.0,0.0,0.0,0.0,0.0,0.0,0.0,1.0,1.0,1.0,1.0,1.0
64,13:15:15,0,0.09994222992489887,371280.0,0.09994222992489887,0.09994222992489887,0.0029194623822398993,0.09974966300789534,0.0006869489483169662,0.09955709609089158,5.29278996114028e-05,0.09936452917388805,4.654463533666075e-07,0.0991719622568843,5.319386895618372e-07,0.0,0.0,0.0,0.0,0.0,0.0,0.0,0.0,0.0,0.0,1.0,1.0,1.0,1.0,1.0
64,13:15:18,0,0.09994222992489887,856800.0,0.09994222992489887,0.09994222992489887,0.002919329397567509,0.09974966300789534,0.0006869489483169662,0.09955709609089158,5.289465344330518e-05,0.09936452917388805,4.654463533666075e-07,0.0991719622568843,5.319386895618372e-07,0.0,0.0,0.0,0.0,0.0,0.0,0.0,0.0,0.0,0.0,1.0,1.0,1.0,1.0,1.0
64,13:15:21,0,0.09994222992489887,308448.0,0.09994222992489887,0.09994222992489887,0.002918514866449117,0.09974966300789534,0.0006869489483169662,0.09955709609089158,5.289465344330518e-05,0.09936452917388805,4.654463533666075e-07,0.0991719622568843,5.319386895618372e-07,0.0,0.0,0.0,0.0,0.0,0.0,0.0,0.0,0.0,0.0,1.0,1.0,1.0,1.0,1.0
64,13:15:24,0,0.09994222992489887,485520.0,0.09994222992489887,0.09994222992489887,0.0029386786674003205,0.09974966300789534,0.0006869489483169662,0.09955709609089158,5.296114577950041e-05,0.09936452917388805,4.654463533666075e-07,0.0991719622568843,5.319386895618372e-07,0.0,0.0,0.0,0.0,0.0,0.0,0.0,0.0,0.0,0.0,1.0,1.0,1.0,1.0,1.0
64,13:15:27,0,0.09994222992489887,382704.0,0.09994222992489887,0.09994222992489887,0.002936501043389927,0.09974966300789534,0.0006911047193291681,0.09955709609089158,5.296114577950041e-05,0.09936452917388805,4.654463533666075e-07,0.0991719622568843,5.319386895618372e-07,0.0,0.0,0.0,0.0,0.0,0.0,0.0,0.0,0.0,0.0,1.0,1.0,1.0,1.0,1.0
64,13:15:30,0,0.09994222992489887,1399440.0,0.09994222992489887,0.09994222992489887,0.0029345561425562165,0.09974966300789534,0.0006911047193291681,0.09955709609089158,5.3060884283793254e-05,0.09936452917388805,4.654463533666075e-07,0.0991719622568843,5.319386895618372e-07,0.0,0.0,0.0,0.0,0.0,0.0,0.0,0.0,0.0,0.0,1.0,1.0,1.0,1.0,1.0
64,13:15:33,0,0.09994222992489887,228480.0,0.09994222992489887,0.09994222992489887,0.0029319961876126998,0.09974966300789534,0.0006911047193291681,0.09955709609089158,5.3060884283793254e-05,0.09936452917388805,4.654463533666075e-07,0.0991719622568843,5.485617736106445e-07,0.0,0.0,0.0,0.0,0.0,0.0,0.0,0.0,0.0,0.0,1.0,1.0,1.0,1.0,1.0
64,13:15:36,0,0.09994222992489887,297024.0,0.09994222992489887,0.09994222992489887,0.0029479875944676526,0.09974966300789534,0.0006911047193291681,0.09955709609089158,5.3060884283793254e-05,0.09936452917388805,4.654463533666075e-07,0.0991719622568843,5.485617736106445e-07,0.0,0.0,0.0,0.0,0.0,0.0,0.0,0.0,0.0,0.0,1.0,1.0,1.0,1.0,1.0
64,13:15:39,0,0.09994222992489887,251328.0,0.09994222992489887,0.09994222992489887,0.0029471398171811635,0.09974966300789534,0.0006911379654972657,0.09955709609089158,5.3044261199744446e-05,0.09936452917388805,4.654463533666075e-07,0.0991719622568843,5.485617736106445e-07,0.0,0.0,0.0,0.0,0.0,0.0,0.0,0.0,0.0,0.0,1.0,1.0,1.0,1.0,1.0
64,13:15:42,0,0.09994222992489887,342720.0,0.09994222992489887,0.09994222992489887,0.00306009367329281,0.09974966300789534,0.0006911379654972657,0.09955709609089158,5.3044261199744446e-05,0.09936452917388805,4.654463533666075e-07,0.0991719622568843,5.485617736106445e-07,0.0,0.0,0.0,0.0,0.0,0.0,0.0,0.0,0.0,0.0,1.0,1.0,1.0,1.0,1.0
64,13:15:45,0,0.09994222992489887,776832.0,0.09994222992489887,0.09994222992489887,0.003065845260373697,0.09974966300789534,0.0006911379654972657,0.09955709609089158,5.3044261199744446e-05,0.09936452917388805,4.654463533666075e-07,0.0991719622568843,5.485617736106445e-07,0.0,0.0,0.0,0.0,0.0,0.0,0.0,0.0,0.0,0.0,1.0,1.0,1.0,1.0,1.0
64,13:15:48,0,0.09994222992489887,337008.0,0.09994222992489887,0.09994222992489887,0.0031484121188441235,0.09974966300789534,0.0006911379654972657,0.09955709609089158,5.31606227880861e-05,0.09936452917388805,4.654463533666075e-07,0.0991719622568843,5.485617736106445e-07,0.0,0.0,0.0,0.0,0.0,0.0,0.0,0.0,0.0,0.0,1.0,1.0,1.0,1.0,1.0
64,13:15:51,0,0.09994222992489887,297024.0,0.09994222992489887,0.09994222992489887,0.003149010549869881,0.09974966300789534,0.0006911379654972657,0.09955709609089158,5.31606227880861e-05,0.09936452917388805,4.654463533666075e-07,0.0991719622568843,5.485617736106445e-07,0.0,0.0,0.0,0.0,0.0,0.0,0.0,0.0,0.0,0.0,1.0,1.0,1.0,1.0,1.0
64,13:15:54,0,0.09994222992489887,422688.0,0.09994222992489887,0.09994222992489887,0.00314776381856622,0.09974966300789534,0.0006911379654972657,0.09955709609089158,5.31606227880861e-05,0.09936452917388805,4.654463533666075e-07,0.0991719622568843,5.485617736106445e-07,0.0,0.0,0.0,0.0,0.0,0.0,0.0,0.0,0.0,0.0,1.0,1.0,1.0,1.0,1.0
64,13:15:57,0,0.09994222992489887,142800.0,0.09994222992489887,0.09994222992489887,0.0034124531858753804,0.09974966300789534,0.0006911379654972657,0.09955709609089158,5.31606227880861e-05,0.09936452917388805,4.654463533666075e-07,0.0991719622568843,5.485617736106445e-07,0.0,0.0,0.0,0.0,0.0,0.0,0.0,0.0,0.0,0.0,1.0,1.0,1.0,1.0,1.0
64,13:16:00,0,0.09994222992489887,194208.0,0.09994222992489887,0.09994222992489887,0.003412220462698697,0.09974966300789534,0.0006911379654972657,0.09955709609089158,5.31606227880861e-05,0.09936452917388805,4.654463533666075e-07,0.0991719622568843,5.485617736106445e-07,0.0,0.0,0.0,0.0,0.0,0.0,0.0,0.0,0.0,0.0,1.0,1.0,1.0,1.0,0.0
64,13:16:03,0,0.09994222992489887,291312.0,0.09994222992489887,0.09994222992489887,0.0034116885240091355,0.09974966300789534,0.0006911379654972657,0.09955709609089158,5.31606227880861e-05,0.09936452917388805,4.654463533666075e-07,0.0991719622568843,5.485617736106445e-07,0.0,0.0,0.0,0.0,0.0,0.0,0.0,0.0,0.0,0.0,1.0,1.0,1.0,1.0,0.0
64,13:16:06,0,0.09994222992489887,354144.0,0.09994222992489887,0.09994222992489887,0.0034119212471858187,0.09974966300789534,0.0006911379654972657,0.09955709609089158,5.317724587213491e-05,0.09936452917388805,4.654463533666075e-07,0.0991719622568843,4.322001852689927e-07,0.0,0.0,0.0,0.0,0.0,0.0,0.0,0.0,0.0,0.0,1.0,1.0,1.0,1.0,0.0
64,13:16:09,0,0.09994222992489887,188496.0,0.09994222992489887,0.09994222992489887,0.0034150796331550923,0.09974966300789534,0.0006911379654972657,0.09955709609089158,5.317724587213491e-05,0.09936452917388805,4.654463533666075e-07,0.0991719622568843,4.322001852689927e-07,0.0,0.0,0.0,0.0,0.0,0.0,0.0,0.0,0.0,0.0,1.0,1.0,1.0,1.0,0.0
64,13:16:12,0,0.09994222992489887,62832.0,0.09994222992489887,0.09994222992489887,0.0034173902418378763,0.09974966300789534,0.0006911379654972657,0.09955709609089158,5.317724587213491e-05,0.09936452917388805,4.654463533666075e-07,0.0991719622568843,4.322001852689927e-07,0.0,0.0,0.0,0.0,0.0,0.0,0.0,0.0,0.0,0.0,1.0,1.0,1.0,1.0,0.0
64,13:16:15,0,0.09994222992489887,422688.0,0.09994222992489887,0.09994222992489887,0.0034174733572581205,0.09974966300789534,0.0006911379654972657,0.09955709609089158,3.489185341844675e-05,0.09936452917388805,6.316771938546816e-07,0.0991719622568843,4.322001852689927e-07,0.0,0.0,0.0,0.0,0.0,0.0,0.0,0.0,0.0,0.0,1.0,1.0,1.0,1.0,0.0
64,13:16:18,0,0.09994222992489887,1313760.0,0.09994222992489887,0.09994222992489887,0.0034242555755500336,0.09974966300789534,0.0006911379654972657,0.09955709609089158,3.489185341844675e-05,0.09936452917388805,6.316771938546816e-07,0.0991719622568843,4.322001852689927e-07,0.0,0.0,0.0,0.0,0.0,0.0,0.0,0.0,0.0,0.0,1.0,1.0,1.0,1.0,0.0
64,13:16:21,0,0.09994222992489887,28697088.0,0.09994222992489887,0.09994222992489887,0.0033402923780195075,0.09974966300789534,0.0006911379654972657,0.09955709609089158,3.489185341844675e-05,0.09936452917388805,6.316771938546816e-07,0.0991719622568843,4.322001852689927e-07,0.0,0.0,0.0,0.0,0.0,0.0,0.0,0.0,0.0,0.0,1.0,1.0,1.0,1.0,0.0
64,13:16:24,0,0.09994222992489887,21014448.0,0.09994222992489887,0.09994222992489887,0.003280615506284289,0.09974966300789534,0.0006922184659604382,0.09955709609089158,3.497496883869079e-05,0.09936452917388805,6.316771938546816e-07,0.0991719622568843,4.322001852689927e-07,0.0,0.0,0.0,0.0,0.0,0.0,0.0,0.0,0.0,0.0,1.0,1.0,1.0,1.0,0.0
64,13:16:27,0,0.09994222992489887,19100928.0,0.09994222992489887,0.09994222992489887,0.0032233656048201963,0.09974966300789534,0.0006922184659604382,0.09955709609089158,3.497496883869079e-05,0.09936452917388805,6.316771938546816e-07,0.0991719622568843,4.322001852689927e-07,0.0,0.0,0.0,0.0,0.0,0.0,0.0,0.0,0.0,0.0,1.0,1.0,1.0,1.0,0.0
64,13:16:30,0,0.09994222992489887,14908320.0,0.09994222992489887,0.09994222992489887,0.003158036884508383,0.09974966300789534,0.0006907556345641431,0.09955709609089158,3.4858607250349144e-05,0.09936452917388805,6.316771938546816e-07,0.0991719622568843,4.322001852689927e-07,0.0,0.0,0.0,0.0,0.0,0.0,0.0,0.0,0.0,0.0,1.0,1.0,1.0,1.0,0.0
64,13:16:33,0,0.09994222992489887,13017648.0,0.09994222992489887,0.09994222992489887,0.0031191056216660763,0.09974966300789534,0.0006907556345641431,0.09955709609089158,3.4858607250349144e-05,0.09936452917388805,6.316771938546816e-07,0.0991719622568843,4.322001852689927e-07,0.0,0.0,0.0,0.0,0.0,0.0,0.0,0.0,0.0,0.0,1.0,1.0,1.0,1.0,0.0
64,13:16:36,0,0.09994222992489887,17958528.0,0.09994222992489887,0.09994222992489887,0.00314957573472754,0.09974966300789534,0.0006907556345641431,0.09955709609089158,3.4858607250349144e-05,0.09936452917388805,6.316771938546816e-07,0.0991719622568843,4.322001852689927e-07,0.0,0.0,0.0,0.0,0.0,0.0,0.0,0.0,0.0,0.0,1.0,1.0,1.0,1.0,0.0
64,13:16:39,0,0.09994222992489887,177072.0,0.09994222992489887,0.09994222992489887,0.0028347511459271765,0.09974966300789534,0.0006907556345641431,0.09955709609089158,3.4858607250349144e-05,0.09936452917388805,6.316771938546816e-07,0.0991719622568843,4.322001852689927e-07,0.0,0.0,0.0,0.0,0.0,0.0,0.0,0.0,0.0,0.0,1.0,1.0,1.0,1.0,0.0
64,13:16:42,0,0.09994222992489887,26286624.0,0.09994222992489887,0.09994222992489887,0.0024422801315348336,0.09974966300789534,0.0006907556345641431,0.09955709609089158,3.4858607250349144e-05,0.09936452917388805,6.316771938546816e-07,0.0991719622568843,4.322001852689927e-07,0.0,0.0,0.0,0.0,0.0,0.0,0.0,0.0,0.0,0.0,1.0,1.0,1.0,1.0,0.0
64,13:16:45,0,0.09994222992489887,7545552.0,0.09994222992489887,0.09994222992489887,0.002214643618570465,0.09974966300789534,0.0006907556345641431,0.09955709609089158,3.4858607250349144e-05,0.09936452917388805,6.316771938546816e-07,0.0991719622568843,4.322001852689927e-07,0.0,0.0,0.0,0.0,0.0,0.0,0.0,0.0,0.0,0.0,1.0,1.0,1.0,1.0,0.0
64,13:16:48,0,0.09994222992489887,18912432.0,0.09994222992489887,0.09994222992489887,0.002131694429166916,0.09974966300789534,0.0006907556345641431,0.09955709609089158,3.4841984166300336e-05,0.09936452917388805,6.316771938546816e-07,0.0991719622568843,4.322001852689927e-07,0.0,0.0,0.0,0.0,0.0,0.0,0.0,0.0,0.0,0.0,1.0,1.0,1.0,1.0,0.0
64,13:16:51,0,0.09994222992489887,23607696.0,0.09994222992489887,0.09994222992489887,0.0016163788236538861,0.09974966300789534,0.0006907556345641431,0.09955709609089158,3.4841984166300336e-05,0.09936452917388805,6.316771938546816e-07,0.0991719622568843,4.322001852689927e-07,0.0,0.0,0.0,0.0,0.0,0.0,0.0,0.0,0.0,0.0,1.0,1.0,1.0,1.0,0.0
64,13:16:54,0,0.09994222992489887,34517616.0,0.09994222992489887,0.09994222992489887,0.0012828033960464679,0.09974966300789534,0.0006907556345641431,0.09955709609089158,3.4841984166300336e-05,0.09936452917388805,6.316771938546816e-07,0.0991719622568843,4.322001852689927e-07,0.0,0.0,0.0,0.0,0.0,0.0,0.0,0.0,0.0,0.0,1.0,1.0,1.0,1.0,0.0
64,13:16:57,0,0.09994222992489887,42805728.0,0.09994222992489887,0.09994222992489887,0.0011184343409718603,0.09974966300789534,0.0006907556345641431,0.09955709609089158,3.4841984166300336e-05,0.09936452917388805,6.316771938546816e-07,0.0991719622568843,4.322001852689927e-07,0.0,0.0,0.0,0.0,0.0,0.0,0.0,0.0,0.0,0.0,1.0,1.0,1.0,1.0,0.0
64,13:17:00,0,0.09994222992489887,39749808.0,0.09994222992489887,0.09994222992489887,0.000979066404306659,0.09974966300789534,0.0006907556345641431,0.09955709609089158,3.4758868746056296e-05,0.09936452917388805,4.654463533666075e-07,0.0991719622568843,4.322001852689927e-07,0.0,0.0,0.0,0.0,0.0,0.0,0.0,0.0,0.0,0.0,1.0,1.0,1.0,0.0,0.0
64,13:17:03,0,0.09994222992489887,35557200.0,0.09994222992489887,0.09994222992489887,0.0008386678364304315,0.09974966300789534,0.0006907556345641431,0.09955709609089158,3.4758868746056296e-05,0.09936452917388805,4.654463533666075e-07,0.0991719622568843,4.322001852689927e-07,0.0,0.0,0.0,0.0,0.0,0.0,0.0,0.0,0.0,0.0,1.0,1.0,1.0,0.0,0.0
64,13:17:06,0,0.09994222992489887,8957101.0,0.09994222992489887,0.09994222992489887,0.0008601761124195025,0.09974966300789534,0.0006907223883960455,0.09955709609089158,3.4758868746056296e-05,0.09936452917388805,4.654463533666075e-07,0.0991719622568843,4.322001852689927e-07,0.0,0.0,0.0,0.0,0.0,0.0,0.0,0.0,0.0,0.0,1.0,1.0,1.0,0.0,0.0
64,13:17:09,0,0.09994222992489887,16102128.0,0.09994222992489887,0.09994222992489887,0.0009487605273155971,0.09974966300789534,0.0006907223883960455,0.09955709609089158,3.472562257795868e-05,0.09936452917388805,4.654463533666075e-07,0.0991719622568843,4.322001852689927e-07,0.0,0.0,0.0,0.0,0.0,0.0,0.0,0.0,0.0,0.0,1.0,1.0,1.0,0.0,0.0
64,13:17:12,0,0.09994222992489887,7254240.0,0.09994222992489887,0.09994222992489887,0.0017640064383212589,0.09974966300789534,0.0006907057653119967,0.09955709609089158,3.472562257795868e-05,0.09936452917388805,4.654463533666075e-07,0.0991719622568843,4.322001852689927e-07,0.0,0.0,0.0,0.0,0.0,0.0,0.0,0.0,0.0,0.0,1.0,1.0,1.0,0.0,0.0
64,13:17:15,0,0.09994222992489887,9796080.0,0.09994222992489887,0.09994222992489887,0.0020060717882399923,0.09974966300789534,0.0006907057653119967,0.09955709609089158,3.472562257795868e-05,0.09936452917388805,4.654463533666075e-07,0.0991719622568843,4.322001852689927e-07,0.0,0.0,0.0,0.0,0.0,0.0,0.0,0.0,0.0,0.0,1.0,1.0,1.0,0.0,0.0
64,13:17:18,0,0.09994222992489887,7425600.0,0.09994222992489887,0.09994222992489887,0.0021741477910574842,0.09974966300789534,0.0006907057653119967,0.09955709609089158,3.472562257795868e-05,0.09936452917388805,4.654463533666075e-07,0.0991719622568843,4.1557710122018525e-07,0.0,0.0,0.0,0.0,0.0,0.0,0.0,0.0,0.0,0.0,1.0,1.0,1.0,0.0,0.0
64,13:17:21,0,0.09994222992489887,2804592.0,0.09994222992489887,0.09994222992489887,0.002169825789204794,0.09974966300789534,0.0006907057653119967,0.09955709609089158,3.45427686534218e-05,0.09936452917388805,4.654463533666075e-07,0.0991719622568843,4.1557710122018525e-07,0.0,0.0,0.0,0.0,0.0,0.0,0.0,0.0,0.0,0.0,1.0,1.0,1.0,0.0,0.0
64,13:17:24,0,0.09994222992489887,2159136.0,0.09994222992489887,0.09994222992489887,0.0021741976603096304,0.09974966300789534,0.0006907057653119967,0.09955709609089158,3.45427686534218e-05,0.09936452917388805,4.654463533666075e-07,0.0991719622568843,4.1557710122018525e-07,0.0,0.0,0.0,0.0,0.0,0.0,0.0,0.0,0.0,0.0,1.0,1.0,1.0,0.0,0.0
64,13:17:27,0,0.09994222992489887,24342145.0,0.09994222992489887,0.09994222992489887,0.002171461833136878,0.09974966300789534,0.0006907057653119967,0.09955709609089158,3.45427686534218e-05,0.09936452917388805,4.654463533666075e-07,0.0991719622568843,4.1557710122018525e-07,0.0,0.0,0.0,0.0,0.0,0.0,0.0,0.0,0.0,0.0,1.0,1.0,1.0,0.0,0.0
64,13:17:30,0,0.09994222992489887,4923744.0,0.09994222992489887,0.09994222992489887,0.0021535421485322634,0.09974966300789534,0.0006907057653119967,0.09955709609089158,3.45427686534218e-05,0.09936452917388805,4.654463533666075e-07,0.0991719622568843,4.488232693178001e-07,0.0,0.0,0.0,0.0,0.0,0.0,0.0,0.0,0.0,0.0,1.0,1.0,1.0,0.0,0.0
64,13:17:33,0,0.09994222992489887,1170960.0,0.09994222992489887,0.09994222992489887,0.001990004247660096,0.09974966300789534,0.0006990173073364004,0.09955709609089158,3.45427686534218e-05,0.09936452917388805,4.654463533666075e-07,0.0991719622568843,4.488232693178001e-07,0.0,0.0,0.0,0.0,0.0,0.0,0.0,0.0,0.0,0.0,1.0,1.0,1.0,0.0,0.0
64,13:17:36,0,0.09994222992489887,1256640.0,0.09994222992489887,0.09994222992489887,0.001973730248376314,0.09974966300789534,0.0007073288493608041,0.09955709609089158,3.450952248532418e-05,0.09936452917388805,4.654463533666075e-07,0.0991719622568843,4.488232693178001e-07,0.0,0.0,0.0,0.0,0.0,0.0,0.0,0.0,0.0,0.0,1.0,1.0,1.0,0.0,0.0
64,13:17:39,0,0.09994222992489887,1610784.0,0.09994222992489887,0.09994222992489887,0.0018633363472081838,0.09974966300789534,0.0007073288493608041,0.09955709609089158,3.450952248532418e-05,0.09936452917388805,4.654463533666075e-07,0.0991719622568843,4.488232693178001e-07,0.0,0.0,0.0,0.0,0.0,0.0,0.0,0.0,0.0,0.0,1.0,1.0,1.0,0.0,0.0
64,13:17:42,0,0.09994222992489887,1393728.0,0.09994222992489887,0.09994222992489887,0.001844917970082105,0.09974966300789534,0.0007066805490829007,0.09955709609089158,3.450952248532418e-05,0.09936452917388805,4.654463533666075e-07,0.0991719622568843,4.488232693178001e-07,0.0,0.0,0.0,0.0,0.0,0.0,0.0,0.0,0.0,0.0,1.0,1.0,1.0,0.0,0.0
64,13:17:45,0,0.09994222992489887,1987776.0,0.09994222992489887,0.09994222992489887,0.0018268985469731978,0.09974966300789534,0.0007066805490829007,0.09955709609089158,5.113260653413159e-05,0.09936452917388805,4.654463533666075e-07,0.0991719622568843,4.488232693178001e-07,0.0,0.0,0.0,0.0,0.0,0.0,0.0,0.0,0.0,0.0,1.0,1.0,1.0,0.0,0.0
64,13:17:48,0,0.09994222992489887,1079568.0,0.09994222992489887,0.09994222992489887,0.0018137829336586889,0.09974966300789534,0.0007066805490829007,0.09955709609089158,5.113260653413159e-05,0.09936452917388805,4.654463533666075e-07,0.0991719622568843,4.488232693178001e-07,0.0,0.0,0.0,0.0,0.0,0.0,0.0,0.0,0.0,0.0,1.0,1.0,1.0,0.0,0.0
64,13:17:51,0,0.09994222992489887,1867824.0,0.09994222992489887,0.09994222992489887,0.001833364926668184,0.09974966300789534,0.0007067802875871935,0.09955709609089158,5.113260653413159e-05,0.09936452917388805,4.654463533666075e-07,0.0991719622568843,6.150541098058742e-07,0.0,0.0,0.0,0.0,0.0,0.0,0.0,0.0,0.0,0.0,1.0,1.0,1.0,0.0,1.0
64,13:17:54,0,0.09994222992489887,1410864.0,0.09994222992489887,0.09994222992489887,0.0018950033223211619,0.09974966300789534,0.0007067802875871935,0.09955709609089158,5.113260653413159e-05,0.09936452917388805,4.654463533666075e-07,0.0991719622568843,6.150541098058742e-07,0.0,0.0,0.0,0.0,0.0,0.0,0.0,0.0,0.0,0.0,1.0,1.0,1.0,0.0,1.0
64,13:17:57,0,0.09994222992489887,3712800.0,0.09994222992489887,0.09994222992489887,0.0019171286471901246,0.09974966300789534,0.0007067802875871935,0.09955709609089158,5.129883737461967e-05,0.09936452917388805,4.654463533666075e-07,0.0991719622568843,6.150541098058742e-07,0.0,0.0,0.0,0.0,0.0,0.0,0.0,0.0,0.0,0.0,1.0,1.0,1.0,0.0,1.0
64,13:18:00,0,0.09994222992489887,1565088.0,0.09994222992489887,0.09994222992489887,0.001912956253093874,0.09974966300789534,0.0007067802875871935,0.09955709609089158,5.9610379399023374e-05,0.09936452917388805,4.654463533666075e-07,0.0991719622568843,6.150541098058742e-07,0.0,0.0,0.0,0.0,0.0,0.0,0.0,0.0,0.0,0.0,1.0,1.0,0.0,0.0,0.0
64,13:18:03,0,0.09994222992489887,1085280.0,0.09994222992489887,0.09994222992489887,0.0014959661897295399,0.09974966300789534,0.0007067802875871935,0.09955709609089158,5.957713323092576e-05,0.09936452917388805,4.654463533666075e-07,0.0991719622568843,6.150541098058742e-07,0.0,0.0,0.0,0.0,0.0,0.0,0.0,0.0,0.0,0.0,1.0,1.0,0.0,0.0,1.0
64,13:18:06,0,0.09994222992489887,1593648.0,0.09994222992489887,0.09994222992489887,0.001265320898552337,0.09974966300789534,0.0007067802875871935,0.09955709609089158,5.957713323092576e-05,0.09936452917388805,4.654463533666075e-07,0.0991719622568843,6.150541098058742e-07,0.0,0.0,0.0,0.0,0.0,0.0,0.0,0.0,0.0,0.0,1.0,1.0,0.0,0.0,1.0
64,13:18:09,0,0.09994222992489887,2102016.0,0.09994222992489887,0.09994222992489887,0.0011673444411686663,0.09974966300789534,0.0007067802875871935,0.09955709609089158,5.9593756314974566e-05,0.09936452917388805,4.654463533666075e-07,0.0991719622568843,6.150541098058742e-07,0.0,0.0,0.0,0.0,0.0,0.0,0.0,0.0,0.0,0.0,1.0,1.0,0.0,0.0,1.0
64,13:18:12,0,0.09994222992489887,3027360.0,0.09994222992489887,0.09994222992489887,0.0009847398628925169,0.09974966300789534,0.0007067802875871935,0.09955709609089158,5.9593756314974566e-05,0.09936452917388805,4.654463533666075e-07,0.0991719622568843,6.316771938546816e-07,0.0,0.0,0.0,0.0,0.0,0.0,0.0,0.0,0.0,0.0,1.0,1.0,0.0,0.0,1.0
64,13:18:15,0,0.09994222992489887,3352944.0,0.09994222992489887,0.09994222992489887,0.0009430491680981079,0.09974966300789534,0.0007067802875871935,0.09955709609089158,5.942752547448649e-05,0.09936452917388805,4.654463533666075e-07,0.0991719622568843,6.316771938546816e-07,0.0,0.0,0.0,0.0,0.0,0.0,0.0,0.0,0.0,0.0,1.0,1.0,0.0,0.0,1.0
64,13:18:18,0,0.09994222992489887,31210368.0,0.09994222992489887,0.09994222992489887,0.000851455974989179,0.09974966300789534,0.0007066140567467054,0.09955709609089158,5.942752547448649e-05,0.09936452917388805,4.654463533666075e-07,0.0991719622568843,6.316771938546816e-07,0.0,0.0,0.0,0.0,0.0,0.0,0.0,0.0,0.0,0.0,1.0,1.0,0.0,0.0,1.0
64,13:18:21,0,0.09994222992489887,8488032.0,0.09994222992489887,0.09994222992489887,0.0006801550938662186,0.09974966300789534,0.0007065143182424126,0.09955709609089158,5.942752547448649e-05,0.09936452917388805,4.654463533666075e-07,0.0991719622568843,4.654463533666075e-07,0.0,0.0,0.0,0.0,0.0,0.0,0.0,0.0,0.0,0.0,1.0,1.0,0.0,0.0,1.0
64,13:18:24,0,0.09994222992489887,13103328.0,0.09994222992489887,0.09994222992489887,0.00048165884723940937,0.09974966300789534,0.0007065143182424126,0.09955709609089158,5.942752547448649e-05,0.09936452917388805,4.654463533666075e-07,0.0991719622568843,4.654463533666075e-07,0.0,0.0,0.0,0.0,0.0,0.0,0.0,0.0,0.0,0.0,1.0,0.0,0.0,0.0,1.0
64,13:18:27,0,0.09994222992489887,120996383.0,0.09994222992489887,0.09994222992489887,0.00012109019083017563,0.09974966300789534,0.0007063647104859733,0.09955709609089158,5.942752547448649e-05,0.09936452917388805,4.654463533666075e-07,0.0991719622568843,4.654463533666075e-07,0.0,0.0,0.0,0.0,0.0,0.0,0.0,0.0,0.0,0.0,1.0,0.0,0.0,0.0,1.0
64,13:18:30,0,0.09994222992489887,43099421.0,0.099845946466397,0.09974966300789534,0.0007022754318099667,0.09955709609089158,5.942752547448649e-05,0.09936452917388805,4.322001852689927e-07,0.0991719622568843,4.654463533666075e-07,0.09897939533988054,6.649233619522964e-08,0.09994222992489887,8.819443734430967e-05,0.0,0.0,0.0,0.0,0.0,0.0,0.0,0.0,1.0,0.0,0.0,0.0,1.0
64,13:18:33,0,0.09994222992489887,97084158.0,0.099845946466397,0.09974966300789534,0.0004480087381994085,0.09955709609089158,5.94441485585353e-05,0.09936452917388805,4.322001852689927e-07,0.0991719622568843,4.654463533666075e-07,0.09897939533988054,6.649233619522964e-08,0.09994222992489887,9.940604261186831e-06,0.0,0.0,0.0,0.0,0.0,0.0,0.0,0.0,1.0,0.0,0.0,0.0,1.0
64,13:18:36,0,0.09974966300789534,54254719.0,0.099845946466397,0.09974966300789534,0.00029391274906696385,0.09955709609089158,5.94441485585353e-05,0.09936452917388805,4.322001852689927e-07,0.0991719622568843,4.654463533666075e-07,0.09897939533988054,6.649233619522964e-08,0.09994222992489887,3.276409866019941e-05,0.0,0.0,0.0,0.0,0.0,0.0,0.0,0.0,1.0,0.0,0.0,0.0,1.0
64,13:18:39,0,0.09955709609089158,102209912.0,0.09965337954939346,0.09955709609089158,5.896207912111989e-05,0.09936452917388805,4.322001852689927e-07,0.0991719622568843,4.654463533666075e-07,0.09897939533988054,6.649233619522964e-08,0.098786828422877,1.662308404880741e-08,0.09974966300789534,9.55827332806426e-06,0.09994222992489887,4.692696626978332e-05,0.0,0.0,0.0,0.0,0.0,0.0,1.0,0.0,0.0,0.0,1.0
64,13:18:42,0,0.09974966300789534,3060795.0,0.09965337954939346,0.09955709609089158,5.399177699052647e-05,0.09936452917388805,4.322001852689927e-07,0.0991719622568843,4.654463533666075e-07,0.09897939533988054,6.649233619522964e-08,0.098786828422877,1.662308404880741e-08,0.09974966300789534,0.0001491393179307713,0.09994222992489887,5.726652454814153e-05,0.0,0.0,0.0,0.0,0.0,0.0,1.0,0.0,0.0,0.0,1.0
64,13:18:45,0,0.09955709609089158,1804380.0,0.09965337954939346,0.09955709609089158,4.9071344112079473e-05,0.09936452917388805,4.322001852689927e-07,0.0991719622568843,4.654463533666075e-07,0.09897939533988054,6.649233619522964e-08,0.098786828422877,1.662308404880741e-08,0.09974966300789534,0.00015299587343009462,0.09994222992489887,6.253604219161348e-05,0.0,0.0,0.0,0.0,0.0,0.0,0.0,0.0,0.0,0.0,1.0
64,13:18:48,0,0.09974966300789534,9861887.0,0.09965337954939346,0.09955709609089158,2.664580634519535e-05,0.09936452917388805,4.322001852689927e-07,0.0991719622568843,4.654463533666075e-07,0.09897939533988054,6.649233619522964e-08,0.098786828422877,1.662308404880741e-08,0.09974966300789534,0.00015060214932706634,0.09994222992489887,7.224392327611701e-05,0.0,0.0,0.0,0.0,0.0,0.0,0.0,0.0,0.0,1.0,1.0
64,13:18:51,0,0.09955709609089158,4008538.0,0.09965337954939346,0.09955709609089158,1.7137402269277512e-05,0.09936452917388805,4.322001852689927e-07,0.0991719622568843,4.654463533666075e-07,0.09897939533988054,6.649233619522964e-08,0.098786828422877,1.662308404880741e-08,0.09974966300789534,0.00015058552624301754,0.09994222992489887,7.7164356154564e-05,0.0,0.0,0.0,0.0,0.0,0.0,0.0,0.0,0.0,1.0,1.0
64,13:18:54,0,0.09955709609089158,7702653.0,0.09936452917388805,0.0991719622568843,3.9895401717137787e-07,0.09897939533988054,6.649233619522964e-08,0.098786828422877,1.662308404880741e-08,0.09859426150587325,6.316771938546816e-07,0.09840169458886971,2.4934626073211115e-07,0.09955709609089158,9.55927071310719e-06,0.09974966300789534,0.0001482416713921357,0.09994222992489887,8.063858072076475e-05,0.0,0.0,0.0,0.0,0.0,0.0,0.0,1.0,1.0
64,13:18:57,0,0.09936452917388805,565229.0,0.09936452917388805,0.0991719622568843,3.9895401717137787e-07,0.09897939533988054,6.649233619522964e-08,0.098786828422877,1.662308404880741e-08,0.09859426150587325,6.316771938546816e-07,0.09840169458886971,2.4934626073211115e-07,0.09955709609089158,1.2002864068281879e-05,0.09974966300789534,0.00014636326289462046,0.09994222992489887,8.205154286491339e-05,0.0,0.0,0.0,0.0,0.0,0.0,0.0,1.0,1.0
64,13:19:00,0,0.0991719622568843,976089.0,0.09888311188137866,0.09859426150587325,2.3272317668330374e-07,0.09840169458886971,2.4934626073211115e-07,0.09820912767186596,2.3272317668330374e-07,0.09801656075486243,4.9869252146422234e-08,0.09782399383785867,3.4908476502495563e-07,0.0991719622568843,6.815464460011039e-07,0.09955709609089158,1.3399203128381701e-05,0.09974966300789534,1.1586289582018765e-05,0.09994222992489887,8.776988377770313e-05,0.0,0.0,0.0,0.0,0.0,1.0,1.0
64,13:19:03,0,0.098786828422877,439395.0,0.09888311188137866,0.09859426150587325,4.9869252146422234e-08,0.09840169458886971,2.4934626073211115e-07,0.09820912767186596,2.3272317668330374e-07,0.09801656075486243,4.9869252146422234e-08,0.09782399383785867,3.4908476502495563e-07,0.0991719622568843,6.399887358790853e-06,0.09936452917388805,4.1557710122018525e-07,0.09955709609089158,1.5244365457799324e-05,0.09974966300789534,1.3680798172168499e-05,0.09994222992489887,9.111112367151342e-05,0.0,0.0,0.0,1.0,1.0
64,13:19:06,0,0.09859426150587325,2549710.0,0.09811284421336408,0.09763142692085491,9.192565478990498e-06,0.09743886000385138,6.316771938546816e-07,0.09724629308684762,1.1636158834165188e-06,0.09705372616984409,2.7594319521020303e-06,0.09686115925284033,3.324616809761482e-08,0.09859426150587325,5.053417550837453e-06,0.0991719622568843,1.3448074995485195e-05,0.09936452917388805,6.649233619522964e-07,0.09955709609089158,2.0497260017222465e-05,0.09974966300789534,1.3813782844558958e-05,0.0,0.0,0.0,2.0,2.0
64,13:19:09,0,0.09820912767186596,433466.0,0.09792027729636055,0.09763142692085491,9.525027159966646e-06,0.09743886000385138,6.150541098058742e-07,0.09724629308684762,1.014008126977252e-06,0.09705372616984409,2.7594319521020303e-06,0.09686115925284033,3.324616809761482e-08,0.09820912767186596,1.9947700858568893e-07,0.09859426150587325,5.502240820155253e-06,0.098786828422877,2.1610009263449634e-07,0.09897939533988054,1.662308404880741e-08,0.0991719622568843,1.969835459783678e-05,0.0,0.0,0.0,2.0,2.0
64,13:19:12,0,0.09743886000385138,3910400.0,0.09753514346235326,0.09743886000385138,4.9869252146422234e-08,0.09724629308684762,1.014008126977252e-06,0.09705372616984409,2.7594319521020303e-06,0.09686115925284033,3.324616809761482e-08,0.0966685923358368,1.8285392453688153e-07,0.09763142692085491,1.3115613314509047e-05,0.09801656075486243,1.8285392453688153e-07,0.09820912767186596,5.818079417082594e-07,0.09840169458886971,8.311542024403705e-08,0.09859426150587325,6.433133526888468e-06,0.0,0.0,0.0,2.0,2.0
64,13:19:15,0,0.09743886000385138,484373.0,0.0973425765453495,0.09724629308684762,1.9947700858568893e-07,0.09705372616984409,2.7594319521020303e-06,0.09686115925284033,3.324616809761482e-08,0.0966685923358368,1.8285392453688153e-07,0.09647602541883304,5.485617736106445e-07,0.09743886000385138,1.496077564392667e-07,0.09763142692085491,1.6589837880709794e-05,0.09782399383785867,1.662308404880741e-08,0.09801656075486243,1.8285392453688153e-07,0.09820912767186596,9.30892706733215e-07,0.0,0.0,0.0,2.0,2.0
64,13:19:18,0,0.09724629308684762,296319.0,0.0973425765453495,0.09724629308684762,1.4295852281974373e-06,0.09705372616984409,2.7594319521020303e-06,0.09686115925284033,3.324616809761482e-08,0.0966685923358368,1.8285392453688153e-07,0.09647602541883304,5.485617736106445e-07,0.09743886000385138,1.329846723904593e-07,0.09763142692085491,2.722861167194654e-05,0.09782399383785867,1.662308404880741e-08,0.09801656075486243,1.8285392453688153e-07,0.09820912767186596,1.0306312110260596e-06,0.0,0.0,0.0,2.0,2.0
64,13:19:21,0,0.09724629308684762,1002841.0,0.09715000962834575,0.09705372616984409,2.1610009263449634e-06,0.09686115925284033,3.324616809761482e-08,0.0966685923358368,1.8285392453688153e-07,0.09647602541883304,5.485617736106445e-07,0.09628345850182929,6.649233619522964e-08,0.09724629308684762,6.649233619522964e-07,0.09743886000385138,2.2607394306378077e-06,0.09763142692085491,2.8724689236339207e-05,0.09782399383785867,1.662308404880741e-08,0.09801656075486243,1.8285392453688153e-07,0.0,0.0,1.0,2.0,2.0
64,13:19:24,0,0.09512805699980742,1810815.0,0.09599460812632388,0.09493549008280366,4.039409423860201e-06,0.09474292316580013,6.316771938546816e-07,0.0945503562487966,2.4934626073211115e-07,0.09435778933179284,1.662308404880741e-08,0.09416522241478908,3.8233093312257044e-07,0.09705372616984409,2.992155128785334e-07,0.09724629308684762,4.089278676006623e-06,0.09743886000385138,8.112065015818016e-06,0.09763142692085491,3.080257474244013e-05,0.09801656075486243,1.8285392453688153e-07,0.0,0.0,1.0,2.0,2.0
64,13:19:27,0,0.09647602541883304,3846180.0,0.09676487579433846,0.09647602541883304,1.496077564392667e-07,0.09493549008280366,4.039409423860201e-06,0.09474292316580013,6.316771938546816e-07,0.0945503562487966,2.4934626073211115e-07,0.09435778933179284,1.662308404880741e-08,0.09705372616984409,2.111131674198541e-06,0.09724629308684762,1.2799774717581707e-06,0.09743886000385138,6.449756610937275e-06,0.09763142692085491,3.0071159044292605e-05,0.09801656075486243,1.8285392453688153e-07,0.0,0.0,1.0,2.0,2.0
64,13:19:30,0,0.09512805699980742,534840.0,0.095898324667822,0.09551319083381471,3.324616809761482e-08,0.09512805699980742,1.246731303660556e-06,0.09493549008280366,3.673701574786438e-06,0.09474292316580013,6.316771938546816e-07,0.0945503562487966,2.4934626073211115e-07,0.09628345850182929,1.496077564392667e-07,0.09647602541883304,3.8233093312257044e-07,0.0966685923358368,8.311542024403705e-08,0.09686115925284033,2.3272317668330374e-07,0.09705372616984409,8.843480713965543e-06,0.0,0.0,2.0,2.0,2.0
64,13:19:33,0,0.09532062391681118,335626.0,0.0952243404583093,0.09512805699980742,5.984310257570668e-07,0.09493549008280366,3.673701574786438e-06,0.09474292316580013,6.316771938546816e-07,0.0945503562487966,2.4934626073211115e-07,0.09435778933179284,1.662308404880741e-08,0.09532062391681118,1.662308404880741e-08,0.09551319083381471,9.807619588796372e-07,0.09647602541883304,1.4744675551292173e-05,0.0966685923358368,2.8259242882972596e-07,0.09686115925284033,6.815464460011039e-07,0.0,0.0,2.0,2.0,2.0
64,13:19:36,0,0.09512805699980742,3893072.0,0.09503177354130554,0.09493549008280366,2.1610009263449634e-06,0.09474292316580013,6.981695300499113e-07,0.0945503562487966,2.4934626073211115e-07,0.09435778933179284,1.662308404880741e-08,0.09416522241478908,4.9869252146422234e-08,0.09512805699980742,3.9895401717137787e-07,0.09647602541883304,9.192565478990498e-06,0.0966685923358368,2.8259242882972596e-07,0.09686115925284033,7.147926140987186e-07,0.09705372616984409,8.34478819250132e-06,0.0,0.0,2.0,2.0,2.0
64,13:19:39,0,0.09397265549778555,3776891.0,0.09387637203928367,0.0937800885807818,3.0586474649805635e-06,0.0933949547467745,2.1610009263449634e-07,0.09281725399576346,2.4934626073211115e-07,0.09243212016175617,2.1610009263449634e-07,0.09223955324475264,1.662308404880741e-08,0.09397265549778555,2.094508590149734e-06,0.09493549008280366,5.485617736106445e-07,0.09512805699980742,5.818079417082594e-07,0.09532062391681118,2.3272317668330374e-07,0.09551319083381471,1.662308404880741e-06,0.0,0.0,2.0,2.0,2.0
64,13:19:42,0,0.09281725399576346,3380058.0,0.0926246870787597,0.09243212016175617,1.8285392453688153e-07,0.09223955324475264,1.662308404880741e-08,0.09204698632774888,3.324616809761482e-08,0.09185441941074535,1.0306312110260596e-06,0.09166185249374159,1.8285392453688153e-07,0.09281725399576346,7.147926140987186e-07,0.09416522241478908,1.1137466312700965e-06,0.09474292316580013,3.8233093312257044e-07,0.09493549008280366,3.324616809761482e-07,0.09512805699980742,4.322001852689927e-07,0.0,2.0,2.0,2.0,2.0
64,13:19:45,0,0.09397265549778555,1890164.0,0.0926246870787597,0.09146928557673784,3.158385969273408e-06,0.0912767186597343,1.8285392453688153e-07,0.09108415174273055,7.646618662451409e-07,0.09089158482572701,1.662308404880741e-08,0.09069901790872326,3.324616809761482e-08,0.0937800885807818,8.311542024403705e-08,0.09416522241478908,7.979080343427557e-07,0.09435778933179284,1.1636158834165187e-07,0.09474292316580013,3.8233093312257044e-07,0.09493549008280366,7.646618662451409e-07,0.0,2.0,2.0,2.0,2.0
64,13:19:48,0,0.09243212016175617,1729276.0,0.09223955324475264,0.09204698632774888,3.324616809761482e-06,0.09166185249374159,2.1610009263449634e-07,0.09146928557673784,7.147926140987186e-07,0.0912767186597343,1.8285392453688153e-07,0.09108415174273055,7.646618662451409e-07,0.09243212016175617,8.311542024403705e-08,0.0937800885807818,1.5958160686855115e-06,0.09416522241478908,7.147926140987186e-07,0.09435778933179284,1.1636158834165187e-07,0.09474292316580013,3.8233093312257044e-07,0.0,2.0,2.0,2.0,2.0
64,13:19:51,0,0.09108415174273055,5890169.0,0.09098786828422889,0.08954361640670139,1.662308404880741e-07,0.08935104948969763,5.319386895618372e-07,0.0891584825726941,1.2301082196117483e-06,0.08896591565569034,3.158385969273408e-06,0.08858078182168305,1.662308404880741e-08,0.09243212016175617,1.662308404880741e-08,0.09262468707875993,1.662308404880741e-08,0.09281725399576346,4.9869252146422234e-08,0.0937800885807818,3.8233093312257044e-07,0.09512805699980742,2.676316531857993e-06,2.0,2.0,2.0,2.0,2.0
64,13:19:54,0,0.09185441941074535,776745.0,0.091950702869247,0.09185441941074535,1.0638773791236743e-06,0.09146928557673784,3.324616809761482e-08,0.08992875024070868,1.9947700858568893e-07,0.08954361640670139,6.649233619522964e-07,0.08935104948969763,5.319386895618372e-07,0.09204698632774888,5.485617736106445e-07,0.09243212016175617,1.6290622367831262e-06,0.09300982091276722,1.8285392453688153e-07,0.09358752166377826,3.324616809761482e-08,0.0937800885807818,1.994770085856889e-06,1.0,2.0,2.0,2.0,2.0
64,13:19:57,0,0.08954361640670139,935309.0,0.09021760061621409,0.08954361640670139,6.150541098058742e-07,0.08935104948969763,5.319386895618372e-07,0.0891584825726941,4.654463533666075e-06,0.08896591565569034,3.158385969273408e-06,0.08858078182168305,9.973850429284447e-08,0.09089158482572701,1.8285392453688153e-07,0.09146928557673784,1.496077564392667e-07,0.09185441941074535,7.979080343427557e-07,0.09204698632774888,2.1277547582473486e-06,0.09243212016175617,1.5459468165390891e-06,2.0,2.0,2.0,2.0,2.0
64,13:20:00,0,0.0891584825726941,2989460.0,0.09079530136722513,0.09069901790872326,1.662308404880741e-08,0.0891584825726941,6.5993643673765425e-06,0.08896591565569034,3.158385969273408e-06,0.08858078182168305,9.973850429284447e-08,0.08819564798767576,1.8784084975152373e-06,0.09089158482572701,3.6570784907376306e-07,0.09146928557673784,1.662308404880741e-08,0.09166185249374159,4.9869252146422234e-08,0.09185441941074535,1.047254295074867e-06,0.09204698632774888,2.194247094442578e-06,2.0,2.0,2.0,2.0,2.0
64,13:20:03,0,0.08992875024070868,1903037.0,0.09069901790872326,0.08954361640670139,1.662308404880741e-07,0.08935104948969763,1.662308404880741e-08,0.0891584825726941,6.5827412833277344e-06,0.08896591565569034,3.158385969273408e-06,0.08858078182168305,9.973850429284447e-08,0.09185441941074535,3.324616809761482e-08,0.09204698632774888,2.2773625146866152e-06,0.09223955324475264,6.649233619522964e-08,0.09243212016175617,2.426970271125882e-06,0.09300982091276722,1.8285392453688153e-07,2.0,2.0,2.0,2.0,2.0
64,13:20:06,0,0.09185441941074535,3817770.0,0.091950702869247,0.09185441941074535,6.133918014009934e-06,0.0912767186597343,4.488232693178001e-07,0.09089158482572701,1.329846723904593e-07,0.09069901790872326,2.0778855061009263e-06,0.09031388407471597,3.324616809761482e-07,0.09204698632774888,1.579192984636704e-06,0.09243212016175617,4.9869252146422234e-08,0.09300982091276722,1.662308404880741e-08,0.09397265549778555,1.5459468165390891e-06,0.09416522241478908,1.662308404880741e-08,2.0,2.0,2.0,2.0,2.0
64,13:20:09,0,0.09262468707875993,5011182.0,0.09233583670325451,0.09204698632774888,9.591519496161876e-06,0.09185441941074535,1.662308404880741e-08,0.09069901790872326,1.9615239177592744e-06,0.09031388407471597,3.324616809761482e-07,0.08992875024070868,4.538101945324423e-06,0.09262468707875993,1.662308404880741e-08,0.09300982091276722,1.662308404880741e-08,0.0937800885807818,3.324616809761482e-08,0.09397265549778555,1.5459468165390891e-06,0.09416522241478908,1.662308404880741e-08,2.0,2.0,2.0,2.0,2.0
64,13:20:12,0,0.09397265549778555,3467007.0,0.09435778933179284,0.09397265549778555,3.6570784907376306e-07,0.09300982091276722,1.496077564392667e-07,0.09281725399576346,4.986925214642223e-07,0.09262468707875993,1.662308404880741e-07,0.09243212016175617,1.8285392453688153e-07,0.09474292316580013,5.651848576594519e-07,0.09493549008280366,3.9895401717137787e-07,0.09512805699980742,2.6596934478091856e-06,0.09532062391681118,8.47777286489178e-07,0.09551319083381471,1.9615239177592744e-06,2.0,2.0,2.0,2.0,2.0
64,13:20:15,0,0.09551319083381471,2330440.0,0.09474292316580013,0.09397265549778555,7.480387821963335e-07,0.0937800885807818,6.48300277903489e-07,0.09300982091276722,1.8285392453688153e-07,0.09281725399576346,1.978147001808082e-06,0.09262468707875993,6.316771938546816e-07,0.09551319083381471,1.5459468165390891e-06,0.09570575775081847,2.3272317668330374e-07,0.095898324667822,4.820694374154149e-07,0.09647602541883304,6.5827412833277344e-06,0.0966685923358368,8.644003705379854e-07,2.0,2.0,2.0,2.0,2.0
64,13:20:18,0,0.09551319083381471,818682.0,0.09512805699980742,0.09474292316580013,2.2108701784913857e-06,0.0945503562487966,1.994770085856889e-06,0.09397265549778555,5.003548298691031e-06,0.0937800885807818,5.319386895618372e-07,0.09300982091276722,1.8285392453688153e-07,0.09551319083381471,6.150541098058742e-07,0.09570575775081847,2.3272317668330374e-07,0.095898324667822,4.820694374154149e-07,0.09647602541883304,6.532872031181312e-06,0.0966685923358368,8.644003705379854e-07,2.0,2.0,2.0,2.0,2.0
64,13:20:21,0,0.0966685923358368,3313567.0,0.09676487579433846,0.0966685923358368,1.7620469091735855e-06,0.09647602541883304,4.9869252146422234e-08,0.09570575775081847,1.662308404880741e-07,0.09551319083381471,1.3797159760510151e-06,0.09474292316580013,3.2913706416638672e-06,0.09686115925284033,6.981695300499113e-07,0.09705372616984409,1.1420058741530692e-05,0.09724629308684762,5.352633063715986e-06,0.09743886000385138,3.0586474649805635e-06,0.09763142692085491,2.3455171592867256e-05,2.0,2.0,2.0,2.0,2.0
64,13:20:24,0,0.09705372616984409,3816235.0,0.09637974196033117,0.09570575775081847,8.311542024403705e-08,0.09551319083381471,3.4243553140543267e-06,0.09474292316580013,3.2581244735662525e-06,0.0945503562487966,1.662308404880741e-06,0.09435778933179284,1.8285392453688153e-07,0.09705372616984409,4.205640264348275e-06,0.09724629308684762,5.352633063715986e-06,0.09743886000385138,3.0918936330781783e-06,0.09763142692085491,2.3355433088574412e-05,0.09782399383785867,1.662308404880741e-08,2.0,2.0,2.0,2.0,2.0
64,13:20:27,0,0.095898324667822,4652860.0,0.09628345850182929,0.095898324667822,3.324616809761482e-07,0.09570575775081847,6.649233619522964e-08,0.09551319083381471,6.649233619522964e-07,0.09532062391681118,1.662308404880741e-08,0.09474292316580013,9.30892706733215e-07,0.0966685923358368,9.973850429284447e-08,0.09724629308684762,5.319386895618372e-07,0.09743886000385138,3.0918936330781783e-06,0.09763142692085491,2.330556383642799e-05,0.09782399383785867,1.662308404880741e-08,2.0,2.0,2.0,2.0,2.0
64,13:20:30,0,0.09705372616984409,1766185.0,0.09724629308684785,0.09705372616984409,4.30537876864112e-06,0.09686115925284033,6.150541098058742e-07,0.0966685923358368,3.324616809761482e-08,0.095898324667822,2.659693447809186e-07,0.09570575775081847,4.654463533666075e-07,0.09743886000385138,1.1636158834165188e-06,0.09763142692085491,2.227493262540193e-05,0.09782399383785867,1.662308404880741e-08,0.09801656075486243,1.0306312110260596e-06,0.09820912767186596,1.1802389674653262e-06,2.0,2.0,2.0,2.0,2.0
64,13:20:33,0,0.09705372616984409,3636107.0,0.09715000962834575,0.09705372616984409,1.1918751262994914e-05,0.09686115925284033,9.973850429284446e-07,0.0966685923358368,8.47777286489178e-07,0.09647602541883304,1.662308404880741e-07,0.09628345850182929,6.649233619522964e-08,0.09724629308684762,1.496077564392667e-07,0.09763142692085491,1.5492714333488506e-05,0.09782399383785867,1.662308404880741e-08,0.09801656075486243,1.1469927993677114e-06,0.09820912767186596,1.1802389674653262e-06,2.0,2.0,2.0,2.0,2.0
64,13:20:36,0,0.09763142692085491,5494763.0,0.09772771037935679,0.09763142692085491,6.433133526888468e-06,0.09743886000385138,3.8233093312257044e-07,0.09724629308684762,6.649233619522964e-08,0.09705372616984409,1.2217966775873448e-05,0.09686115925284033,1.2799774717581707e-06,0.09782399383785867,1.662308404880741e-08,0.09801656075486243,1.1469927993677114e-06,0.09820912767186596,1.5459468165390891e-06,0.09840169458886971,1.014008126977252e-06,0.09859426150587325,5.635225492545712e-06,2.0,2.0,2.0,2.0,2.0
64,13:20:39,0,0.09763142692085491,6030668.0,0.09782399383785867,0.09763142692085491,1.86178541346643e-06,0.09743886000385138,9.807619588796372e-07,0.09724629308684762,4.986925214642223e-07,0.09705372616984409,1.200186668323895e-05,0.09686115925284033,1.3464698079534002e-06,0.09801656075486243,5.984310257570668e-07,0.09820912767186596,1.5459468165390891e-06,0.09840169458886971,1.014008126977252e-06,0.09859426150587325,5.535486988252868e-06,0.098786828422877,8.145311183915631e-07,2.0,2.0,2.0,2.0,2.0
64,13:20:42,0,0.09782399383785867,1334080.0,0.0981128442133643,0.09801656075486243,4.9869252146422234e-08,0.09782399383785867,3.6570784907376306e-07,0.09763142692085491,1.911654665612852e-06,0.09743886000385138,1.0805004631724817e-06,0.09724629308684762,5.153156055130298e-07,0.09820912767186596,4.986925214642223e-07,0.09840169458886971,1.014008126977252e-06,0.09859426150587325,5.3692561477647935e-06,0.098786828422877,8.810234545867927e-07,0.09897939533988054,4.488232693178001e-07,2.0,2.0,2.0,2.0,2.0
64,13:20:45,0,0.09801656075486243,997804.0,0.0981128442133643,0.09801656075486243,5.801456333033787e-06,0.09782399383785867,8.311542024403705e-08,0.09763142692085491,3.191632137371023e-06,0.09743886000385138,6.981695300499113e-07,0.09724629308684762,8.810234545867927e-07,0.09820912767186596,1.662308404880741e-08,0.09840169458886971,1.014008126977252e-06,0.09859426150587325,5.502240820155253e-06,0.098786828422877,8.810234545867927e-07,0.09897939533988054,4.488232693178001e-07,2.0,2.0,2.0,2.0,2.0
64,13:20:48,0,0.09859426150587325,6177900.0,0.09888311188137866,0.09859426150587325,3.158385969273408e-07,0.09820912767186596,1.3797159760510151e-06,0.09801656075486243,1.2301082196117483e-06,0.09782399383785867,6.48300277903489e-07,0.09763142692085491,4.471609609129194e-06,0.0991719622568843,1.1004481640310507e-05,0.09936452917388805,1.6124391527343189e-06,0.09955709609089158,1.7638089560827592e-05,0.09974966300789534,1.065539687528555e-05,0.09994222992489887,0.00016816211039286455,1.0,2.0,1.0,1.0,1.0
64,13:20:51,0,0.0991719622568843,684824.0,0.09907567879838242,0.09897939533988054,6.915202964303883e-06,0.098786828422877,3.7401939109816675e-06,0.09859426150587325,2.9256627925901045e-06,0.09840169458886971,8.311542024403705e-08,0.09820912767186596,7.347403149572876e-06,0.0991719622568843,1.0705266127431973e-05,0.09936452917388805,1.6124391527343189e-06,0.09955709609089158,1.7554974140583555e-05,0.09974966300789534,1.1004481640310507e-05,0.09994222992489887,0.0001696083187051108,1.0,2.0,1.0,1.0,1.0
64,13:20:54,0,0.0991719622568843,690622.0,0.09907567879838242,0.09897939533988054,6.217033434253972e-06,0.098786828422877,3.7734400790792822e-06,0.09859426150587325,2.909039708541297e-06,0.09840169458886971,1.1303697153189038e-06,0.09820912767186596,8.47777286489178e-06,0.0991719622568843,9.50840407591784e-06,0.09936452917388805,1.6124391527343189e-06,0.09955709609089158,1.7604843392729976e-05,0.09974966300789534,1.1087597060554543e-05,0.09994222992489887,0.00017284982009462823,1.0,2.0,1.0,1.0,1.0
64,13:20:57,0,0.09897939533988054,804751.0,0.09907567879838242,0.09897939533988054,4.970302130593416e-06,0.098786828422877,3.79006316312809e-06,0.09859426150587325,2.9589089606877192e-06,0.09840169458886971,1.1303697153189038e-06,0.09820912767186596,4.6777358513344056e-05,0.0991719622568843,8.544265201087009e-06,0.09936452917388805,1.662308404880741e-06,0.09955709609089158,1.7621466476778784e-05,0.09974966300789534,2.1161185994131835e-05,0.09994222992489887,0.0001758599281541863,1.0,2.0,1.0,1.0,1.0
64,13:21:00,0,0.09859426150587325,4645530.0,0.09888311188137866,0.09859426150587325,2.8093012042484526e-06,0.09840169458886971,1.1303697153189038e-06,0.09820912767186596,4.245535666065413e-05,0.09801656075486243,1.9449008337104673e-06,0.09782399383785867,1.014008126977252e-06,0.0991719622568843,4.30537876864112e-06,0.09936452917388805,6.649233619522964e-06,0.09955709609089158,1.777107423321805e-05,0.09974966300789534,2.137728608676633e-05,0.09994222992489887,0.00017717315179404208,2.0,2.0,1.0,1.0,1.0
64,13:21:03,0,0.0991719622568843,3892006.0,0.09926824571538617,0.0991719622568843,2.227493262540193e-06,0.09859426150587325,8.72711912562389e-06,0.09840169458886971,4.488232693178001e-07,0.09820912767186596,4.1624202458213754e-05,0.09801656075486243,1.9449008337104673e-06,0.09936452917388805,7.231041561231224e-06,0.09955709609089158,1.7638089560827592e-05,0.09974966300789534,2.1543516927254403e-05,0.09994222992489887,0.00017955025281302152,0.0,0.0,1.0,2.0,1.0,1.0,1.0
64,13:21:06,0,0.0991719622568843,3527745.0,0.09926824571538617,0.0991719622568843,1.097123547221289e-06,0.09897939533988054,1.662308404880741e-07,0.098786828422877,1.662308404880741e-07,0.09859426150587325,8.909973050160772e-06,0.09840169458886971,4.654463533666075e-07,0.09936452917388805,6.54949511523012e-06,0.09955709609089158,1.76547126448764e-05,0.09974966300789534,2.17596170198889e-05,0.09994222992489887,0.0001816780075712689,0.0,0.0,1.0,1.0,1.0,1.0,1.0
64,13:21:09,0,0.09936452917388805,1655510.0,0.09926824571538617,0.0991719622568843,7.314156981475261e-07,0.09897939533988054,1.662308404880741e-07,0.098786828422877,1.8285392453688153e-07,0.09859426150587325,9.209188563039306e-06,0.09840169458886971,2.1277547582473486e-06,0.09936452917388805,3.6570784907376304e-06,0.09955709609089158,1.7754451149169245e-05,0.09974966300789534,2.22084402892067e-05,0.09994222992489887,0.0002682314140582803,0.0,0.0,1.0,1.0,1.0,1.0,1.0
64,13:21:12,0,0.09936452917388805,2260667.0,0.0994608126323897,0.09936452917388805,2.3272317668330374e-07,0.0991719622568843,1.5293237324902818e-06,0.09897939533988054,1.662308404880741e-07,0.098786828422877,1.8285392453688153e-07,0.09859426150587325,9.24243473113692e-06,0.09955709609089158,1.949987497429402e-05,0.09974966300789534,2.2424540381841197e-05,0.09994222992489887,0.0002689794528404766,0.0,0.0,0.0,0.0,1.0,1.0,1.0,1.0,1.0
64,13:21:15,0,0.09955709609089158,2603489.0,0.0994608126323897,0.09936452917388805,5.951064089473053e-06,0.0991719622568843,3.158385969273408e-07,0.09897939533988054,1.662308404880741e-07,0.098786828422877,2.4934626073211115e-07,0.09859426150587325,9.44191173972261e-06,0.09955709609089158,1.527761162589694e-05,0.09974966300789534,2.2424540381841197e-05,0.09994222992489887,0.0002716723924563834,0.0,0.0,0.0,0.0,1.0,1.0,1.0,1.0,1.0
64,13:21:18,0,0.09936452917388805,3608675.0,0.0994608126323897,0.09936452917388805,1.2151474439678217e-05,0.0991719622568843,9.973850429284446e-07,0.09897939533988054,1.662308404880741e-07,0.098786828422877,3.324616809761482e-07,0.09859426150587325,9.325550151380957e-06,0.09955709609089158,5.835699886174329e-06,0.09974966300789534,2.35549100971601e-05,0.09994222992489887,0.00027481415534160803,0.0,0.0,0.0,0.0,1.0,1.0,1.0,1.0,1.0
64,13:21:21,0,0.09974966300789534,8651405.0,0.09965337954939346,0.09955709609089158,9.475157907820225e-07,0.09936452917388805,1.0040342765479676e-05,0.0991719622568843,1.014008126977252e-06,0.09897939533988054,1.662308404880741e-07,0.098786828422877,2.8259242882972596e-07,0.09974966300789534,8.295916325397827e-06,0.09994222992489887,0.0002793525897486134,0.0,0.0,0.0,0.0,0.0,0.0,1.0,1.0,1.0,1.0,1.0
64,13:21:24,0,0.09974966300789534,1016450.0,0.09965337954939346,0.09955709609089158,7.5468801581585645e-06,0.09936452917388805,1.0489166034797477e-05,0.0991719622568843,1.4295852281974373e-06,0.09897939533988054,1.662308404880741e-07,0.098786828422877,2.8259242882972596e-07,0.09974966300789534,7.215415862225344e-06,0.09994222992489887,0.0002814803445068608,0.0,0.0,0.0,0.0,0.0,0.0,1.0,1.0,1.0,1.0,1.0
64,13:21:27,0,0.09994222992489887,4643162.0,0.099845946466397,0.09974966300789534,1.662308404880741e-07,0.09955709609089158,7.081433804791957e-06,0.09936452917388805,1.123720481699381e-05,0.0991719622568843,1.5127006484414744e-06,0.09897939533988054,1.662308404880741e-07,0.09994222992489887,0.0002598879557125029,0.0,0.0,0.0,0.0,0.0,0.0,0.0,0.0,1.0,1.0,1.0,1.0,1.0
64,13:21:30,0,0.09994222992489887,2284696.0,0.099845946466397,0.09974966300789534,4.30537876864112e-06,0.09955709609089158,1.027306594216298e-05,0.09936452917388805,1.1270450985091425e-05,0.0991719622568843,1.5127006484414744e-06,0.09897939533988054,1.662308404880741e-07,0.09994222992489887,0.00026306296476582506,0.0,0.0,0.0,0.0,0.0,0.0,0.0,0.0,1.0,1.0,1.0,1.0,0.0
64,13:21:33,0,0.09994222992489887,1387913.0,0.099845946466397,0.09974966300789534,5.452371568008831e-06,0.09955709609089158,1.1702651170360418e-05,0.09936452917388805,1.231770528016629e-05,0.0991719622568843,1.7121776570271633e-06,0.09897939533988054,1.662308404880741e-07,0.09994222992489887,0.0002652738349443165,0.0,0.0,0.0,0.0,0.0,0.0,0.0,0.0,1.0,1.0,1.0,1.0,0.0
64,13:21:36,0,0.09994222992489887,3992166.0,0.09965337954939346,0.09955709609089158,1.085487388387124e-05,0.09936452917388805,1.1785766590604455e-05,0.0991719622568843,1.6789314889295486e-06,0.09897939533988054,1.662308404880741e-07,0.098786828422877,2.3272317668330374e-07,0.09974966300789534,9.973850429284447e-08,0.09994222992489887,0.00026229830289957993,0.0,0.0,0.0,0.0,0.0,0.0,1.0,1.0,1.0,1.0,0.0
64,13:21:39,0,0.09974966300789534,7625304.0,0.09965337954939346,0.09955709609089158,1.386365209670538e-05,0.09936452917388805,1.1253827901042617e-05,0.0991719622568843,1.662308404880741e-06,0.09897939533988054,1.662308404880741e-07,0.098786828422877,2.992155128785334e-07,0.09974966300789534,3.158385969273408e-07,0.09994222992489887,0.0002548511612457142,0.0,0.0,0.0,0.0,0.0,0.0,1.0,1.0,1.0,1.0,0.0
64,13:21:42,0,0.09974966300789534,1844704.0,0.099845946466397,0.09974966300789534,1.0937989304115276e-05,0.09955709609089158,1.5908291434708693e-05,0.09936452917388805,1.148655107772592e-05,0.0991719622568843,1.662308404880741e-06,0.09897939533988054,1.662308404880741e-07,0.09994222992489887,0.00025709527759230325,0.0,0.0,0.0,0.0,0.0,0.0,0.0,0.0,1.0,1.0,1.0,1.0,0.0
64,13:21:45,0,0.09974966300789534,1810473.0,0.099845946466397,0.09974966300789534,8.511019032989395e-06,0.09955709609089158,1.5908291434708693e-05,0.09936452917388805,1.148655107772592e-05,0.0991719622568843,1.662308404880741e-06,0.09897939533988054,1.662308404880741e-07,0.09994222992489887,0.00026409359597685117,0.0,0.0,0.0,0.0,0.0,0.0,0.0,0.0,1.0,1.0,1.0,1.0,0.0
64,13:21:48,0,0.09974966300789534,1222327.0,0.099845946466397,0.09974966300789534,8.544265201087009e-06,0.09955709609089158,1.584179909851346e-05,0.09936452917388805,1.1320320237237847e-05,0.0991719622568843,1.3298467239045928e-06,0.09897939533988054,1.662308404880741e-07,0.09994222992489887,0.00026548993503695096,0.0,0.0,0.0,0.0,0.0,0.0,0.0,0.0,1.0,1.0,1.0,1.0,0.0
64,13:21:51,0,0.09974966300789534,1353587.0,0.099845946466397,0.09974966300789534,1.9615239177592744e-06,0.09955709609089158,7.114679972889571e-06,0.09936452917388805,1.1270450985091425e-05,0.0991719622568843,1.3298467239045928e-06,0.098786828422877,7.314156981475261e-07,0.09994222992489887,0.0002870500750482542,0.0,0.0,0.0,0.0,0.0,0.0,0.0,0.0,1.0,0.0,1.0,1.0,0.0
64,13:21:54,0,0.09994222992489887,3095558.0,0.099845946466397,0.09974966300789534,3.9895401717137787e-07,0.09955709609089158,6.54949511523012e-06,0.09936452917388805,1.1403435657481884e-05,0.0991719622568843,1.3298467239045928e-06,0.098786828422877,7.147926140987186e-07,0.09994222992489887,0.00029221985418743327,0.0,0.0,0.0,0.0,0.0,0.0,0.0,0.0,1.0,1.0,1.0,1.0,0.0
64,13:21:57,0,0.09994222992489887,5928924.0,0.099845946466397,0.09974966300789534,9.973850429284447e-08,0.09955709609089158,5.9011948373266305e-06,0.09936452917388805,1.1386812573433076e-05,0.0991719622568843,1.3298467239045928e-06,0.098786828422877,7.147926140987186e-07,0.09994222992489887,0.00028023461058824313,0.0,0.0,0.0,0.0,0.0,0.0,0.0,0.0,1.0,1.0,1.0,1.0,0.0
64,13:22:00,0,0.09974966300789534,2255962.0,0.099845946466397,0.09974966300789534,1.4462083122462446e-06,0.09955709609089158,5.502240820155253e-06,0.09936452917388805,1.1336943321286653e-05,0.0991719622568843,1.246731303660556e-06,0.098786828422877,7.147926140987186e-07,0.09994222992489887,0.0003398283669032177,0.0,0.0,0.0,0.0,0.0,0.0,0.0,0.0,1.0,1.0,1.0,1.0,0.0
64,13:22:03,0,0.09974966300789534,1804850.0,0.099845946466397,0.09974966300789534,1.895031581564045e-06,0.09955709609089158,6.017556425668282e-06,0.09936452917388805,1.1253827901042617e-05,0.0991719622568843,1.246731303660556e-06,0.098786828422877,7.147926140987186e-07,0.09994222992489887,0.00034749160864971793,0.0,0.0,0.0,0.0,0.0,0.0,0.0,0.0,1.0,1.0,1.0,1.0,0.0
64,13:22:06,0,0.09974966300789534,1547768.0,0.099845946466397,0.09974966300789534,1.3797159760510151e-06,0.09955709609089158,1.1004481640310507e-05,0.09936452917388805,1.110422014460335e-05,0.0991719622568843,1.246731303660556e-06,0.098786828422877,7.147926140987186e-07,0.09994222992489887,0.0003547725194630956,0.0,0.0,0.0,0.0,0.0,0.0,0.0,0.0,0.0,1.0,1.0,1.0,0.0
64,13:22:09,0,0.09974966300789534,1399221.0,0.09965337954939346,0.09955709609089158,1.0838250799822432e-05,0.09936452917388805,7.563503242207372e-06,0.0991719622568843,1.246731303660556e-06,0.098786828422877,7.147926140987186e-07,0.09859426150587325,2.3438548508818448e-06,0.09974966300789534,5.319386895618371e-06,0.09994222992489887,0.0003572826051544655,0.0,0.0,0.0,0.0,0.0,0.0,1.0,1.0,1.0,1.0,0.0
64,13:22:12,0,0.09955709609089158,1005109.0,0.09965337954939346,0.09955709609089158,1.0489166034797477e-05,0.09936452917388805,7.563503242207372e-06,0.0991719622568843,4.026110956621155e-05,0.098786828422877,7.979080343427557e-07,0.09859426150587325,2.3438548508818448e-06,0.09974966300789534,1.0189950521918943e-05,0.09994222992489887,0.00036083994514091026,0.0,0.0,0.0,0.0,0.0,0.0,1.0,1.0,1.0,1.0,0.0
64,13:22:15,0,0.09936452917388805,31812808.0,0.0994608126323897,0.09936452917388805,7.513633990060949e-06,0.0991719622568843,4.026110956621155e-05,0.098786828422877,8.145311183915631e-07,0.09859426150587325,2.3438548508818448e-06,0.09840169458886971,4.322001852689927e-07,0.09955709609089158,1.4462083122462446e-06,0.09974966300789534,5.485617736106445e-06,0.09994222992489887,0.0003029583664829629,0.0,0.0,0.0,0.0,1.0,1.0,1.0,1.0,0.0
64,13:22:18,0,0.09974966300789534,6236126.0,0.099845946466397,0.09974966300789534,1.760384600768705e-05,0.09955709609089158,1.496077564392667e-07,0.09936452917388805,6.8653337121574605e-06,0.0991719622568843,4.026110956621155e-05,0.098786828422877,8.145311183915631e-07,0.09994222992489887,0.00030473703647618527,0.0,0.0,0.0,0.0,0.0,0.0,0.0,0.0,1.0,1.0,1.0,1.0,0.0
64,13:22:21,0,0.09936452917388805,14754437.0,0.09926824571538617,0.0991719622568843,2.9489351102584345e-05,0.098786828422877,8.145311183915631e-07,0.09859426150587325,2.3438548508818448e-06,0.09840169458886971,4.322001852689927e-07,0.09820912767186596,1.246731303660556e-06,0.09936452917388805,1.662308404880741e-08,0.09974966300789534,1.097123547221289e-06,0.09994222992489887,0.00030904241524482636,0.0,0.0,0.0,0.0,1.0,2.0,1.0,1.0,0.0
64,13:22:24,0,0.09974966300789534,13061041.0,0.099845946466397,0.09974966300789534,1.7620469091735855e-06,0.09955709609089158,5.07004063488626e-06,0.09936452917388805,1.9947700858568893e-07,0.0991719622568843,5.048430625622811e-05,0.098786828422877,8.145311183915631e-07,0.09994222992489887,0.0003125000167269783,0.0,0.0,0.0,0.0,0.0,0.0,0.0,0.0,1.0,1.0,1.0,1.0,0.0
64,13:22:27,0,0.09974966300789534,2249990.0,0.09965337954939346,0.09955709609089158,3.0420243809317563e-06,0.09936452917388805,6.881956796206268e-06,0.0991719622568843,5.0500929340276915e-05,0.098786828422877,8.145311183915631e-07,0.09859426150587325,2.3438548508818448e-06,0.09974966300789534,2.3604779349306524e-06,0.09994222992489887,0.0003353321551296963,0.0,0.0,0.0,0.0,0.0,0.0,1.0,1.0,1.0,1.0,0.0
64,13:22:30,0,0.09994222992489887,1918844.0,0.09965337954939346,0.09955709609089158,1.86178541346643e-06,0.09936452917388805,1.0472542950748669e-05,0.0991719622568843,5.0617290928618564e-05,0.098786828422877,8.145311183915631e-07,0.09859426150587325,2.3438548508818448e-06,0.09974966300789534,8.311542024403705e-08,0.09994222992489887,0.0003762415649738113,0.0,0.0,0.0,0.0,0.0,0.0,1.0,1.0,1.0,0.0,0.0
64,13:22:33,0,0.09974966300789534,1039333.0,0.09965337954939346,0.09955709609089158,1.1469927993677114e-06,0.09936452917388805,1.0987858556261699e-05,0.0991719622568843,5.063391401266737e-05,0.098786828422877,6.815464460011039e-07,0.09859426150587325,2.3438548508818448e-06,0.09974966300789534,3.2248783054686374e-05,0.09994222992489887,0.0003812284901884535,0.0,0.0,0.0,0.0,0.0,0.0,1.0,1.0,1.0,1.0,0.0
64,13:22:36,0,0.09974966300789534,1655925.0,0.09955709609089158,0.09936452917388805,9.475157907820224e-06,0.0991719622568843,5.073365251696022e-05,0.098786828422877,7.480387821963335e-07,0.09859426150587325,2.3438548508818448e-06,0.09840169458886971,4.820694374154149e-07,0.09974966300789534,3.156723660868527e-05,0.09994222992489887,0.000389905740061931,0.0,0.0,0.0,0.0,0.0,0.0,1.0,1.0,1.0,0.0,0.0
64,13:22:39,0,0.09955709609089158,2392663.0,0.0994608126323897,0.09936452917388805,9.342173235429765e-06,0.0991719622568843,5.0899883357448294e-05,0.098786828422877,7.480387821963335e-07,0.09859426150587325,4.1557710122018525e-07,0.09840169458886971,4.820694374154149e-07,0.09955709609089158,1.0805004631724817e-06,0.09974966300789534,2.9638958859023614e-05,0.09994222992489887,0.00039364593397291266,0.0,0.0,0.0,0.0,1.0,1.0,1.0,0.0,0.0
64,13:22:42,0,0.09974966300789534,6538599.0,0.09965337954939346,0.09955709609089158,3.324616809761482e-08,0.09936452917388805,6.898579880255076e-06,0.0991719622568843,4.070993283552935e-05,0.098786828422877,7.480387821963335e-07,0.09859426150587325,3.9895401717137787e-07,0.09974966300789534,1.7703584511979894e-05,0.09994222992489887,0.0004084404787763513,0.0,0.0,0.0,0.0,0.0,0.0,1.0,1.0,1.0,0.0,0.0
64,13:22:45,0,0.09955709609089158,1044928.0,0.09965337954939346,0.09955709609089158,3.6570784907376306e-07,0.09936452917388805,1.289951322187455e-05,0.0991719622568843,4.069330975148054e-05,0.098786828422877,7.480387821963335e-07,0.09859426150587325,3.9895401717137787e-07,0.09974966300789534,1.8950315815640447e-05,0.09994222992489887,0.0004134440270750423,0.0,0.0,0.0,0.0,0.0,0.0,1.0,1.0,1.0,0.0,0.0
64,13:22:48,0,0.09955709609089158,8195230.0,0.09965337954939346,0.09955709609089158,1.2633543877093633e-06,0.09936452917388805,1.3381582659289966e-05,0.0991719622568843,3.1168282591513893e-05,0.098786828422877,7.480387821963335e-07,0.09859426150587325,3.9895401717137787e-07,0.09974966300789534,9.973850429284447e-08,0.09994222992489887,0.00042617730945642877,0.0,0.0,0.0,0.0,0.0,0.0,1.0,1.0,1.0,0.0,0.0
64,13:22:51,0,0.09994222992489887,18873555.0,0.099845946466397,0.09974966300789534,1.662308404880741e-08,0.09955709609089158,1.329846723904593e-07,0.09936452917388805,8.311542024403705e-08,0.0991719622568843,4.10590176005543e-06,0.098786828422877,7.646618662451409e-07,0.09994222992489887,0.0004267424943140882,0.0,0.0,0.0,0.0,0.0,0.0,0.0,0.0,1.0,1.0,1.0,0.0,0.0
64,13:22:54,0,0.09974966300789534,2392407.0,0.099845946466397,0.09974966300789534,1.3315090323094736e-05,0.09955709609089158,7.480387821963335e-07,0.09936452917388805,1.662308404880741e-08,0.0991719622568843,2.510085691369919e-06,0.098786828422877,7.646618662451409e-07,0.09994222992489887,0.00043079852682199725,0.0,0.0,0.0,0.0,0.0,0.0,0.0,0.0,1.0,1.0,1.0,0.0,0.0
64,13:22:57,0,0.09974966300789534,1627666.0,0.099845946466397,0.09974966300789534,1.1054350892456927e-05,0.09955709609089158,1.1469927993677114e-06,0.09936452917388805,2.659693447809186e-07,0.0991719622568843,2.5433318594675337e-06,0.098786828422877,8.644003705379854e-07,0.09994222992489887,0.0004886801054799447,0.0,0.0,0.0,0.0,0.0,0.0,0.0,0.0,1.0,1.0,1.0,0.0,0.0
64,13:23:00,0,0.09994222992489887,2518871.0,0.099845946466397,0.09974966300789534,1.078838154767601e-05,0.09955709609089158,1.1303697153189038e-06,0.09936452917388805,8.810234545867927e-07,0.0991719622568843,2.5433318594675337e-06,0.098786828422877,8.644003705379854e-07,0.09994222992489887,0.0004913730450958515,0.0,0.0,0.0,0.0,0.0,0.0,0.0,0.0,1.0,1.0,1.0,0.0,0.0
64,13:23:03,0,0.09994222992489887,1416401.0,0.099845946466397,0.09974966300789534,1.200186668323895e-05,0.09955709609089158,1.246731303660556e-06,0.09936452917388805,1.014008126977252e-06,0.0991719622568843,1.5958160686855115e-06,0.098786828422877,8.644003705379854e-07,0.09994222992489887,0.0004948805158301498,0.0,0.0,0.0,0.0,0.0,0.0,0.0,0.0,1.0,1.0,1.0,0.0,0.0
64,13:23:06,0,0.09974966300789534,6858970.0,0.09965337954939346,0.09955709609089158,1.496077564392667e-06,0.09936452917388805,1.1802389674653262e-06,0.0991719622568843,1.5958160686855115e-06,0.098786828422877,8.644003705379854e-07,0.09859426150587325,3.9895401717137787e-07,0.09974966300789534,2.9589089606877192e-06,0.09994222992489887,0.0004944150694767832,0.0,0.0,0.0,0.0,0.0,0.0,1.0,1.0,1.0,0.0,0.0
64,13:23:09,0,0.09974966300789534,1290676.0,0.09965337954939346,0.09955709609089158,4.039409423860201e-06,0.09936452917388805,1.1802389674653262e-06,0.0991719622568843,1.5958160686855115e-06,0.098786828422877,8.644003705379854e-07,0.09859426150587325,3.9895401717137787e-07,0.09974966300789534,1.0023719681430868e-05,0.09994222992489887,0.0004986207097411315,0.0,0.0,0.0,0.0,0.0,0.0,1.0,1.0,1.0,0.0,0.0
64,13:23:12,0,0.09955709609089158,947901.0,0.09965337954939346,0.09955709609089158,2.6098241956627637e-06,0.09936452917388805,2.2607394306378077e-06,0.0991719622568843,1.5958160686855115e-06,0.098786828422877,8.644003705379854e-07,0.09859426150587325,3.9895401717137787e-07,0.09974966300789534,1.1287074069140231e-05,0.09994222992489887,0.0005088106602630505,0.0,0.0,0.0,0.0,0.0,0.0,1.0,1.0,1.0,0.0,0.0
64,13:23:15,0,0.09955709609089158,782349.0,0.09965337954939346,0.09955709609089158,3.7069477428840527e-06,0.09936452917388805,2.2607394306378077e-06,0.0991719622568843,2.061262422052119e-06,0.098786828422877,8.644003705379854e-07,0.09859426150587325,3.4908476502495563e-07,0.09974966300789534,1.2966005558069781e-05,0.09994222992489887,0.0005129331851071547,0.0,0.0,0.0,0.0,0.0,0.0,1.0,1.0,1.0,0.0,0.0
64,13:23:18,0,0.09955709609089158,4939995.0,0.09965337954939346,0.09955709609089158,3.856555499323319e-06,0.09936452917388805,2.3604779349306524e-06,0.0991719622568843,2.061262422052119e-06,0.09897939533988054,3.324616809761482e-08,0.098786828422877,8.644003705379854e-07,0.09974966300789534,1.6290622367831262e-06,0.09994222992489887,0.0005188177568604325,0.0,0.0,0.0,0.0,0.0,0.0,1.0,1.0,1.0,0.0,0.0
64,13:23:21,0,0.09955709609089158,805210.0,0.09965337954939346,0.09955709609089158,6.7323490397670015e-06,0.09936452917388805,2.5267087754187266e-06,0.0991719622568843,2.061262422052119e-06,0.09897939533988054,3.324616809761482e-08,0.098786828422877,8.644003705379854e-07,0.09974966300789534,2.2607394306378077e-06,0.09994222992489887,0.0005210452501229727,0.0,0.0,0.0,0.0,0.0,0.0,1.0,1.0,1.0,0.0,0.0
64,13:23:24,0,0.09955709609089158,1341873.0,0.09965337954939346,0.09955709609089158,6.03417950971709e-06,0.09936452917388805,2.5267087754187266e-06,0.0991719622568843,2.061262422052119e-06,0.09897939533988054,3.324616809761482e-08,0.098786828422877,8.644003705379854e-07,0.09974966300789534,5.751587080887364e-06,0.09994222992489887,0.0005223418506787796,0.0,0.0,0.0,0.0,0.0,0.0,1.0,1.0,1.0,0.0,0.0
64,13:23:27,0,0.09974966300789534,1531030.0,0.09965337954939346,0.09955709609089158,8.65896448102378e-06,0.09936452917388805,2.3604779349306524e-06,0.0991719622568843,2.061262422052119e-06,0.098786828422877,8.644003705379854e-07,0.09859426150587325,3.6570784907376306e-07,0.09974966300789534,5.402502315862409e-06,0.09994222992489887,0.0005438687445219853,0.0,0.0,0.0,0.0,0.0,0.0,1.0,1.0,1.0,0.0,0.0
64,13:23:30,0,0.09955709609089158,4447649.0,0.09965337954939346,0.09955709609089158,1.496077564392667e-07,0.09936452917388805,2.426970271125882e-06,0.0991719622568843,2.061262422052119e-06,0.098786828422877,8.644003705379854e-07,0.09859426150587325,3.6570784907376306e-07,0.09974966300789534,6.368303499098119e-06,0.09994222992489887,0.0005460796147004766,0.0,0.0,0.0,0.0,0.0,0.0,1.0,1.0,0.0,0.0,0.0
64,13:23:33,0,0.09955709609089158,1381930.0,0.09965337954939346,0.09955709609089158,2.992155128785334e-07,0.09936452917388805,2.2773625146866152e-06,0.0991719622568843,2.0778855061009263e-06,0.098786828422877,8.644003705379854e-07,0.09859426150587325,3.9895401717137787e-07,0.09974966300789534,1.4164529917988795e-05,0.09994222992489887,0.0005470271304912587,0.0,0.0,0.0,0.0,0.0,0.0,1.0,1.0,1.0,0.0,0.0
64,13:23:36,0,0.09955709609089158,1353385.0,0.09965337954939346,0.09955709609089158,3.108516717126986e-06,0.09936452917388805,2.2773625146866152e-06,0.0991719622568843,2.0778855061009263e-06,0.098786828422877,8.644003705379854e-07,0.09859426150587325,5.651848576594519e-07,0.09974966300789534,1.3566098892231728e-05,0.09994222992489887,0.0005468608996507706,0.0,0.0,0.0,0.0,0.0,0.0,1.0,1.0,0.0,0.0,0.0
64,13:23:39,0,0.09955709609089158,1627474.0,0.09965337954939346,0.09955709609089158,2.709562699955608e-06,0.09936452917388805,2.2773625146866152e-06,0.0991719622568843,2.0778855061009263e-06,0.098786828422877,8.644003705379854e-07,0.09859426150587325,5.818079417082594e-07,0.09974966300789534,1.3599345060329342e-05,0.09994222992489887,0.0005477086769372598,0.0,0.0,0.0,0.0,0.0,0.0,1.0,0.0,0.0,0.0,0.0
64,13:23:42,0,0.09955709609089158,1507470.0,0.0994608126323897,0.09936452917388805,2.31060868278423e-06,0.0991719622568843,2.0778855061009263e-06,0.098786828422877,8.644003705379854e-07,0.09859426150587325,5.818079417082594e-07,0.09840169458886971,4.820694374154149e-07,0.09955709609089158,1.329846723904593e-07,0.09974966300789534,1.571413381301862e-05,0.09994222992489887,0.0005485232080556514,0.0,0.0,0.0,0.0,1.0,1.0,1.0,0.0,0.0
64,13:23:45,0,0.09955709609089158,605260.0,0.0994608126323897,0.09936452917388805,5.020171382739838e-06,0.0991719622568843,2.0778855061009263e-06,0.098786828422877,8.644003705379854e-07,0.09859426150587325,5.818079417082594e-07,0.09840169458886971,4.820694374154149e-07,0.09955709609089158,1.5459468165390891e-06,0.09974966300789534,1.617958016638523e-05,0.09994222992489887,0.0005534602640181472,0.0,0.0,0.0,0.0,1.0,1.0,1.0,0.0,0.0
64,13:23:48,0,0.09955709609089158,690897.0,0.0994608126323897,0.09936452917388805,4.8373174582029566e-06,0.0991719622568843,1.246731303660556e-06,0.098786828422877,8.644003705379854e-07,0.09859426150587325,5.818079417082594e-07,0.09840169458886971,4.820694374154149e-07,0.09955709609089158,2.992155128785334e-06,0.09974966300789534,1.6910995864532754e-05,0.09994222992489887,0.0005540254488758066,0.0,0.0,0.0,0.0,1.0,1.0,0.0,0.0,0.0
64,13:23:51,0,0.09955709609089158,3162999.0,0.0994608126323897,0.09936452917388805,9.641388748308298e-07,0.0991719622568843,1.097123547221289e-06,0.098786828422877,8.644003705379854e-07,0.09859426150587325,5.818079417082594e-07,0.09840169458886971,4.820694374154149e-07,0.09955709609089158,1.0622150707187936e-05,0.09974966300789534,1.7210211377411288e-05,0.09994222992489887,0.0005588295201659119,0.0,0.0,0.0,0.0,1.0,1.0,0.0,0.0,0.0
64,13:23:54,0,0.09955709609089158,3134160.0,0.0994608126323897,0.09936452917388805,1.329846723904593e-07,0.09859426150587325,1.8285392453688153e-07,0.09840169458886971,4.820694374154149e-07,0.09820912767186596,1.1802389674653262e-06,0.09801656075486243,4.488232693178001e-07,0.09955709609089158,9.658011832357105e-06,0.09974966300789534,1.8573304269413498e-05,0.09994222992489887,0.0005599266437131332,0.0,0.0,0.0,0.0,0.0,1.0,0.0,0.0,0.0
64,13:23:57,0,0.09955709609089158,1923978.0,0.0994608126323897,0.09936452917388805,1.1303697153189038e-06,0.0991719622568843,3.324616809761482e-08,0.09859426150587325,1.8285392453688153e-07,0.09840169458886971,4.820694374154149e-07,0.09820912767186596,1.1802389674653262e-06,0.09955709609089158,1.0406050614553439e-05,0.09974966300789534,4.610113145423857e-05,0.09994222992489887,0.0005007514566545076,0.0,0.0,0.0,0.0,1.0,1.0,0.0,0.0,0.0
64,13:24:00,0,0.09955709609089158,650917.0,0.0994608126323897,0.09936452917388805,2.9755320447365264e-06,0.0991719622568843,3.324616809761482e-08,0.09859426150587325,1.8285392453688153e-07,0.09840169458886971,4.820694374154149e-07,0.09820912767186596,1.1802389674653262e-06,0.09955709609089158,1.0572281455041514e-05,0.09974966300789534,4.879407107014537e-05,0.09994222992489887,0.0004974102167606973,0.0,0.0,0.0,0.0,1.0,0.0,0.0,0.0,0.0
64,13:24:03,0,0.09936452917388805,770790.0,0.0994608126323897,0.09936452917388805,2.426970271125882e-06,0.0991719622568843,3.324616809761482e-08,0.09859426150587325,1.9947700858568893e-07,0.09840169458886971,4.820694374154149e-07,0.09820912767186596,1.1802389674653262e-06,0.09955709609089158,1.0389427530504632e-05,0.09974966300789534,5.063923339956299e-05,0.09994222992489887,0.0005062536974746629,0.0,0.0,0.0,0.0,1.0,0.0,0.0,0.0,0.0
64,13:24:06,0,0.09955709609089158,1290266.0,0.09936452917388805,0.0991719622568843,1.662308404880741e-08,0.09859426150587325,1.9947700858568893e-07,0.09840169458886971,4.820694374154149e-07,0.09820912767186596,1.1802389674653262e-06,0.09801656075486243,4.488232693178001e-07,0.09955709609089158,1.3132236398557855e-05,0.09974966300789534,5.1254287509368866e-05,0.09994222992489887,0.0005064697975672973,0.0,0.0,0.0,0.0,1.0,0.0,0.0,0.0,0.0
64,13:24:09,0,0.0991719622568843,753579.0,0.09888311188137866,0.09859426150587325,1.9947700858568893e-07,0.09840169458886971,4.820694374154149e-07,0.09820912767186596,1.1802389674653262e-06,0.09801656075486243,4.488232693178001e-07,0.09782399383785867,4.488232693178001e-07,0.0991719622568843,7.646618662451409e-07,0.09936452917388805,3.1417628852246006e-06,0.09955709609089158,1.7055284234076405e-05,0.09974966300789534,5.309944983878649e-05,0.09994222992489887,0.0005058381203734426,1.0,0.0,0.0,0.0,0.0
64,13:24:12,0,0.09936452917388805,639290.0,0.09926824571538617,0.0991719622568843,1.3132236398557854e-06,0.09859426150587325,2.6098241956627637e-06,0.09840169458886971,4.820694374154149e-07,0.09820912767186596,1.1802389674653262e-06,0.09801656075486243,4.488232693178001e-07,0.09936452917388805,4.504855777226808e-06,0.09955709609089158,1.7919684604614388e-05,0.09974966300789534,5.288334974615199e-05,0.09994222992489887,0.0005069851131728104,0.0,0.0,1.0,0.0,0.0,0.0,0.0
64,13:24:15,0,0.0991719622568843,673619.0,0.09926824571538617,0.0991719622568843,8.145311183915631e-07,0.09897939533988054,1.9947700858568893e-07,0.09859426150587325,2.6098241956627637e-06,0.09840169458886971,4.820694374154149e-07,0.09820912767186596,1.1802389674653262e-06,0.09936452917388805,4.2721326005435044e-06,0.09955709609089158,1.919966207637256e-05,0.09974966300789534,5.2916595914249606e-05,0.09994222992489887,0.0005141330393137976,0.0,0.0,0.0,0.0,0.0,0.0,1.0
64,13:24:18,0,0.09897939533988054,616463.0,0.09926824571538617,0.0991719622568843,1.662308404880741e-08,0.09859426150587325,2.6098241956627637e-06,0.09840169458886971,4.820694374154149e-07,0.09820912767186596,1.1802389674653262e-06,0.09801656075486243,4.488232693178001e-07,0.09936452917388805,5.336009979667179e-06,0.09955709609089158,2.034665487574027e-05,0.09974966300789534,5.160337227439382e-05,0.09994222992489887,0.0005159615785591664,0.0,0.0,0.0,0.0,0.0,0.0,1.0
64,13:24:21,0,0.0991719622568843,833320.0,0.09907567879838242,0.09897939533988054,8.311542024403705e-08,0.098786828422877,6.649233619522964e-08,0.09859426150587325,2.3272317668330376e-06,0.09840169458886971,4.820694374154149e-07,0.09820912767186596,1.1802389674653262e-06,0.0991719622568843,4.637840449617268e-06,0.09936452917388805,9.126073142795269e-06,0.09955709609089158,2.1410532254863945e-05,0.09974966300789534,5.266724965351749e-05,0.09994222992489887,0.0005176238869640472,0.0,0.0,0.0,0.0,1.0
64,13:24:24,0,0.0991719622568843,867552.0,0.09897939533988054,0.098786828422877,1.662308404880741e-08,0.09859426150587325,2.2441163465890005e-06,0.09840169458886971,4.820694374154149e-07,0.09820912767186596,1.1802389674653262e-06,0.09801656075486243,4.488232693178001e-07,0.0991719622568843,5.452371568008831e-06,0.09936452917388805,1.6157637695440803e-05,0.09955709609089158,2.1427155338912753e-05,0.09974966300789534,5.462877357127677e-05,0.09994222992489887,0.0005200674803192218,0.0,0.0,0.0,0.0,1.0
64,13:24:27,0,0.09897939533988054,331020.0,0.09907567879838242,0.09897939533988054,2.1277547582473486e-06,0.09859426150587325,3.324616809761482e-07,0.09840169458886971,4.820694374154149e-07,0.09820912767186596,1.213485135562941e-06,0.09801656075486243,4.488232693178001e-07,0.0991719622568843,6.798841375962231e-06,0.09936452917388805,1.657321479666099e-05,0.09955709609089158,2.1875978608230553e-05,0.09974966300789534,5.49279890841553e-05,0.09994222992489887,0.0005139003161371143,0.0,0.0,0.0,0.0,1.0
64,13:24:30,0,0.09840169458886971,1050040.0,0.09849797804737159,0.09840169458886971,4.488232693178001e-07,0.09820912767186596,1.213485135562941e-06,0.09801656075486243,4.488232693178001e-07,0.09782399383785867,3.4908476502495563e-07,0.09763142692085491,1.8750838807054758e-05,0.09859426150587325,2.4934626073211115e-07,0.098786828422877,1.662308404880741e-07,0.09897939533988054,2.293985598735423e-06,0.0991719622568843,6.233656518302779e-06,0.09936452917388805,1.6473476292368145e-05,1.0,0.0,0.0,0.0,1.0
64,13:24:33,0,0.09897939533988054,827299.0,0.09869054496437513,0.09840169458886971,3.0918936330781783e-06,0.09820912767186596,1.213485135562941e-06,0.09801656075486243,4.488232693178001e-07,0.09782399383785867,5.485617736106445e-07,0.09763142692085491,1.881733114324999e-05,0.09897939533988054,3.307993725712675e-06,0.0991719622568843,1.0023719681430868e-05,0.09936452917388805,1.4811167887487403e-05,0.09955709609089158,2.2707132810670923e-05,0.09974966300789534,5.708899001050027e-05,1.0,0.0,0.0,0.0,1.0
64,13:24:36,0,0.09859426150587325,1386154.0,0.09849797804737159,0.09840169458886971,3.324616809761482e-08,0.09820912767186596,1.1303697153189038e-06,0.09801656075486243,4.488232693178001e-07,0.09782399383785867,5.485617736106445e-07,0.09763142692085491,1.8833954227298795e-05,0.09859426150587325,1.662308404880741e-08,0.09897939533988054,2.8425473723460674e-06,0.0991719622568843,1.1270450985091425e-05,0.09936452917388805,1.406312910529107e-05,0.09955709609089158,2.343854850881845e-05,1.0,0.0,0.0,0.0,1.0
64,13:24:39,0,0.09840169458886971,867293.0,0.09830541113036784,0.09820912767186596,9.475157907820225e-07,0.09801656075486243,3.8233093312257044e-07,0.09782399383785867,5.485617736106445e-07,0.09763142692085491,1.893369273159164e-05,0.09743886000385138,1.0638773791236743e-06,0.09840169458886971,5.153156055130298e-07,0.098786828422877,3.191632137371023e-06,0.09897939533988054,2.2773625146866152e-06,0.0991719622568843,1.1536420329872343e-05,0.09936452917388805,1.4096375273388684e-05,1.0,0.0,0.0,0.0,2.0
64,13:24:42,0,0.09859426150587325,4016100.0,0.09849797804737159,0.09840169458886971,1.5293237324902818e-06,0.09801656075486243,3.8233093312257044e-07,0.09782399383785867,5.818079417082594e-07,0.09763142692085491,1.888382347944522e-05,0.09743886000385138,1.0638773791236743e-06,0.09859426150587325,3.191632137371023e-06,0.098786828422877,2.493462607321112e-06,0.09897939533988054,2.227493262540193e-06,0.0991719622568843,1.1519797245823535e-05,0.09936452917388805,1.4096375273388684e-05,0.0,0.0,0.0,0.0,1.0
64,13:24:45,0,0.09840169458886971,2270688.0,0.09849797804737159,0.09840169458886971,1.014008126977252e-06,0.09820912767186596,1.662308404880741e-08,0.09801656075486243,3.8233093312257044e-07,0.09782399383785867,6.150541098058742e-07,0.09763142692085491,1.8767461891103566e-05,0.09859426150587325,1.496077564392667e-07,0.098786828422877,1.2633543877093633e-06,0.09897939533988054,2.227493262540193e-06,0.0991719622568843,1.1586289582018765e-05,0.09936452917388805,1.3880275180754188e-05,0.0,0.0,0.0,0.0,1.0
64,13:24:48,0,0.09859426150587325,462032.0,0.09830541113036784,0.09820912767186596,4.9869252146422234e-08,0.09801656075486243,4.322001852689927e-07,0.09782399383785867,6.150541098058742e-07,0.09763142692085491,1.8750838807054758e-05,0.09743886000385138,1.0638773791236743e-06,0.09840169458886971,1.662308404880741e-08,0.09859426150587325,5.651848576594519e-07,0.098786828422877,1.5293237324902818e-06,0.09897939533988054,2.3438548508818448e-06,0.0991719622568843,1.1553043413921151e-05,0.0,0.0,1.0,0.0,2.0
64,13:24:51,0,0.09820912767186596,849918.0,0.0981128442133643,0.09801656075486243,3.8233093312257044e-07,0.09782399383785867,9.225811647088114e-06,0.09763142692085491,1.8584607966566685e-05,0.09743886000385138,1.0638773791236743e-06,0.09724629308684762,1.4295852281974373e-06,0.09820912767186596,3.324616809761482e-07,0.09840169458886971,2.6929396159068003e-06,0.09859426150587325,6.815464460011039e-07,0.098786828422877,1.5293237324902818e-06,0.09897939533988054,2.31060868278423e-06,0.0,0.0,0.0,0.0,2.0
64,13:24:54,0,0.09820912767186596,342147.0,0.09792027729636055,0.09782399383785867,9.225811647088114e-06,0.09763142692085491,1.8567984882517877e-05,0.09743886000385138,1.0638773791236743e-06,0.09724629308684762,1.4295852281974373e-06,0.09705372616984409,1.2301082196117483e-06,0.09801656075486243,1.496077564392667e-07,0.09820912767186596,1.1636158834165187e-07,0.09840169458886971,6.5827412833277344e-06,0.09859426150587325,1.7288007410759707e-06,0.098786828422877,1.5293237324902818e-06,1.0,0.0,1.0,0.0,2.0
64,13:24:57,0,0.09801656075486243,3437780.0,0.09792027729636055,0.09782399383785867,1.662308404880741e-07,0.09763142692085491,1.86178541346643e-05,0.09743886000385138,1.0638773791236743e-06,0.09724629308684762,1.4295852281974373e-06,0.09705372616984409,1.2301082196117483e-06,0.09801656075486243,5.319386895618372e-07,0.09820912767186596,1.329846723904593e-07,0.09840169458886971,8.627380621331046e-06,0.09859426150587325,2.111131674198541e-06,0.098786828422877,1.5958160686855115e-06,1.0,0.0,1.0,1.0,2.0
64,13:25:00,0,0.09820912767186596,4556131.0,0.09792027729636055,0.09763142692085491,1.4196113777681528e-05,0.09743886000385138,1.0638773791236743e-06,0.09724629308684762,1.4295852281974373e-06,0.09705372616984409,1.2301082196117483e-06,0.09686115925284033,5.818079417082594e-07,0.09820912767186596,7.812849502939483e-07,0.09840169458886971,2.3272317668330376e-06,0.09859426150587325,2.1610009263449634e-06,0.098786828422877,1.6124391527343189e-06,0.09897939533988054,2.3272317668330376e-06,1.0,1.0,1.0,1.0,2.0
64,13:25:03,0,0.09820912767186596,4434751.0,0.09772771037935679,0.09763142692085491,2.8259242882972598e-06,0.09743886000385138,1.0638773791236743e-06,0.09724629308684762,1.4295852281974373e-06,0.09705372616984409,1.2301082196117483e-06,0.09686115925284033,5.818079417082594e-07,0.09782399383785867,3.9895401717137787e-07,0.09820912767186596,1.579192984636704e-06,0.09840169458886971,2.4602164392234966e-06,0.09859426150587325,2.2607394306378077e-06,0.098786828422877,1.5958160686855115e-06,1.0,0.0,1.0,1.0,2.0
64,13:25:06,0,0.09743886000385138,3830394.0,0.09753514346235326,0.09743886000385138,7.979080343427557e-07,0.09724629308684762,1.4295852281974373e-06,0.09705372616984409,1.2301082196117483e-06,0.09686115925284033,5.984310257570668e-07,0.0966685923358368,5.651848576594519e-07,0.09763142692085491,8.494395948940587e-06,0.09782399383785867,1.213485135562941e-06,0.09801656075486243,6.649233619522964e-08,0.09820912767186596,2.2108701784913857e-06,0.09840169458886971,2.37710101897946e-06,1.0,1.0,1.0,1.0,2.0
64,13:25:09,0,0.09763142692085491,501586.0,0.09753514346235326,0.09743886000385138,2.7261857840044155e-06,0.09724629308684762,1.4295852281974373e-06,0.09705372616984409,1.2301082196117483e-06,0.09686115925284033,5.984310257570668e-07,0.0966685923358368,5.651848576594519e-07,0.09763142692085491,8.47777286489178e-06,0.09782399383785867,3.324616809761482e-06,0.09801656075486243,4.488232693178001e-07,0.09820912767186596,4.089278676006623e-06,0.09840169458886971,2.37710101897946e-06,1.0,0.0,1.0,1.0,2.0
64,13:25:12,0,0.09743886000385138,712461.0,0.09753514346235326,0.09743886000385138,2.493462607321112e-06,0.09724629308684762,1.6290622367831262e-06,0.09705372616984409,1.3963390600998225e-06,0.09686115925284033,5.984310257570668e-07,0.0966685923358368,5.651848576594519e-07,0.09763142692085491,1.1287074069140231e-05,0.09782399383785867,3.7568169950304747e-06,0.09801656075486243,5.153156055130298e-07,0.09820912767186596,5.535486988252868e-06,0.09840169458886971,2.8259242882972598e-06,1.0,1.0,1.0,1.0,2.0
64,13:25:15,0,0.09763142692085491,1345136.0,0.09753514346235326,0.09743886000385138,1.496077564392667e-06,0.09724629308684762,1.4628313962950522e-06,0.09705372616984409,1.3963390600998225e-06,0.09686115925284033,5.818079417082594e-07,0.0966685923358368,5.651848576594519e-07,0.09763142692085491,1.0040342765479676e-05,0.09782399383785867,3.856555499323319e-06,0.09801656075486243,6.316771938546816e-07,0.09820912767186596,5.734963996838557e-06,0.09840169458886971,2.8259242882972598e-06,1.0,0.0,1.0,2.0,2.0
64,13:25:18,0,0.09743886000385138,2114588.0,0.09753514346235326,0.09743886000385138,6.316771938546816e-07,0.09724629308684762,1.4462083122462446e-06,0.09705372616984409,1.3963390600998225e-06,0.09686115925284033,5.818079417082594e-07,0.0966685923358368,5.651848576594519e-07,0.09763142692085491,7.463764737914528e-06,0.09782399383785867,3.8898016674209345e-06,0.09801656075486243,6.316771938546816e-07,0.09820912767186596,8.644003705379854e-06,0.09840169458886971,2.8259242882972598e-06,1.0,1.0,0.0,2.0,2.0
64,13:25:21,0,0.09743886000385138,706742.0,0.09753514346235326,0.09743886000385138,5.984310257570668e-07,0.09724629308684762,1.5958160686855115e-06,0.09705372616984409,1.3963390600998225e-06,0.09686115925284033,5.984310257570668e-07,0.0966685923358368,6.815464460011039e-07,0.09763142692085491,3.416043772029923e-05,0.09782399383785867,3.8731785833721265e-06,0.09801656075486243,6.316771938546816e-07,0.09820912767186596,8.128688099866824e-06,0.09840169458886971,2.8591704563948745e-06,1.0,1.0,1.0,2.0,2.0
64,13:25:24,0,0.09743886000385138,2068950.0,0.0973425765453495,0.09724629308684762,1.1137466312700965e-06,0.09705372616984409,1.3963390600998225e-06,0.09686115925284033,5.984310257570668e-07,0.0966685923358368,9.142696226844076e-07,0.09628345850182929,3.324616809761482e-08,0.09743886000385138,8.311542024403705e-08,0.09763142692085491,3.090231324673298e-05,0.09782399383785867,4.355248020787542e-06,0.09801656075486243,6.316771938546816e-07,0.09820912767186596,7.314156981475261e-06,1.0,1.0,1.0,2.0,2.0
64,13:25:27,0,0.09743886000385138,1054310.0,0.0973425765453495,0.09724629308684762,2.2607394306378077e-06,0.09705372616984409,1.3963390600998225e-06,0.09686115925284033,9.30892706733215e-07,0.0966685923358368,8.810234545867927e-07,0.09628345850182929,3.324616809761482e-08,0.09743886000385138,1.8285392453688153e-07,0.09763142692085491,3.216566763444234e-05,0.09782399383785867,4.23888643244589e-06,0.09801656075486243,6.316771938546816e-07,0.09820912767186596,7.314156981475261e-06,1.0,1.0,0.0,2.0,2.0
64,13:25:30,0,0.09763142692085491,4850363.0,0.09743886000385116,0.09724629308684762,1.1137466312700965e-06,0.09705372616984409,1.3963390600998225e-06,0.09686115925284033,9.30892706733215e-07,0.0966685923358368,8.810234545867927e-07,0.09628345850182929,3.324616809761482e-08,0.09763142692085491,2.285674056711019e-05,0.09782399383785867,4.072655591957816e-06,0.09801656075486243,5.984310257570668e-07,0.09820912767186596,6.981695300499112e-06,0.09840169458886971,2.6929396159068003e-06,0.0,1.0,0.0,2.0,2.0
64,13:25:33,0,0.09724629308684762,2165528.0,0.09715000962834575,0.09705372616984409,1.3963390600998225e-06,0.09686115925284033,9.30892706733215e-07,0.0966685923358368,8.810234545867927e-07,0.09628345850182929,3.324616809761482e-08,0.09609089158482575,1.662308404880741e-07,0.09724629308684762,1.329846723904593e-07,0.09743886000385138,4.222263348397082e-06,0.09763142692085491,2.44525566357957e-05,0.09782399383785867,4.139147928153045e-06,0.09801656075486243,5.984310257570668e-07,1.0,1.0,0.0,2.0,2.0
64,13:25:36,0,0.09724629308684762,2319058.0,0.09705372616984409,0.09686115925284033,7.646618662451409e-07,0.0966685923358368,8.810234545867927e-07,0.09628345850182929,4.9869252146422234e-08,0.09609089158482575,1.662308404880741e-07,0.095898324667822,1.5459468165390891e-06,0.09724629308684762,3.324616809761482e-08,0.09743886000385138,4.0227863398113936e-06,0.09763142692085491,2.5599549435163412e-05,0.09782399383785867,4.322001852689927e-06,0.09801656075486243,1.4295852281974373e-06,1.0,1.0,1.0,2.0,2.0
64,13:25:39,0,0.09724629308684762,535672.0,0.09695744271134221,0.09686115925284033,1.213485135562941e-06,0.0966685923358368,8.810234545867927e-07,0.09628345850182929,4.9869252146422234e-08,0.09609089158482575,1.662308404880741e-07,0.095898324667822,1.5459468165390891e-06,0.09705372616984409,1.662308404880741e-07,0.09724629308684762,4.9869252146422234e-08,0.09743886000385138,3.27474755761506e-06,0.09763142692085491,3.266436015590656e-05,0.09782399383785867,5.07004063488626e-06,1.0,1.0,1.0,2.0,2.0
64,13:25:42,0,0.09724629308684762,792071.0,0.0973425765453495,0.09724629308684762,4.9869252146422234e-08,0.09686115925284033,1.1802389674653262e-06,0.0966685923358368,8.810234545867927e-07,0.09628345850182929,4.9869252146422234e-08,0.09609089158482575,1.662308404880741e-07,0.09743886000385138,2.9589089606877192e-06,0.09763142692085491,3.336252968595648e-05,0.09782399383785867,5.07004063488626e-06,0.09801656075486243,1.4794544803438596e-06,0.09820912767186596,7.314156981475261e-06,1.0,1.0,1.0,2.0,2.0
64,13:25:45,0,0.09686115925284033,1327484.0,0.09676487579433846,0.0966685923358368,9.807619588796372e-07,0.09628345850182929,4.9869252146422234e-08,0.09609089158482575,2.1610009263449634e-07,0.095898324667822,1.5625699005878965e-06,0.09570575775081847,7.812849502939483e-07,0.09686115925284033,9.30892706733215e-07,0.09705372616984409,2.8259242882972596e-07,0.09724629308684762,3.9895401717137787e-07,0.09743886000385138,2.8924166244924893e-06,0.09763142692085491,3.49915919227396e-05,1.0,1.0,1.0,2.0,2.0
64,13:25:48,0,0.09724629308684762,1429775.0,0.0973425765453495,0.09724629308684762,4.9869252146422234e-08,0.0966685923358368,6.981695300499113e-07,0.09628345850182929,4.9869252146422234e-08,0.09609089158482575,2.8259242882972596e-07,0.095898324667822,1.5625699005878965e-06,0.09743886000385138,3.125139801175793e-06,0.09763142692085491,3.625494631044896e-05,0.09782399383785867,5.203025307276719e-06,0.09801656075486243,1.3963390600998225e-06,0.09820912767186596,7.214418477182416e-06,1.0,0.0,1.0,2.0,2.0
64,13:25:51,0,0.09724629308684762,2034227.0,0.09705372616984409,0.09686115925284033,1.496077564392667e-07,0.0966685923358368,7.480387821963335e-07,0.09628345850182929,4.9869252146422234e-08,0.09609089158482575,2.4934626073211115e-07,0.095898324667822,1.5625699005878965e-06,0.09724629308684762,1.9947700858568893e-07,0.09743886000385138,5.818079417082594e-07,0.09763142692085491,3.683675425215722e-05,0.09782399383785867,5.036794466788645e-06,0.09801656075486243,1.4462083122462446e-06,1.0,1.0,1.0,2.0,2.0
64,13:25:54,0,0.09724629308684762,1065473.0,0.09705372616984409,0.09686115925284033,2.4934626073211115e-07,0.0966685923358368,7.812849502939483e-07,0.09628345850182929,4.9869252146422234e-08,0.09609089158482575,2.4934626073211115e-07,0.095898324667822,1.5625699005878965e-06,0.09724629308684762,4.488232693178001e-07,0.09743886000385138,1.289951322187455e-05,0.09763142692085491,3.580612304113116e-05,0.09782399383785867,5.119909887032683e-06,0.09801656075486243,1.4462083122462446e-06,1.0,0.0,1.0,2.0,2.0
64,13:25:57,0,0.09686115925284033,444307.0,0.09695744271134221,0.09686115925284033,8.810234545867927e-07,0.0966685923358368,8.311542024403705e-07,0.09628345850182929,4.9869252146422234e-08,0.09609089158482575,2.4934626073211115e-07,0.095898324667822,1.5625699005878965e-06,0.09705372616984409,2.1610009263449634e-07,0.09724629308684762,6.815464460011039e-07,0.09743886000385138,1.2999251726167396e-05,0.09763142692085491,3.600560004971685e-05,0.09782399383785867,5.119909887032683e-06,1.0,0.0,1.0,2.0,2.0
64,13:26:00,0,0.09724629308684762,1310127.0,0.09695744271134221,0.0966685923358368,1.662308404880741e-07,0.09628345850182929,4.9869252146422234e-08,0.09609089158482575,2.659693447809186e-07,0.095898324667822,1.579192984636704e-06,0.09570575775081847,1.1636158834165188e-06,0.09724629308684762,1.9449008337104673e-06,0.09743886000385138,1.3647552004070884e-05,0.09763142692085491,4.1192002272944766e-05,0.09782399383785867,5.13653297108149e-06,0.09801656075486243,1.4462083122462446e-06,1.0,0.0,1.0,2.0,2.0
64,13:26:03,0,0.09686115925284033,375931.0,0.09695744271134221,0.09686115925284033,6.815464460011039e-07,0.0966685923358368,1.213485135562941e-06,0.09628345850182929,9.026334638502424e-06,0.09609089158482575,2.659693447809186e-07,0.095898324667822,1.6456853208319336e-06,0.09705372616984409,1.496077564392667e-07,0.09724629308684762,2.5267087754187266e-06,0.09743886000385138,1.3830405928607766e-05,0.09763142692085491,4.21727642318244e-05,0.09782399383785867,5.07004063488626e-06,0.0,0.0,1.0,2.0,2.0
64,13:26:06,0,0.09724629308684762,1789095.0,0.0973425765453495,0.09724629308684762,8.976465386356002e-07,0.09705372616984409,1.329846723904593e-07,0.09686115925284033,1.2633543877093633e-06,0.0966685923358368,3.9895401717137787e-07,0.09628345850182929,9.026334638502424e-06,0.09743886000385138,1.3830405928607766e-05,0.09763142692085491,4.222263348397082e-05,0.09782399383785867,5.07004063488626e-06,0.09801656075486243,1.4462083122462446e-06,0.09820912767186596,7.114679972889571e-06,0.0,0.0,1.0,2.0,2.0
64,13:26:09,0,0.09724629308684762,1521459.0,0.0973425765453495,0.09724629308684762,1.0306312110260596e-06,0.09705372616984409,3.4908476502495563e-07,0.09686115925284033,1.4794544803438596e-06,0.0966685923358368,3.9895401717137787e-07,0.09628345850182929,9.026334638502424e-06,0.09743886000385138,1.848486946227384e-05,0.09763142692085491,5.924467154994961e-05,0.09782399383785867,4.6877097017636895e-06,0.09801656075486243,1.4462083122462446e-06,0.09820912767186596,7.1479261409871866e-06,0.0,0.0,1.0,2.0,2.0
64,13:26:12,0,0.09705372616984409,1447336.0,0.09695744271134221,0.09686115925284033,1.579192984636704e-06,0.0966685923358368,4.322001852689927e-07,0.09628345850182929,9.04295772255123e-06,0.09609089158482575,2.4934626073211115e-07,0.095898324667822,1.662308404880741e-06,0.09705372616984409,1.1636158834165188e-06,0.09724629308684762,3.0586474649805635e-06,0.09743886000385138,1.7038661150027597e-05,0.09763142692085491,5.670133969048208e-05,0.09782399383785867,4.7043327858124975e-06,0.0,0.0,1.0,2.0,2.0
64,13:26:15,0,0.0966685923358368,1435364.0,0.09657230887733492,0.09647602541883304,1.662308404880741e-08,0.09628345850182929,9.923981177138025e-06,0.09609089158482575,2.4934626073211115e-07,0.095898324667822,1.662308404880741e-06,0.09570575775081847,1.3464698079534002e-06,0.0966685923358368,4.986925214642223e-07,0.09686115925284033,1.978147001808082e-06,0.09705372616984409,9.641388748308298e-07,0.09724629308684762,3.6570784907376306e-07,0.09743886000385138,1.7337876662906128e-05,1.0,1.0,2.0,2.0,2.0
64,13:26:18,0,0.09647602541883304,2455207.0,0.09637974196033117,0.09628345850182929,9.807619588796372e-06,0.09609089158482575,2.4934626073211115e-07,0.095898324667822,1.662308404880741e-06,0.09570575775081847,1.4295852281974373e-06,0.09551319083381471,8.644003705379854e-07,0.09647602541883304,3.125139801175793e-06,0.09686115925284033,4.9869252146422234e-08,0.09724629308684762,2.2441163465890005e-06,0.09743886000385138,1.7337876662906128e-05,0.09763142692085491,5.134870662676609e-05,1.0,1.0,2.0,2.0,2.0
64,13:26:21,0,0.09686115925284033,2949928.0,0.09657230887733492,0.09628345850182929,6.499625863083698e-06,0.09609089158482575,2.4934626073211115e-07,0.095898324667822,1.662308404880741e-06,0.09570575775081847,1.4295852281974373e-06,0.09551319083381471,8.644003705379854e-07,0.09686115925284033,1.9947700858568893e-07,0.09724629308684762,7.147926140987186e-07,0.09743886000385138,1.7337876662906128e-05,0.09763142692085491,4.961442026795401e-05,0.09782399383785867,4.388494188885156e-06,1.0,1.0,2.0,2.0,2.0
64,13:26:24,0,0.09647602541883304,2295287.0,0.09637974196033117,0.09628345850182929,5.485617736106445e-06,0.09609089158482575,2.4934626073211115e-07,0.095898324667822,1.662308404880741e-06,0.09570575775081847,1.579192984636704e-06,0.09551319083381471,8.644003705379854e-07,0.09647602541883304,2.090851511658996e-06,0.0966685923358368,4.9869252146422234e-08,0.09686115925284033,3.324616809761482e-08,0.09724629308684762,2.659693447809186e-07,0.09743886000385138,1.6495584994153058e-05,1.0,1.0,2.0,2.0,2.0
64,13:26:27,0,0.09705372616984409,3505714.0,0.09628345850182929,0.095898324667822,1.2522169213966623e-06,0.09570575775081847,1.5625699005878965e-06,0.09551319083381471,9.475157907820225e-07,0.09532062391681118,1.745423825124778e-06,0.09512805699980742,6.649233619522964e-08,0.0966685923358368,9.973850429284447e-08,0.09724629308684762,2.1610009263449634e-07,0.09743886000385138,1.5065999765955621e-05,0.09763142692085491,5.4723192688673995e-05,0.09782399383785867,4.4217403569827715e-06,1.0,2.0,2.0,2.0,2.0
64,13:26:30,0,0.09628345850182929,1173007.0,0.09609089158482575,0.095898324667822,1.8340248631049216e-06,0.09570575775081847,1.6124391527343189e-06,0.09551319083381471,9.475157907820225e-07,0.09532062391681118,1.745423825124778e-06,0.09512805699980742,6.649233619522964e-08,0.09628345850182929,7.530257074109757e-06,0.0966685923358368,4.9869252146422234e-08,0.09686115925284033,2.659693447809186e-07,0.09705372616984409,6.815464460011039e-07,0.09724629308684762,1.1469927993677114e-06,1.0,2.0,2.0,2.0,2.0
64,13:26:33,0,0.09628345850182929,2475700.0,0.09609089158482575,0.095898324667822,1.1359052023071568e-05,0.09570575775081847,1.5625699005878965e-06,0.09551319083381471,9.475157907820225e-07,0.09532062391681118,1.7620469091735855e-06,0.09512805699980742,6.649233619522964e-08,0.09628345850182929,1.0805004631724817e-06,0.09647602541883304,1.496077564392667e-07,0.0966685923358368,3.3744860619079043e-06,0.09686115925284033,2.293985598735423e-06,0.09705372616984409,9.807619588796372e-07,1.0,2.0,2.0,2.0,2.0
64,13:26:36,0,0.0966685923358368,1548873.0,0.09657230887733492,0.09647602541883304,3.324616809761482e-08,0.09628345850182929,1.662308404880741e-07,0.09609089158482575,2.3438548508818448e-06,0.095898324667822,1.1940859964779828e-05,0.09570575775081847,1.6789314889295486e-06,0.0966685923358368,3.9895401717137787e-07,0.09686115925284033,2.626447279711571e-06,0.09705372616984409,1.0805004631724817e-06,0.09724629308684762,1.5459468165390891e-06,0.09743886000385138,1.006245146726459e-05,1.0,2.0,2.0,2.0,2.0
64,13:26:39,0,0.0966685923358368,1258722.0,0.09676487579433846,0.0966685923358368,1.662308404880741e-08,0.09647602541883304,3.324616809761482e-08,0.09628345850182929,1.8119161613200078e-06,0.09609089158482575,2.4602164392234966e-06,0.095898324667822,1.134242893902276e-05,0.09686115925284033,3.6570784907376306e-07,0.09705372616984409,1.0805004631724817e-06,0.09724629308684762,1.662308404880741e-06,0.09743886000385138,1.0361666980143123e-05,0.09763142692085491,5.535486988252868e-05,1.0,2.0,2.0,2.0,2.0
64,13:26:42,0,0.09628345850182929,757361.0,0.09637974196033117,0.09628345850182929,1.911654665612852e-06,0.09609089158482575,2.992155128785334e-07,0.095898324667822,1.140892127521799e-05,0.09570575775081847,2.0113931699056968e-06,0.09551319083381471,9.973850429284446e-07,0.09647602541883304,2.2773625146866152e-06,0.0966685923358368,1.662308404880741e-08,0.09686115925284033,2.8259242882972596e-07,0.09705372616984409,1.0805004631724817e-06,0.09724629308684762,2.177624010393771e-06,2.0,2.0,2.0,2.0,2.0
64,13:26:45,0,0.0966685923358368,2374595.0,0.09637974196033117,0.09628345850182929,2.028016253954504e-06,0.09609089158482575,2.992155128785334e-07,0.095898324667822,1.2722144915073776e-05,0.09570575775081847,2.111131674198541e-06,0.09551319083381471,9.973850429284446e-07,0.09647602541883304,4.9869252146422234e-08,0.0966685923358368,1.2799774717581707e-06,0.09686115925284033,3.9895401717137787e-07,0.09705372616984409,1.0805004631724817e-06,0.09724629308684762,2.3438548508818448e-06,2.0,2.0,2.0,2.0,2.0
64,13:26:48,0,0.09647602541883304,1127682.0,0.09657230887733492,0.09647602541883304,1.1802389674653262e-06,0.09628345850182929,2.493462607321112e-06,0.09609089158482575,4.488232693178001e-07,0.095898324667822,1.3054606596049924e-05,0.09570575775081847,2.1277547582473486e-06,0.0966685923358368,4.9869252146422234e-08,0.09686115925284033,3.324616809761482e-08,0.09705372616984409,3.0420243809317563e-06,0.09724629308684762,2.3438548508818448e-06,0.09743886000385138,1.057776707277762e-05,2.0,2.0,2.0,2.0,2.0
64,13:26:51,0,0.0966685923358368,1190387.0,0.09686115925284033,0.0966685923358368,9.30892706733215e-06,0.09647602541883304,5.818079417082594e-07,0.09628345850182929,2.9589089606877192e-06,0.09609089158482575,4.654463533666075e-07,0.095898324667822,1.1741382956194139e-05,0.09705372616984409,1.4462083122462446e-06,0.09724629308684762,2.3438548508818448e-06,0.09743886000385138,1.0611013240875234e-05,0.09763142692085491,5.5205262126089413e-05,0.09782399383785867,4.488232693178001e-06,2.0,2.0,2.0,2.0,2.0
64,13:26:54,0,0.0966685923358368,2767983.0,0.09686115925284033,0.0966685923358368,1.231770528016629e-05,0.09647602541883304,8.976465386356002e-07,0.09628345850182929,3.307993725712675e-06,0.09609089158482575,7.812849502939483e-07,0.095898324667822,1.1758006040242947e-05,0.09705372616984409,6.815464460011039e-07,0.09724629308684762,2.7760550361508374e-06,0.09743886000385138,1.0611013240875234e-05,0.09763142692085491,5.611953174877382e-05,0.09782399383785867,4.371871104836349e-06,2.0,2.0,2.0,2.0,2.0
64,13:26:57,0,0.09743886000385138,5364151.0,0.09753514346235326,0.09743886000385138,4.499370159490702e-06,0.09705372616984409,1.662308404880741e-08,0.0966685923358368,1.2151474439678217e-05,0.09647602541883304,8.145311183915631e-07,0.09628345850182929,3.307993725712675e-06,0.09763142692085491,5.661822427023804e-05,0.09782399383785867,3.5407169023959785e-06,0.09801656075486243,1.047254295074867e-06,0.09820912767186596,4.953679046544608e-06,0.09840169458886971,2.8259242882972598e-06,1.0,2.0,2.0,2.0,2.0
64,13:27:00,0,0.09743886000385138,2849901.0,0.09753514346235326,0.09743886000385138,7.092571271104658e-06,0.09724629308684762,4.986925214642224e-06,0.09705372616984409,1.329846723904593e-07,0.09686115925284033,3.324616809761482e-08,0.0966685923358368,5.801456333033787e-06,0.09763142692085491,4.990249831451985e-05,0.09782399383785867,3.5407169023959785e-06,0.09801656075486243,1.047254295074867e-06,0.09820912767186596,4.903809794398186e-06,0.09840169458886971,2.8259242882972598e-06,2.0,2.0,2.0,2.0,2.0
64,13:27:03,0,0.09743886000385138,564250.0,0.09753514346235326,0.09743886000385138,7.757494633056955e-06,0.09724629308684762,5.967687173521861e-06,0.09705372616984409,1.662308404880741e-07,0.09686115925284033,8.311542024403705e-08,0.0966685923358368,5.053417550837453e-06,0.09763142692085491,4.918770570042113e-05,0.09782399383785867,3.5573399864447857e-06,0.09801656075486243,1.047254295074867e-06,0.09820912767186596,4.903809794398186e-06,0.09840169458886971,2.8259242882972598e-06,2.0,2.0,2.0,2.0,2.0
64,13:27:06,0,0.09763142692085491,7307303.0,0.09753514346235326,0.09743886000385138,7.275425195641539e-06,0.09724629308684762,5.967687173521861e-06,0.09705372616984409,3.324616809761482e-07,0.09686115925284033,2.992155128785334e-07,0.0966685923358368,5.219648391325527e-06,0.09763142692085491,3.0287259136927103e-05,0.09782399383785867,3.5573399864447857e-06,0.09801656075486243,1.047254295074867e-06,0.09820912767186596,4.920432878446993e-06,0.09840169458886971,2.8259242882972598e-06,2.0,2.0,2.0,2.0,2.0
64,13:27:09,0,0.09763142692085491,5893631.0,0.09753514346235326,0.09743886000385138,4.665600999978776e-06,0.09724629308684762,5.967687173521861e-06,0.09705372616984409,3.324616809761482e-07,0.09686115925284033,4.654463533666075e-07,0.0966685923358368,5.13653297108149e-06,0.09763142692085491,1.6390360872124108e-05,0.09782399383785867,3.5573399864447857e-06,0.09801656075486243,1.047254295074867e-06,0.09820912767186596,4.920432878446993e-06,0.09840169458886971,2.8259242882972598e-06,2.0,2.0,2.0,2.0,2.0
64,13:27:12,0,0.09782399383785867,7176228.0,0.09772771037935679,0.09763142692085491,1.7238138158613286e-05,0.09743886000385138,3.851069881587213e-06,0.09724629308684762,5.967687173521861e-06,0.09705372616984409,4.1557710122018525e-07,0.09686115925284033,6.48300277903489e-07,0.09782399383785867,2.9755320447365264e-06,0.09801656075486243,1.047254295074867e-06,0.09820912767186596,4.920432878446993e-06,0.09840169458886971,2.8259242882972598e-06,0.09859426150587325,2.111131674198541e-06,2.0,2.0,2.0,2.0,2.0
64,13:27:15,0,0.098786828422877,5263913.0,0.09888311188137866,0.098786828422877,2.3272317668330374e-07,0.09801656075486243,8.311542024403705e-07,0.09782399383785867,9.209188563039306e-06,0.09763142692085491,1.9997570110715315e-05,0.09743886000385138,2.8259242882972598e-06,0.09897939533988054,1.895031581564045e-06,0.0991719622568843,8.99308847040481e-06,0.09936452917388805,1.0239819774065365e-05,0.09955709609089158,2.9422858766389116e-05,0.09974966300789534,7.160958638881451e-05,1.0,2.0,1.0,1.0,1.0
64,13:27:18,0,0.0991719622568843,2224797.0,0.09897939533988054,0.098786828422877,3.7598091501592603e-06,0.09820912767186596,1.662308404880741e-07,0.09801656075486243,8.47777286489178e-07,0.09782399383785867,4.5547250293732305e-06,0.09763142692085491,2.1792863187986516e-05,0.0991719622568843,5.934441005424246e-06,0.09936452917388805,1.0239819774065365e-05,0.09955709609089158,2.978856661546288e-05,0.09974966300789534,7.164283255691213e-05,0.09994222992489887,0.0005565960425931142,1.0,1.0,1.0,1.0,1.0
64,13:27:21,0,0.0991719622568843,256797.0,0.09907567879838242,0.09897939533988054,1.496077564392667e-07,0.098786828422877,4.9899173697710084e-06,0.09820912767186596,2.1610009263449634e-07,0.09801656075486243,8.47777286489178e-07,0.09782399383785867,3.673701574786438e-06,0.0991719622568843,5.751587080887364e-06,0.09936452917388805,1.0040342765479676e-05,0.09955709609089158,2.978856661546288e-05,0.09974966300789534,7.159296330476571e-05,0.09994222992489887,0.0005571778505348224,1.0,1.0,1.0,1.0,1.0
64,13:27:24,0,0.09897939533988054,1501176.0,0.09907567879838242,0.09897939533988054,3.5739630704935933e-06,0.098786828422877,1.1303697153189038e-06,0.09820912767186596,2.1610009263449634e-07,0.09801656075486243,8.47777286489178e-07,0.09782399383785867,3.673701574786438e-06,0.0991719622568843,1.895031581564045e-06,0.09936452917388805,1.0040342765479676e-05,0.09955709609089158,2.992155128785334e-05,0.09974966300789534,7.175919414525379e-05,0.09994222992489887,0.0005576931661403355,1.0,1.0,1.0,1.0,1.0
64,13:27:27,0,0.0991719622568843,1438264.0,0.09907567879838242,0.09897939533988054,1.1802389674653262e-06,0.098786828422877,4.488232693178001e-07,0.09820912767186596,2.1610009263449634e-07,0.09801656075486243,8.644003705379854e-07,0.09782399383785867,3.590586154542401e-06,0.0991719622568843,4.1557710122018525e-07,0.09936452917388805,1.0040342765479676e-05,0.09955709609089158,3.0071159044292605e-05,0.09974966300789534,6.687200743490441e-05,0.09994222992489887,0.0005586406819311175,1.0,1.0,1.0,1.0,1.0
64,13:27:30,0,0.0991719622568843,2152203.0,0.09926824571538617,0.0991719622568843,3.490847650249556e-06,0.09897939533988054,3.6238323226400156e-06,0.098786828422877,4.488232693178001e-07,0.09820912767186596,2.1610009263449634e-07,0.09801656075486243,8.644003705379854e-07,0.09936452917388805,5.269517643471949e-06,0.09955709609089158,3.012102829643903e-05,0.09974966300789534,6.697174593919724e-05,0.09994222992489887,0.0005589565205280448,0.0,0.0,1.0,1.0,1.0,1.0,1.0
64,13:27:33,0,0.0991719622568843,593682.0,0.09926824571538617,0.0991719622568843,8.028949595573979e-06,0.09897939533988054,1.5625699005878965e-06,0.098786828422877,5.651848576594519e-07,0.09859426150587325,1.662308404880741e-07,0.09840169458886971,1.662308404880741e-08,0.09936452917388805,4.438363441031579e-06,0.09955709609089158,3.0054535960243797e-05,0.09974966300789534,6.723771528397817e-05,0.09994222992489887,0.0005609512906139017,0.0,0.0,1.0,1.0,1.0,1.0,1.0
64,13:27:36,0,0.0991719622568843,553695.0,0.09926824571538617,0.0991719622568843,8.444526696794164e-06,0.09897939533988054,6.815464460011039e-07,0.098786828422877,5.818079417082594e-07,0.09859426150587325,1.662308404880741e-07,0.09840169458886971,1.662308404880741e-08,0.09936452917388805,4.122524844104238e-06,0.09955709609089158,3.0968805582928204e-05,0.09974966300789534,6.745381537661267e-05,0.09994222992489887,0.0005642759074236632,0.0,0.0,1.0,1.0,1.0,1.0,1.0
64,13:27:39,0,0.09936452917388805,2706075.0,0.0994608126323897,0.09936452917388805,3.407732230005519e-06,0.0991719622568843,8.677249873477468e-06,0.09897939533988054,6.815464460011039e-07,0.098786828422877,5.818079417082594e-07,0.09859426150587325,1.662308404880741e-07,0.09955709609089158,3.086906707863536e-05,0.09974966300789534,6.742056920851505e-05,0.09994222992489887,0.0005671517009641069,0.0,0.0,0.0,0.0,1.0,1.0,1.0,1.0,1.0
64,13:27:42,0,0.09955709609089158,2597995.0,0.0994608126323897,0.09936452917388805,1.0040342765479676e-05,0.0991719622568843,5.153156055130297e-06,0.09897939533988054,6.981695300499113e-07,0.098786828422877,5.651848576594519e-07,0.09859426150587325,1.662308404880741e-07,0.09955709609089158,2.4419310467698087e-05,0.09974966300789534,6.762004621710074e-05,0.09994222992489887,0.0005685979092763531,0.0,0.0,0.0,0.0,1.0,1.0,1.0,1.0,1.0
64,13:27:45,0,0.09955709609089158,559540.0,0.0994608126323897,0.09936452917388805,1.2733282381386477e-05,0.0991719622568843,5.867948669229016e-06,0.09897939533988054,7.314156981475261e-07,0.098786828422877,5.651848576594519e-07,0.09859426150587325,1.662308404880741e-07,0.09955709609089158,2.4186587291014782e-05,0.09974966300789534,6.805224640236973e-05,0.09994222992489887,0.0005705202027157572,0.0,0.0,0.0,0.0,1.0,1.0,1.0,1.0,1.0
64,13:27:48,0,0.09936452917388805,1147591.0,0.0994608126323897,0.09936452917388805,1.231770528016629e-05,0.0991719622568843,5.9011948373266305e-06,0.09897939533988054,5.153156055130298e-07,0.098786828422877,5.651848576594519e-07,0.09859426150587325,1.9947700858568893e-07,0.09955709609089158,2.3072840659744686e-05,0.09974966300789534,6.735407687231982e-05,0.09994222992489887,0.0005743435120469829,0.0,0.0,0.0,0.0,1.0,1.0,1.0,1.0,1.0
64,13:27:51,0,0.09936452917388805,576669.0,0.0994608126323897,0.09936452917388805,1.1835635842750877e-05,0.0991719622568843,5.851325585180209e-06,0.09897939533988054,4.986925214642223e-07,0.098786828422877,5.651848576594519e-07,0.09859426150587325,1.9947700858568893e-07,0.09955709609089158,2.3355433088574412e-05,0.09974966300789534,6.806886948641853e-05,0.09994222992489887,0.0005748754507365447,0.0,0.0,0.0,0.0,1.0,1.0,1.0,1.0,1.0
64,13:27:54,0,0.09955709609089158,2986256.0,0.0994608126323897,0.09936452917388805,1.1037727808408121e-05,0.0991719622568843,5.784833248984979e-06,0.09897939533988054,4.986925214642223e-07,0.098786828422877,5.651848576594519e-07,0.09859426150587325,1.9947700858568893e-07,0.09955709609089158,1.604127610709915e-05,0.09974966300789534,6.808549257046735e-05,0.09994222992489887,0.0005751580431653745,0.0,0.0,0.0,0.0,1.0,1.0,1.0,1.0,1.0
64,13:27:57,0,0.09936452917388805,1832889.0,0.0994608126323897,0.09936452917388805,1.085487388387124e-05,0.0991719622568843,5.784833248984979e-06,0.09897939533988054,3.324616809761482e-07,0.098786828422877,5.651848576594519e-07,0.09859426150587325,1.9947700858568893e-07,0.09955709609089158,1.1852258926799683e-05,0.09974966300789534,6.813536182261376e-05,0.09994222992489887,0.0005767372361500111,0.0,0.0,0.0,0.0,1.0,1.0,1.0,1.0,1.0
64,13:28:00,0,0.09936452917388805,2854886.0,0.0994608126323897,0.09936452917388805,9.62476566425949e-06,0.0991719622568843,5.801456333033787e-06,0.09897939533988054,3.324616809761482e-07,0.098786828422877,5.651848576594519e-07,0.09859426150587325,1.9947700858568893e-07,0.09955709609089158,1.3115613314509047e-05,0.09974966300789534,6.924910845388387e-05,0.09994222992489887,0.0005769367131585969,0.0,0.0,0.0,0.0,1.0,1.0,1.0,1.0,1.0
64,13:28:03,0,0.09955709609089158,4784381.0,0.0994608126323897,0.09936452917388805,7.480387821963335e-07,0.0991719622568843,5.851325585180209e-06,0.09897939533988054,3.324616809761482e-07,0.098786828422877,5.651848576594519e-07,0.09859426150587325,1.9947700858568893e-07,0.09955709609089158,9.55827332806426e-06,0.09974966300789534,8.316262980273567e-05,0.09994222992489887,0.0005826550540713866,0.0,0.0,0.0,0.0,1.0,1.0,1.0,1.0,1.0
64,13:28:06,0,0.09955709609089158,8108458.0,0.09965337954939346,0.09955709609089158,3.391109145956712e-06,0.09936452917388805,2.227493262540193e-06,0.0991719622568843,5.7682101649361714e-06,0.09897939533988054,2.8259242882972596e-07,0.098786828422877,5.651848576594519e-07,0.09974966300789534,7.564899581267472e-05,0.09994222992489887,0.0005833033543492901,0.0,0.0,0.0,0.0,0.0,0.0,1.0,1.0,1.0,1.0,1.0
64,13:28:09,0,0.09974966300789534,3466417.0,0.09965337954939346,0.09955709609089158,7.629995578402602e-06,0.09936452917388805,8.810234545867927e-07,0.0991719622568843,5.834702501131401e-06,0.09897939533988054,2.1610009263449634e-07,0.098786828422877,5.485617736106445e-07,0.09974966300789534,6.826834649500423e-05,0.09994222992489887,0.0005842841163081697,0.0,0.0,0.0,0.0,0.0,0.0,1.0,1.0,1.0,1.0,1.0
64,13:28:12,0,0.09955709609089158,531075.0,0.09965337954939346,0.09955709609089158,1.027306594216298e-05,0.09936452917388805,1.1137466312700965e-06,0.0991719622568843,5.7682101649361714e-06,0.09897939533988054,2.1610009263449634e-07,0.098786828422877,4.654463533666075e-07,0.09974966300789534,0.00010134828375213097,0.09994222992489887,0.0005848493011658292,0.0,0.0,0.0,0.0,0.0,0.0,1.0,1.0,1.0,1.0,1.0
64,13:28:15,0,0.09955709609089158,2073056.0,0.09965337954939346,0.09955709609089158,1.3049120978313818e-05,0.09936452917388805,1.0605527623139128e-05,0.0991719622568843,5.7682101649361714e-06,0.09897939533988054,2.1610009263449634e-07,0.098786828422877,4.654463533666075e-07,0.09974966300789534,9.676031255466013e-05,0.09994222992489887,0.0005877420502520027,0.0,0.0,0.0,0.0,0.0,0.0,1.0,1.0,1.0,1.0,1.0
64,13:28:18,0,0.09955709609089158,7497655.0,0.0994608126323897,0.09936452917388805,1.2151474439678217e-05,0.0991719622568843,5.502240820155253e-06,0.09897939533988054,2.1610009263449634e-07,0.098786828422877,6.316771938546816e-07,0.09859426150587325,1.1636158834165187e-07,0.09955709609089158,4.970302130593416e-06,0.09974966300789534,9.238844144982378e-05,0.09994222992489887,0.0006018384255253913,0.0,0.0,0.0,0.0,1.0,1.0,1.0,1.0,1.0
64,13:28:21,0,0.09974966300789534,4973803.0,0.09965337954939346,0.09955709609089158,2.9422858766389116e-06,0.09936452917388805,1.4295852281974373e-05,0.0991719622568843,4.438363441031579e-06,0.09897939533988054,2.1610009263449634e-07,0.098786828422877,6.316771938546816e-07,0.09974966300789534,8.635426194010668e-05,0.09994222992489887,0.0006046477267296398,0.0,0.0,0.0,0.0,0.0,0.0,1.0,1.0,1.0,1.0,1.0
64,13:28:24,0,0.09955709609089158,3597702.0,0.09965337954939346,0.09955709609089158,1.0638773791236743e-06,0.09936452917388805,1.1120843228652158e-05,0.0991719622568843,4.4051172729339635e-06,0.09897939533988054,1.8285392453688153e-07,0.098786828422877,6.316771938546816e-07,0.09974966300789534,8.023696701014556e-05,0.09994222992489887,0.0006063931505547646,0.0,0.0,0.0,0.0,0.0,0.0,1.0,1.0,1.0,1.0,1.0
64,13:28:27,0,0.09955709609089158,3968795.0,0.09965337954939346,0.09955709609089158,1.5958160686855115e-06,0.09936452917388805,1.0539035286943898e-05,0.0991719622568843,4.2721326005435044e-06,0.09897939533988054,1.8285392453688153e-07,0.098786828422877,6.316771938546816e-07,0.09974966300789534,7.423603366852608e-05,0.09994222992489887,0.0006046975959817862,0.0,0.0,0.0,0.0,0.0,0.0,1.0,1.0,1.0,1.0,1.0
64,13:28:30,0,0.09974966300789534,3203687.0,0.09965337954939346,0.09955709609089158,9.973850429284447e-08,0.09936452917388805,1.0472542950748669e-05,0.0991719622568843,4.155771012201853e-06,0.09897939533988054,1.8285392453688153e-07,0.098786828422877,6.316771938546816e-07,0.09974966300789534,7.777675057092206e-05,0.09994222992489887,0.0006052295346713481,0.0,0.0,0.0,0.0,0.0,0.0,1.0,1.0,1.0,1.0,1.0
64,13:28:33,0,0.09955709609089158,2889622.0,0.09965337954939346,0.09955709609089158,9.973850429284447e-08,0.09936452917388805,1.014008126977252e-05,0.0991719622568843,4.155771012201853e-06,0.09897939533988054,1.8285392453688153e-07,0.098786828422877,6.649233619522964e-07,0.09974966300789534,7.421941058447728e-05,0.09994222992489887,0.0006069417123283752,0.0,0.0,0.0,0.0,0.0,0.0,1.0,1.0,1.0,1.0,1.0
64,13:28:36,0,0.09955709609089158,1930188.0,0.0994608126323897,0.09936452917388805,1.0156704353821329e-05,0.0991719622568843,4.355248020787542e-06,0.09897939533988054,1.8285392453688153e-07,0.098786828422877,6.649233619522964e-07,0.09859426150587325,1.1636158834165187e-07,0.09955709609089158,1.5127006484414744e-06,0.09974966300789534,7.180906339740021e-05,0.09994222992489887,0.0006072243047572049,0.0,0.0,0.0,0.0,1.0,1.0,1.0,1.0,1.0
64,13:28:39,0,0.09974966300789534,1918740.0,0.09955709609089158,0.09936452917388805,1.0738512295529587e-05,0.0991719622568843,4.288755684592312e-06,0.09897939533988054,1.8285392453688153e-07,0.098786828422877,6.649233619522964e-07,0.09859426150587325,1.1636158834165187e-07,0.09974966300789534,7.0445970505398e-05,0.09994222992489887,0.0006089198593301833,0.0,0.0,0.0,0.0,0.0,0.0,1.0,1.0,1.0,1.0,1.0
64,13:28:42,0,0.09974966300789534,1364853.0,0.09965337954939346,0.09955709609089158,7.646618662451409e-07,0.09936452917388805,1.0672019959334358e-05,0.0991719622568843,4.205640264348275e-06,0.09897939533988054,1.8285392453688153e-07,0.098786828422877,6.649233619522964e-07,0.09974966300789534,6.811873873856496e-05,0.09994222992489887,0.0006088367439099393,0.0,0.0,0.0,0.0,0.0,0.0,1.0,1.0,1.0,1.0,1.0
64,13:28:45,0,0.09974966300789534,1444846.0,0.09965337954939346,0.09955709609089158,1.3630928920022078e-06,0.09936452917388805,1.0223196690016557e-05,0.0991719622568843,4.205640264348275e-06,0.09897939533988054,1.8285392453688153e-07,0.098786828422877,6.649233619522964e-07,0.09974966300789534,6.66226611741723e-05,0.09994222992489887,0.0006092356979271106,0.0,0.0,0.0,0.0,0.0,0.0,1.0,1.0,1.0,1.0,1.0
64,13:28:48,0,0.09974966300789534,1833074.0,0.09965337954939346,0.09955709609089158,3.324616809761482e-07,0.09936452917388805,9.890735009040409e-06,0.0991719622568843,4.10590176005543e-06,0.09897939533988054,1.8285392453688153e-07,0.098786828422877,6.649233619522964e-07,0.09974966300789534,6.426218323924164e-05,0.09994222992489887,0.0006099504905412094,0.0,0.0,0.0,0.0,0.0,0.0,1.0,1.0,1.0,1.0,1.0
64,13:28:51,0,0.09974966300789534,1319224.0,0.09965337954939346,0.09955709609089158,9.475157907820224e-06,0.09936452917388805,9.890735009040409e-06,0.0991719622568843,4.039409423860201e-06,0.09897939533988054,1.8285392453688153e-07,0.098786828422877,6.649233619522964e-07,0.09974966300789534,6.15027512871396e-05,0.09994222992489887,0.000610848137079845,0.0,0.0,0.0,0.0,0.0,0.0,1.0,1.0,1.0,1.0,1.0
64,13:28:54,0,0.09974966300789534,2187239.0,0.09965337954939346,0.09955709609089158,8.79361146181912e-06,0.09936452917388805,1.0838250799822432e-05,0.0991719622568843,4.0227863398113936e-06,0.09897939533988054,1.9947700858568893e-07,0.098786828422877,6.649233619522964e-07,0.09974966300789534,5.719737251849849e-05,0.09994222992489887,0.0006127930379135554,0.0,0.0,0.0,0.0,0.0,0.0,1.0,1.0,1.0,1.0,1.0
64,13:28:57,0,0.09955709609089158,2050168.0,0.09965337954939346,0.09955709609089158,7.82947258698829e-06,0.09936452917388805,1.0838250799822432e-05,0.0991719622568843,4.0227863398113936e-06,0.09897939533988054,1.9947700858568893e-07,0.098786828422877,6.316771938546816e-07,0.09974966300789534,6.143625895094439e-05,0.09994222992489887,0.0006151701389325349,0.0,0.0,0.0,0.0,0.0,0.0,1.0,1.0,1.0,1.0,1.0
64,13:29:00,0,0.09955709609089158,1781805.0,0.09965337954939346,0.09955709609089158,7.779603334841869e-06,0.09936452917388805,1.1702651170360418e-05,0.0991719622568843,4.0227863398113936e-06,0.09897939533988054,1.9947700858568893e-07,0.098786828422877,6.316771938546816e-07,0.09974966300789534,6.634006874534257e-05,0.09994222992489887,0.0006160844085552193,0.0,0.0,0.0,0.0,0.0,0.0,1.0,1.0,1.0,1.0,1.0
64,13:29:03,0,0.09974966300789534,2775491.0,0.09965337954939346,0.09955709609089158,7.44714165386572e-06,0.09936452917388805,1.1852258926799683e-05,0.0991719622568843,3.8731785833721265e-06,0.09897939533988054,1.9947700858568893e-07,0.098786828422877,6.316771938546816e-07,0.09974966300789534,6.103730493377301e-05,0.09994222992489887,0.0006182287863975154,0.0,0.0,0.0,0.0,0.0,0.0,1.0,1.0,1.0,1.0,1.0
64,13:29:06,0,0.09955709609089158,2215757.0,0.09965337954939346,0.09955709609089158,6.10067184591232e-06,0.09936452917388805,1.1868882010848491e-05,0.0991719622568843,3.8898016674209345e-06,0.09897939533988054,1.9947700858568893e-07,0.098786828422877,6.316771938546816e-07,0.09974966300789534,5.81116421411829e-05,0.09994222992489887,0.000618960202095663,0.0,0.0,0.0,0.0,0.0,0.0,1.0,1.0,1.0,1.0,1.0
64,13:29:09,0,0.09974966300789534,1850311.0,0.09965337954939346,0.09955709609089158,5.552110072301675e-06,0.09936452917388805,1.1852258926799683e-05,0.0991719622568843,3.79006316312809e-06,0.09897939533988054,1.9947700858568893e-07,0.098786828422877,6.48300277903489e-07,0.09974966300789534,5.397249421302985e-05,0.09994222992489887,0.0006191098098521022,0.0,0.0,0.0,0.0,0.0,0.0,1.0,1.0,1.0,1.0,1.0
64,13:29:12,0,0.09955709609089158,1393437.0,0.09965337954939346,0.09955709609089158,6.2004103502051645e-06,0.09936452917388805,1.1852258926799683e-05,0.0991719622568843,3.79006316312809e-06,0.09897939533988054,1.9947700858568893e-07,0.098786828422877,6.48300277903489e-07,0.09974966300789534,5.957447353747795e-05,0.09994222992489887,0.0006235149271250362,0.0,0.0,0.0,0.0,0.0,0.0,1.0,1.0,1.0,1.0,1.0
64,13:29:15,0,0.09955709609089158,2358437.0,0.09965337954939346,0.09955709609089158,4.454986525080386e-06,0.09936452917388805,1.2184720607775832e-05,0.0991719622568843,3.590586154542401e-06,0.09897939533988054,1.9947700858568893e-07,0.098786828422877,6.48300277903489e-07,0.09974966300789534,6.660603809012348e-05,0.09994222992489887,0.0006252437278661122,0.0,0.0,0.0,0.0,0.0,0.0,1.0,1.0,1.0,1.0,1.0
64,13:29:18,0,0.09974966300789534,3300668.0,0.09965337954939346,0.09955709609089158,3.6570784907376306e-07,0.09936452917388805,1.2184720607775832e-05,0.0991719622568843,3.5739630704935933e-06,0.09897939533988054,1.9947700858568893e-07,0.098786828422877,6.48300277903489e-07,0.09974966300789534,6.255000558221448e-05,0.09994222992489887,0.0006262244898249918,0.0,0.0,0.0,0.0,0.0,0.0,1.0,1.0,1.0,1.0,1.0
64,13:29:21,0,0.09974966300789534,2130103.0,0.09965337954939346,0.09955709609089158,1.137018948938427e-05,0.09936452917388805,1.2184720607775832e-05,0.0991719622568843,3.5739630704935933e-06,0.09897939533988054,1.9947700858568893e-07,0.098786828422877,6.48300277903489e-07,0.09974966300789534,5.885968092337923e-05,0.09994222992489887,0.0006266566900102608,0.0,0.0,0.0,0.0,0.0,0.0,1.0,1.0,1.0,1.0,1.0
64,13:29:24,0,0.09955709609089158,1250668.0,0.09965337954939346,0.09955709609089158,1.1735897338458032e-05,0.09936452917388805,1.2184720607775832e-05,0.0991719622568843,3.5573399864447857e-06,0.09897939533988054,1.9947700858568893e-07,0.098786828422877,6.48300277903489e-07,0.09974966300789534,5.6283102895814085e-05,0.09994222992489887,0.0006275210903807988,0.0,0.0,0.0,0.0,0.0,0.0,1.0,1.0,1.0,1.0,1.0
64,13:29:27,0,0.09974966300789534,2027323.0,0.09965337954939346,0.09955709609089158,1.0638773791236742e-05,0.09936452917388805,1.220134369182464e-05,0.0991719622568843,3.5573399864447857e-06,0.09897939533988054,1.9947700858568893e-07,0.098786828422877,6.48300277903489e-07,0.09974966300789534,6.087107409328493e-05,0.09994222992489887,0.0006273382364562619,0.0,0.0,0.0,0.0,0.0,0.0,1.0,1.0,1.0,1.0,1.0
64,13:29:30,0,0.09974966300789534,2415699.0,0.09965337954939346,0.09955709609089158,1.0106835101674906e-05,0.09936452917388805,1.2267836028019868e-05,0.0991719622568843,2.7594319521020303e-06,0.09897939533988054,1.9947700858568893e-07,0.098786828422877,6.48300277903489e-07,0.09974966300789534,5.771268812401152e-05,0.09994222992489887,0.0006269725286071881,0.0,0.0,0.0,0.0,0.0,0.0,1.0,1.0,1.0,1.0,1.0
64,13:29:33,0,0.09974966300789534,1770385.0,0.09965337954939346,0.09955709609089158,1.251718228875198e-05,0.09936452917388805,1.2284459112068676e-05,0.0991719622568843,2.9256627925901045e-06,0.09897939533988054,1.9947700858568893e-07,0.098786828422877,6.48300277903489e-07,0.09974966300789534,5.4155348137566734e-05,0.09994222992489887,0.0006266234438421632,0.0,0.0,0.0,0.0,0.0,0.0,1.0,1.0,1.0,1.0,1.0
64,13:29:36,0,0.09974966300789534,2969598.0,0.09965337954939346,0.09955709609089158,1.085487388387124e-05,0.09936452917388805,1.2251212943971062e-05,0.0991719622568843,2.9256627925901045e-06,0.09897939533988054,1.9947700858568893e-07,0.098786828422877,6.48300277903489e-07,0.09974966300789534,5.0115938713706536e-05,0.09994222992489887,0.0006318098460653911,0.0,0.0,0.0,0.0,0.0,0.0,1.0,1.0,1.0,1.0,1.0
64,13:29:39,0,0.09974966300789534,1913004.0,0.09965337954939346,0.09955709609089158,8.660626789428662e-06,0.09936452917388805,1.2284459112068676e-05,0.0991719622568843,2.909039708541297e-06,0.09897939533988054,1.9947700858568893e-07,0.098786828422877,6.48300277903489e-07,0.09974966300789534,6.454477566807137e-05,0.09994222992489887,0.0006300477991562176,0.0,0.0,0.0,0.0,0.0,0.0,1.0,1.0,1.0,1.0,1.0
64,13:29:42,0,0.09974966300789534,1530445.0,0.09965337954939346,0.09955709609089158,7.06481072074315e-06,0.09936452917388805,1.2284459112068676e-05,0.0991719622568843,2.9256627925901045e-06,0.09897939533988054,1.9947700858568893e-07,0.098786828422877,6.48300277903489e-07,0.09974966300789534,6.399621389446073e-05,0.09994222992489887,0.0006289506756089962,0.0,0.0,0.0,0.0,0.0,0.0,1.0,1.0,1.0,1.0,1.0
64,13:29:45,0,0.09955709609089158,1330540.0,0.09965337954939346,0.09955709609089158,5.302763811569564e-06,0.09936452917388805,1.2450689952556751e-05,0.0991719622568843,2.9256627925901045e-06,0.09897939533988054,1.9947700858568893e-07,0.098786828422877,6.48300277903489e-07,0.09974966300789534,6.248351324601924e-05,0.09994222992489887,0.000629914814483827,0.0,0.0,0.0,0.0,0.0,0.0,1.0,1.0,1.0,1.0,1.0
64,13:29:48,0,0.09955709609089158,3340897.0,0.09965337954939346,0.09955709609089158,5.685094744692135e-06,0.09936452917388805,1.2301082196117484e-05,0.0991719622568843,2.9256627925901045e-06,0.09897939533988054,1.9947700858568893e-07,0.098786828422877,6.48300277903489e-07,0.09974966300789534,5.450443290259169e-05,0.09994222992489887,0.0006303470146690961,0.0,0.0,0.0,0.0,0.0,0.0,1.0,1.0,1.0,1.0,1.0
64,13:29:51,0,0.09955709609089158,3397439.0,0.0994608126323897,0.09936452917388805,1.2118228271580603e-05,0.0991719622568843,2.9256627925901045e-06,0.09897939533988054,1.9947700858568893e-07,0.098786828422877,6.48300277903489e-07,0.09859426150587325,2.659693447809186e-07,0.09955709609089158,6.363649035564453e-06,0.09974966300789534,5.618336439152124e-05,0.09994222992489887,0.0006294656587528283,0.0,0.0,0.0,0.0,1.0,1.0,1.0,1.0,1.0
64,13:29:54,0,0.09955709609089158,1947110.0,0.0994608126323897,0.09936452917388805,1.258367462494721e-05,0.0991719622568843,2.9256627925901045e-06,0.09897939533988054,1.9947700858568893e-07,0.098786828422877,6.48300277903489e-07,0.09859426150587325,2.659693447809186e-07,0.09955709609089158,3.454609327023156e-06,0.09974966300789534,5.752983419947464e-05,0.09994222992489887,0.0006283519121215582,0.0,0.0,0.0,0.0,1.0,1.0,1.0,1.0,1.0
64,13:29:57,0,0.09955709609089158,1678729.0,0.0994608126323897,0.09936452917388805,1.2417443784459135e-05,0.0991719622568843,2.9256627925901045e-06,0.09897939533988054,1.9947700858568893e-07,0.098786828422877,6.48300277903489e-07,0.09859426150587325,2.659693447809186e-07,0.09955709609089158,9.674634916405913e-08,0.09974966300789534,5.8144888309280515e-05,0.09994222992489887,0.0006285015198779975,0.0,0.0,0.0,0.0,1.0,1.0,1.0,1.0,1.0
64,13:30:00,0,0.09974966300789534,3123107.0,0.09965337954939346,0.09955709609089158,5.818079417082594e-07,0.09936452917388805,6.399887358790853e-06,0.0991719622568843,2.8924166244924893e-06,0.09897939533988054,1.9947700858568893e-07,0.098786828422877,6.48300277903489e-07,0.09974966300789534,5.6163749152343646e-05,0.09994222992489887,0.000629149820155901,0.0,0.0,0.0,0.0,0.0,0.0,1.0,1.0,1.0,1.0,1.0
64,13:30:03,0,0.09955709609089158,628067.0,0.0994608126323897,0.09936452917388805,5.5188639042040605e-06,0.0991719622568843,2.9422858766389116e-06,0.09897939533988054,1.9947700858568893e-07,0.098786828422877,6.150541098058742e-07,0.09859426150587325,3.8233093312257044e-07,0.09955709609089158,2.8259242882972596e-07,0.09974966300789534,5.716113419527209e-05,0.09994222992489887,0.0006301305821147805,0.0,0.0,0.0,0.0,1.0,1.0,1.0,1.0,1.0
64,13:30:06,0,0.09974966300789534,1781742.0,0.09965337954939346,0.09955709609089158,2.111131674198541e-06,0.09936452917388805,5.336009979667179e-06,0.0991719622568843,2.9755320447365264e-06,0.09897939533988054,2.3272317668330374e-07,0.098786828422877,6.150541098058742e-07,0.09974966300789534,6.314544445284275e-05,0.09994222992489887,0.0006309118670650745,0.0,0.0,0.0,0.0,0.0,0.0,1.0,1.0,1.0,1.0,1.0
64,13:30:09,0,0.09974966300789534,1610422.0,0.09965337954939346,0.09955709609089158,3.0918936330781783e-06,0.09936452917388805,5.186402223227912e-06,0.0991719622568843,3.008778212834141e-06,0.09897939533988054,2.3272317668330374e-07,0.098786828422877,6.150541098058742e-07,0.09974966300789534,6.0469127920984765e-05,0.09994222992489887,0.0006312775749141483,0.0,0.0,0.0,0.0,0.0,0.0,1.0,1.0,1.0,1.0,1.0
64,13:30:12,0,0.09955709609089158,1987377.0,0.09965337954939346,0.09955709609089158,3.324616809761482e-06,0.09936452917388805,5.186402223227912e-06,0.0991719622568843,3.0420243809317563e-06,0.09897939533988054,2.3272317668330374e-07,0.098786828422877,6.150541098058742e-07,0.09974966300789534,5.731074195171136e-05,0.09994222992489887,0.0006349678995729835,0.0,0.0,0.0,0.0,0.0,0.0,1.0,1.0,1.0,1.0,1.0
64,13:30:15,0,0.09955709609089158,1496108.0,0.09965337954939346,0.09955709609089158,1.3132236398557854e-06,0.09936452917388805,5.485617736106445e-06,0.0991719622568843,3.0420243809317563e-06,0.09897939533988054,2.3272317668330374e-07,0.098786828422877,6.150541098058742e-07,0.09974966300789534,5.7543465128394663e-05,0.09994222992489887,0.0006362146308766441,0.0,0.0,0.0,0.0,0.0,0.0,1.0,1.0,1.0,1.0,1.0
64,13:30:18,0,0.09936452917388805,942170.0,0.0994608126323897,0.09936452917388805,5.3692561477647935e-06,0.0991719622568843,3.0420243809317563e-06,0.09897939533988054,2.659693447809186e-07,0.098786828422877,6.150541098058742e-07,0.09859426150587325,1.4528575458657677e-05,0.09955709609089158,2.1610009263449634e-07,0.09974966300789534,6.018653549215504e-05,0.09994222992489887,0.0006378769392815248,0.0,0.0,0.0,0.0,1.0,1.0,1.0,1.0,1.0
64,13:30:21,0,0.09974966300789534,1810140.0,0.09965337954939346,0.09955709609089158,5.9011948373266305e-06,0.09936452917388805,5.867948669229016e-06,0.0991719622568843,3.0420243809317563e-06,0.09897939533988054,2.8259242882972596e-07,0.098786828422877,6.150541098058742e-07,0.09974966300789534,5.980420455903247e-05,0.09994222992489887,0.000637345000591963,0.0,0.0,0.0,0.0,0.0,0.0,1.0,1.0,1.0,1.0,1.0
64,13:30:24,0,0.09955709609089158,1016441.0,0.09965337954939346,0.09955709609089158,4.853940542251764e-06,0.09936452917388805,5.601979324448097e-06,0.0991719622568843,3.0420243809317563e-06,0.09897939533988054,2.8259242882972596e-07,0.098786828422877,6.150541098058742e-07,0.09974966300789534,6.005355081976458e-05,0.09994222992489887,0.0006381761547944034,0.0,0.0,0.0,0.0,0.0,0.0,1.0,1.0,1.0,1.0,1.0
64,13:30:27,0,0.09955709609089158,1764424.0,0.09965337954939346,0.09955709609089158,6.150541098058742e-07,0.09936452917388805,1.361430583597327e-05,0.0991719622568843,3.0420243809317563e-06,0.09897939533988054,2.8259242882972596e-07,0.098786828422877,6.150541098058742e-07,0.09974966300789534,6.254734588876667e-05,0.09994222992489887,0.0006380099239539153,0.0,0.0,0.0,0.0,0.0,0.0,1.0,1.0,1.0,1.0,1.0
64,13:30:30,0,0.09955709609089158,571023.0,0.09965337954939346,0.09955709609089158,1.213485135562941e-06,0.09936452917388805,1.3697421256217307e-05,0.0991719622568843,2.792678120199645e-06,0.09897939533988054,2.8259242882972596e-07,0.098786828422877,6.48300277903489e-07,0.09974966300789534,5.0944433222699094e-05,0.09994222992489887,0.0006376774622729391,0.0,0.0,0.0,0.0,0.0,0.0,1.0,1.0,1.0,1.0,1.0
64,13:30:33,0,0.09974966300789534,5984292.0,0.09965337954939346,0.09955709609089158,1.329846723904593e-07,0.09936452917388805,1.3980013685047033e-05,0.0991719622568843,2.792678120199645e-06,0.09897939533988054,2.8259242882972596e-07,0.098786828422877,6.48300277903489e-07,0.09974966300789534,4.8766809212305325e-05,0.09994222992489887,0.0006380930393741593,0.0,0.0,0.0,0.0,0.0,0.0,1.0,1.0,1.0,1.0,1.0
64,13:30:36,0,0.09955709609089158,2244217.0,0.0994608126323897,0.09936452917388805,1.4179490693632722e-05,0.0991719622568843,2.8093012042484526e-06,0.09897939533988054,2.992155128785334e-07,0.098786828422877,6.48300277903489e-07,0.09859426150587325,1.45784447108041e-05,0.09955709609089158,7.979080343427557e-07,0.09974966300789534,4.62567235209354e-05,0.09994222992489887,0.0006398218401152352,0.0,0.0,0.0,0.0,1.0,1.0,1.0,1.0,1.0
64,13:30:39,0,0.09955709609089158,696626.0,0.0994608126323897,0.09936452917388805,1.464493704699933e-05,0.0991719622568843,2.8093012042484526e-06,0.09897939533988054,2.992155128785334e-07,0.098786828422877,6.48300277903489e-07,0.09859426150587325,1.45784447108041e-05,0.09955709609089158,6.815464460011039e-07,0.09974966300789534,4.607386959639852e-05,0.09994222992489887,0.0006407859789900661,0.0,0.0,0.0,0.0,1.0,1.0,1.0,1.0,1.0
64,13:30:42,0,0.09974966300789534,9485737.0,0.09955709609089158,0.09936452917388805,1.3780536676461343e-05,0.0991719622568843,2.6430703637603784e-06,0.09897939533988054,2.992155128785334e-07,0.098786828422877,6.981695300499113e-07,0.09859426150587325,1.45784447108041e-05,0.09974966300789534,2.2103382398018237e-05,0.09994222992489887,0.0006416503793606041,0.0,0.0,0.0,0.0,0.0,0.0,1.0,1.0,1.0,1.0,1.0
64,13:30:45,0,0.09955709609089158,1073590.0,0.09965337954939346,0.09955709609089158,2.8259242882972596e-07,0.09936452917388805,1.4013259853144647e-05,0.0991719622568843,2.6430703637603784e-06,0.09897939533988054,2.992155128785334e-07,0.098786828422877,7.812849502939483e-07,0.09974966300789534,2.1903905389432548e-05,0.09994222992489887,0.0006417999871170434,0.0,0.0,0.0,0.0,0.0,0.0,1.0,1.0,1.0,1.0,1.0
64,13:30:48,0,0.09974966300789534,1558990.0,0.09965337954939346,0.09955709609089158,2.08619704812533e-05,0.09936452917388805,1.3697421256217307e-05,0.0991719622568843,2.6430703637603784e-06,0.09897939533988054,2.992155128785334e-07,0.098786828422877,7.812849502939483e-07,0.09974966300789534,3.641585776404142e-05,0.09994222992489887,0.0006419329717894339,0.0,0.0,0.0,0.0,0.0,0.0,1.0,1.0,1.0,1.0,1.0
64,13:30:51,0,0.09955709609089158,2558285.0,0.09965337954939346,0.09955709609089158,1.805266927700485e-05,0.09936452917388805,1.3830405928607766e-05,0.0991719622568843,2.493462607321112e-06,0.09897939533988054,2.8259242882972596e-07,0.098786828422877,7.812849502939483e-07,0.09974966300789534,4.469415362034751e-05,0.09994222992489887,0.0006419828410415803,0.0,0.0,0.0,0.0,0.0,0.0,1.0,1.0,1.0,1.0,1.0
64,13:30:54,0,0.09974966300789534,7190320.0,0.09965337954939346,0.09955709609089158,7.277586196567885e-07,0.09936452917388805,1.3963390600998225e-05,0.0991719622568843,2.493462607321112e-06,0.09897939533988054,2.8259242882972596e-07,0.098786828422877,7.812849502939483e-07,0.09974966300789534,4.394611483815118e-05,0.09994222992489887,0.0006426311413194837,0.0,0.0,0.0,0.0,0.0,0.0,1.0,1.0,1.0,1.0,1.0
64,13:30:57,0,0.09974966300789534,3654998.0,0.09965337954939346,0.09955709609089158,8.773663760960552e-07,0.09936452917388805,1.406312910529107e-05,0.0991719622568843,2.493462607321112e-06,0.09897939533988054,2.8259242882972596e-07,0.098786828422877,7.812849502939483e-07,0.09974966300789534,3.43545953419893e-05,0.09994222992489887,0.0006436285263624121,0.0,0.0,0.0,0.0,0.0,0.0,1.0,1.0,1.0,1.0,1.0
64,13:31:00,0,0.09955709609089158,1757605.0,0.0994608126323897,0.09936452917388805,1.3996636769095839e-05,0.0991719622568843,2.4602164392234966e-06,0.09897939533988054,3.158385969273408e-07,0.098786828422877,8.145311183915631e-07,0.09859426150587325,1.4694806299145752e-05,0.09955709609089158,1.5326483493000432e-07,0.09974966300789534,3.257592534876691e-05,0.09994222992489887,0.0006437615110348027,0.0,0.0,0.0,0.0,1.0,1.0,1.0,1.0,1.0
64,13:31:03,0,0.09955709609089158,1022142.0,0.0994608126323897,0.09936452917388805,1.4994021812024284e-05,0.0991719622568843,2.4435933551746895e-06,0.09897939533988054,3.158385969273408e-07,0.098786828422877,8.145311183915631e-07,0.09859426150587325,1.4694806299145752e-05,0.09955709609089158,1.5958160686855115e-06,0.09974966300789534,4.41326258411788e-05,0.09994222992489887,0.0006432295723452408,0.0,0.0,0.0,0.0,1.0,1.0,1.0,1.0,1.0
64,13:31:06,0,0.09955709609089158,713740.0,0.0994608126323897,0.09936452917388805,1.3880275180754188e-05,0.0991719622568843,2.4435933551746895e-06,0.09897939533988054,3.158385969273408e-07,0.098786828422877,8.145311183915631e-07,0.09859426150587325,1.4744675551292173e-05,0.09955709609089158,3.9895401717137787e-07,0.09974966300789534,4.6825565457085594e-05,0.09994222992489887,0.0006431464569249968,0.0,0.0,0.0,0.0,1.0,1.0,1.0,1.0,1.0
64,13:31:09,0,0.09955709609089158,571011.0,0.09965337954939346,0.09955709609089158,6.649233619522964e-08,0.09936452917388805,1.3714044340266115e-05,0.0991719622568843,2.4602164392234966e-06,0.09897939533988054,3.158385969273408e-07,0.098786828422877,8.311542024403705e-07,0.09974966300789534,4.6808942373036786e-05,0.09994222992489887,0.0006427641259918741,0.0,0.0,0.0,0.0,0.0,0.0,1.0,1.0,1.0,1.0,1.0
64,13:31:12,0,0.09974966300789534,1444669.0,0.09965337954939346,0.09955709609089158,3.3412398938102896e-06,0.09936452917388805,1.2866267053776937e-05,0.0991719622568843,2.626447279711571e-06,0.09897939533988054,3.158385969273408e-07,0.098786828422877,8.311542024403705e-07,0.09974966300789534,4.5628703405571465e-05,0.09994222992489887,0.0006455568041120738,0.0,0.0,0.0,0.0,0.0,0.0,1.0,1.0,1.0,1.0,1.0
64,13:31:15,0,0.09955709609089158,519646.0,0.09965337954939346,0.09955709609089158,1.251718228875198e-05,0.09936452917388805,1.2982628642118588e-05,0.0991719622568843,2.626447279711571e-06,0.09897939533988054,3.158385969273408e-07,0.098786828422877,8.311542024403705e-07,0.09974966300789534,4.704166554972009e-05,0.09994222992489887,0.0006458560196249524,0.0,0.0,0.0,0.0,0.0,0.0,1.0,1.0,1.0,1.0,1.0
64,13:31:18,0,0.09955709609089158,822338.0,0.09965337954939346,0.09955709609089158,1.888382347944522e-05,0.09936452917388805,1.2666790045191247e-05,0.0991719622568843,2.5433318594675337e-06,0.09897939533988054,3.158385969273408e-07,0.098786828422877,8.311542024403705e-07,0.09974966300789534,4.7689965827623584e-05,0.09994222992489887,0.0006470362585924177,0.0,0.0,0.0,0.0,0.0,0.0,1.0,1.0,1.0,1.0,1.0
64,13:31:21,0,0.09955709609089158,3614783.0,0.09965337954939346,0.09955709609089158,1.4495329290560063e-05,0.09936452917388805,1.2749905465435284e-05,0.0991719622568843,7.5468801581585645e-06,0.09897939533988054,3.158385969273408e-07,0.098786828422877,9.142696226844076e-07,0.09974966300789534,4.4182495093325215e-05,0.09994222992489887,0.000647185866348857,0.0,0.0,0.0,0.0,0.0,0.0,1.0,1.0,1.0,1.0,1.0
64,13:31:24,0,0.09955709609089158,1427704.0,0.09965337954939346,0.09955709609089158,1.4046506021242261e-05,0.09936452917388805,1.2999251726167396e-05,0.0991719622568843,7.530257074109757e-06,0.09897939533988054,4.820694374154149e-07,0.098786828422877,9.142696226844076e-07,0.09974966300789534,4.754035807118431e-05,0.09994222992489887,0.000647185866348857,0.0,0.0,0.0,0.0,0.0,0.0,1.0,1.0,1.0,1.0,1.0
64,13:31:27,0,0.09955709609089158,748088.0,0.09965337954939346,0.09955709609089158,1.3880275180754188e-05,0.09936452917388805,1.2999251726167396e-05,0.0991719622568843,2.5433318594675337e-06,0.09897939533988054,4.820694374154149e-07,0.098786828422877,9.142696226844076e-07,0.09974966300789534,7.17103222781503e-05,0.09994222992489887,0.0006474518356936379,0.0,0.0,0.0,0.0,0.0,0.0,1.0,1.0,1.0,1.0,1.0
64,13:31:30,0,0.09955709609089158,1319081.0,0.09965337954939346,0.09955709609089158,1.2217966775873448e-05,0.09936452917388805,1.3015874810216202e-05,0.0991719622568843,2.5267087754187266e-06,0.09897939533988054,4.820694374154149e-07,0.098786828422877,1.047254295074867e-06,0.09974966300789534,7.136123751312533e-05,0.09994222992489887,0.0006493634903592507,0.0,0.0,0.0,0.0,0.0,0.0,1.0,1.0,1.0,1.0,1.0
64,13:31:33,0,0.09974966300789534,1125015.0,0.09965337954939346,0.09955709609089158,1.2101605187531795e-05,0.09936452917388805,1.303249789426501e-05,0.0991719622568843,2.5267087754187266e-06,0.09897939533988054,4.820694374154149e-07,0.098786828422877,1.213485135562941e-06,0.09974966300789534,6.929997509107321e-05,0.09994222992489887,0.0006497291982083245,0.0,0.0,0.0,0.0,0.0,0.0,1.0,1.0,1.0,1.0,1.0
64,13:31:36,0,0.09955709609089158,4402939.0,0.09965337954939346,0.09955709609089158,8.826857629916735e-06,0.09936452917388805,1.3015874810216202e-05,0.0991719622568843,2.5267087754187266e-06,0.09897939533988054,4.820694374154149e-07,0.098786828422877,1.213485135562941e-06,0.09974966300789534,6.191932577340272e-05,0.09994222992489887,0.0006494798519475923,0.0,0.0,0.0,0.0,0.0,0.0,1.0,1.0,1.0,1.0,1.0
64,13:31:39,0,0.09955709609089158,1775969.0,0.09965337954939346,0.09955709609089158,6.915202964303883e-06,0.09936452917388805,1.4495329290560063e-05,0.0991719622568843,2.6430703637603784e-06,0.09897939533988054,4.820694374154149e-07,0.098786828422877,1.213485135562941e-06,0.09974966300789534,5.945910933417923e-05,0.09994222992489887,0.00065676076276097,0.0,0.0,0.0,0.0,0.0,0.0,1.0,1.0,1.0,1.0,1.0
64,13:31:42,0,0.09974966300789534,1153513.0,0.09965337954939346,0.09955709609089158,8.577511369184623e-06,0.09936452917388805,1.4528575458657677e-05,0.0991719622568843,2.6430703637603784e-06,0.09897939533988054,5.818079417082594e-07,0.098786828422877,1.213485135562941e-06,0.09974966300789534,5.924300924154473e-05,0.09994222992489887,0.0006586059250903877,0.0,0.0,0.0,0.0,0.0,0.0,1.0,1.0,1.0,1.0,1.0
64,13:31:45,0,0.09974966300789534,1107820.0,0.09965337954939346,0.09955709609089158,7.330780065524068e-06,0.09936452917388805,1.4528575458657677e-05,0.0991719622568843,2.6430703637603784e-06,0.09897939533988054,5.818079417082594e-07,0.098786828422877,1.213485135562941e-06,0.09974966300789534,5.920976307344712e-05,0.09994222992489887,0.0006627450730185407,0.0,0.0,0.0,0.0,0.0,0.0,1.0,1.0,1.0,1.0,1.0
64,13:31:48,0,0.09974966300789534,24174807.0,0.09965337954939346,0.09955709609089158,1.2683413129240055e-05,0.09936452917388805,1.5077137232268321e-05,0.0991719622568843,2.6430703637603784e-06,0.09897939533988054,5.818079417082594e-07,0.098786828422877,1.213485135562941e-06,0.09974966300789534,4.587971197470846e-06,0.09994222992489887,0.0006571580544697366,0.0,0.0,0.0,0.0,0.0,0.0,1.0,1.0,1.0,1.0,1.0
64,13:31:51,0,0.09974966300789534,2410009.0,0.099845946466397,0.09974966300789534,3.6238323226400156e-06,0.09955709609089158,1.5941537602806305e-05,0.09936452917388805,1.5193498820609974e-05,0.0991719622568843,2.6430703637603784e-06,0.09897939533988054,5.818079417082594e-07,0.09994222992489887,0.0006576401239071519,0.0,0.0,0.0,0.0,0.0,0.0,0.0,0.0,1.0,1.0,1.0,1.0,1.0
64,13:31:54,0,0.09994222992489887,1313671.0,0.099845946466397,0.09974966300789534,6.017556425668282e-06,0.09955709609089158,1.6390360872124108e-05,0.09936452917388805,1.5210121904658782e-05,0.0991719622568843,2.6430703637603784e-06,0.09897939533988054,5.818079417082594e-07,0.09994222992489887,0.0006553627613924653,0.0,0.0,0.0,0.0,0.0,0.0,0.0,0.0,1.0,1.0,1.0,1.0,1.0
64,13:31:57,0,0.09994222992489887,1342241.0,0.099845946466397,0.09974966300789534,5.718340912789749e-06,0.09955709609089158,1.6490099376416953e-05,0.09936452917388805,1.5243368072756396e-05,0.0991719622568843,2.6596934478091856e-06,0.09897939533988054,5.818079417082594e-07,0.09994222992489887,0.0006558115846617831,0.0,0.0,0.0,0.0,0.0,0.0,0.0,0.0,1.0,1.0,1.0,1.0,1.0
64,13:32:00,0,0.09994222992489887,5077731.0,0.099845946466397,0.09974966300789534,2.909039708541297e-06,0.09955709609089158,1.6656330216905026e-05,0.09936452917388805,1.4910906391780248e-05,0.0991719622568843,2.676316531857993e-06,0.09897939533988054,5.818079417082594e-07,0.09994222992489887,0.0006506251824385552,0.0,0.0,0.0,0.0,0.0,0.0,0.0,0.0,1.0,1.0,1.0,1.0,1.0
64,13:32:03,0,0.09994222992489887,1445055.0,0.099845946466397,0.09974966300789534,9.525027159966646e-06,0.09955709609089158,1.6490099376416953e-05,0.09936452917388805,1.4910906391780248e-05,0.0991719622568843,2.676316531857993e-06,0.09897939533988054,5.818079417082594e-07,0.09994222992489887,0.0006552630228881725,0.0,0.0,0.0,0.0,0.0,0.0,0.0,0.0,1.0,1.0,1.0,1.0,1.0
64,13:32:06,0,0.09994222992489887,1667744.0,0.099845946466397,0.09974966300789534,7.96245725937875e-06,0.09955709609089158,1.4013259853144647e-05,0.09936452917388805,1.4827790971536211e-05,0.0991719622568843,2.6430703637603784e-06,0.09897939533988054,5.818079417082594e-07,0.09994222992489887,0.000652802806448949,0.0,0.0,0.0,0.0,0.0,0.0,0.0,0.0,1.0,1.0,1.0,1.0,1.0
64,13:32:09,0,0.09974966300789534,4517497.0,0.09965337954939346,0.09955709609089158,1.117071248079858e-05,0.09936452917388805,1.4827790971536211e-05,0.0991719622568843,2.6430703637603784e-06,0.09897939533988054,5.818079417082594e-07,0.098786828422877,1.213485135562941e-06,0.09974966300789534,0.0001553141287315413,0.09994222992489887,0.000658753870538422,0.0,0.0,0.0,0.0,0.0,0.0,1.0,1.0,1.0,1.0,1.0
64,13:32:12,0,0.09974966300789534,3306609.0,0.09965337954939346,0.09955709609089158,1.0738512295529587e-05,0.09936452917388805,1.464493704699933e-05,0.0991719622568843,2.676316531857993e-06,0.09897939533988054,5.818079417082594e-07,0.098786828422877,1.213485135562941e-06,0.09974966300789534,0.00014738491764026016,0.09994222992489887,0.0006606489021199861,0.0,0.0,0.0,0.0,0.0,0.0,1.0,1.0,1.0,1.0,1.0
64,13:32:15,0,0.09974966300789534,1342042.0,0.09965337954939346,0.09955709609089158,1.014008126977252e-05,0.09936452917388805,1.4694806299145752e-05,0.0991719622568843,2.676316531857993e-06,0.09897939533988054,5.651848576594519e-07,0.098786828422877,1.2301082196117483e-06,0.09974966300789534,0.0001447086011084022,0.09994222992489887,0.0006623278336089156,0.0,0.0,0.0,0.0,0.0,0.0,1.0,1.0,1.0,1.0,1.0
64,13:32:18,0,0.09955709609089158,4767847.0,0.0994608126323897,0.09936452917388805,1.4096375273388684e-05,0.0991719622568843,2.6596934478091856e-06,0.09897939533988054,5.651848576594519e-07,0.098786828422877,1.3132236398557854e-06,0.09859426150587325,7.314156981475261e-07,0.09955709609089158,7.071459954362673e-05,0.09974966300789534,0.0001442764009231332,0.09994222992489887,0.0006659350428475069,0.0,0.0,0.0,0.0,1.0,1.0,1.0,1.0,1.0
64,13:32:21,0,0.09955709609089158,2603712.0,0.0994608126323897,0.09936452917388805,1.3813782844558958e-05,0.0991719622568843,2.676316531857993e-06,0.09897939533988054,5.651848576594519e-07,0.098786828422877,1.6456853208319336e-06,0.09859426150587325,7.314156981475261e-07,0.09955709609089158,6.960085291235662e-05,0.09974966300789534,0.00014462548568815813,0.09994222992489887,0.0006670820356468746,0.0,0.0,0.0,0.0,1.0,1.0,1.0,1.0,0.0
64,13:32:24,0,0.09955709609089158,3574432.0,0.0994608126323897,0.09936452917388805,1.3364959575241158e-05,0.0991719622568843,2.6929396159068003e-06,0.09897939533988054,5.651848576594519e-07,0.098786828422877,1.6456853208319336e-06,0.09859426150587325,7.314156981475261e-07,0.09955709609089158,6.0258679676926867e-05,0.09974966300789534,0.00014519067054581759,0.09994222992489887,0.0006668659355542401,0.0,0.0,0.0,0.0,1.0,1.0,1.0,1.0,0.0
64,13:32:27,0,0.09955709609089158,1593017.0,0.0994608126323897,0.09936452917388805,1.2168097523727025e-05,0.0991719622568843,2.676316531857993e-06,0.09897939533988054,5.651848576594519e-07,0.098786828422877,1.6456853208319336e-06,0.09859426150587325,5.984310257570668e-07,0.09955709609089158,5.89953252892175e-05,0.09974966300789534,0.00014628779409303887,0.09994222992489887,0.0006768397859835245,0.0,0.0,0.0,0.0,1.0,1.0,1.0,1.0,1.0
64,13:32:30,0,0.09936452917388805,1524567.0,0.0994608126323897,0.09936452917388805,1.2184720607775832e-05,0.0991719622568843,2.6596934478091856e-06,0.09897939533988054,5.651848576594519e-07,0.098786828422877,1.6789314889295486e-06,0.09859426150587325,5.984310257570668e-07,0.09955709609089158,5.4906046613210876e-05,0.09974966300789534,0.00014652051726972217,0.09994222992489887,0.0006792667562546504,0.0,0.0,0.0,0.0,1.0,1.0,1.0,1.0,0.0
64,13:32:33,0,0.09955709609089158,7188564.0,0.0994608126323897,0.09936452917388805,7.314156981475261e-06,0.0991719622568843,2.5433318594675337e-06,0.09897939533988054,5.818079417082594e-07,0.098786828422877,1.6290622367831262e-06,0.09859426150587325,5.984310257570668e-07,0.09955709609089158,3.941333227972237e-05,0.09974966300789534,0.00014640415568138054,0.09994222992489887,0.0006800480412049443,0.0,0.0,0.0,0.0,1.0,1.0,1.0,1.0,0.0
64,13:32:36,0,0.09955709609089158,3528334.0,0.0994608126323897,0.09936452917388805,7.131303056938379e-06,0.0991719622568843,2.5433318594675337e-06,0.09897939533988054,5.818079417082594e-07,0.098786828422877,1.662308404880741e-06,0.09859426150587325,5.984310257570668e-07,0.09955709609089158,3.783413929508567e-05,0.09974966300789534,0.0001476342639009923,0.09994222992489887,0.0006818765804503131,0.0,0.0,0.0,0.0,1.0,1.0,1.0,1.0,0.0
64,13:32:39,0,0.09936452917388805,1935615.0,0.0994608126323897,0.09936452917388805,8.062195763671593e-06,0.0991719622568843,2.709562699955608e-06,0.09897939533988054,5.818079417082594e-07,0.098786828422877,1.662308404880741e-06,0.09859426150587325,5.984310257570668e-07,0.09955709609089158,3.462588407366584e-05,0.09974966300789534,0.00014849866427153028,0.09994222992489887,0.000683272919510413,0.0,0.0,0.0,0.0,1.0,1.0,1.0,1.0,0.0
64,13:32:42,0,0.09955709609089158,2043957.0,0.0994608126323897,0.09936452917388805,4.4217403569827715e-06,0.0991719622568843,3.0420243809317563e-06,0.09897939533988054,5.818079417082594e-07,0.098786828422877,1.662308404880741e-06,0.09859426150587325,6.316771938546816e-07,0.09955709609089158,3.314642959332198e-05,0.09974966300789534,0.0001503604496849967,0.09994222992489887,0.0006837383658637796,0.0,0.0,0.0,0.0,1.0,1.0,1.0,1.0,0.0
64,13:32:45,0,0.09936452917388805,4133381.0,0.0994608126323897,0.09936452917388805,1.065539687528555e-05,0.0991719622568843,3.0420243809317563e-06,0.09897939533988054,5.818079417082594e-07,0.098786828422877,1.662308404880741e-06,0.09859426150587325,6.316771938546816e-07,0.09955709609089158,3.5723007620887127e-05,0.09974966300789534,0.0001505599266935824,0.09994222992489887,0.0006846193893183664,0.0,0.0,0.0,0.0,1.0,1.0,1.0,1.0,0.0
64,13:32:48,0,0.09936452917388805,1661472.0,0.0994608126323897,0.09936452917388805,9.092826974697653e-06,0.0991719622568843,3.391109145956712e-06,0.09897939533988054,6.150541098058742e-07,0.098786828422877,1.662308404880741e-06,0.09859426150587325,6.316771938546816e-07,0.09955709609089158,3.331266043381005e-05,0.09974966300789534,0.000151025373046949,0.09994222992489887,0.0006854172973527091,0.0,0.0,0.0,0.0,1.0,1.0,1.0,1.0,0.0
64,13:32:51,0,0.09955709609089158,2215214.0,0.0994608126323897,0.09936452917388805,5.13653297108149e-06,0.0991719622568843,3.524093818347171e-06,0.09897939533988054,6.150541098058742e-07,0.098786828422877,1.662308404880741e-06,0.09859426150587325,6.316771938546816e-07,0.09955709609089158,3.178333670131977e-05,0.09974966300789534,0.00015132458855982752,0.09994222992489887,0.0006852178203441235,0.0,0.0,0.0,0.0,1.0,1.0,1.0,1.0,0.0
64,13:32:54,0,0.09936452917388805,1735615.0,0.0994608126323897,0.09936452917388805,1.86178541346643e-06,0.0991719622568843,3.5407169023959785e-06,0.09897939533988054,6.150541098058742e-07,0.098786828422877,1.695554572978356e-06,0.09859426150587325,6.316771938546816e-07,0.09955709609089158,3.030388222097591e-05,0.09974966300789534,0.00015213911967821908,0.09994222992489887,0.0006863980593115888,0.0,0.0,0.0,0.0,1.0,1.0,1.0,1.0,0.0
64,13:32:57,0,0.09936452917388805,1370243.0,0.09926824571538617,0.0991719622568843,3.590586154542401e-06,0.09897939533988054,6.150541098058742e-07,0.098786828422877,1.695554572978356e-06,0.09859426150587325,6.316771938546816e-07,0.09840169458886971,1.662308404880741e-07,0.09936452917388805,2.1610009263449634e-07,0.09955709609089158,2.9389612598291504e-05,0.09974966300789534,0.000153269489393538,0.09994222992489887,0.0006842536814692926,0.0,0.0,1.0,1.0,1.0,1.0,0.0
64,13:33:00,0,0.09936452917388805,1438795.0,0.0994608126323897,0.09936452917388805,1.7121776570271633e-06,0.0991719622568843,4.072655591957816e-06,0.09897939533988054,6.981695300499113e-07,0.098786828422877,1.7288007410759707e-06,0.09859426150587325,6.48300277903489e-07,0.09955709609089158,2.7993273538191678e-05,0.09974966300789534,0.00015431674368861285,0.09994222992489887,0.0006830568194177784,0.0,0.0,0.0,0.0,1.0,1.0,1.0,1.0,0.0
64,13:33:03,0,0.09955709609089158,1079119.0,0.0994608126323897,0.09936452917388805,1.2633543877093633e-06,0.0991719622568843,3.6238323226400156e-06,0.09897939533988054,6.981695300499113e-07,0.098786828422877,1.7288007410759707e-06,0.09859426150587325,6.48300277903489e-07,0.09955709609089158,3.3546214764695794e-05,0.09974966300789534,0.00015473232078983305,0.09994222992489887,0.000684735750906708,0.0,0.0,0.0,0.0,1.0,1.0,1.0,1.0,0.0
64,13:33:06,0,0.09936452917388805,2694734.0,0.0994608126323897,0.09936452917388805,1.097123547221289e-06,0.0991719622568843,4.355248020787542e-06,0.09897939533988054,7.147926140987186e-07,0.098786828422877,1.7288007410759707e-06,0.09859426150587325,6.48300277903489e-07,0.09955709609089158,3.2648568226060195e-05,0.09974966300789534,0.00015564659041251744,0.09994222992489887,0.0006851513280079282,0.0,0.0,0.0,0.0,1.0,1.0,1.0,1.0,0.0
64,13:33:09,0,0.09936452917388805,466780.0,0.0994608126323897,0.09936452917388805,4.874719397312773e-06,0.0991719622568843,4.355248020787542e-06,0.09897939533988054,7.147926140987186e-07,0.098786828422877,1.7288007410759707e-06,0.09859426150587325,7.812849502939483e-07,0.09955709609089158,3.3745691773281483e-05,0.09974966300789534,0.00015591255975729837,0.09994222992489887,0.0006859991052944174,0.0,0.0,0.0,0.0,1.0,1.0,1.0,1.0,0.0
64,13:33:12,0,0.09955709609089158,1958242.0,0.0994608126323897,0.09936452917388805,2.2482721176012025e-06,0.0991719622568843,5.336009979667179e-06,0.09897939533988054,7.147926140987186e-07,0.098786828422877,1.6124391527343189e-06,0.09859426150587325,7.812849502939483e-07,0.09955709609089158,3.367919943708625e-05,0.09974966300789534,0.0001559624290094448,0.09994222992489887,0.0006860655976306127,0.0,0.0,0.0,0.0,1.0,1.0,1.0,1.0,0.0
64,13:33:15,0,0.09936452917388805,1318846.0,0.0994608126323897,0.09936452917388805,1.0680331501358761e-06,0.0991719622568843,5.402502315862409e-06,0.09897939533988054,7.147926140987186e-07,0.098786828422877,1.6124391527343189e-06,0.09859426150587325,7.812849502939483e-07,0.09955709609089158,3.2831422150597077e-05,0.09974966300789534,0.00015669384470759232,0.09994222992489887,0.0006849019817471961,0.0,0.0,0.0,0.0,1.0,1.0,1.0,1.0,0.0
64,13:33:18,0,0.09955709609089158,999144.0,0.0994608126323897,0.09936452917388805,1.865941184478632e-06,0.0991719622568843,6.283525770449201e-06,0.09897939533988054,7.314156981475261e-07,0.098786828422877,1.6290622367831262e-06,0.09859426150587325,7.979080343427557e-07,0.09955709609089158,3.356749231227827e-05,0.09974966300789534,0.00015710942180881252,0.09994222992489887,0.0006841539429649998,0.0,0.0,0.0,0.0,1.0,1.0,1.0,1.0,0.0
64,13:33:21,0,0.09955709609089158,3573875.0,0.0994608126323897,0.09936452917388805,1.3672486630144096e-06,0.0991719622568843,6.5993643673765425e-06,0.09897939533988054,7.314156981475261e-07,0.098786828422877,1.6290622367831262e-06,0.09859426150587325,1.1303697153189038e-06,0.09955709609089158,3.3534246144180655e-05,0.09974966300789534,0.00015752499891003268,0.09994222992489887,0.0006847025047386104,0.0,0.0,0.0,0.0,1.0,1.0,1.0,0.0,0.0
64,13:33:24,0,0.09955709609089158,2072616.0,0.0994608126323897,0.09936452917388805,1.998925856869091e-06,0.0991719622568843,6.798841375962231e-06,0.09897939533988054,7.314156981475261e-07,0.098786828422877,1.6290622367831262e-06,0.09859426150587325,1.1137466312700965e-06,0.09955709609089158,3.7058339962527825e-05,0.09974966300789534,0.00015814005301983857,0.09994222992489887,0.0006836552504435355,0.0,0.0,0.0,0.0,1.0,1.0,1.0,0.0,0.0
64,13:33:27,0,0.09955709609089158,907777.0,0.0994608126323897,0.09936452917388805,8.18686889403765e-07,0.0991719622568843,6.748972123815809e-06,0.09897939533988054,7.314156981475261e-07,0.098786828422877,1.6290622367831262e-06,0.09859426150587325,1.1137466312700965e-06,0.09955709609089158,3.7141455382771865e-05,0.09974966300789534,0.00015878835329774207,0.09994222992489887,0.0006848022432429032,0.0,0.0,0.0,0.0,1.0,1.0,1.0,1.0,0.0
64,13:33:30,0,0.09955709609089158,616625.0,0.0994608126323897,0.09936452917388805,3.3952649169689135e-06,0.0991719622568843,6.765595207864616e-06,0.09897939533988054,7.480387821963335e-07,0.098786828422877,1.6290622367831262e-06,0.09859426150587325,1.1137466312700965e-06,0.09955709609089158,4.063230303302142e-05,0.09974966300789534,0.0001588880918020349,0.09994222992489887,0.0006853175588484163,0.0,0.0,0.0,0.0,1.0,1.0,1.0,0.0,0.0
64,13:33:33,0,0.09936452917388805,1079065.0,0.0994608126323897,0.09936452917388805,1.6830872599417504e-06,0.0991719622568843,6.782218291913424e-06,0.09897939533988054,7.480387821963335e-07,0.098786828422877,1.6290622367831262e-06,0.09859426150587325,1.1137466312700965e-06,0.09955709609089158,4.03663336882405e-05,0.09974966300789534,0.00015945327665969436,0.09994222992489887,0.0006850515895036354,0.0,0.0,0.0,0.0,1.0,1.0,1.0,0.0,0.0
64,13:33:36,0,0.09936452917388805,1039150.0,0.0994608126323897,0.09936452917388805,1.3506255789656022e-06,0.0991719622568843,6.815464460011038e-06,0.09897939533988054,7.480387821963335e-07,0.098786828422877,1.5958160686855115e-06,0.09859426150587325,1.1137466312700965e-06,0.09955709609089158,3.870402528335976e-05,0.09974966300789534,0.00016016806927379306,0.09994222992489887,0.0006847191278226592,0.0,0.0,0.0,0.0,1.0,1.0,1.0,0.0,0.0
64,13:33:39,0,0.09955709609089158,605184.0,0.0994608126323897,0.09936452917388805,2.314764453796432e-06,0.0991719622568843,6.815464460011038e-06,0.09897939533988054,7.480387821963335e-07,0.098786828422877,1.5958160686855115e-06,0.09859426150587325,1.1137466312700965e-06,0.09955709609089158,3.863753294716453e-05,0.09974966300789534,0.00016242880870443087,0.09994222992489887,0.0006855004127729532,0.0,0.0,0.0,0.0,1.0,1.0,1.0,0.0,0.0
64,13:33:42,0,0.09936452917388805,473883.0,0.0994608126323897,0.09936452917388805,1.6830872599417504e-06,0.0991719622568843,6.948449132401498e-06,0.09897939533988054,7.480387821963335e-07,0.098786828422877,1.579192984636704e-06,0.09859426150587325,1.1968620515141336e-06,0.09955709609089158,3.8620909863115724e-05,0.09974966300789534,0.0001631602244025784,0.09994222992489887,0.000691734069291256,0.0,0.0,0.0,0.0,1.0,1.0,1.0,0.0,0.0
64,13:33:45,0,0.09955709609089158,576683.0,0.0994608126323897,0.09936452917388805,1.5002333354048688e-06,0.0991719622568843,7.0149414685967275e-06,0.09897939533988054,7.480387821963335e-07,0.098786828422877,1.579192984636704e-06,0.09859426150587325,1.1968620515141336e-06,0.09955709609089158,4.044944910848454e-05,0.09974966300789534,0.00016437370953814134,0.09994222992489887,0.0006916343307869631,0.0,0.0,0.0,0.0,1.0,1.0,1.0,0.0,0.0
64,13:33:48,0,0.09955709609089158,530980.0,0.0994608126323897,0.09936452917388805,3.810842018189099e-06,0.0991719622568843,7.06481072074315e-06,0.09897939533988054,7.480387821963335e-07,0.098786828422877,1.6290622367831262e-06,0.09859426150587325,1.1968620515141336e-06,0.09955709609089158,4.011698742750839e-05,0.09974966300789534,0.0001649887636479472,0.09994222992489887,0.0006914016076102798,0.0,0.0,0.0,0.0,1.0,1.0,1.0,0.0,0.0
64,13:33:51,0,0.09955709609089158,1227546.0,0.0994608126323897,0.09936452917388805,2.5807337985773505e-06,0.0991719622568843,7.081433804791957e-06,0.09897939533988054,7.480387821963335e-07,0.098786828422877,1.6290622367831262e-06,0.09859426150587325,1.1968620515141336e-06,0.09955709609089158,3.863753294716453e-05,0.09974966300789534,0.0001654209638332162,0.09994222992489887,0.0006896894299532526,0.0,0.0,0.0,0.0,1.0,1.0,1.0,0.0,0.0
64,13:33:54,0,0.09955709609089158,245491.0,0.0994608126323897,0.09936452917388805,3.3453956648224916e-06,0.0991719622568843,7.231041561231224e-06,0.09897939533988054,7.480387821963335e-07,0.098786828422877,1.6290622367831262e-06,0.09859426150587325,1.2799774717581707e-06,0.09955709609089158,3.9302456309116825e-05,0.09974966300789534,0.00016553732542155786,0.09994222992489887,0.0006888084064986658,0.0,0.0,0.0,0.0,1.0,1.0,1.0,0.0,0.0
64,13:33:57,0,0.09936452917388805,2199543.0,0.09926824571538617,0.0991719622568843,7.2642877293288384e-06,0.09897939533988054,7.480387821963335e-07,0.098786828422877,1.6290622367831262e-06,0.09859426150587325,1.2799774717581707e-06,0.09840169458886971,1.662308404880741e-07,0.09936452917388805,6.233656518302779e-08,0.09955709609089158,3.787287108091939e-05,0.09974966300789534,0.00016610251027921732,0.09994222992489887,0.0006894899529446669,0.0,0.0,1.0,1.0,1.0,0.0,0.0
64,13:34:00,0,0.09936452917388805,508157.0,0.09926824571538617,0.0991719622568843,7.364026233621683e-06,0.09897939533988054,7.480387821963335e-07,0.098786828422877,1.6290622367831262e-06,0.09859426150587325,1.2799774717581707e-06,0.09840169458886971,1.662308404880741e-07,0.09936452917388805,1.0306312110260596e-06,0.09955709609089158,3.7436515124638195e-05,0.09974966300789534,0.00016618562569946135,0.09994222992489887,0.0006921995156446226,0.0,0.0,1.0,1.0,1.0,0.0,0.0
64,13:34:03,0,0.09936452917388805,399624.0,0.09926824571538617,0.0991719622568843,7.3972724017192975e-06,0.09897939533988054,7.480387821963335e-07,0.098786828422877,1.6290622367831262e-06,0.09859426150587325,1.2799774717581707e-06,0.09840169458886971,1.662308404880741e-07,0.09936452917388805,6.815464460011039e-07,0.09955709609089158,3.918193894976297e-05,0.09974966300789534,0.0001662687411197054,0.09994222992489887,0.0006939449394697474,0.0,0.0,1.0,1.0,1.0,0.0,0.0
64,13:34:06,0,0.09936452917388805,325393.0,0.09926824571538617,0.0991719622568843,6.981695300499112e-06,0.09897939533988054,7.480387821963335e-07,0.098786828422877,1.6456853208319336e-06,0.09859426150587325,1.2799774717581707e-06,0.09840169458886971,1.662308404880741e-07,0.09936452917388805,5.651848576594519e-07,0.09955709609089158,4.0378801001277105e-05,0.09974966300789534,0.00016663444896877915,0.09994222992489887,0.0006950919322691151,0.0,0.0,1.0,1.0,1.0,0.0,0.0
64,13:34:09,0,0.0991719622568843,4990568.0,0.0994608126323897,0.09936452917388805,3.324616809761482e-08,0.0991719622568843,6.865001250476484e-06,0.09897939533988054,7.979080343427557e-07,0.098786828422877,1.6456853208319336e-06,0.09859426150587325,1.2633543877093633e-06,0.09955709609089158,2.7861618712525125e-05,0.09974966300789534,0.00016681730289331605,0.09994222992489887,0.0006955740017065304,0.0,0.0,0.0,0.0,1.0,1.0,1.0,0.0,0.0
64,13:34:12,0,0.09936452917388805,205535.0,0.0994608126323897,0.09936452917388805,4.820694374154149e-07,0.0991719622568843,7.712778536965663e-06,0.09897939533988054,7.979080343427557e-07,0.098786828422877,1.6124391527343189e-06,0.09859426150587325,1.2633543877093633e-06,0.09955709609089158,2.854316515852623e-05,0.09974966300789534,0.00016769832634790284,0.09994222992489887,0.0006959230864715554,0.0,0.0,0.0,0.0,1.0,1.0,1.0,0.0,0.0
64,13:34:15,0,0.09955709609089158,1998352.0,0.0994608126323897,0.09936452917388805,1.9947700858568893e-07,0.0991719622568843,7.762647789112085e-06,0.09897939533988054,8.145311183915631e-07,0.098786828422877,1.6124391527343189e-06,0.09859426150587325,1.2799774717581707e-06,0.09955709609089158,2.591671787881466e-05,0.09974966300789534,0.00016803078802887897,0.09994222992489887,0.0006959064633875066,0.0,0.0,0.0,0.0,1.0,1.0,1.0,0.0,0.0
64,13:34:18,0,0.09936452917388805,296878.0,0.09926824571538617,0.0991719622568843,8.028617133893003e-06,0.09897939533988054,8.145311183915631e-07,0.098786828422877,1.6124391527343189e-06,0.09859426150587325,1.296600555806978e-06,0.09840169458886971,1.662308404880741e-07,0.09936452917388805,1.8285392453688153e-07,0.09955709609089158,2.6432033484327687e-05,0.09974966300789534,0.00016907804232395385,0.09994222992489887,0.0006964384020770684,0.0,0.0,1.0,1.0,1.0,0.0,0.0
64,13:34:21,0,0.09936452917388805,5846972.0,0.0994608126323897,0.09936452917388805,2.7428088680532227e-06,0.0991719622568843,8.095109470088233e-06,0.09897939533988054,8.145311183915631e-07,0.098786828422877,1.6124391527343189e-06,0.09859426150587325,1.296600555806978e-06,0.09955709609089158,1.082295756249753e-05,0.09974966300789534,0.00016952686559327165,0.09994222992489887,0.0006967874868420934,0.0,0.0,0.0,0.0,1.0,1.0,0.0,0.0,0.0
64,13:34:24,0,0.0991719622568843,3693492.0,0.09926824571538617,0.0991719622568843,2.6926071542258242e-06,0.09897939533988054,8.145311183915631e-07,0.098786828422877,1.6124391527343189e-06,0.09859426150587325,1.3797159760510151e-06,0.09840169458886971,1.662308404880741e-07,0.09936452917388805,4.820694374154149e-07,0.09955709609089158,1.0407380461277343e-05,0.09974966300789534,0.00016970971951780852,0.09994222992489887,0.0006971864408592648,0.0,0.0,1.0,1.0,1.0,0.0,0.0
64,13:34:27,0,0.09936452917388805,536599.0,0.09926824571538617,0.0991719622568843,2.476507061591328e-06,0.09897939533988054,8.145311183915631e-07,0.098786828422877,1.6124391527343189e-06,0.09859426150587325,1.3797159760510151e-06,0.09840169458886971,1.662308404880741e-07,0.09936452917388805,3.0918936330781783e-06,0.09955709609089158,1.1354896252059366e-05,0.09974966300789534,0.00017155488184722613,0.09994222992489887,0.0007023562199984438,0.0,0.0,1.0,1.0,1.0,0.0,0.0
64,13:34:30,0,0.09936452917388805,1712686.0,0.0994608126323897,0.09936452917388805,1.2633543877093633e-05,0.0991719622568843,2.4100147253960986e-06,0.09897939533988054,8.145311183915631e-07,0.098786828422877,1.6124391527343189e-06,0.09859426150587325,1.3797159760510151e-06,0.09955709609089158,1.241877363118304e-05,0.09974966300789534,0.00017178760502390946,0.09994222992489887,0.0007070771758683052,0.0,0.0,0.0,0.0,1.0,1.0,0.0,0.0,0.0
64,13:34:33,0,0.09936452917388805,2306438.0,0.0994608126323897,0.09936452917388805,6.399887358790853e-06,0.0991719622568843,5.485285274425469e-06,0.09897939533988054,8.311542024403705e-07,0.098786828422877,1.6124391527343189e-06,0.09859426150587325,1.3797159760510151e-06,0.09955709609089158,1.268474297596396e-05,0.09974966300789534,0.00017029152745951678,0.09994222992489887,0.0007081078070793312,0.0,0.0,0.0,0.0,1.0,1.0,0.0,0.0,0.0
64,13:34:36,0,0.09936452917388805,513843.0,0.0994608126323897,0.09936452917388805,6.682479787620579e-06,0.0991719622568843,5.535154526571892e-06,0.09897939533988054,8.311542024403705e-07,0.098786828422877,1.6124391527343189e-06,0.09859426150587325,1.3132236398557854e-06,0.09955709609089158,1.2917466152647263e-05,0.09974966300789534,0.000170358019795712,0.09994222992489887,0.0007076756068940623,0.0,0.0,0.0,0.0,1.0,1.0,0.0,0.0,0.0
64,13:34:39,0,0.09936452917388805,1998176.0,0.0994608126323897,0.09936452917388805,2.194247094442578e-06,0.0991719622568843,5.568400694669507e-06,0.09897939533988054,8.976465386356002e-07,0.098786828422877,1.6124391527343189e-06,0.09859426150587325,1.3132236398557854e-06,0.09955709609089158,1.2734612228110382e-05,0.09974966300789534,0.0001703413967116632,0.09994222992489887,0.000708307284087917,0.0,0.0,0.0,0.0,1.0,1.0,0.0,0.0,0.0
64,13:34:42,0,0.09936452917388805,1821184.0,0.09926824571538617,0.0991719622568843,5.5185314425230845e-06,0.09897939533988054,8.976465386356002e-07,0.098786828422877,1.6789314889295486e-06,0.09859426150587325,1.3132236398557854e-06,0.09840169458886971,1.8285392453688153e-07,0.09936452917388805,9.175942394941691e-06,0.09955709609089158,1.3283174001721026e-05,0.09974966300789534,0.0001703413967116632,0.09994222992489887,0.0007093046691308454,0.0,0.0,1.0,1.0,0.0,0.0,0.0
64,13:34:45,0,0.0991719622568843,1375867.0,0.09926824571538617,0.0991719622568843,5.5019083584742764e-06,0.09897939533988054,8.976465386356002e-07,0.098786828422877,1.6789314889295486e-06,0.09859426150587325,1.3464698079534002e-06,0.09840169458886971,1.8285392453688153e-07,0.09936452917388805,7.181172309084802e-06,0.09955709609089158,2.0547461731049864e-05,0.09974966300789534,0.0001705741198883465,0.09994222992489887,0.0007094708999713335,0.0,0.0,1.0,1.0,0.0,0.0,0.0
64,13:34:48,0,0.0991719622568843,251190.0,0.09926824571538617,0.0991719622568843,5.6515161149135435e-06,0.09897939533988054,8.976465386356002e-07,0.098786828422877,1.6789314889295486e-06,0.09859426150587325,1.3464698079534002e-06,0.09840169458886971,1.8285392453688153e-07,0.09936452917388805,6.765595207864616e-06,0.09955709609089158,2.2126654715686567e-05,0.09974966300789534,0.00017049100446810247,0.09994222992489887,0.0007107508774430916,0.0,0.0,1.0,0.0,0.0,0.0,0.0
64,13:34:51,0,0.09936452917388805,1683912.0,0.09926824571538617,0.0991719622568843,2.027683792273528e-06,0.09897939533988054,8.810234545867927e-07,0.098786828422877,1.6789314889295486e-06,0.09859426150587325,1.3464698079534002e-06,0.09840169458886971,1.8285392453688153e-07,0.09936452917388805,1.0738512295529587e-05,0.09955709609089158,2.3639355364128042e-05,0.09974966300789534,0.00017052425063620008,0.09994222992489887,0.0007104350388461643,0.0,0.0,1.0,0.0,0.0,0.0,0.0
64,13:34:54,0,0.0991719622568843,279712.0,0.09926824571538617,0.0991719622568843,1.5954836070045354e-06,0.09897939533988054,8.810234545867927e-07,0.098786828422877,1.695554572978356e-06,0.09859426150587325,1.3298467239045928e-06,0.09840169458886971,1.8285392453688153e-07,0.09936452917388805,1.123720481699381e-05,0.09955709609089158,2.4271032557982723e-05,0.09974966300789534,0.0001705741198883465,0.09994222992489887,0.0007119144933265081,0.0,0.0,1.0,0.0,0.0,0.0,0.0
64,13:34:57,0,0.09936452917388805,836832.0,0.09926824571538617,0.0991719622568843,2.0843685088799614e-06,0.09897939533988054,8.810234545867927e-07,0.098786828422877,1.7288007410759707e-06,0.09859426150587325,1.3298467239045928e-06,0.09840169458886971,1.8285392453688153e-07,0.09936452917388805,9.923981177138025e-06,0.09955709609089158,2.430427872608034e-05,0.09974966300789534,0.0001705741198883465,0.09994222992489887,0.0007119144933265081,0.0,0.0,1.0,1.0,0.0,0.0,0.0
64,13:35:00,0,0.09936452917388805,1421435.0,0.09926824571538617,0.0991719622568843,5.716678604384869e-07,0.09897939533988054,8.810234545867927e-07,0.098786828422877,1.7288007410759707e-06,0.09859426150587325,1.3298467239045928e-06,0.09840169458886971,1.8285392453688153e-07,0.09936452917388805,7.82947258698829e-06,0.09955709609089158,2.468660965920291e-05,0.09974966300789534,0.0001705907429723953,0.09994222992489887,0.0005785308669188775,0.0,0.0,1.0,0.0,0.0,0.0,0.0
64,13:35:03,0,0.0991719622568843,319682.0,0.09926824571538617,0.0991719622568843,7.877679530729832e-07,0.09897939533988054,3.79006316312809e-06,0.098786828422877,1.7288007410759707e-06,0.09859426150587325,1.3298467239045928e-06,0.09840169458886971,1.8285392453688153e-07,0.09936452917388805,8.012326511525173e-06,0.09955709609089158,2.531828685305759e-05,0.09974966300789534,0.00017245252838586175,0.09994222992489887,0.0005781984052379013,0.0,0.0,0.0,0.0,0.0,0.0,0.0
64,13:35:06,0,0.0991719622568843,650753.0,0.09926824571538617,0.0991719622568843,6.48300277903489e-09,0.09897939533988054,3.806686247176897e-06,0.098786828422877,1.7288007410759707e-06,0.09859426150587325,1.3797159760510151e-06,0.09840169458886971,1.8285392453688153e-07,0.09936452917388805,7.463764737914528e-06,0.09955709609089158,5.066849002748889e-05,0.09974966300789534,0.00017243590530181295,0.09994222992489887,0.0005787635900955608,0.0,0.0,0.0,0.0,0.0,0.0,0.0
64,13:35:09,0,0.0991719622568843,1001218.0,0.09926824571538617,0.0991719622568843,1.662308404880741e-07,0.09897939533988054,3.607209238591208e-06,0.098786828422877,1.7288007410759707e-06,0.09859426150587325,1.4129621441486299e-06,0.09840169458886971,1.8285392453688153e-07,0.09936452917388805,8.654143786649627e-06,0.09955709609089158,5.125029796919715e-05,0.09974966300789534,0.0002053329886344028,0.09994222992489887,0.0005799604521470749,0.0,0.0,0.0,0.0,0.0,0.0,0.0
64,13:35:12,0,0.0991719622568843,462309.0,0.09907567879838242,0.09897939533988054,2.8259242882972598e-06,0.098786828422877,1.7288007410759707e-06,0.09859426150587325,1.4129621441486299e-06,0.09840169458886971,1.8285392453688153e-07,0.09820912767186596,3.4908476502495563e-07,0.0991719622568843,7.147926140987186e-07,0.09936452917388805,1.2377714613582486e-05,0.09955709609089158,5.138328264158761e-05,0.09974966300789534,0.00020526649629820756,0.09994222992489887,0.0005793620211213178,1.0,0.0,0.0,0.0,0.0
64,13:35:15,0,0.09897939533988054,1849102.0,0.09888311188137866,0.098786828422877,1.7121776570271633e-06,0.09859426150587325,1.4129621441486299e-06,0.09840169458886971,1.8285392453688153e-07,0.09820912767186596,3.4908476502495563e-07,0.09801656075486243,3.6570784907376306e-07,0.09897939533988054,6.150541098058742e-07,0.0991719622568843,1.8784084975152373e-06,0.09936452917388805,1.2494076201924137e-05,0.09955709609089158,5.1333413389441186e-05,0.09974966300789534,0.00020526649629820756,0.0,0.0,0.0,0.0,0.0
64,13:35:18,0,0.09859426150587325,1643562.0,0.09869054496437513,0.09859426150587325,1.3797159760510151e-06,0.09840169458886971,1.8285392453688153e-07,0.09820912767186596,3.4908476502495563e-07,0.09801656075486243,3.6570784907376306e-07,0.09782399383785867,4.887186710349379e-06,0.098786828422877,1.662308404880741e-07,0.09897939533988054,3.4848633399919857e-06,0.0991719622568843,1.296600555806978e-06,0.09936452917388805,1.2460830033826523e-05,0.09955709609089158,6.030987877579719e-05,1.0,0.0,0.0,0.0,1.0
64,13:35:21,0,0.09859426150587325,1488651.0,0.09820912767186596,0.09782399383785867,3.839932415274512e-06,0.09763142692085491,1.258367462494721e-05,0.09743886000385138,1.3963390600998225e-06,0.09724629308684762,1.0306312110260596e-06,0.09705372616984409,1.329846723904593e-07,0.09859426150587325,1.014008126977252e-06,0.098786828422877,3.4243553140543267e-06,0.09897939533988054,4.814710063896578e-06,0.0991719622568843,1.6290622367831262e-06,0.09936452917388805,1.2460830033826523e-05,1.0,1.0,1.0,0.0,1.0
64,13:35:24,0,0.09859426150587325,125454.0,0.09830541113036784,0.09801656075486243,8.311542024403705e-08,0.09782399383785867,1.6789314889295486e-06,0.09763142692085491,1.2633543877093633e-05,0.09743886000385138,1.3963390600998225e-06,0.09724629308684762,1.0306312110260596e-06,0.09859426150587325,5.7685426266171475e-06,0.098786828422877,3.4243553140543267e-06,0.09897939533988054,5.047433240579883e-06,0.0991719622568843,1.7952930772712004e-06,0.09936452917388805,1.3109130311730012e-05,1.0,1.0,0.0,0.0,1.0
64,13:35:27,0,0.098786828422877,3222224.0,0.09888311188137866,0.098786828422877,8.017313436739814e-07,0.09801656075486243,9.973850429284447e-08,0.09782399383785867,1.695554572978356e-06,0.09763142692085491,1.258367462494721e-05,0.09743886000385138,1.3963390600998225e-06,0.09897939533988054,5.113925576775112e-06,0.0991719622568843,1.8451623294176226e-06,0.09936452917388805,1.3192245731974049e-05,0.09955709609089158,6.035974802794361e-05,0.09974966300789534,0.00020679582003069785,0.0,0.0,0.0,0.0,1.0
64,13:35:30,0,0.09763142692085491,4338175.0,0.09772771037935679,0.09763142692085491,3.1788323626534413e-06,0.09743886000385138,1.3963390600998225e-06,0.09724629308684762,1.047254295074867e-06,0.09705372616984409,1.329846723904593e-07,0.09686115925284033,6.316771938546816e-07,0.09782399383785867,4.9869252146422234e-08,0.09859426150587325,3.324616809761482e-08,0.098786828422877,3.324616809761482e-07,0.09897939533988054,5.180417912970342e-06,0.0991719622568843,2.2607394306378077e-06,1.0,1.0,1.0,1.0,1.0
64,13:35:33,0,0.09801656075486243,1049436.0,0.09830541113036784,0.09801656075486243,2.061262422052119e-06,0.09782399383785867,1.662308404880741e-08,0.09763142692085491,3.2619477828974784e-06,0.09743886000385138,1.3963390600998225e-06,0.09724629308684762,1.047254295074867e-06,0.09859426150587325,4.1557710122018525e-07,0.098786828422877,3.9895401717137787e-07,0.09897939533988054,5.197040997019149e-06,0.0991719622568843,2.31060868278423e-06,0.09936452917388805,1.2992768723388361e-05,0.0,1.0,0.0,1.0,1.0
64,13:35:36,0,0.09859426150587325,507547.0,0.09830541113036784,0.09801656075486243,9.807619588796372e-07,0.09782399383785867,1.496077564392667e-07,0.09763142692085491,3.6775248841176635e-06,0.09743886000385138,1.3963390600998225e-06,0.09724629308684762,9.475157907820225e-07,0.09859426150587325,6.649233619522964e-08,0.098786828422877,1.296600555806978e-06,0.09897939533988054,5.197040997019149e-06,0.0991719622568843,2.2773625146866152e-06,0.09936452917388805,1.2693553210509827e-05,1.0,0.0,0.0,1.0,1.0
64,13:35:39,0,0.09763142692085491,830505.0,0.0980165607548622,0.09763142692085491,3.550358291144287e-06,0.09743886000385138,1.3963390600998225e-06,0.09724629308684762,9.475157907820225e-07,0.09705372616984409,1.329846723904593e-07,0.09686115925284033,6.316771938546816e-07,0.09840169458886971,3.324616809761482e-07,0.09859426150587325,2.182610935608413e-05,0.098786828422877,1.296600555806978e-06,0.09897939533988054,5.053417550837453e-06,0.0991719622568843,2.2773625146866152e-06,1.0,1.0,0.0,1.0,1.0
64,13:35:42,0,0.09801656075486243,1721711.0,0.09782399383785867,0.09763142692085491,5.582031623589528e-07,0.09743886000385138,1.3963390600998225e-06,0.09724629308684762,9.475157907820225e-07,0.09705372616984409,1.329846723904593e-07,0.09686115925284033,6.316771938546816e-07,0.09801656075486243,1.662308404880741e-08,0.09840169458886971,3.4908476502495563e-07,0.09859426150587325,2.1526893843205598e-05,0.098786828422877,1.7620469091735855e-06,0.09897939533988054,4.222263348397082e-06,1.0,1.0,1.0,1.0,1.0
64,13:35:45,0,0.09763142692085491,381943.0,0.09782399383785867,0.09763142692085491,9.405340954815234e-07,0.09743886000385138,1.3963390600998225e-06,0.09724629308684762,9.475157907820225e-07,0.09705372616984409,1.329846723904593e-07,0.09686115925284033,6.316771938546816e-07,0.09801656075486243,4.9869252146422234e-08,0.09840169458886971,8.311542024403705e-07,0.09859426150587325,2.1144562910083027e-05,0.098786828422877,2.094508590149734e-06,0.09897939533988054,4.322001852689927e-06,1.0,1.0,1.0,1.0,1.0
64,13:35:48,0,0.09763142692085491,1131919.0,0.09753514346235326,0.09743886000385138,1.3963390600998225e-06,0.09724629308684762,9.475157907820225e-07,0.09705372616984409,1.329846723904593e-07,0.09686115925284033,6.316771938546816e-07,0.0966685923358368,2.2108701784913857e-06,0.09763142692085491,1.2259524485995465e-06,0.09801656075486243,1.0672019959334357e-07,0.09820912767186596,1.662308404880741e-08,0.09840169458886971,1.0805004631724817e-06,0.09859426150587325,2.1144562910083027e-05,1.0,1.0,1.0,1.0,1.0
64,13:35:51,0,0.09782399383785867,1491878.0,0.09782399383785867,0.09763142692085491,7.064810720743149e-08,0.09724629308684762,8.644003705379854e-07,0.09705372616984409,2.992155128785334e-07,0.09686115925284033,6.316771938546816e-07,0.0966685923358368,2.2108701784913857e-06,0.09801656075486243,1.399663676909584e-07,0.09820912767186596,1.662308404880741e-08,0.09840169458886971,1.1636158834165188e-06,0.09859426150587325,2.1144562910083027e-05,0.098786828422877,1.994770085856889e-06,1.0,1.0,1.0,1.0,1.0
64,13:35:54,0,0.09763142692085491,458472.0,0.09792027729636055,0.09763142692085491,6.288512695663843e-07,0.09743886000385138,1.8119161613200078e-06,0.09724629308684762,8.644003705379854e-07,0.09705372616984409,2.992155128785334e-07,0.09686115925284033,6.316771938546816e-07,0.09820912767186596,4.1557710122018525e-07,0.09840169458886971,1.246731303660556e-06,0.09859426150587325,2.1144562910083027e-05,0.098786828422877,1.994770085856889e-06,0.09897939533988054,4.30537876864112e-06,1.0,0.0,0.0,1.0,1.0
64,13:35:57,0,0.09763142692085491,541522.0,0.09753514346235326,0.09743886000385138,1.6927286486900585e-06,0.09724629308684762,8.47777286489178e-07,0.09705372616984409,2.992155128785334e-07,0.09686115925284033,6.316771938546816e-07,0.0966685923358368,2.2108701784913857e-06,0.09763142692085491,1.0346207511977733e-06,0.09801656075486243,6.649233619522964e-08,0.09820912767186596,4.820694374154149e-07,0.09840169458886971,1.246731303660556e-06,0.09859426150587325,2.157676309535202e-05,1.0,1.0,1.0,1.0,1.0
64,13:36:00,0,0.09763142692085491,725303.0,0.09782399383785867,0.09763142692085491,4.115875610484715e-07,0.09743886000385138,1.6927286486900585e-06,0.09724629308684762,8.47777286489178e-07,0.09705372616984409,2.992155128785334e-07,0.09686115925284033,7.979080343427557e-07,0.09801656075486243,7.147926140987186e-07,0.09820912767186596,5.153156055130298e-07,0.09840169458886971,1.4628313962950522e-06,0.09859426150587325,2.1593386179400827e-05,0.098786828422877,1.994770085856889e-06,1.0,1.0,1.0,1.0,1.0
64,13:36:03,0,0.09763142692085491,877861.0,0.09782399383785867,0.09763142692085491,1.6789314889295486e-06,0.09743886000385138,1.1568004189565076e-06,0.09724629308684762,8.47777286489178e-07,0.09705372616984409,2.992155128785334e-07,0.09686115925284033,7.979080343427557e-07,0.09801656075486243,1.1636158834165187e-07,0.09820912767186596,5.818079417082594e-07,0.09840169458886971,1.4628313962950522e-06,0.09859426150587325,2.1659878515596055e-05,0.098786828422877,1.994770085856889e-06,1.0,0.0,1.0,1.0,1.0
64,13:36:06,0,0.09763142692085491,1179907.0,0.09753514346235326,0.09743886000385138,9.573234103708189e-07,0.09724629308684762,9.30892706733215e-07,0.09705372616984409,1.3630928920022078e-06,0.09686115925284033,7.979080343427557e-07,0.0966685923358368,2.2607394306378077e-06,0.09763142692085491,4.504855777226808e-06,0.09801656075486243,1.1636158834165187e-07,0.09820912767186596,5.818079417082594e-07,0.09840169458886971,1.4628313962950522e-06,0.09859426150587325,2.169312468369367e-05,1.0,1.0,1.0,1.0,1.0
64,13:36:09,0,0.09763142692085491,605061.0,0.09753514346235326,0.09743886000385138,1.4013259853144647e-07,0.09724629308684762,9.30892706733215e-07,0.09705372616984409,1.3630928920022078e-06,0.09686115925284033,7.979080343427557e-07,0.0966685923358368,2.2607394306378077e-06,0.09763142692085491,6.1837872661563565e-06,0.09782399383785867,1.662308404880741e-08,0.09801656075486243,1.7786699932223928e-06,0.09820912767186596,6.649233619522964e-07,0.09840169458886971,1.5625699005878965e-06,1.0,0.0,1.0,1.0,1.0
64,13:36:12,0,0.09743886000385138,595221.0,0.0973425765453495,0.09724629308684762,1.6290622367831262e-06,0.09705372616984409,1.3630928920022078e-06,0.09686115925284033,8.311542024403705e-07,0.0966685923358368,2.2607394306378077e-06,0.09647602541883304,6.150541098058742e-07,0.09743886000385138,3.307993725712675e-06,0.09763142692085491,5.960539247380873e-06,0.09782399383785867,2.659693447809186e-07,0.09801656075486243,2.061262422052119e-06,0.09820912767186596,2.493462607321112e-06,1.0,1.0,1.0,1.0,1.0
64,13:36:15,0,0.09743886000385138,1436140.0,0.0973425765453495,0.09724629308684762,1.496077564392667e-06,0.09705372616984409,1.3630928920022078e-06,0.09686115925284033,8.311542024403705e-07,0.0966685923358368,2.2607394306378077e-06,0.09647602541883304,6.150541098058742e-07,0.09743886000385138,1.1469927993677114e-06,0.09763142692085491,9.534502317874467e-06,0.09782399383785867,2.659693447809186e-07,0.09801656075486243,2.144377842296156e-06,0.09820912767186596,2.227493262540193e-06,1.0,1.0,1.0,1.0,1.0
64,13:36:18,0,0.09724629308684762,2299736.0,0.09743886000385116,0.09724629308684762,1.0056965849528484e-06,0.09705372616984409,1.3797159760510151e-06,0.09686115925284033,8.311542024403705e-07,0.0966685923358368,2.2607394306378077e-06,0.09647602541883304,6.150541098058742e-07,0.09763142692085491,5.561585230209495e-06,0.09782399383785867,2.659693447809186e-07,0.09801656075486243,2.144377842296156e-06,0.09820912767186596,2.194247094442578e-06,0.09840169458886971,3.125139801175793e-06,1.0,0.0,1.0,1.0,1.0
64,13:36:21,0,0.09724629308684762,398892.0,0.0973425765453495,0.09724629308684762,4.0726555919578156e-07,0.09705372616984409,1.3797159760510151e-06,0.09686115925284033,8.311542024403705e-07,0.0966685923358368,2.3272317668330376e-06,0.09647602541883304,6.150541098058742e-07,0.09743886000385138,1.329846723904593e-07,0.09763142692085491,5.727816070697569e-06,0.09782399383785867,2.659693447809186e-07,0.09801656075486243,2.061262422052119e-06,0.09820912767186596,2.194247094442578e-06,1.0,1.0,1.0,1.0,1.0
64,13:36:24,0,0.09724629308684762,1111271.0,0.09715000962834575,0.09705372616984409,8.394657444647743e-07,0.09686115925284033,8.311542024403705e-07,0.0966685923358368,2.3272317668330376e-06,0.09647602541883304,6.150541098058742e-07,0.09628345850182929,3.0918936330781783e-06,0.09724629308684762,9.059580806600039e-07,0.09743886000385138,5.319386895618372e-07,0.09763142692085491,4.4217403569827715e-06,0.09782399383785867,2.659693447809186e-07,0.09801656075486243,2.061262422052119e-06,1.0,1.0,1.0,1.0,1.0
64,13:36:27,0,0.09724629308684762,427346.0,0.09715000962834575,0.09705372616984409,7.729734082695446e-07,0.09686115925284033,8.311542024403705e-07,0.0966685923358368,2.1610009263449634e-06,0.09647602541883304,6.150541098058742e-07,0.09628345850182929,3.0918936330781783e-06,0.09724629308684762,1.662308404880741e-08,0.09743886000385138,9.142696226844076e-07,0.09763142692085491,5.0866637189350674e-06,0.09782399383785867,3.158385969273408e-07,0.09801656075486243,2.061262422052119e-06,1.0,1.0,1.0,1.0,1.0
64,13:36:30,0,0.09724629308684762,294397.0,0.0973425765453495,0.09724629308684762,1.662308404880741e-08,0.09705372616984409,4.626204290783102e-07,0.09686115925284033,8.976465386356002e-07,0.0966685923358368,2.1610009263449634e-06,0.09647602541883304,6.150541098058742e-07,0.09743886000385138,1.0638773791236743e-06,0.09763142692085491,5.419125399911216e-06,0.09782399383785867,5.651848576594519e-07,0.09801656075486243,2.061262422052119e-06,0.09820912767186596,2.144377842296156e-06,1.0,1.0,1.0,1.0,1.0
64,13:36:33,0,0.09724629308684762,1909366.0,0.09715000962834575,0.09705372616984409,1.1109207069817992e-06,0.09686115925284033,1.0638773791236743e-06,0.0966685923358368,2.1610009263449634e-06,0.09647602541883304,6.150541098058742e-07,0.09628345850182929,2.8093012042484526e-06,0.09724629308684762,2.1610009263449634e-07,0.09743886000385138,6.649233619522964e-08,0.09763142692085491,1.978147001808082e-06,0.09782399383785867,5.651848576594519e-07,0.09801656075486243,2.061262422052119e-06,1.0,1.0,1.0,1.0,1.0
64,13:36:36,0,0.09705372616984409,484277.0,0.09724629308684785,0.09705372616984409,1.1353566405335461e-07,0.09686115925284033,1.0638773791236743e-06,0.0966685923358368,2.177624010393771e-06,0.09647602541883304,6.316771938546816e-07,0.09628345850182929,2.8093012042484526e-06,0.09743886000385138,1.662308404880741e-08,0.09763142692085491,2.2607394306378077e-06,0.09782399383785867,5.651848576594519e-07,0.09801656075486243,2.094508590149734e-06,0.09820912767186596,2.144377842296156e-06,1.0,1.0,1.0,1.0,1.0
64,13:36:39,0,0.09705372616984409,808980.0,0.09695744271134221,0.09686115925284033,2.631434204926213e-07,0.0966685923358368,2.476839523272304e-06,0.09647602541883304,6.316771938546816e-07,0.09628345850182929,2.8093012042484526e-06,0.09609089158482575,8.644003705379854e-07,0.09705372616984409,8.898336891326607e-07,0.09724629308684762,6.48300277903489e-07,0.09743886000385138,6.649233619522964e-08,0.09763142692085491,2.7760550361508374e-06,0.09782399383785867,5.651848576594519e-07,1.0,1.0,1.0,2.0,1.0
64,13:36:42,0,0.09705372616984409,563992.0,0.09695744271134221,0.09686115925284033,2.465203364438139e-07,0.0966685923358368,2.4602164392234966e-06,0.09647602541883304,6.316771938546816e-07,0.09628345850182929,2.8093012042484526e-06,0.09609089158482575,8.644003705379854e-07,0.09705372616984409,1.4462083122462446e-06,0.09724629308684762,7.147926140987186e-07,0.09743886000385138,6.649233619522964e-08,0.09763142692085491,3.125139801175793e-06,0.09782399383785867,5.651848576594519e-07,1.0,2.0,1.0,2.0,1.0
64,13:36:45,0,0.0966685923358368,518378.0,0.09686115925284033,0.0966685923358368,2.191421170154281e-06,0.09647602541883304,6.316771938546816e-07,0.09628345850182929,2.8093012042484526e-06,0.09609089158482575,9.30892706733215e-07,0.095898324667822,6.150541098058742e-07,0.09705372616984409,6.150541098058742e-07,0.09724629308684762,7.646618662451409e-07,0.09743886000385138,1.8285392453688153e-07,0.09763142692085491,4.388494188885156e-06,0.09782399383785867,5.651848576594519e-07,1.0,1.0,1.0,2.0,1.0
64,13:36:48,0,0.09686115925284033,2051501.0,0.09676487579433846,0.0966685923358368,3.6210063983517184e-06,0.09647602541883304,6.316771938546816e-07,0.09628345850182929,2.8093012042484526e-06,0.09609089158482575,9.30892706733215e-07,0.095898324667822,6.150541098058742e-07,0.09686115925284033,1.496077564392667e-06,0.09705372616984409,5.651848576594519e-07,0.09763142692085491,1.1636158834165188e-06,0.09782399383785867,7.314156981475261e-07,0.09801656075486243,2.2773625146866152e-06,2.0,1.0,1.0,2.0,1.0
64,13:36:51,0,0.09705372616984409,828949.0,0.09686115925284033,0.0966685923358368,3.2963575668785095e-06,0.09647602541883304,6.150541098058742e-07,0.09628345850182929,4.4217403569827715e-06,0.09609089158482575,9.30892706733215e-07,0.095898324667822,6.150541098058742e-07,0.09705372616984409,2.1610009263449634e-07,0.09743886000385138,5.153156055130298e-07,0.09763142692085491,1.3464698079534002e-06,0.09782399383785867,7.314156981475261e-07,0.09801656075486243,2.2773625146866152e-06,1.0,1.0,1.0,1.0,1.0
64,13:36:54,0,0.0966685923358368,432826.0,0.09676487579433846,0.0966685923358368,3.4625884073665837e-06,0.09647602541883304,7.812849502939483e-07,0.09628345850182929,4.4217403569827715e-06,0.09609089158482575,9.30892706733215e-07,0.095898324667822,8.810234545867927e-07,0.09686115925284033,2.4934626073211115e-07,0.09705372616984409,4.654463533666075e-07,0.09743886000385138,5.153156055130298e-07,0.09763142692085491,1.5127006484414744e-06,0.09782399383785867,7.314156981475261e-07,1.0,1.0,1.0,1.0,1.0
64,13:36:57,0,0.09724629308684762,638009.0,0.0973425765453495,0.09724629308684762,1.5127006484414744e-06,0.09705372616984409,2.3438548508818448e-06,0.09686115925284033,6.981695300499113e-07,0.0966685923358368,3.2464883147320875e-06,0.09647602541883304,7.812849502939483e-07,0.09743886000385138,4.986925214642223e-07,0.09763142692085491,1.6290622367831262e-06,0.09782399383785867,7.314156981475261e-07,0.09801656075486243,2.476839523272304e-06,0.09820912767186596,2.426970271125882e-06,1.0,1.0,1.0,1.0,1.0
64,13:37:00,0,0.09724629308684762,290602.0,0.0973425765453495,0.09724629308684762,7.480387821963335e-07,0.09705372616984409,2.5267087754187266e-06,0.09686115925284033,1.047254295074867e-06,0.0966685923358368,3.9779040128796134e-06,0.09647602541883304,7.812849502939483e-07,0.09743886000385138,5.984310257570668e-07,0.09763142692085491,1.86178541346643e-06,0.09782399383785867,7.480387821963335e-07,0.09801656075486243,2.6430703637603784e-06,0.09820912767186596,2.426970271125882e-06,1.0,1.0,1.0,1.0,1.0
64,13:37:03,0,0.09724629308684762,185603.0,0.0973425765453495,0.09724629308684762,1.253879229801543e-06,0.09705372616984409,2.5765780275651485e-06,0.09686115925284033,1.6456853208319336e-06,0.0966685923358368,4.1108886852700725e-06,0.09647602541883304,7.812849502939483e-07,0.09743886000385138,8.145311183915631e-07,0.09763142692085491,2.0778855061009263e-06,0.09782399383785867,4.986925214642223e-07,0.09801656075486243,2.6430703637603784e-06,0.09820912767186596,2.426970271125882e-06,1.0,1.0,1.0,1.0,1.0
64,13:37:06,0,0.09724629308684762,649603.0,0.0973425765453495,0.09724629308684762,3.063634390195206e-07,0.09705372616984409,2.6430703637603784e-06,0.09686115925284033,1.662308404880741e-06,0.0966685923358368,4.376858030050991e-06,0.09647602541883304,8.145311183915631e-07,0.09743886000385138,4.488232693178001e-07,0.09763142692085491,2.3438548508818448e-06,0.09782399383785867,4.986925214642223e-07,0.09801656075486243,2.7428088680532227e-06,0.09820912767186596,2.426970271125882e-06,1.0,1.0,1.0,1.0,1.0
64,13:37:09,0,0.09724629308684762,367153.0,0.09715000962834575,0.09705372616984409,2.5765780275651485e-06,0.09686115925284033,1.6124391527343189e-06,0.0966685923358368,4.592958122685488e-06,0.09647602541883304,8.145311183915631e-07,0.09628345850182929,4.4217403569827715e-06,0.09724629308684762,6.649233619522964e-08,0.09743886000385138,7.596749410304987e-08,0.09763142692085491,2.6596934478091856e-06,0.09782399383785867,4.986925214642223e-07,0.09801656075486243,2.7428088680532227e-06,1.0,1.0,1.0,1.0,1.0
64,13:37:12,0,0.09724629308684762,507191.0,0.09753514346235326,0.09743886000385138,4.9869252146422234e-08,0.09724629308684762,1.662308404880741e-08,0.09705372616984409,2.194247094442578e-06,0.09686115925284033,1.6124391527343189e-06,0.0966685923358368,4.842304383417599e-06,0.09763142692085491,2.020868327813517e-06,0.09782399383785867,4.986925214642223e-07,0.09801656075486243,2.7428088680532227e-06,0.09820912767186596,2.426970271125882e-06,0.09840169458886971,6.499625863083698e-06,1.0,1.0,1.0,1.0,1.0
64,13:37:15,0,0.09724629308684762,199434.0,0.09715000962834575,0.09705372616984409,2.194247094442578e-06,0.09686115925284033,1.4295852281974373e-06,0.0966685923358368,3.6570784907376304e-06,0.09647602541883304,8.145311183915631e-07,0.09628345850182929,4.438363441031579e-06,0.09724629308684762,1.5127006484414744e-06,0.09743886000385138,3.324616809761482e-08,0.09763142692085491,2.6857916897658135e-06,0.09782399383785867,4.986925214642223e-07,0.09801656075486243,2.7428088680532227e-06,1.0,1.0,1.0,1.0,1.0
64,13:37:18,0,0.09724629308684762,222220.0,0.09715000962834575,0.09705372616984409,2.7261857840044155e-06,0.09686115925284033,1.4295852281974373e-06,0.0966685923358368,3.806686247176897e-06,0.09647602541883304,9.142696226844076e-07,0.09628345850182929,4.438363441031579e-06,0.09724629308684762,1.097123547221289e-06,0.09743886000385138,2.8259242882972596e-07,0.09763142692085491,2.752284025961043e-06,0.09782399383785867,5.153156055130298e-07,0.09801656075486243,2.7428088680532227e-06,1.0,1.0,1.0,1.0,1.0
64,13:37:21,0,0.09743886000385138,843341.0,0.09715000962834575,0.09705372616984409,2.9589089606877192e-06,0.09686115925284033,1.6456853208319336e-06,0.0966685923358368,3.806686247176897e-06,0.09647602541883304,9.641388748308298e-07,0.09628345850182929,4.438363441031579e-06,0.09724629308684762,3.324616809761482e-08,0.09743886000385138,9.973850429284447e-08,0.09763142692085491,2.8021532781074654e-06,0.09782399383785867,5.153156055130298e-07,0.09801656075486243,2.7428088680532227e-06,1.0,1.0,1.0,1.0,1.0
64,13:37:24,0,0.09724629308684762,535608.0,0.09715000962834575,0.09705372616984409,2.9256627925901045e-06,0.09686115925284033,1.6456853208319336e-06,0.0966685923358368,4.039409423860201e-06,0.09647602541883304,9.807619588796372e-07,0.09628345850182929,4.438363441031579e-06,0.09724629308684762,2.4934626073211115e-07,0.09743886000385138,4.654463533666075e-07,0.09763142692085491,4.148623086060866e-06,0.09782399383785867,5.153156055130298e-07,0.09801656075486243,2.7594319521020303e-06,1.0,1.0,1.0,1.0,1.0
64,13:37:27,0,0.09724629308684762,1059801.0,0.09715000962834575,0.09705372616984409,2.6430703637603784e-06,0.09686115925284033,1.6456853208319336e-06,0.0966685923358368,4.039409423860201e-06,0.09647602541883304,9.807619588796372e-07,0.09628345850182929,4.438363441031579e-06,0.09724629308684762,3.324616809761482e-08,0.09743886000385138,4.654463533666075e-07,0.09763142692085491,4.24836159035371e-06,0.09782399383785867,5.153156055130298e-07,0.09801656075486243,2.7594319521020303e-06,1.0,1.0,1.0,1.0,1.0
64,13:37:30,0,0.09743886000385138,1253654.0,0.0973425765453495,0.09724629308684762,3.324616809761482e-08,0.09705372616984409,1.7121776570271633e-06,0.09686115925284033,1.6124391527343189e-06,0.0966685923358368,4.039409423860201e-06,0.09647602541883304,9.807619588796372e-07,0.09743886000385138,4.9869252146422234e-08,0.09763142692085491,3.450453556010954e-06,0.09782399383785867,5.153156055130298e-07,0.09801656075486243,3.0420243809317563e-06,0.09820912767186596,2.6098241956627637e-06,1.0,1.0,1.0,1.0,1.0
64,13:37:33,0,0.09743886000385138,393212.0,0.09753514346235326,0.09743886000385138,6.649233619522964e-08,0.09724629308684762,1.86178541346643e-06,0.09705372616984409,1.695554572978356e-06,0.09686115925284033,1.6124391527343189e-06,0.0966685923358368,4.006163255762586e-06,0.09763142692085491,3.450453556010954e-06,0.09782399383785867,5.319386895618372e-07,0.09801656075486243,3.0420243809317563e-06,0.09820912767186596,2.6098241956627637e-06,0.09840169458886971,6.516248947132505e-06,1.0,1.0,1.0,1.0,1.0
64,13:37:36,0,0.09724629308684762,934643.0,0.0973425765453495,0.09724629308684762,5.9011948373266305e-06,0.09705372616984409,1.6124391527343189e-06,0.09686115925284033,1.2799774717581707e-06,0.0966685923358368,4.006163255762586e-06,0.09647602541883304,9.973850429284446e-07,0.09743886000385138,2.659693447809186e-07,0.09763142692085491,2.2868376725944356e-06,0.09782399383785867,5.319386895618372e-07,0.09801656075486243,3.0586474649805635e-06,0.09820912767186596,2.6430703637603784e-06,1.0,1.0,1.0,1.0,1.0
64,13:37:39,0,0.09743886000385138,609775.0,0.09753514346235326,0.09743886000385138,5.485617736106445e-07,0.09724629308684762,8.328165108452513e-06,0.09705372616984409,1.5958160686855115e-06,0.09686115925284033,1.2799774717581707e-06,0.0966685923358368,4.039409423860201e-06,0.09763142692085491,2.5195608492777393e-06,0.09782399383785867,5.319386895618372e-07,0.09801656075486243,3.0586474649805635e-06,0.09820912767186596,2.6430703637603784e-06,0.09840169458886971,6.682479787620579e-06,1.0,1.0,1.0,1.0,1.0
64,13:37:42,0,0.09743886000385138,2712312.0,0.0973425765453495,0.09724629308684762,1.0638773791236743e-06,0.09705372616984409,1.6124391527343189e-06,0.09686115925284033,1.3630928920022078e-06,0.0966685923358368,4.056032507909008e-06,0.09647602541883304,1.014008126977252e-06,0.09743886000385138,1.662308404880741e-07,0.09763142692085491,2.9018917824003096e-06,0.09782399383785867,5.319386895618372e-07,0.09801656075486243,3.2248783054686377e-06,0.09820912767186596,2.6430703637603784e-06,1.0,1.0,1.0,1.0,1.0
64,13:37:45,0,0.09743886000385138,1350506.0,0.09753514346235326,0.09743886000385138,5.286140727520757e-06,0.09724629308684762,1.4462083122462446e-06,0.09705372616984409,1.6290622367831262e-06,0.09686115925284033,1.3630928920022078e-06,0.0966685923358368,4.17239409625066e-06,0.09763142692085491,3.267599631474073e-06,0.09782399383785867,5.319386895618372e-07,0.09801656075486243,3.2248783054686377e-06,0.09820912767186596,2.6430703637603784e-06,0.09840169458886971,6.682479787620579e-06,1.0,1.0,1.0,1.0,1.0
64,13:37:48,0,0.09763142692085491,997384.0,0.09753514346235326,0.09743886000385138,4.7043327858124975e-06,0.09724629308684762,1.978147001808082e-06,0.09705372616984409,1.6290622367831262e-06,0.09686115925284033,1.3630928920022078e-06,0.0966685923358368,4.355248020787542e-06,0.09763142692085491,2.2868376725944356e-06,0.09782399383785867,5.319386895618372e-07,0.09801656075486243,3.2248783054686377e-06,0.09820912767186596,2.6430703637603784e-06,0.09840169458886971,6.682479787620579e-06,1.0,1.0,1.0,1.0,1.0
64,13:37:51,0,0.09763142692085491,359093.0,0.09753514346235326,0.09743886000385138,4.986925214642224e-06,0.09724629308684762,2.0446393380033115e-06,0.09705372616984409,2.4602164392234966e-06,0.09686115925284033,1.3464698079534002e-06,0.0966685923358368,4.903809794398186e-06,0.09763142692085491,2.253591504496821e-06,0.09782399383785867,5.485617736106445e-07,0.09801656075486243,3.2248783054686377e-06,0.09820912767186596,2.6430703637603784e-06,0.09840169458886971,6.682479787620579e-06,1.0,1.0,1.0,1.0,1.0
64,13:37:54,0,0.09724629308684762,2598607.0,0.09715000962834575,0.09705372616984409,2.227493262540193e-06,0.09686115925284033,1.3797159760510151e-06,0.0966685923358368,5.003548298691031e-06,0.09647602541883304,1.0805004631724817e-06,0.09628345850182929,2.8093012042484526e-06,0.09724629308684762,9.55827332806426e-06,0.09763142692085491,2.5361839333265465e-06,0.09782399383785867,5.651848576594519e-07,0.09801656075486243,3.2248783054686377e-06,0.09820912767186596,2.6430703637603784e-06,2.0,2.0,1.0,1.0,1.0
64,13:37:57,0,0.09724629308684762,495717.0,0.09715000962834575,0.09705372616984409,7.530257074109757e-06,0.09686115925284033,1.5459468165390891e-06,0.0966685923358368,5.003548298691031e-06,0.09647602541883304,1.0638773791236743e-06,0.09628345850182929,2.8093012042484526e-06,0.09724629308684762,8.261672772257283e-06,0.09743886000385138,2.1610009263449634e-07,0.09763142692085491,3.3839612198157247e-06,0.09782399383785867,5.651848576594519e-07,0.09801656075486243,3.0586474649805635e-06,1.0,2.0,1.0,1.0,1.0
64,13:38:00,0,0.09724629308684762,267806.0,0.09715000962834575,0.09705372616984409,7.563503242207372e-06,0.09686115925284033,1.5293237324902818e-06,0.0966685923358368,5.003548298691031e-06,0.09647602541883304,1.0638773791236743e-06,0.09628345850182929,2.8093012042484526e-06,0.09724629308684762,7.563503242207372e-06,0.09743886000385138,2.659693447809186e-07,0.09763142692085491,3.683176732694258e-06,0.09782399383785867,6.981695300499113e-07,0.09801656075486243,3.0586474649805635e-06,2.0,2.0,1.0,1.0,1.0
64,13:38:03,0,0.09763142692085491,5834753.0,0.09743886000385116,0.09724629308684762,5.651848576594519e-07,0.09705372616984409,2.111131674198541e-06,0.09686115925284033,8.161934267964438e-06,0.0966685923358368,5.003548298691031e-06,0.09647602541883304,1.2301082196117483e-06,0.09763142692085491,3.3340919676693023e-06,0.09782399383785867,6.981695300499113e-07,0.09801656075486243,3.0586474649805635e-06,0.09820912767186596,2.6430703637603784e-06,0.09840169458886971,6.682479787620579e-06,1.0,2.0,1.0,1.0,1.0
64,13:38:06,0,0.09724629308684762,1234428.0,0.09772771037935679,0.09763142692085491,4.9869252146422234e-08,0.09724629308684762,3.2652723997072397e-06,0.09705372616984409,2.227493262540193e-06,0.09686115925284033,8.161934267964438e-06,0.0966685923358368,5.020171382739838e-06,0.09782399383785867,4.322001852689927e-07,0.09801656075486243,3.075270549029371e-06,0.09820912767186596,2.6430703637603784e-06,0.09840169458886971,6.682479787620579e-06,0.09859426150587325,2.132741683461991e-05,1.0,1.0,1.0,1.0,1.0
64,13:38:09,0,0.09763142692085491,148202.0,0.09772771037935679,0.09763142692085491,8.311542024403705e-08,0.09724629308684762,4.02993426595238e-06,0.09705372616984409,2.144377842296156e-06,0.09686115925284033,8.161934267964438e-06,0.0966685923358368,8.810234545867927e-06,0.09782399383785867,3.9895401717137787e-07,0.09801656075486243,3.158385969273408e-06,0.09820912767186596,2.6430703637603784e-06,0.09840169458886971,6.682479787620579e-06,0.09859426150587325,2.132741683461991e-05,1.0,1.0,1.0,0.0,1.0
64,13:38:12,0,0.09724629308684762,518655.0,0.09743886000385116,0.09724629308684762,6.008081267760463e-06,0.09705372616984409,2.1610009263449634e-06,0.09686115925284033,8.178557352013246e-06,0.0966685923358368,8.826857629916735e-06,0.09647602541883304,1.2301082196117483e-06,0.09763142692085491,2.3272317668330374e-07,0.09782399383785867,1.329846723904593e-07,0.09801656075486243,3.158385969273408e-06,0.09820912767186596,2.6430703637603784e-06,0.09840169458886971,6.682479787620579e-06,2.0,2.0,1.0,1.0,1.0
64,13:38:15,0,0.09763142692085491,1077298.0,0.09772771037935679,0.09763142692085491,9.009711554453616e-06,0.09743886000385138,6.649233619522964e-08,0.09724629308684762,8.235574530300655e-06,0.09705372616984409,4.820694374154149e-07,0.09686115925284033,8.178557352013246e-06,0.09782399383785867,4.654463533666075e-07,0.09801656075486243,3.158385969273408e-06,0.09820912767186596,2.7261857840044155e-06,0.09840169458886971,6.682479787620579e-06,0.09859426150587325,2.132741683461991e-05,1.0,2.0,1.0,1.0,1.0
64,13:38:18,0,0.09763142692085491,860724.0,0.09772771037935679,0.09763142692085491,3.490847650249556e-06,0.09743886000385138,1.496077564392667e-07,0.09724629308684762,1.0562806297133692e-05,0.09705372616984409,4.1557710122018525e-07,0.09686115925284033,8.228426604159668e-06,0.09782399383785867,6.649233619522964e-08,0.09801656075486243,3.490847650249556e-06,0.09820912767186596,2.7261857840044155e-06,0.09840169458886971,6.682479787620579e-06,0.09859426150587325,2.1659878515596055e-05,1.0,2.0,1.0,1.0,1.0
64,13:38:21,0,0.09763142692085491,433240.0,0.09782399383785867,0.09763142692085491,3.191632137371023e-06,0.09743886000385138,1.496077564392667e-07,0.09724629308684762,1.0928514146207455e-05,0.09705372616984409,4.1557710122018525e-07,0.09686115925284033,1.6124391527343189e-06,0.09801656075486243,3.307993725712675e-06,0.09820912767186596,2.909039708541297e-06,0.09840169458886971,6.682479787620579e-06,0.09859426150587325,2.1659878515596055e-05,0.098786828422877,3.7734400790792822e-06,1.0,1.0,1.0,1.0,1.0
64,13:38:24,0,0.09763142692085491,381904.0,0.09772771037935679,0.09763142692085491,2.476839523272304e-06,0.09743886000385138,2.1610009263449634e-07,0.09724629308684762,1.0346706204499197e-05,0.09705372616984409,4.1557710122018525e-07,0.09686115925284033,1.7288007410759707e-06,0.09782399383785867,6.649233619522964e-08,0.09801656075486243,3.307993725712675e-06,0.09820912767186596,2.909039708541297e-06,0.09840169458886971,6.682479787620579e-06,0.09859426150587325,2.1676501599644863e-05,1.0,1.0,1.0,1.0,1.0
64,13:38:27,0,0.09801656075486243,1471018.0,0.0981128442133643,0.09801656075486243,5.701717828740942e-06,0.09782399383785867,1.329846723904593e-07,0.09763142692085491,2.510085691369919e-06,0.09743886000385138,2.1610009263449634e-07,0.09724629308684762,1.0396575456645619e-05,0.09820912767186596,2.909039708541297e-06,0.09840169458886971,6.682479787620579e-06,0.09859426150587325,2.1676501599644863e-05,0.098786828422877,3.7734400790792822e-06,0.09897939533988054,4.155771012201853e-06,1.0,1.0,1.0,1.0,1.0
64,13:38:30,0,0.09801656075486243,102636.0,0.0981128442133643,0.09801656075486243,5.668471660643327e-06,0.09782399383785867,1.1636158834165188e-06,0.09763142692085491,2.5765780275651485e-06,0.09743886000385138,2.992155128785334e-07,0.09724629308684762,1.077890638976819e-05,0.09820912767186596,2.909039708541297e-06,0.09840169458886971,6.715725955718194e-06,0.09859426150587325,2.1676501599644863e-05,0.098786828422877,3.7734400790792822e-06,0.09897939533988054,4.155771012201853e-06,1.0,1.0,1.0,1.0,1.0
64,13:38:33,0,0.09801656075486243,256594.0,0.0981128442133643,0.09801656075486243,5.352633063715986e-06,0.09782399383785867,1.1802389674653262e-06,0.09763142692085491,2.8093012042484526e-06,0.09743886000385138,2.8259242882972596e-07,0.09724629308684762,1.0961760314305071e-05,0.09820912767186596,2.8425473723460674e-06,0.09840169458886971,6.715725955718194e-06,0.09859426150587325,2.1676501599644863e-05,0.098786828422877,3.7734400790792822e-06,0.09897939533988054,4.155771012201853e-06,1.0,1.0,1.0,1.0,0.0
64,13:38:36,0,0.09820912767186596,245193.0,0.0981128442133643,0.09801656075486243,4.787448206056534e-06,0.09782399383785867,1.2633543877093633e-06,0.09763142692085491,3.0586474649805635e-06,0.09743886000385138,2.8259242882972596e-07,0.09724629308684762,1.0845398725963419e-05,0.09820912767186596,2.7261857840044155e-06,0.09840169458886971,6.715725955718194e-06,0.09859426150587325,2.1676501599644863e-05,0.098786828422877,3.906424751469742e-06,0.09897939533988054,4.155771012201853e-06,1.0,1.0,1.0,0.0,0.0
64,13:38:39,0,0.09820912767186596,1813335.0,0.0981128442133643,0.09801656075486243,1.5958160686855115e-06,0.09782399383785867,1.2633543877093633e-06,0.09763142692085491,3.1750090533222154e-06,0.09743886000385138,1.9947700858568893e-07,0.09724629308684762,1.0878644894061035e-05,0.09820912767186596,1.1802389674653262e-06,0.09840169458886971,1.8351884789883383e-05,0.09859426150587325,2.1676501599644863e-05,0.098786828422877,3.906424751469742e-06,0.09897939533988054,4.155771012201853e-06,1.0,1.0,1.0,1.0,0.0
64,13:38:42,0,0.09801656075486243,382065.0,0.0981128442133643,0.09801656075486243,9.973850429284446e-07,0.09782399383785867,5.153156055130298e-07,0.09763142692085491,3.7401939109816675e-06,0.09743886000385138,2.659693447809186e-07,0.09724629308684762,1.0496313960938464e-05,0.09820912767186596,1.978147001808082e-06,0.09840169458886971,1.8534738714420264e-05,0.09859426150587325,2.169312468369367e-05,0.098786828422877,3.906424751469742e-06,0.09897939533988054,4.155771012201853e-06,1.0,1.0,1.0,0.0,0.0
64,13:38:45,0,0.09820912767186596,866851.0,0.09830541113036784,0.09820912767186596,1.978147001808082e-06,0.09801656075486243,1.5127006484414744e-06,0.09782399383785867,5.319386895618372e-07,0.09763142692085491,3.158385969273408e-06,0.09743886000385138,2.659693447809186e-07,0.09840169458886971,1.8534738714420264e-05,0.09859426150587325,2.1776240103937708e-05,0.098786828422877,3.906424751469742e-06,0.09897939533988054,4.155771012201853e-06,0.0991719622568843,4.10590176005543e-06,1.0,1.0,0.0,1.0,0.0
64,13:38:48,0,0.09820912767186596,188199.0,0.09830541113036784,0.09820912767186596,7.58012632625618e-06,0.09801656075486243,1.662308404880741e-06,0.09782399383785867,5.485617736106445e-07,0.09763142692085491,3.20825522141983e-06,0.09743886000385138,2.659693447809186e-07,0.09840169458886971,1.8534738714420264e-05,0.09859426150587325,2.1859355524181745e-05,0.098786828422877,3.906424751469742e-06,0.09897939533988054,4.155771012201853e-06,0.0991719622568843,4.139147928153045e-06,1.0,1.0,0.0,1.0,0.0
64,13:38:51,0,0.09782399383785867,3860780.0,0.09772771037935679,0.09763142692085491,3.2248783054686377e-06,0.09743886000385138,2.659693447809186e-07,0.09724629308684762,9.000236396545797e-06,0.09705372616984409,2.1610009263449634e-07,0.09686115925284033,1.7288007410759707e-06,0.09782399383785867,3.440978398103134e-06,0.09840169458886971,1.81690308653465e-05,0.09859426150587325,2.190922477632817e-05,0.098786828422877,3.906424751469742e-06,0.09897939533988054,4.155771012201853e-06,1.0,1.0,1.0,1.0,1.0
64,13:38:54,0,0.09782399383785867,1105989.0,0.09772771037935679,0.09763142692085491,8.92659613420958e-06,0.09743886000385138,2.659693447809186e-07,0.09724629308684762,9.000236396545797e-06,0.09705372616984409,2.1610009263449634e-07,0.09686115925284033,1.7288007410759707e-06,0.09782399383785867,3.324616809761482e-07,0.09801656075486243,3.324616809761482e-08,0.09820912767186596,4.9869252146422234e-08,0.09840169458886971,1.81690308653465e-05,0.09859426150587325,2.2058832532767434e-05,1.0,1.0,1.0,1.0,1.0
64,13:38:57,0,0.09820912767186596,336441.0,0.0980165607548622,0.09782399383785867,3.4908476502495563e-07,0.09763142692085491,8.959842302307194e-06,0.09743886000385138,2.659693447809186e-07,0.09724629308684762,9.897882935181397e-06,0.09705372616984409,2.3272317668330374e-07,0.09820912767186596,6.649233619522964e-08,0.09840169458886971,1.7969553856760812e-05,0.09859426150587325,2.2058832532767434e-05,0.098786828422877,3.923047835518549e-06,0.09897939533988054,4.155771012201853e-06,1.0,1.0,0.0,1.0,0.0
64,13:39:00,0,0.09801656075486243,638583.0,0.09792027729636055,0.09782399383785867,1.3797159760510151e-06,0.09763142692085491,1.4794544803438595e-05,0.09743886000385138,2.659693447809186e-07,0.09724629308684762,9.831390598986167e-06,0.09705372616984409,2.3272317668330374e-07,0.09801656075486243,5.818079417082594e-07,0.09820912767186596,1.1636158834165187e-07,0.09840169458886971,1.780332301627274e-05,0.09859426150587325,2.2058832532767434e-05,0.098786828422877,3.923047835518549e-06,1.0,1.0,1.0,1.0,0.0
64,13:39:03,0,0.09801656075486243,125440.0,0.09792027729636055,0.09782399383785867,5.568733156350483e-06,0.09763142692085491,1.4994021812024284e-05,0.09743886000385138,2.659693447809186e-07,0.09724629308684762,8.418428454837537e-06,0.09705372616984409,2.3272317668330374e-07,0.09801656075486243,9.475157907820225e-07,0.09820912767186596,2.6975940794404665e-06,0.09840169458886971,1.810253852915127e-05,0.09859426150587325,2.2058832532767434e-05,0.098786828422877,3.923047835518549e-06,1.0,1.0,0.0,1.0,0.0
64,13:39:06,0,0.09801656075486243,923604.0,0.09792027729636055,0.09782399383785867,3.8731785833721265e-06,0.09763142692085491,1.5193498820609974e-05,0.09743886000385138,2.659693447809186e-07,0.09724629308684762,8.484920791032767e-06,0.09705372616984409,2.4934626073211115e-07,0.09801656075486243,2.659693447809186e-07,0.09820912767186596,3.0965480966118444e-06,0.09840169458886971,1.8152407781297693e-05,0.09859426150587325,2.2191817205157895e-05,0.098786828422877,3.923047835518549e-06,1.0,1.0,0.0,1.0,0.0
64,13:39:09,0,0.09801656075486243,325014.0,0.0981128442133643,0.09801656075486243,2.1610009263449634e-07,0.09782399383785867,4.006163255762586e-06,0.09763142692085491,1.554258358563493e-05,0.09743886000385138,2.659693447809186e-07,0.09724629308684762,8.418428454837537e-06,0.09820912767186596,5.024825846273504e-06,0.09840169458886971,1.8152407781297693e-05,0.09859426150587325,2.2225063373255508e-05,0.098786828422877,3.939670919567356e-06,0.09897939533988054,4.205640264348275e-06,1.0,0.0,0.0,1.0,0.0
64,13:39:12,0,0.09820912767186596,182477.0,0.0981128442133643,0.09801656075486243,9.973850429284447e-08,0.09782399383785867,7.812849502939483e-07,0.09763142692085491,1.5525960501586122e-05,0.09743886000385138,2.659693447809186e-07,0.09724629308684762,8.418428454837537e-06,0.09820912767186596,7.717765462180304e-06,0.09840169458886971,1.8152407781297693e-05,0.09859426150587325,2.2225063373255508e-05,0.098786828422877,3.989540171713778e-06,0.09897939533988054,4.205640264348275e-06,1.0,0.0,0.0,0.0,0.0
64,13:39:15,0,0.09801656075486243,439064.0,0.0981128442133643,0.09801656075486243,5.269517643471949e-06,0.09782399383785867,8.47777286489178e-07,0.09763142692085491,1.0821627715773624e-05,0.09743886000385138,2.659693447809186e-07,0.09724629308684762,8.418428454837537e-06,0.09820912767186596,7.601403873838653e-06,0.09840169458886971,1.808591544510246e-05,0.09859426150587325,2.2225063373255508e-05,0.098786828422877,3.989540171713778e-06,0.09897939533988054,4.205640264348275e-06,1.0,0.0,0.0,0.0,0.0
64,13:39:18,0,0.09801656075486243,68430.0,0.0981128442133643,0.09801656075486243,5.851325585180209e-06,0.09782399383785867,8.311542024403705e-07,0.09763142692085491,1.0755135379578395e-05,0.09743886000385138,2.659693447809186e-07,0.09724629308684762,8.484920791032767e-06,0.09820912767186596,8.116719479351683e-06,0.09840169458886971,1.8119161613200077e-05,0.09859426150587325,2.2241686457304316e-05,0.098786828422877,4.4051172729339635e-06,0.09897939533988054,4.205640264348275e-06,1.0,0.0,1.0,0.0,0.0
64,13:39:21,0,0.09801656075486243,593013.0,0.0981128442133643,0.09801656075486243,4.355248020787542e-06,0.09782399383785867,8.145311183915631e-07,0.09763142692085491,1.0771758463627201e-05,0.09743886000385138,2.659693447809186e-07,0.09724629308684762,7.969605185519737e-06,0.09820912767186596,9.795650968281231e-06,0.09840169458886971,1.8119161613200077e-05,0.09859426150587325,2.2258309541353124e-05,0.098786828422877,4.4217403569827715e-06,0.09897939533988054,4.205640264348275e-06,0.0,0.0,0.0,0.0,0.0
64,13:39:24,0,0.09801656075486243,598798.0,0.0981128442133643,0.09801656075486243,4.205640264348275e-06,0.09782399383785867,8.976465386356002e-07,0.09763142692085491,1.1087597060554543e-05,0.09743886000385138,3.4908476502495563e-07,0.09724629308684762,7.969605185519737e-06,0.09820912767186596,8.399311908181409e-06,0.09840169458886971,1.8335261705834575e-05,0.09859426150587325,2.227493262540193e-05,0.098786828422877,4.4217403569827715e-06,0.09897939533988054,4.205640264348275e-06,0.0,0.0,1.0,1.0,0.0
64,13:39:27,0,0.09782399383785867,3848432.0,0.09772771037935679,0.09763142692085491,1.0539035286943898e-05,0.09743886000385138,3.6570784907376306e-07,0.09724629308684762,7.969605185519737e-06,0.09705372616984409,2.992155128785334e-07,0.09686115925284033,1.745423825124778e-06,0.09782399383785867,2.5599549435163413e-06,0.09801656075486243,1.4462083122462446e-06,0.09820912767186596,8.366065740083794e-06,0.09840169458886971,1.8351884789883383e-05,0.09859426150587325,2.2258309541353124e-05,1.0,0.0,1.0,1.0,0.0
64,13:39:30,0,0.09782399383785867,655543.0,0.09772771037935679,0.09763142692085491,9.44191173972261e-06,0.09743886000385138,4.488232693178001e-07,0.09724629308684762,7.969605185519737e-06,0.09705372616984409,2.659693447809186e-07,0.09686115925284033,1.745423825124778e-06,0.09782399383785867,2.0446393380033115e-06,0.09801656075486243,1.579192984636704e-06,0.09820912767186596,1.0144735733306186e-05,0.09840169458886971,1.8351884789883383e-05,0.09859426150587325,2.2258309541353124e-05,0.0,0.0,1.0,1.0,0.0
64,13:39:33,0,0.09782399383785867,1208464.0,0.09772771037935679,0.09763142692085491,7.131303056938379e-06,0.09743886000385138,1.3298467239045928e-06,0.09724629308684762,8.036097521714966e-06,0.09705372616984409,2.4934626073211115e-07,0.09686115925284033,1.8784084975152373e-06,0.09782399383785867,6.466379694986083e-06,0.09801656075486243,1.662308404880741e-06,0.09820912767186596,9.779027884232423e-06,0.09840169458886971,1.8385130957980995e-05,0.09859426150587325,2.2258309541353124e-05,0.0,0.0,1.0,1.0,0.0
64,13:39:36,0,0.09763142692085491,2713206.0,0.09753514346235326,0.09743886000385138,1.246731303660556e-06,0.09724629308684762,8.036097521714966e-06,0.09705372616984409,2.4934626073211115e-07,0.09686115925284033,1.8784084975152373e-06,0.0966685923358368,8.72711912562389e-06,0.09763142692085491,6.3333950225956236e-06,0.09782399383785867,6.366641190693239e-06,0.09801656075486243,3.79006316312809e-06,0.09820912767186596,9.779027884232423e-06,0.09840169458886971,1.8385130957980995e-05,1.0,0.0,1.0,1.0,0.0
64,13:39:39,0,0.09763142692085491,718091.0,0.09743886000385116,0.09724629308684762,7.936359017422123e-06,0.09705372616984409,2.4934626073211115e-07,0.09686115925284033,1.8784084975152373e-06,0.0966685923358368,8.72711912562389e-06,0.09647602541883304,1.5958160686855115e-06,0.09763142692085491,6.61598745142535e-06,0.09782399383785867,8.028949595573979e-06,0.09801656075486243,4.205640264348275e-06,0.09820912767186596,1.0011751060915727e-05,0.09840169458886971,1.8268769369639346e-05,1.0,0.0,1.0,1.0,0.0
64,13:39:42,0,0.09763142692085491,313493.0,0.09743886000385116,0.09724629308684762,7.770128176934048e-06,0.09705372616984409,2.4934626073211115e-07,0.09686115925284033,1.8784084975152373e-06,0.0966685923358368,8.710496041575084e-06,0.09647602541883304,1.5958160686855115e-06,0.09763142692085491,7.596749410304987e-06,0.09782399383785867,8.112065015818016e-06,0.09801656075486243,5.053417550837453e-06,0.09820912767186596,1.0011751060915727e-05,0.09840169458886971,1.8268769369639346e-05,1.0,0.0,1.0,1.0,0.0
64,13:39:45,0,0.09724629308684762,4862863.0,0.09715000962834575,0.09705372616984409,2.659693447809186e-07,0.09686115925284033,1.745423825124778e-06,0.0966685923358368,8.644003705379854e-06,0.09647602541883304,1.5958160686855115e-06,0.09628345850182929,2.7594319521020303e-06,0.09724629308684762,5.727816070697569e-06,0.09763142692085491,8.627380621331046e-06,0.09782399383785867,8.21180352011086e-06,0.09801656075486243,5.07004063488626e-06,0.09820912767186596,1.0011751060915727e-05,1.0,1.0,1.0,1.0,1.0
64,13:39:48,0,0.09724629308684762,467220.0,0.09705372616984409,0.09686115925284033,1.7288007410759707e-06,0.0966685923358368,8.644003705379854e-06,0.09647602541883304,1.5958160686855115e-06,0.09628345850182929,2.7760550361508374e-06,0.09609089158482575,1.014008126977252e-06,0.09724629308684762,6.459231768845096e-06,0.09763142692085491,8.560888285135817e-06,0.09782399383785867,8.21180352011086e-06,0.09801656075486243,5.336009979667179e-06,0.09820912767186596,1.0111489565208572e-05,1.0,1.0,1.0,1.0,1.0
64,13:39:51,0,0.09724629308684762,239316.0,0.09715000962834575,0.09705372616984409,9.973850429284447e-08,0.09686115925284033,1.7288007410759707e-06,0.0966685923358368,1.0256442858114173e-05,0.09647602541883304,1.5958160686855115e-06,0.09628345850182929,2.7760550361508374e-06,0.09724629308684762,6.309624012405829e-06,0.09743886000385138,4.9869252146422234e-08,0.09763142692085491,8.560888285135817e-06,0.09782399383785867,8.21180352011086e-06,0.09801656075486243,5.336009979667179e-06,1.0,1.0,1.0,1.0,1.0
64,13:39:54,0,0.09724629308684762,3446674.0,0.09695744271134221,0.0966685923358368,1.0256442858114173e-05,0.09647602541883304,1.6124391527343189e-06,0.09628345850182929,2.7760550361508374e-06,0.09609089158482575,1.014008126977252e-06,0.095898324667822,1.4794544803438596e-06,0.09724629308684762,1.4058142180076426e-06,0.09743886000385138,4.9869252146422234e-08,0.09763142692085491,8.311542024403705e-06,0.09782399383785867,8.21180352011086e-06,0.09801656075486243,6.217033434253972e-06,1.0,1.0,1.0,1.0,1.0
64,13:39:57,0,0.09724629308684762,489979.0,0.09695744271134221,0.0966685923358368,1.0239819774065365e-05,0.09647602541883304,1.6124391527343189e-06,0.09628345850182929,2.7594319521020303e-06,0.09609089158482575,1.014008126977252e-06,0.095898324667822,1.4794544803438596e-06,0.09724629308684762,5.580369315184648e-07,0.09743886000385138,4.9869252146422234e-08,0.09763142692085491,8.99308847040481e-06,0.09782399383785867,8.078818847720401e-06,0.09801656075486243,6.316771938546816e-06,1.0,1.0,1.0,1.0,1.0
64,13:40:00,0,0.09724629308684762,199420.0,0.09705372616984409,0.09686115925284033,3.324616809761482e-08,0.0966685923358368,1.0256442858114173e-05,0.09647602541883304,1.6124391527343189e-06,0.09628345850182929,2.7594319521020303e-06,0.09609089158482575,1.014008126977252e-06,0.09724629308684762,1.4245983029827951e-07,0.09743886000385138,4.9869252146422234e-08,0.09763142692085491,9.525027159966646e-06,0.09782399383785867,8.078818847720401e-06,0.09801656075486243,6.483002779034891e-06,1.0,1.0,1.0,1.0,1.0
64,13:40:03,0,0.09686115925284033,261988.0,0.09676487579433846,0.0966685923358368,1.2866267053776937e-05,0.09647602541883304,1.6124391527343189e-06,0.09628345850182929,2.7594319521020303e-06,0.09609089158482575,1.014008126977252e-06,0.095898324667822,1.4794544803438596e-06,0.09686115925284033,2.8591704563948745e-06,0.09705372616984409,6.48300277903489e-07,0.09724629308684762,1.6789314889295486e-06,0.09743886000385138,2.992155128785334e-07,0.09763142692085491,9.674634916405913e-06,1.0,1.0,1.0,1.0,1.0
64,13:40:06,0,0.09686115925284033,985387.0,0.09676487579433846,0.0966685923358368,1.2567051540898402e-05,0.09647602541883304,1.6124391527343189e-06,0.09628345850182929,2.7594319521020303e-06,0.09609089158482575,1.014008126977252e-06,0.095898324667822,1.213485135562941e-06,0.09686115925284033,3.324616809761482e-07,0.09705372616984409,6.48300277903489e-07,0.09724629308684762,2.0113931699056968e-06,0.09743886000385138,2.992155128785334e-07,0.09763142692085491,1.0223196690016557e-05,1.0,1.0,1.0,1.0,1.0
64,13:40:09,0,0.0966685923358368,5347856.0,0.09657230887733492,0.09647602541883304,1.5958160686855115e-06,0.09628345850182929,2.7594319521020303e-06,0.09609089158482575,1.014008126977252e-06,0.095898324667822,1.213485135562941e-06,0.09570575775081847,8.577511369184623e-06,0.0966685923358368,4.9869252146422234e-08,0.09724629308684762,1.2301082196117483e-06,0.09743886000385138,5.153156055130298e-07,0.09763142692085491,7.131303056938379e-06,0.09782399383785867,8.045572679622787e-06,2.0,2.0,1.0,1.0,1.0
64,13:40:12,0,0.0966685923358368,136680.0,0.09657230887733492,0.09647602541883304,1.5958160686855115e-06,0.09628345850182929,2.7594319521020303e-06,0.09609089158482575,1.014008126977252e-06,0.095898324667822,1.213485135562941e-06,0.09570575775081847,8.743742209672698e-06,0.0966685923358368,3.324616809761482e-08,0.09686115925284033,1.662308404880741e-07,0.09705372616984409,1.496077564392667e-07,0.09724629308684762,1.2813073184820752e-06,0.09743886000385138,6.815464460011039e-07,2.0,1.0,1.0,1.0,1.0
64,13:40:15,0,0.09705372616984409,358799.0,0.09686115925284033,0.0966685923358368,1.2799774717581707e-06,0.09647602541883304,1.3132236398557854e-06,0.09628345850182929,2.7594319521020303e-06,0.09609089158482575,1.014008126977252e-06,0.095898324667822,1.296600555806978e-06,0.09705372616984409,1.662308404880741e-08,0.09724629308684762,1.6968844197022605e-06,0.09743886000385138,6.815464460011039e-07,0.09763142692085491,7.480387821963335e-06,0.09782399383785867,8.062195763671593e-06,1.0,1.0,1.0,1.0,0.0
64,13:40:18,0,0.09705372616984409,187951.0,0.09715000962834575,0.09705372616984409,4.9869252146422234e-08,0.09686115925284033,1.329846723904593e-07,0.0966685923358368,1.047254295074867e-06,0.09647602541883304,1.3132236398557854e-06,0.09628345850182929,2.7594319521020303e-06,0.09724629308684762,1.6968844197022605e-06,0.09743886000385138,6.815464460011039e-07,0.09763142692085491,8.21180352011086e-06,0.09782399383785867,8.062195763671593e-06,0.09801656075486243,5.751587080887364e-06,1.0,1.0,1.0,1.0,0.0
64,13:40:21,0,0.0966685923358368,911378.0,0.09695744271134221,0.0966685923358368,2.8259242882972596e-07,0.09647602541883304,2.144377842296156e-06,0.09628345850182929,2.7594319521020303e-06,0.09609089158482575,1.014008126977252e-06,0.095898324667822,1.296600555806978e-06,0.09724629308684762,1.4641612430189568e-06,0.09743886000385138,6.815464460011039e-07,0.09763142692085491,8.161934267964438e-06,0.09782399383785867,7.89596492318352e-06,0.09801656075486243,5.751587080887364e-06,1.0,1.0,1.0,1.0,0.0
64,13:40:24,0,0.09705372616984409,165174.0,0.09715000962834575,0.09705372616984409,1.745423825124778e-06,0.0966685923358368,7.147926140987186e-07,0.09647602541883304,2.144377842296156e-06,0.09628345850182929,2.7594319521020303e-06,0.09609089158482575,1.014008126977252e-06,0.09724629308684762,1.514030495165379e-06,0.09743886000385138,6.815464460011039e-07,0.09763142692085491,8.511019032989395e-06,0.09782399383785867,7.89596492318352e-06,0.09801656075486243,5.751587080887364e-06,1.0,1.0,1.0,1.0,0.0
64,13:40:27,0,0.09705372616984409,131051.0,0.09715000962834575,0.09705372616984409,1.7121776570271633e-06,0.09686115925284033,1.662308404880741e-07,0.0966685923358368,1.4628313962950522e-06,0.09647602541883304,2.144377842296156e-06,0.09628345850182929,2.7594319521020303e-06,0.09724629308684762,1.2813073184820752e-06,0.09743886000385138,8.311542024403705e-07,0.09763142692085491,8.710496041575084e-06,0.09782399383785867,7.89596492318352e-06,0.09801656075486243,5.751587080887364e-06,0.0,1.0,1.0,1.0,0.0
64,13:40:30,0,0.09724629308684762,353219.0,0.09715000962834575,0.09705372616984409,1.0805004631724817e-06,0.09686115925284033,3.158385969273408e-07,0.0966685923358368,1.978147001808082e-06,0.09647602541883304,2.144377842296156e-06,0.09628345850182929,2.7594319521020303e-06,0.09724629308684762,1.7301305877998753e-06,0.09743886000385138,4.155771012201853e-06,0.09763142692085491,8.710496041575084e-06,0.09782399383785867,7.979080343427557e-06,0.09801656075486243,5.751587080887364e-06,1.0,1.0,1.0,1.0,0.0
64,13:40:33,0,0.09724629308684762,467192.0,0.09715000962834575,0.09705372616984409,4.820694374154149e-07,0.09686115925284033,3.324616809761482e-07,0.0966685923358368,2.194247094442578e-06,0.09647602541883304,2.3272317668330376e-06,0.09628345850182929,2.7594319521020303e-06,0.09724629308684762,1.76337675589749e-06,0.09743886000385138,4.17239409625066e-06,0.09763142692085491,8.627380621331046e-06,0.09782399383785867,7.979080343427557e-06,0.09801656075486243,5.751587080887364e-06,1.0,1.0,1.0,1.0,0.0
64,13:40:36,0,0.09705372616984409,381705.0,0.09695744271134221,0.09686115925284033,2.659693447809186e-07,0.0966685923358368,4.388494188885156e-06,0.09647602541883304,2.3272317668330376e-06,0.09628345850182929,3.407732230005519e-06,0.09609089158482575,1.047254295074867e-06,0.09705372616984409,7.480387821963335e-07,0.09724629308684762,1.929607596385564e-06,0.09743886000385138,4.17239409625066e-06,0.09763142692085491,8.876726882063157e-06,0.09782399383785867,7.979080343427557e-06,1.0,1.0,1.0,1.0,0.0
64,13:40:39,0,0.09724629308684762,820430.0,0.09715000962834575,0.09705372616984409,8.145311183915631e-07,0.09686115925284033,2.8259242882972596e-07,0.0966685923358368,4.521478861275615e-06,0.09647602541883304,2.3272317668330376e-06,0.09628345850182929,3.407732230005519e-06,0.09724629308684762,1.2148149822868455e-06,0.09743886000385138,4.189017180299468e-06,0.09763142692085491,9.491780991869032e-06,0.09782399383785867,7.979080343427557e-06,0.09801656075486243,5.884571753277823e-06,1.0,1.0,1.0,1.0,0.0
64,13:40:42,0,0.0966685923358368,5822266.0,0.09657230887733492,0.09647602541883304,2.3272317668330376e-06,0.09628345850182929,3.407732230005519e-06,0.09609089158482575,1.047254295074867e-06,0.095898324667822,1.4628313962950522e-06,0.09570575775081847,1.0206573605967751e-05,0.0966685923358368,3.83660779846475e-07,0.09686115925284033,1.662308404880741e-08,0.09705372616984409,1.329846723904593e-07,0.09724629308684762,1.662308404880741e-08,0.09743886000385138,4.205640264348275e-06,2.0,1.0,1.0,1.0,0.0
64,13:40:45,0,0.09724629308684762,444739.0,0.0973425765453495,0.09724629308684762,3.107186870403081e-06,0.09705372616984409,6.649233619522964e-08,0.09647602541883304,3.1750090533222154e-06,0.09628345850182929,3.474224566200749e-06,0.09609089158482575,1.047254295074867e-06,0.09743886000385138,4.205640264348275e-06,0.09763142692085491,9.741127252601143e-06,0.09782399383785867,8.028949595573979e-06,0.09801656075486243,5.884571753277823e-06,0.09820912767186596,9.197219942524165e-06,1.0,1.0,1.0,1.0,0.0
64,13:40:48,0,0.09724629308684762,119658.0,0.0973425765453495,0.09724629308684762,3.5227639716232666e-06,0.09705372616984409,1.1636158834165187e-07,0.0966685923358368,7.314156981475261e-07,0.09647602541883304,3.1750090533222154e-06,0.09628345850182929,3.474224566200749e-06,0.09743886000385138,4.205640264348275e-06,0.09763142692085491,9.741127252601143e-06,0.09782399383785867,8.028949595573979e-06,0.09801656075486243,5.9011948373266305e-06,0.09820912767186596,9.213843026572971e-06,1.0,1.0,1.0,1.0,0.0
64,13:40:51,0,0.09724629308684762,1327171.0,0.09715000962834575,0.09705372616984409,9.973850429284447e-08,0.09686115925284033,2.8259242882972596e-07,0.0966685923358368,9.641388748308298e-07,0.09647602541883304,3.524093818347171e-06,0.09628345850182929,3.490847650249556e-06,0.09724629308684762,6.994993767738158e-07,0.09743886000385138,4.139147928153045e-06,0.09763142692085491,1.0023719681430868e-05,0.09782399383785867,8.028949595573979e-06,0.09801656075486243,5.934441005424246e-06,1.0,1.0,1.0,1.0,0.0
64,13:40:54,0,0.09705372616984409,484781.0,0.09715000962834575,0.09705372616984409,3.3232869630375776e-06,0.09686115925284033,2.8259242882972596e-07,0.0966685923358368,1.662308404880741e-06,0.09647602541883304,3.524093818347171e-06,0.09628345850182929,3.490847650249556e-06,0.09724629308684762,3.8233093312257044e-07,0.09743886000385138,4.255509516494697e-06,0.09763142692085491,1.0023719681430868e-05,0.09782399383785867,8.028949595573979e-06,0.09801656075486243,5.967687173521861e-06,1.0,1.0,1.0,0.0,0.0
64,13:40:57,0,0.09705372616984409,62674.0,0.09715000962834575,0.09705372616984409,3.30666387898877e-06,0.09686115925284033,2.992155128785334e-07,0.0966685923358368,2.2773625146866152e-06,0.09647602541883304,3.524093818347171e-06,0.09628345850182929,3.5739630704935933e-06,0.09724629308684762,3.9895401717137787e-07,0.09743886000385138,4.255509516494697e-06,0.09763142692085491,1.0472542950748669e-05,0.09782399383785867,8.61075753728224e-06,0.09801656075486243,5.967687173521861e-06,1.0,1.0,1.0,0.0,0.0
64,13:41:00,0,0.09705372616984409,2131438.0,0.09715000962834575,0.09705372616984409,3.3232869630375776e-06,0.09686115925284033,5.651848576594519e-07,0.0966685923358368,2.2773625146866152e-06,0.09647602541883304,3.524093818347171e-06,0.09628345850182929,3.590586154542401e-06,0.09724629308684762,9.641388748308298e-07,0.09763142692085491,9.940604261186831e-06,0.09782399383785867,8.776988377770313e-06,0.09801656075486243,5.967687173521861e-06,0.09820912767186596,9.29695844681701e-06,1.0,1.0,1.0,1.0,0.0
64,13:41:03,0,0.09724629308684762,472877.0,0.09715000962834575,0.09705372616984409,2.7913482734757402e-06,0.09686115925284033,5.984310257570668e-07,0.0966685923358368,2.37710101897946e-06,0.09647602541883304,3.5407169023959785e-06,0.09628345850182929,3.590586154542401e-06,0.09724629308684762,7.147926140987186e-07,0.09763142692085491,1.0007096597382062e-05,0.09782399383785867,8.776988377770313e-06,0.09801656075486243,5.967687173521861e-06,0.09820912767186596,9.29695844681701e-06,1.0,1.0,1.0,0.0,0.0
64,13:41:06,0,0.09724629308684762,632383.0,0.09715000962834575,0.09705372616984409,1.2620245409854587e-06,0.09686115925284033,5.984310257570668e-07,0.0966685923358368,2.6430703637603784e-06,0.09647602541883304,3.640455406688823e-06,0.09628345850182929,3.7401939109816675e-06,0.09724629308684762,2.5765780275651485e-06,0.09763142692085491,1.0023719681430868e-05,0.09782399383785867,8.776988377770313e-06,0.09801656075486243,5.967687173521861e-06,0.09820912767186596,9.29695844681701e-06,1.0,1.0,1.0,0.0,0.0
64,13:41:09,0,0.09724629308684762,45579.0,0.09715000962834575,0.09705372616984409,1.195532204790229e-06,0.09686115925284033,5.984310257570668e-07,0.0966685923358368,2.7428088680532227e-06,0.09647602541883304,3.640455406688823e-06,0.09628345850182929,5.402502315862409e-06,0.09724629308684762,2.6098241956627637e-06,0.09743886000385138,1.329846723904593e-07,0.09763142692085491,1.027306594216298e-05,0.09782399383785867,8.776988377770313e-06,0.09801656075486243,6.10067184591232e-06,1.0,1.0,1.0,0.0,0.0
64,13:41:12,0,0.09705372616984409,495199.0,0.09695744271134221,0.09686115925284033,7.979080343427557e-07,0.0966685923358368,2.8259242882972598e-06,0.09647602541883304,3.640455406688823e-06,0.09628345850182929,5.402502315862409e-06,0.09609089158482575,1.047254295074867e-06,0.09705372616984409,1.329846723904593e-09,0.09724629308684762,2.3604779349306524e-06,0.09743886000385138,1.329846723904593e-07,0.09763142692085491,1.0289689026211788e-05,0.09782399383785867,8.776988377770313e-06,1.0,1.0,1.0,0.0,0.0
64,13:41:15,0,0.09705372616984409,113942.0,0.09695744271134221,0.09686115925284033,7.812849502939483e-07,0.0966685923358368,3.0420243809317563e-06,0.09647602541883304,3.640455406688823e-06,0.09628345850182929,5.402502315862409e-06,0.09609089158482575,1.047254295074867e-06,0.09705372616984409,4.9869252146422234e-08,0.09724629308684762,2.328561613556942e-06,0.09743886000385138,1.329846723904593e-07,0.09763142692085491,1.0572281455041514e-05,0.09782399383785867,8.776988377770313e-06,1.0,1.0,1.0,0.0,0.0
64,13:41:18,0,0.09705372616984409,176607.0,0.09695744271134221,0.09686115925284033,7.812849502939483e-07,0.0966685923358368,3.158385969273408e-06,0.09647602541883304,3.640455406688823e-06,0.09628345850182929,5.402502315862409e-06,0.09609089158482575,1.047254295074867e-06,0.09705372616984409,4.820694374154149e-07,0.09724629308684762,2.5114155380938238e-06,0.09743886000385138,1.329846723904593e-07,0.09763142692085491,1.0871496967920046e-05,0.09782399383785867,8.776988377770313e-06,1.0,1.0,1.0,0.0,0.0
64,13:41:21,0,0.09705372616984409,780330.0,0.09695744271134221,0.09686115925284033,3.324616809761482e-08,0.0966685923358368,2.393724103028267e-06,0.09647602541883304,3.640455406688823e-06,0.09628345850182929,5.402502315862409e-06,0.09609089158482575,1.047254295074867e-06,0.09705372616984409,3.324616809761482e-08,0.09724629308684762,2.8272541350211646e-06,0.09743886000385138,1.8285392453688153e-07,0.09763142692085491,1.1037727808408121e-05,0.09782399383785867,8.776988377770313e-06,1.0,1.0,1.0,0.0,0.0
64,13:41:24,0,0.09705372616984409,1429908.0,0.09715000962834575,0.09705372616984409,1.1918751262994914e-05,0.09686115925284033,1.3797159760510151e-06,0.0966685923358368,2.31060868278423e-06,0.09647602541883304,3.640455406688823e-06,0.09628345850182929,5.402502315862409e-06,0.09724629308684762,2.9602388074116236e-06,0.09743886000385138,1.8285392453688153e-07,0.09763142692085491,1.1070973976505735e-05,0.09782399383785867,9.126073142795269e-06,0.09801656075486243,6.117294929961127e-06,1.0,1.0,1.0,0.0,0.0
64,13:41:27,0,0.09724629308684762,313340.0,0.09715000962834575,0.09705372616984409,1.213485135562941e-05,0.09686115925284033,1.6290622367831262e-06,0.0966685923358368,2.510085691369919e-06,0.09647602541883304,3.640455406688823e-06,0.09628345850182929,5.402502315862409e-06,0.09724629308684762,3.209585068143735e-06,0.09743886000385138,1.8285392453688153e-07,0.09763142692085491,1.1120843228652158e-05,0.09782399383785867,9.126073142795269e-06,0.09801656075486243,6.117294929961127e-06,1.0,1.0,1.0,0.0,0.0
64,13:41:30,0,0.09724629308684762,3782815.0,0.09715000962834575,0.09705372616984409,2.792678120199645e-06,0.09686115925284033,1.695554572978356e-06,0.0966685923358368,2.393724103028267e-06,0.09647602541883304,3.640455406688823e-06,0.09628345850182929,5.402502315862409e-06,0.09724629308684762,3.2428312362413497e-06,0.09743886000385138,2.659693447809186e-07,0.09763142692085491,1.1154089396749772e-05,0.09782399383785867,9.126073142795269e-06,0.09801656075486243,6.133918014009934e-06,1.0,1.0,1.0,0.0,0.0
64,13:41:33,0,0.09686115925284033,1247666.0,0.09695744271134221,0.09686115925284033,1.745423825124778e-06,0.0966685923358368,2.4602164392234966e-06,0.09647602541883304,3.6570784907376304e-06,0.09628345850182929,5.402502315862409e-06,0.09609089158482575,1.047254295074867e-06,0.09705372616984409,9.973850429284447e-08,0.09724629308684762,2.7441387147771275e-06,0.09743886000385138,3.4908476502495563e-07,0.09763142692085491,1.1403435657481884e-05,0.09782399383785867,9.126073142795269e-06,1.0,1.0,1.0,0.0,0.0
64,13:41:36,0,0.09705372616984409,244954.0,0.09695744271134221,0.09686115925284033,1.6456853208319336e-06,0.0966685923358368,2.4435933551746895e-06,0.09647602541883304,3.673701574786438e-06,0.09628345850182929,5.402502315862409e-06,0.09609089158482575,1.047254295074867e-06,0.09705372616984409,4.488232693178001e-07,0.09724629308684762,3.409062076729424e-06,0.09743886000385138,3.4908476502495563e-07,0.09763142692085491,1.2533805372800788e-05,0.09782399383785867,9.109450058746461e-06,1.0,1.0,1.0,0.0,0.0
64,13:41:39,0,0.09705372616984409,119627.0,0.09695744271134221,0.09686115925284033,1.6789314889295486e-06,0.0966685923358368,2.5267087754187266e-06,0.09647602541883304,3.673701574786438e-06,0.09628345850182929,5.302763811569564e-06,0.09609089158482575,1.047254295074867e-06,0.09705372616984409,4.986925214642223e-07,0.09724629308684762,3.868025427316996e-06,0.09743886000385138,3.4908476502495563e-07,0.09763142692085491,1.251718228875198e-05,0.09782399383785867,9.109450058746461e-06,1.0,1.0,1.0,0.0,0.0
64,13:41:42,0,0.09705372616984409,592400.0,0.09695744271134221,0.09686115925284033,8.644003705379854e-07,0.0966685923358368,2.7261857840044155e-06,0.09647602541883304,3.673701574786438e-06,0.09628345850182929,5.302763811569564e-06,0.09609089158482575,1.047254295074867e-06,0.09705372616984409,8.644003705379854e-07,0.09724629308684762,4.084125519951493e-06,0.09743886000385138,3.4908476502495563e-07,0.09763142692085491,1.3597682751924462e-05,0.09782399383785867,9.109450058746461e-06,1.0,1.0,1.0,0.0,0.0
64,13:41:45,0,0.09705372616984409,592494.0,0.09715000962834575,0.09705372616984409,2.1610009263449634e-07,0.09686115925284033,7.979080343427557e-07,0.0966685923358368,2.992155128785334e-06,0.09647602541883304,3.5074707342983638e-06,0.09628345850182929,5.302763811569564e-06,0.09724629308684762,4.017633183756263e-06,0.09743886000385138,3.8233093312257044e-07,0.09763142692085491,1.3664175088119692e-05,0.09782399383785867,9.109450058746461e-06,0.09801656075486243,6.150541098058742e-06,1.0,1.0,1.0,0.0,0.0
64,13:41:48,0,0.09705372616984409,267743.0,0.09715000962834575,0.09705372616984409,7.314156981475261e-07,0.09686115925284033,1.3132236398557854e-06,0.0966685923358368,2.992155128785334e-06,0.09647602541883304,3.5074707342983638e-06,0.09628345850182929,5.302763811569564e-06,0.09724629308684762,4.050879351853878e-06,0.09743886000385138,3.8233093312257044e-07,0.09763142692085491,1.3730667424314921e-05,0.09782399383785867,9.109450058746461e-06,0.09801656075486243,6.150541098058742e-06,1.0,0.0,1.0,0.0,0.0
64,13:41:51,0,0.09686115925284033,871560.0,0.09695744271134221,0.09686115925284033,9.641388748308298e-07,0.0966685923358368,3.108516717126986e-06,0.09647602541883304,3.5074707342983638e-06,0.09628345850182929,5.302763811569564e-06,0.09609089158482575,1.047254295074867e-06,0.09705372616984409,3.4908476502495563e-07,0.09724629308684762,4.084125519951493e-06,0.09743886000385138,3.8233093312257044e-07,0.09763142692085491,1.4096375273388684e-05,0.09782399383785867,9.109450058746461e-06,1.0,1.0,1.0,0.0,0.0
64,13:41:54,0,0.09705372616984409,546823.0,0.09695744271134221,0.09686115925284033,3.324616809761482e-08,0.0966685923358368,3.0918936330781783e-06,0.09647602541883304,3.5074707342983638e-06,0.09628345850182929,5.302763811569564e-06,0.09609089158482575,1.0638773791236743e-06,0.09705372616984409,3.2913706416638672e-06,0.09724629308684762,4.4498333690252555e-06,0.09743886000385138,3.8233093312257044e-07,0.09763142692085491,1.4395590786267218e-05,0.09782399383785867,9.109450058746461e-06,1.0,1.0,1.0,0.0,0.0
64,13:41:57,0,0.09705372616984409,381691.0,0.09695744271134221,0.09686115925284033,8.311542024403705e-08,0.0966685923358368,3.20825522141983e-06,0.09647602541883304,3.5074707342983638e-06,0.09628345850182929,5.319386895618371e-06,0.09609089158482575,1.0638773791236743e-06,0.09705372616984409,3.7568169950304747e-06,0.09724629308684762,4.915279722391863e-06,0.09743886000385138,3.8233093312257044e-07,0.09763142692085491,1.4595067794852907e-05,0.09782399383785867,1.0705266127431973e-05,1.0,1.0,1.0,0.0,0.0
64,13:42:00,0,0.09686115925284033,472832.0,0.09676487579433846,0.0966685923358368,3.2248783054686377e-06,0.09647602541883304,4.189017180299468e-06,0.09628345850182929,5.319386895618371e-06,0.09609089158482575,1.0638773791236743e-06,0.095898324667822,2.061262422052119e-06,0.09686115925284033,3.9895401717137787e-07,0.09705372616984409,3.0420243809317563e-06,0.09724629308684762,5.231118319319204e-06,0.09743886000385138,3.8233093312257044e-07,0.09763142692085491,1.464493704699933e-05,1.0,1.0,1.0,0.0,0.0
64,13:42:03,0,0.09686115925284033,227838.0,0.09676487579433846,0.0966685923358368,2.992155128785334e-06,0.09647602541883304,3.440978398103134e-06,0.09628345850182929,5.319386895618371e-06,0.09609089158482575,1.0638773791236743e-06,0.095898324667822,2.061262422052119e-06,0.09686115925284033,9.973850429284447e-08,0.09705372616984409,4.521478861275615e-06,0.09724629308684762,5.231118319319204e-06,0.09743886000385138,4.1557710122018525e-07,0.09763142692085491,1.4744675551292173e-05,1.0,1.0,1.0,0.0,0.0
64,13:42:06,0,0.0966685923358368,1452351.0,0.09657230887733492,0.09647602541883304,3.490847650249556e-06,0.09628345850182929,5.319386895618371e-06,0.09609089158482575,1.0638773791236743e-06,0.095898324667822,2.061262422052119e-06,0.09570575775081847,1.033955827835821e-05,0.0966685923358368,2.426970271125882e-06,0.09686115925284033,1.329846723904593e-07,0.09705372616984409,3.79006316312809e-06,0.09724629308684762,5.330856823612049e-06,0.09743886000385138,4.1557710122018525e-07,1.0,1.0,1.0,0.0,1.0
64,13:42:09,0,0.0966685923358368,660620.0,0.09657230887733492,0.09647602541883304,3.490847650249556e-06,0.09628345850182929,5.302763811569564e-06,0.09609089158482575,1.0638773791236743e-06,0.095898324667822,2.061262422052119e-06,0.09570575775081847,1.0356181362407016e-05,0.0966685923358368,5.984310257570668e-07,0.09686115925284033,4.322001852689927e-07,0.09705372616984409,3.823309331225704e-06,0.09724629308684762,5.347479907660856e-06,0.09743886000385138,3.6570784907376306e-07,1.0,1.0,1.0,0.0,1.0
64,13:42:12,0,0.09647602541883304,358770.0,0.09657230887733492,0.09647602541883304,3.2415013895174453e-06,0.09628345850182929,5.468994652057638e-06,0.09609089158482575,1.0638773791236743e-06,0.095898324667822,2.061262422052119e-06,0.09570575775081847,1.0439296782651055e-05,0.0966685923358368,2.4934626073211115e-07,0.09686115925284033,1.213485135562941e-06,0.09705372616984409,4.255509516494697e-06,0.09724629308684762,5.347479907660856e-06,0.09743886000385138,4.1557710122018525e-07,1.0,1.0,1.0,0.0,1.0
64,13:42:15,0,0.09686115925284033,136680.0,0.09676487579433846,0.0966685923358368,6.649233619522964e-08,0.09647602541883304,3.191632137371023e-06,0.09628345850182929,5.468994652057638e-06,0.09609089158482575,1.0638773791236743e-06,0.095898324667822,2.061262422052119e-06,0.09686115925284033,1.1802389674653262e-06,0.09705372616984409,4.255509516494697e-06,0.09724629308684762,5.364102991709663e-06,0.09743886000385138,4.1557710122018525e-07,0.09763142692085491,1.5775306762318232e-05,1.0,1.0,0.0,0.0,0.0
64,13:42:18,0,0.0966685923358368,233478.0,0.09657230887733492,0.09647602541883304,4.737578953910112e-06,0.09628345850182929,5.468994652057638e-06,0.09609089158482575,1.0638773791236743e-06,0.095898324667822,2.061262422052119e-06,0.09570575775081847,1.2417443784459135e-05,0.0966685923358368,1.123720481699381e-05,0.09686115925284033,1.5459468165390891e-06,0.09705372616984409,4.255509516494697e-06,0.09724629308684762,5.347479907660856e-06,0.09743886000385138,2.8259242882972596e-07,1.0,1.0,1.0,0.0,1.0
64,13:42:21,0,0.0966685923358368,523940.0,0.09657230887733492,0.09647602541883304,4.804071290105341e-06,0.09628345850182929,5.58535624039929e-06,0.09609089158482575,2.177624010393771e-06,0.095898324667822,2.1277547582473486e-06,0.09570575775081847,1.251718228875198e-05,0.0966685923358368,9.790996504747564e-06,0.09686115925284033,2.194247094442578e-06,0.09705372616984409,4.255509516494697e-06,0.09724629308684762,5.297610655514434e-06,0.09743886000385138,2.8259242882972596e-07,1.0,1.0,1.0,0.0,1.0
64,13:42:24,0,0.0966685923358368,438491.0,0.09657230887733492,0.09647602541883304,4.870563626300572e-06,0.09628345850182929,5.58535624039929e-06,0.09609089158482575,2.2108701784913857e-06,0.095898324667822,2.094508590149734e-06,0.09570575775081847,1.251718228875198e-05,0.0966685923358368,9.142696226844075e-06,0.09686115925284033,2.194247094442578e-06,0.09705372616984409,4.255509516494697e-06,0.09724629308684762,5.314233739563241e-06,0.09743886000385138,2.8259242882972596e-07,1.0,1.0,1.0,0.0,1.0
64,13:42:27,0,0.09647602541883304,1776664.0,0.09657230887733492,0.09647602541883304,2.0778855061009263e-06,0.09628345850182929,7.247664645280031e-06,0.09609089158482575,2.2108701784913857e-06,0.095898324667822,2.094508590149734e-06,0.09570575775081847,1.2533805372800788e-05,0.0966685923358368,6.9983183845479195e-06,0.09686115925284033,2.2773625146866152e-06,0.09705372616984409,4.255509516494697e-06,0.09724629308684762,5.164625983123975e-06,0.09743886000385138,2.8259242882972596e-07,1.0,1.0,0.0,0.0,1.0
64,13:42:30,0,0.09628345850182929,1059091.0,0.09637974196033117,0.09628345850182929,7.231041561231224e-06,0.09609089158482575,2.2108701784913857e-06,0.095898324667822,2.094508590149734e-06,0.09570575775081847,1.251718228875198e-05,0.09551319083381471,6.316771938546816e-07,0.09647602541883304,1.3797159760510151e-06,0.0966685923358368,7.0149414685967275e-06,0.09686115925284033,2.144377842296156e-06,0.09705372616984409,4.155771012201853e-06,0.09724629308684762,5.164625983123975e-06,1.0,1.0,0.0,0.0,1.0
64,13:42:33,0,0.09647602541883304,478244.0,0.09637974196033117,0.09628345850182929,6.350018106644431e-06,0.09609089158482575,2.2108701784913857e-06,0.095898324667822,2.094508590149734e-06,0.09570575775081847,1.2550428456849594e-05,0.09551319083381471,6.316771938546816e-07,0.09647602541883304,1.1968620515141336e-06,0.0966685923358368,7.297533897426454e-06,0.09686115925284033,5.751587080887364e-06,0.09705372616984409,4.17239409625066e-06,0.09724629308684762,5.164625983123975e-06,1.0,0.0,0.0,1.0,1.0
64,13:42:36,0,0.09647602541883304,1691223.0,0.09637974196033117,0.09628345850182929,4.654463533666075e-06,0.09609089158482575,2.227493262540193e-06,0.095898324667822,2.094508590149734e-06,0.09570575775081847,1.2533805372800788e-05,0.09551319083381471,6.48300277903489e-07,0.09647602541883304,4.9869252146422234e-08,0.0966685923358368,5.535486988252868e-06,0.09686115925284033,5.951064089473053e-06,0.09705372616984409,4.17239409625066e-06,0.09724629308684762,5.164625983123975e-06,1.0,0.0,0.0,1.0,1.0
64,13:42:39,0,0.09628345850182929,449763.0,0.09637974196033117,0.09628345850182929,2.992155128785334e-06,0.09609089158482575,2.227493262540193e-06,0.095898324667822,1.8119161613200078e-06,0.09570575775081847,1.2533805372800788e-05,0.09551319083381471,6.48300277903489e-07,0.09647602541883304,1.1802389674653262e-06,0.0966685923358368,5.9011948373266305e-06,0.09686115925284033,5.984310257570668e-06,0.09705372616984409,4.006163255762586e-06,0.09724629308684762,5.164625983123975e-06,1.0,0.0,0.0,1.0,1.0
64,13:42:42,0,0.09628345850182929,910922.0,0.09637974196033117,0.09628345850182929,1.4462083122462446e-06,0.09609089158482575,2.227493262540193e-06,0.095898324667822,1.8119161613200078e-06,0.09570575775081847,1.2450689952556751e-05,0.09551319083381471,6.48300277903489e-07,0.09647602541883304,1.3298467239045928e-06,0.0966685923358368,6.10067184591232e-06,0.09686115925284033,6.167164182107549e-06,0.09705372616984409,4.006163255762586e-06,0.09724629308684762,5.247741403368011e-06,1.0,0.0,1.0,1.0,1.0
64,13:42:45,0,0.09628345850182929,1053439.0,0.09637974196033117,0.09628345850182929,1.7288007410759707e-06,0.09609089158482575,2.194247094442578e-06,0.095898324667822,1.8784084975152373e-06,0.09570575775081847,1.2350951448263907e-05,0.09551319083381471,6.48300277903489e-07,0.09647602541883304,1.662308404880741e-08,0.0966685923358368,4.920432878446993e-06,0.09686115925284033,6.167164182107549e-06,0.09705372616984409,4.006163255762586e-06,0.09724629308684762,5.247741403368011e-06,1.0,0.0,0.0,1.0,1.0
64,13:42:48,0,0.09647602541883304,210650.0,0.09637974196033117,0.09628345850182929,1.3464698079534002e-06,0.09609089158482575,1.0805004631724817e-06,0.095898324667822,1.7952930772712004e-06,0.09570575775081847,1.2350951448263907e-05,0.09551319083381471,6.48300277903489e-07,0.09647602541883304,6.649233619522964e-08,0.0966685923358368,5.003548298691031e-06,0.09686115925284033,6.117294929961127e-06,0.09705372616984409,4.006163255762586e-06,0.09724629308684762,4.815541218099019e-06,0.0,0.0,0.0,1.0,1.0
64,13:42:51,0,0.09647602541883304,552240.0,0.09637974196033117,0.09628345850182929,1.1636158834165187e-07,0.09609089158482575,1.0805004631724817e-06,0.095898324667822,1.7952930772712004e-06,0.09570575775081847,1.2417443784459135e-05,0.09551319083381471,6.48300277903489e-07,0.09647602541883304,1.7620469091735855e-06,0.0966685923358368,5.036794466788645e-06,0.09686115925284033,6.117294929961127e-06,0.09705372616984409,4.006163255762586e-06,0.09724629308684762,4.815541218099019e-06,0.0,0.0,1.0,1.0,1.0
64,13:42:54,0,0.09647602541883304,2191574.0,0.09609089158482575,0.095898324667822,1.7952930772712004e-06,0.09570575775081847,1.2417443784459135e-05,0.09551319083381471,6.48300277903489e-07,0.09532062391681118,1.1636158834165188e-06,0.09512805699980742,1.4295852281974373e-06,0.09628345850182929,1.8285392453688153e-07,0.09647602541883304,5.003548298691031e-06,0.0966685923358368,5.153156055130297e-06,0.09686115925284033,6.067425677814705e-06,0.09705372616984409,3.906424751469742e-06,1.0,1.0,1.0,1.0,1.0
64,13:42:57,0,0.09628345850182929,694373.0,0.09609089158482575,0.095898324667822,4.654463533666075e-07,0.09570575775081847,1.2650166961142439e-05,0.09551319083381471,6.48300277903489e-07,0.09532062391681118,1.1636158834165188e-06,0.09512805699980742,1.4295852281974373e-06,0.09628345850182929,9.973850429284447e-08,0.09647602541883304,5.13653297108149e-06,0.0966685923358368,5.020171382739838e-06,0.09686115925284033,5.818079417082594e-06,0.09705372616984409,3.906424751469742e-06,1.0,0.0,1.0,1.0,1.0
64,13:43:00,0,0.09628345850182929,17079.0,0.09618717504332741,0.09609089158482575,1.662308404880741e-08,0.095898324667822,4.654463533666075e-07,0.09570575775081847,1.251718228875198e-05,0.09551319083381471,6.48300277903489e-07,0.09532062391681118,1.1636158834165188e-06,0.09628345850182929,1.1968620515141336e-06,0.09647602541883304,5.153156055130297e-06,0.0966685923358368,6.682479787620579e-06,0.09686115925284033,5.9011948373266305e-06,0.09705372616984409,3.906424751469742e-06,0.0,0.0,0.0,1.0,1.0
64,13:43:03,0,0.09628345850182929,773970.0,0.09580204120932034,0.09570575775081847,1.1336943321286653e-05,0.09551319083381471,6.48300277903489e-07,0.09532062391681118,1.1636158834165188e-06,0.09512805699980742,1.5459468165390891e-06,0.09493549008280366,2.0413147211935502e-05,0.095898324667822,6.649233619522964e-08,0.09628345850182929,1.2633543877093633e-06,0.09647602541883304,5.2362714753743345e-06,0.0966685923358368,7.0149414685967275e-06,0.09686115925284033,5.718340912789749e-06,1.0,0.0,1.0,1.0,1.0
64,13:43:06,0,0.095898324667822,187801.0,0.09580204120932034,0.09570575775081847,1.1353566405335461e-05,0.09551319083381471,6.48300277903489e-07,0.09532062391681118,1.1802389674653262e-06,0.09512805699980742,1.5459468165390891e-06,0.09493549008280366,2.0429770295984306e-05,0.095898324667822,1.9947700858568893e-07,0.09628345850182929,1.4628313962950522e-06,0.09647602541883304,5.402502315862409e-06,0.0966685923358368,7.098056888840764e-06,0.09686115925284033,5.718340912789749e-06,1.0,0.0,1.0,1.0,1.0
64,13:43:09,0,0.09570575775081847,307268.0,0.09580204120932034,0.09570575775081847,1.058890453909032e-05,0.09551319083381471,6.48300277903489e-07,0.09532062391681118,1.1968620515141336e-06,0.09512805699980742,1.5459468165390891e-06,0.09493549008280366,2.0429770295984306e-05,0.095898324667822,4.322001852689927e-07,0.09609089158482575,4.9869252146422234e-08,0.09628345850182929,1.86178541346643e-06,0.09647602541883304,5.402502315862409e-06,0.0966685923358368,7.098056888840764e-06,1.0,0.0,1.0,1.0,1.0
64,13:43:12,0,0.095898324667822,125196.0,0.09580204120932034,0.09570575775081847,1.1553043413921151e-05,0.09551319083381471,6.48300277903489e-07,0.09532062391681118,1.2799774717581707e-06,0.09512805699980742,1.5459468165390891e-06,0.09493549008280366,2.0446393380033114e-05,0.095898324667822,5.319386895618372e-07,0.09609089158482575,4.9869252146422234e-08,0.09628345850182929,2.31060868278423e-06,0.09647602541883304,5.452371568008831e-06,0.0966685923358368,7.480387821963335e-06,1.0,1.0,1.0,1.0,1.0
64,13:43:15,0,0.09570575775081847,4091112.0,0.09560947429231659,0.09551319083381471,6.649233619522964e-07,0.09532062391681118,1.3464698079534002e-06,0.09512805699980742,1.5459468165390891e-06,0.09493549008280366,2.0429770295984306e-05,0.09474292316580013,7.812849502939483e-07,0.09570575775081847,6.167164182107549e-06,0.095898324667822,5.984310257570668e-07,0.09609089158482575,4.9869252146422234e-08,0.09628345850182929,2.5433318594675337e-06,0.09647602541883304,5.58535624039929e-06,1.0,1.0,1.0,1.0,1.0
64,13:43:18,0,0.09570575775081847,347090.0,0.09560947429231659,0.09551319083381471,1.6456853208319336e-06,0.09532062391681118,1.3464698079534002e-06,0.09512805699980742,1.5459468165390891e-06,0.09493549008280366,2.0463016464081922e-05,0.09474292316580013,7.812849502939483e-07,0.09570575775081847,1.7620469091735854e-05,0.095898324667822,6.150541098058742e-07,0.09609089158482575,6.649233619522964e-08,0.09628345850182929,4.770825122007727e-06,0.09647602541883304,5.58535624039929e-06,1.0,1.0,1.0,1.0,1.0
64,13:43:21,0,0.09551319083381471,386884.0,0.09560947429231659,0.09551319083381471,1.047254295074867e-06,0.09532062391681118,1.3464698079534002e-06,0.09512805699980742,1.5459468165390891e-06,0.09493549008280366,2.0463016464081922e-05,0.09474292316580013,9.475157907820225e-07,0.09570575775081847,1.8135784697248885e-05,0.095898324667822,7.480387821963335e-07,0.09609089158482575,1.8285392453688153e-07,0.09628345850182929,4.770825122007727e-06,0.09647602541883304,5.58535624039929e-06,1.0,1.0,1.0,1.0,1.0
64,13:43:24,0,0.09570575775081847,557542.0,0.09560947429231659,0.09551319083381471,6.815464460011039e-07,0.09532062391681118,1.3464698079534002e-06,0.09512805699980742,1.8784084975152373e-06,0.09493549008280366,2.0463016464081922e-05,0.09474292316580013,9.475157907820225e-07,0.09570575775081847,1.8567984882517877e-05,0.095898324667822,1.0638773791236743e-06,0.09609089158482575,1.8285392453688153e-07,0.09628345850182929,4.770825122007727e-06,0.09647602541883304,5.58535624039929e-06,0.0,1.0,1.0,1.0,1.0
64,13:43:27,0,0.09512805699980742,1348100.0,0.09532062391681095,0.09512805699980742,3.0918936330781783e-06,0.09493549008280366,2.0463016464081922e-05,0.09474292316580013,9.475157907820225e-07,0.0945503562487966,1.9947700858568893e-07,0.09435778933179284,2.659693447809186e-07,0.09551319083381471,2.510085691369919e-06,0.09570575775081847,1.8468246378225032e-05,0.095898324667822,1.097123547221289e-06,0.09609089158482575,2.1610009263449634e-07,0.09628345850182929,4.089278676006623e-06,1.0,1.0,1.0,2.0,1.0
64,13:43:30,0,0.09493549008280366,1177234.0,0.09512805699980742,0.09493549008280366,2.0413147211935502e-05,0.09474292316580013,1.047254295074867e-06,0.0945503562487966,1.9947700858568893e-07,0.09435778933179284,2.659693447809186e-07,0.09416522241478908,4.322001852689927e-07,0.09532062391681118,1.662308404880741e-06,0.09551319083381471,3.20825522141983e-06,0.09570575775081847,1.803604619295604e-05,0.095898324667822,1.097123547221289e-06,0.09609089158482575,2.1610009263449634e-07,1.0,1.0,1.0,1.0,1.0
64,13:43:33,0,0.09512805699980742,1529662.0,0.09512805699980742,0.09493549008280366,1.7088530402174018e-05,0.09474292316580013,1.0638773791236743e-06,0.0945503562487966,1.9947700858568893e-07,0.09435778933179284,2.659693447809186e-07,0.09416522241478908,4.322001852689927e-07,0.09532062391681118,8.145311183915631e-07,0.09551319083381471,4.338624936738734e-06,0.09570575775081847,1.823552320154173e-05,0.095898324667822,1.097123547221289e-06,0.09609089158482575,1.8285392453688153e-07,1.0,1.0,1.0,1.0,1.0
64,13:43:36,0,0.09532062391681118,432215.0,0.09512805699980742,0.09493549008280366,1.662308404880741e-05,0.09474292316580013,1.0805004631724817e-06,0.0945503562487966,1.9947700858568893e-07,0.09435778933179284,2.659693447809186e-07,0.09416522241478908,4.488232693178001e-07,0.09532062391681118,3.8233093312257044e-07,0.09551319083381471,4.571348113422038e-06,0.09570575775081847,1.8318638621785767e-05,0.095898324667822,1.097123547221289e-06,0.09609089158482575,1.662308404880741e-07,1.0,1.0,1.0,1.0,1.0
64,13:43:39,0,0.09493549008280366,671008.0,0.09503177354130554,0.09493549008280366,1.5210121904658782e-05,0.09474292316580013,1.0805004631724817e-06,0.0945503562487966,1.9947700858568893e-07,0.09435778933179284,2.659693447809186e-07,0.09416522241478908,4.488232693178001e-07,0.09512805699980742,4.9869252146422234e-08,0.09532062391681118,1.1636158834165187e-07,0.09551319083381471,4.5547250293732305e-06,0.09570575775081847,1.8385130957980995e-05,0.095898324667822,1.097123547221289e-06,1.0,1.0,1.0,1.0,2.0
64,13:43:42,0,0.09532062391681118,1877148.0,0.09541690737531305,0.09532062391681118,8.311542024403705e-08,0.09493549008280366,1.604127610709915e-05,0.09474292316580013,1.097123547221289e-06,0.0945503562487966,1.9947700858568893e-07,0.09435778933179284,2.659693447809186e-07,0.09551319083381471,1.0805004631724817e-06,0.09570575775081847,1.8401754042029803e-05,0.095898324667822,9.973850429284446e-07,0.09609089158482575,1.8285392453688152e-06,0.09628345850182929,3.4576014821519414e-06,1.0,1.0,1.0,1.0,2.0
64,13:43:45,0,0.09512805699980742,227465.0,0.0952243404583093,0.09512805699980742,2.8259242882972596e-07,0.09493549008280366,1.7504107503394205e-05,0.09474292316580013,1.097123547221289e-06,0.0945503562487966,1.86178541346643e-06,0.09435778933179284,2.659693447809186e-07,0.09532062391681118,3.324616809761482e-07,0.09551319083381471,1.1469927993677114e-06,0.09570575775081847,1.5559206669683738e-05,0.095898324667822,9.807619588796372e-07,0.09609089158482575,1.8285392453688152e-06,1.0,1.0,1.0,1.0,1.0
64,13:43:48,0,0.09512805699980742,2081125.0,0.0952243404583093,0.09512805699980742,2.1610009263449634e-07,0.09493549008280366,1.2384197616361521e-05,0.09474292316580013,1.1137466312700965e-06,0.0945503562487966,1.86178541346643e-06,0.09435778933179284,2.659693447809186e-07,0.09532062391681118,1.9947700858568893e-07,0.09551319083381471,1.1469927993677114e-06,0.09570575775081847,1.5559206669683738e-05,0.095898324667822,9.973850429284446e-07,0.09609089158482575,1.8285392453688152e-06,1.0,1.0,1.0,1.0,1.0
64,13:43:51,0,0.09512805699980742,227497.0,0.09541690737531305,0.09532062391681118,6.649233619522964e-08,0.09512805699980742,9.807619588796372e-07,0.09493549008280366,1.2384197616361521e-05,0.09474292316580013,1.1469927993677114e-06,0.0945503562487966,1.86178541346643e-06,0.09551319083381471,2.792678120199645e-06,0.09570575775081847,1.572543751017181e-05,0.095898324667822,9.973850429284446e-07,0.09609089158482575,1.7786699932223928e-06,0.09628345850182929,3.5739630704935933e-06,1.0,1.0,1.0,1.0,1.0
64,13:43:54,0,0.09512805699980742,290075.0,0.0952243404583093,0.09512805699980742,8.644003705379854e-07,0.09493549008280366,1.2417443784459135e-05,0.09474292316580013,1.1469927993677114e-06,0.0945503562487966,1.86178541346643e-06,0.09435778933179284,2.659693447809186e-07,0.09532062391681118,1.662308404880741e-08,0.09551319083381471,2.7594319521020303e-06,0.09570575775081847,1.572543751017181e-05,0.095898324667822,9.475157907820225e-07,0.09609089158482575,1.7786699932223928e-06,1.0,1.0,1.0,1.0,1.0
64,13:43:57,0,0.09532062391681118,711082.0,0.09541690737531305,0.09532062391681118,3.8233093312257044e-07,0.09512805699980742,9.30892706733215e-07,0.09493549008280366,1.2450689952556751e-05,0.09474292316580013,1.1968620515141336e-06,0.0945503562487966,1.86178541346643e-06,0.09551319083381471,1.0638773791236743e-06,0.09570575775081847,1.560907592183016e-05,0.095898324667822,9.475157907820225e-07,0.09609089158482575,1.7786699932223928e-06,0.09628345850182929,3.474224566200749e-06,1.0,1.0,1.0,1.0,1.0
64,13:44:00,0,0.09493549008280366,955502.0,0.09503177354130554,0.09493549008280366,1.2434066868507943e-05,0.09474292316580013,1.1968620515141336e-06,0.0945503562487966,1.86178541346643e-06,0.09435778933179284,2.659693447809186e-07,0.09416522241478908,1.014008126977252e-06,0.09512805699980742,1.7620469091735855e-06,0.09532062391681118,1.662308404880741e-07,0.09551319083381471,1.1802389674653262e-06,0.09570575775081847,1.5625699005878967e-05,0.095898324667822,9.475157907820225e-07,1.0,1.0,1.0,1.0,1.0
64,13:44:03,0,0.09512805699980742,2576647.0,0.09503177354130554,0.09493549008280366,1.0904743136017662e-05,0.09474292316580013,1.1802389674653262e-06,0.0945503562487966,1.86178541346643e-06,0.09435778933179284,2.659693447809186e-07,0.09416522241478908,1.014008126977252e-06,0.09512805699980742,2.1610009263449634e-07,0.09570575775081847,1.3647552004070884e-05,0.095898324667822,5.818079417082594e-07,0.09609089158482575,1.7786699932223928e-06,0.09628345850182929,3.2913706416638672e-06,1.0,1.0,1.0,1.0,2.0
64,13:44:06,0,0.09551319083381471,1381737.0,0.09541690737531305,0.09532062391681118,1.496077564392667e-07,0.09512805699980742,1.662308404880741e-08,0.09493549008280366,7.596749410304987e-06,0.09474292316580013,1.1968620515141336e-06,0.0945503562487966,1.86178541346643e-06,0.09551319083381471,4.1557710122018525e-07,0.09570575775081847,1.3647552004070884e-05,0.095898324667822,5.818079417082594e-07,0.09609089158482575,1.7786699932223928e-06,0.09628345850182929,3.2913706416638672e-06,1.0,1.0,1.0,1.0,1.0
64,13:44:09,0,0.09532062391681118,375411.0,0.09541690737531305,0.09532062391681118,4.9869252146422234e-08,0.09512805699980742,1.6124391527343189e-06,0.09493549008280366,7.762980250793061e-06,0.09474292316580013,3.906424751469742e-06,0.0945503562487966,1.86178541346643e-06,0.09551319083381471,4.1557710122018525e-07,0.09570575775081847,1.354781349977804e-05,0.095898324667822,5.818079417082594e-07,0.09609089158482575,1.7786699932223928e-06,0.09628345850182929,3.2913706416638672e-06,1.0,1.0,1.0,1.0,1.0
64,13:44:12,0,0.09512805699980742,728064.0,0.09532062391681095,0.09512805699980742,7.480387821963335e-07,0.09493549008280366,2.9805189699511687e-05,0.09474292316580013,3.906424751469742e-06,0.0945503562487966,1.994770085856889e-06,0.09435778933179284,2.659693447809186e-07,0.09551319083381471,6.48300277903489e-07,0.09570575775081847,1.4046506021242261e-05,0.095898324667822,5.818079417082594e-07,0.09609089158482575,1.7786699932223928e-06,0.09628345850182929,3.2913706416638672e-06,1.0,2.0,1.0,1.0,1.0
64,13:44:15,0,0.09570575775081847,1120744.0,0.09551319083381471,0.09532062391681118,3.9895401717137787e-07,0.09512805699980742,3.856555499323319e-06,0.09493549008280366,2.9821812783560495e-05,0.09474292316580013,4.155771012201853e-06,0.0945503562487966,1.994770085856889e-06,0.09570575775081847,1.2666790045191247e-05,0.095898324667822,5.818079417082594e-07,0.09609089158482575,1.1636158834165187e-07,0.09628345850182929,3.2913706416638672e-06,0.09647602541883304,1.4129621441486299e-06,1.0,1.0,1.0,1.0,1.0
64,13:44:18,0,0.09532062391681118,881757.0,0.09551319083381471,0.09532062391681118,1.097123547221289e-06,0.09512805699980742,4.587971197470846e-06,0.09493549008280366,2.992155128785334e-05,0.09474292316580013,4.189017180299468e-06,0.0945503562487966,2.1277547582473486e-06,0.09570575775081847,1.2384197616361521e-05,0.095898324667822,5.818079417082594e-07,0.09609089158482575,1.329846723904593e-07,0.09628345850182929,3.2913706416638672e-06,0.09647602541883304,1.3630928920022078e-06,1.0,1.0,1.0,1.0,1.0
64,13:44:21,0,0.09532062391681118,2315481.0,0.0952243404583093,0.09512805699980742,4.17239409625066e-06,0.09493549008280366,3.0004666708097377e-05,0.09474292316580013,4.205640264348275e-06,0.0945503562487966,2.144377842296156e-06,0.09435778933179284,2.8259242882972596e-07,0.09532062391681118,6.649233619522964e-07,0.09570575775081847,8.361411276550128e-06,0.095898324667822,5.818079417082594e-07,0.09609089158482575,1.329846723904593e-07,0.09628345850182929,3.2913706416638672e-06,1.0,2.0,1.0,1.0,2.0
64,13:44:24,0,0.09532062391681118,511884.0,0.0952243404583093,0.09512805699980742,5.468994652057638e-06,0.09493549008280366,3.0021289792146185e-05,0.09474292316580013,4.205640264348275e-06,0.0945503562487966,2.177624010393771e-06,0.09435778933179284,2.8259242882972596e-07,0.09532062391681118,1.496077564392667e-07,0.09570575775081847,8.27829585630609e-06,0.095898324667822,5.818079417082594e-07,0.09609089158482575,1.329846723904593e-07,0.09628345850182929,3.2913706416638672e-06,2.0,2.0,1.0,1.0,2.0
64,13:44:27,0,0.09532062391681118,2195397.0,0.0952243404583093,0.09512805699980742,1.1137466312700965e-06,0.09493549008280366,3.010440521239022e-05,0.09474292316580013,4.205640264348275e-06,0.0945503562487966,2.177624010393771e-06,0.09435778933179284,2.8259242882972596e-07,0.09532062391681118,3.9895401717137787e-07,0.09551319083381471,2.4934626073211115e-07,0.09570575775081847,7.513633990060949e-06,0.095898324667822,5.818079417082594e-07,0.09609089158482575,6.649233619522964e-08,2.0,2.0,2.0,1.0,2.0
64,13:44:30,0,0.09532062391681118,1097710.0,0.0952243404583093,0.09512805699980742,2.1610009263449634e-07,0.09493549008280366,3.010440521239022e-05,0.09474292316580013,4.205640264348275e-06,0.0945503562487966,2.177624010393771e-06,0.09435778933179284,1.4129621441486299e-06,0.09532062391681118,7.812849502939483e-07,0.09551319083381471,1.662308404880741e-07,0.09570575775081847,7.314156981475261e-06,0.095898324667822,6.150541098058742e-07,0.09609089158482575,6.649233619522964e-08,1.0,1.0,1.0,1.0,2.0
64,13:44:33,0,0.09532062391681118,1239951.0,0.09541690737531305,0.09532062391681118,4.720955869861305e-06,0.09512805699980742,5.153156055130298e-07,0.09493549008280366,3.0071159044292605e-05,0.09474292316580013,4.288755684592312e-06,0.0945503562487966,2.177624010393771e-06,0.09551319083381471,3.324616809761482e-08,0.09570575775081847,7.629995578402602e-06,0.095898324667822,6.150541098058742e-07,0.09609089158482575,6.649233619522964e-08,0.09628345850182929,3.407732230005519e-06,1.0,1.0,1.0,1.0,2.0
64,13:44:36,0,0.09532062391681118,682560.0,0.09541690737531305,0.09532062391681118,5.934441005424246e-06,0.09512805699980742,5.984310257570668e-07,0.09493549008280366,3.0037912876194993e-05,0.09474292316580013,4.322001852689927e-06,0.0945503562487966,2.177624010393771e-06,0.09551319083381471,3.324616809761482e-08,0.09570575775081847,7.563503242207372e-06,0.095898324667822,6.649233619522964e-07,0.09609089158482575,6.649233619522964e-08,0.09628345850182929,3.407732230005519e-06,1.0,2.0,1.0,1.0,2.0
64,13:44:39,0,0.09628345850182929,3379849.0,0.095898324667822,0.09551319083381471,5.651848576594519e-07,0.09532062391681118,5.9178179213754385e-06,0.09512805699980742,6.48300277903489e-07,0.09493549008280366,3.023738988478068e-05,0.09474292316580013,4.322001852689927e-06,0.09628345850182929,3.27474755761506e-06,0.09647602541883304,1.3630928920022078e-06,0.0966685923358368,3.2415013895174453e-06,0.09686115925284033,4.6877097017636895e-06,0.09705372616984409,2.6098241956627637e-06,1.0,1.0,1.0,1.0,2.0
64,13:44:42,0,0.09628345850182929,347134.0,0.095898324667822,0.09551319083381471,3.324616809761482e-08,0.09532062391681118,6.067425677814705e-06,0.09512805699980742,8.644003705379854e-07,0.09493549008280366,3.030388222097591e-05,0.09474292316580013,4.322001852689927e-06,0.09628345850182929,2.8425473723460674e-06,0.09647602541883304,1.3630928920022078e-06,0.0966685923358368,3.4243553140543267e-06,0.09686115925284033,4.6877097017636895e-06,0.09705372616984409,2.6098241956627637e-06,1.0,1.0,1.0,1.0,2.0
64,13:44:45,0,0.09551319083381471,210484.0,0.09541690737531305,0.09532062391681118,9.209188563039306e-06,0.09512805699980742,9.142696226844076e-07,0.09493549008280366,3.061972081790325e-05,0.09474292316580013,4.322001852689927e-06,0.0945503562487966,2.177624010393771e-06,0.09551319083381471,8.311542024403705e-08,0.09628345850182929,2.8093012042484526e-06,0.09647602541883304,1.3630928920022078e-06,0.0966685923358368,3.4243553140543267e-06,0.09686115925284033,4.6877097017636895e-06,1.0,1.0,1.0,1.0,2.0
64,13:44:48,0,0.09628345850182929,221989.0,0.095898324667822,0.09551319083381471,5.319386895618372e-07,0.09532062391681118,9.541650244015454e-06,0.09512805699980742,9.142696226844076e-07,0.09493549008280366,3.0736082406244905e-05,0.09474292316580013,4.355248020787542e-06,0.09628345850182929,2.31060868278423e-06,0.09647602541883304,1.2301082196117483e-06,0.0966685923358368,3.4243553140543267e-06,0.09686115925284033,4.6877097017636895e-06,0.09705372616984409,2.6098241956627637e-06,1.0,1.0,1.0,1.0,2.0
64,13:44:51,0,0.095898324667822,210549.0,0.09580204120932034,0.09570575775081847,3.158385969273408e-07,0.09551319083381471,5.153156055130298e-07,0.09532062391681118,9.55827332806426e-06,0.09512805699980742,1.1636158834165188e-06,0.09493549008280366,3.0769328574342515e-05,0.095898324667822,1.406312910529107e-05,0.09628345850182929,2.31060868278423e-06,0.09647602541883304,1.2301082196117483e-06,0.0966685923358368,3.4243553140543267e-06,0.09686115925284033,4.720955869861305e-06,1.0,1.0,1.0,1.0,2.0
64,13:44:54,0,0.09570575775081847,347140.0,0.09580204120932034,0.09570575775081847,5.485617736106445e-07,0.09551319083381471,8.810234545867927e-07,0.09532062391681118,9.458534823771417e-06,0.09512805699980742,1.1636158834165188e-06,0.09493549008280366,3.093555941483059e-05,0.095898324667822,1.3398205743338773e-05,0.09609089158482575,2.992155128785334e-07,0.09628345850182929,2.31060868278423e-06,0.09647602541883304,1.2301082196117483e-06,0.0966685923358368,3.474224566200749e-06,1.0,1.0,1.0,1.0,2.0
64,13:44:57,0,0.095898324667822,432506.0,0.09580204120932034,0.09570575775081847,5.651848576594519e-07,0.09551319083381471,1.9615239177592744e-06,0.09532062391681118,9.574896412113068e-06,0.09512805699980742,1.213485135562941e-06,0.09493549008280366,3.0968805582928204e-05,0.095898324667822,1.2301082196117484e-05,0.09609089158482575,2.992155128785334e-07,0.09628345850182929,2.3272317668330376e-06,0.09647602541883304,1.2301082196117483e-06,0.0966685923358368,3.474224566200749e-06,1.0,2.0,1.0,1.0,1.0
64,13:45:00,0,0.09570575775081847,773889.0,0.09560947429231659,0.09551319083381471,1.5958160686855115e-06,0.09532062391681118,9.724504168552335e-06,0.09512805699980742,1.1802389674653262e-06,0.09493549008280366,3.0952182498879396e-05,0.09474292316580013,4.4051172729339635e-06,0.09570575775081847,4.9869252146422234e-08,0.095898324667822,1.110422014460335e-05,0.09609089158482575,2.992155128785334e-07,0.09628345850182929,2.992155128785334e-06,0.09647602541883304,1.2301082196117483e-06,1.0,1.0,1.0,1.0,2.0
64,13:45:03,0,0.09570575775081847,4268180.0,0.09560947429231659,0.09551319083381471,1.4628313962950522e-06,0.09532062391681118,9.890735009040409e-06,0.09512805699980742,1.2301082196117483e-06,0.09493549008280366,3.098542866697701e-05,0.09474292316580013,4.454986525080386e-06,0.09570575775081847,4.9869252146422234e-08,0.09609089158482575,2.992155128785334e-07,0.09628345850182929,3.324616809761482e-06,0.09647602541883304,1.2301082196117483e-06,0.0966685923358368,3.474224566200749e-06,1.0,1.0,1.0,1.0,2.0
64,13:45:06,0,0.09609089158482575,756674.0,0.09599460812632388,0.095898324667822,1.662308404880741e-08,0.09570575775081847,4.488232693178001e-07,0.09551319083381471,4.9869252146422234e-08,0.09532062391681118,1.0056965849528484e-05,0.09512805699980742,1.2799774717581707e-06,0.09609089158482575,2.659693447809186e-07,0.09628345850182929,3.391109145956712e-06,0.09647602541883304,1.2301082196117483e-06,0.0966685923358368,3.474224566200749e-06,0.09686115925284033,4.737578953910112e-06,1.0,1.0,1.0,1.0,1.0
64,13:45:09,0,0.09570575775081847,586127.0,0.09560947429231659,0.09551319083381471,3.324616809761482e-07,0.09532062391681118,1.0289689026211788e-05,0.09512805699980742,1.2799774717581707e-06,0.09493549008280366,3.0968805582928204e-05,0.09474292316580013,4.471609609129194e-06,0.09570575775081847,3.839932415274512e-06,0.095898324667822,6.649233619522964e-08,0.09609089158482575,2.4934626073211115e-07,0.09628345850182929,3.391109145956712e-06,0.09647602541883304,1.2301082196117483e-06,1.0,1.0,1.0,1.0,2.0
64,13:45:12,0,0.09570575775081847,364151.0,0.09560947429231659,0.09551319083381471,5.485617736106445e-07,0.09532062391681118,7.746357166744253e-06,0.09512805699980742,1.296600555806978e-06,0.09493549008280366,3.101867483507463e-05,0.09474292316580013,4.488232693178001e-06,0.09570575775081847,3.2581244735662525e-06,0.095898324667822,6.649233619522964e-08,0.09609089158482575,2.4934626073211115e-07,0.09628345850182929,3.391109145956712e-06,0.09647602541883304,1.2799774717581707e-06,2.0,1.0,1.0,1.0,2.0
64,13:45:15,0,0.09570575775081847,221902.0,0.09560947429231659,0.09551319083381471,4.820694374154149e-07,0.09532062391681118,8.644003705379854e-06,0.09512805699980742,1.3630928920022078e-06,0.09493549008280366,3.100205175102582e-05,0.09474292316580013,4.521478861275615e-06,0.09570575775081847,2.792678120199645e-06,0.095898324667822,8.311542024403705e-08,0.09609089158482575,1.213485135562941e-06,0.09628345850182929,3.4243553140543267e-06,0.09647602541883304,1.2799774717581707e-06,1.0,1.0,1.0,1.0,1.0
64,13:45:18,0,0.09570575775081847,1234711.0,0.09580204120932034,0.09570575775081847,1.5127006484414744e-06,0.09551319083381471,2.1610009263449634e-07,0.09532062391681118,8.644003705379854e-06,0.09512805699980742,1.4295852281974373e-06,0.09493549008280366,3.106854408722105e-05,0.095898324667822,2.3272317668330374e-07,0.09609089158482575,1.296600555806978e-06,0.09628345850182929,3.5739630704935933e-06,0.09647602541883304,1.2799774717581707e-06,0.0966685923358368,3.5407169023959785e-06,1.0,1.0,1.0,1.0,1.0
64,13:45:21,0,0.09570575775081847,1849695.0,0.09609089158482575,0.095898324667822,1.496077564392667e-07,0.09570575775081847,4.1557710122018525e-07,0.09551319083381471,2.4934626073211115e-07,0.09532062391681118,8.760365293721506e-06,0.09512805699980742,1.5625699005878965e-06,0.09628345850182929,2.1277547582473486e-06,0.09647602541883304,1.2799774717581707e-06,0.0966685923358368,3.5407169023959785e-06,0.09686115925284033,4.671086617714882e-06,0.09705372616984409,2.6098241956627637e-06,1.0,1.0,1.0,1.0,1.0
64,13:45:24,0,0.09609089158482575,119512.0,0.09609089158482575,0.095898324667822,1.9947700858568893e-07,0.09570575775081847,1.246731303660556e-06,0.09551319083381471,3.8233093312257044e-07,0.09532062391681118,8.843480713965543e-06,0.09512805699980742,1.5625699005878965e-06,0.09628345850182929,2.3438548508818448e-06,0.09647602541883304,1.2799774717581707e-06,0.0966685923358368,3.6238323226400156e-06,0.09686115925284033,4.671086617714882e-06,0.09705372616984409,2.6098241956627637e-06,1.0,1.0,1.0,1.0,1.0
64,13:45:27,0,0.09628345850182929,888078.0,0.09637974196033117,0.09628345850182929,1.662308404880741e-08,0.095898324667822,3.158385969273408e-07,0.09570575775081847,1.3630928920022078e-06,0.09551319083381471,4.820694374154149e-07,0.09532062391681118,8.876726882063157e-06,0.09647602541883304,1.2799774717581707e-06,0.0966685923358368,3.6238323226400156e-06,0.09686115925284033,4.488232693178001e-06,0.09705372616984409,2.6098241956627637e-06,0.09724629308684762,6.793688219907101e-06,0.0,0.0,1.0,1.0,1.0
64,13:45:30,0,0.095898324667822,512192.0,0.09580204120932034,0.09570575775081847,1.4628313962950522e-06,0.09551319083381471,6.48300277903489e-07,0.09532062391681118,8.893349966111965e-06,0.09512805699980742,1.7620469091735855e-06,0.09493549008280366,3.113503642341628e-05,0.095898324667822,1.516025265251236e-05,0.09609089158482575,1.014008126977252e-06,0.09628345850182929,1.662308404880741e-08,0.09647602541883304,1.2799774717581707e-06,0.0966685923358368,3.6238323226400156e-06,1.0,1.0,1.0,2.0,1.0
64,13:45:33,0,0.095898324667822,864955.0,0.09580204120932034,0.09570575775081847,2.992155128785334e-07,0.09551319083381471,9.807619588796372e-07,0.09532062391681118,8.943219218258388e-06,0.09512805699980742,1.911654665612852e-06,0.09493549008280366,3.1151659507465085e-05,0.095898324667822,1.5110383400365937e-05,0.09609089158482575,1.014008126977252e-06,0.09628345850182929,3.324616809761482e-08,0.09647602541883304,1.2799774717581707e-06,0.0966685923358368,3.6238323226400156e-06,1.0,1.0,1.0,2.0,1.0
64,13:45:36,0,0.095898324667822,614621.0,0.09580204120932034,0.09570575775081847,5.153156055130298e-07,0.09551319083381471,1.8119161613200078e-06,0.09532062391681118,8.560888285135817e-06,0.09512805699980742,1.9282777496616597e-06,0.09493549008280366,3.121815184366032e-05,0.095898324667822,1.3630928920022076e-05,0.09609089158482575,1.0638773791236743e-06,0.09628345850182929,1.1636158834165187e-07,0.09647602541883304,1.2799774717581707e-06,0.0966685923358368,3.6238323226400156e-06,1.0,1.0,1.0,2.0,1.0
64,13:45:39,0,0.095898324667822,728271.0,0.09580204120932034,0.09570575775081847,4.9869252146422234e-08,0.09551319083381471,1.3963390600998225e-06,0.09532062391681118,8.544265201087009e-06,0.09512805699980742,1.9282777496616597e-06,0.09493549008280366,3.121815184366032e-05,0.095898324667822,1.3265221070948314e-05,0.09609089158482575,1.097123547221289e-06,0.09628345850182929,1.496077564392667e-07,0.09647602541883304,1.3298467239045928e-06,0.0966685923358368,3.6238323226400156e-06,1.0,1.0,1.0,2.0,1.0
64,13:45:42,0,0.095898324667822,717028.0,0.09570575775081847,0.09551319083381471,1.4129621441486299e-06,0.09532062391681118,8.72711912562389e-06,0.09512805699980742,1.9282777496616597e-06,0.09493549008280366,3.121815184366032e-05,0.09474292316580013,4.62121736556846e-06,0.095898324667822,1.1802389674653261e-05,0.09609089158482575,1.1303697153189038e-06,0.09628345850182929,1.496077564392667e-07,0.09647602541883304,1.3464698079534002e-06,0.0966685923358368,3.6238323226400156e-06,1.0,1.0,2.0,2.0,1.0
64,13:45:45,0,0.09570575775081847,489372.0,0.09560947429231659,0.09551319083381471,1.4295852281974373e-06,0.09532062391681118,8.660626789428662e-06,0.09512805699980742,1.9449008337104673e-06,0.09493549008280366,3.113503642341628e-05,0.09474292316580013,4.587971197470846e-06,0.09570575775081847,4.9869252146422234e-08,0.095898324667822,1.1436681825579498e-05,0.09609089158482575,1.1303697153189038e-06,0.09628345850182929,4.322001852689927e-07,0.09647602541883304,1.3464698079534002e-06,1.0,1.0,1.0,2.0,1.0
64,13:45:48,0,0.09532062391681118,1177711.0,0.09551319083381471,0.09532062391681118,8.195180436062054e-06,0.09512805699980742,1.9449008337104673e-06,0.09493549008280366,3.346226819024932e-05,0.09474292316580013,4.587971197470846e-06,0.0945503562487966,3.9895401717137787e-07,0.09570575775081847,8.311542024403705e-08,0.095898324667822,1.1569666497969957e-05,0.09609089158482575,1.1636158834165188e-06,0.09628345850182929,6.649233619522964e-07,0.09647602541883304,1.3464698079534002e-06,1.0,1.0,1.0,2.0,1.0
64,13:45:51,0,0.09570575775081847,1200569.0,0.09580204120932034,0.09570575775081847,2.8259242882972596e-07,0.09532062391681118,7.048187636694342e-06,0.09512805699980742,1.9449008337104673e-06,0.09493549008280366,3.344564510620051e-05,0.09474292316580013,4.587971197470846e-06,0.095898324667822,9.691258000454721e-06,0.09609089158482575,1.213485135562941e-06,0.09628345850182929,1.1137466312700965e-06,0.09647602541883304,1.3630928920022078e-06,0.0966685923358368,3.6238323226400156e-06,1.0,1.0,1.0,2.0,1.0
64,13:45:54,0,0.09570575775081847,591823.0,0.09580204120932034,0.09570575775081847,6.649233619522964e-08,0.09551319083381471,1.1636158834165187e-07,0.09532062391681118,9.209188563039306e-06,0.09512805699980742,1.9449008337104673e-06,0.09493549008280366,3.344564510620051e-05,0.095898324667822,8.843480713965543e-06,0.09609089158482575,1.213485135562941e-06,0.09628345850182929,1.1137466312700965e-06,0.09647602541883304,1.3630928920022078e-06,0.0966685923358368,3.79006316312809e-06,1.0,1.0,1.0,2.0,1.0
64,13:45:57,0,0.095898324667822,842246.0,0.09580204120932034,0.09570575775081847,1.329846723904593e-07,0.09551319083381471,2.992155128785334e-07,0.09532062391681118,9.392042487576187e-06,0.09512805699980742,1.9449008337104673e-06,0.09493549008280366,3.34290220221517e-05,0.095898324667822,6.748972123815809e-06,0.09609089158482575,1.2301082196117483e-06,0.09628345850182929,1.1303697153189038e-06,0.09647602541883304,1.3630928920022078e-06,0.0966685923358368,3.79006316312809e-06,1.0,1.0,1.0,1.0,1.0
64,13:46:00,0,0.09570575775081847,238969.0,0.09560947429231659,0.09551319083381471,8.311542024403705e-08,0.09532062391681118,9.425288655673801e-06,0.09512805699980742,1.9615239177592744e-06,0.09493549008280366,3.306331417307794e-05,0.09474292316580013,4.7043327858124975e-06,0.09570575775081847,3.324616809761482e-07,0.095898324667822,6.699102871669386e-06,0.09609089158482575,1.2301082196117483e-06,0.09628345850182929,1.1303697153189038e-06,0.09647602541883304,1.3630928920022078e-06,1.0,1.0,1.0,2.0,1.0
64,13:46:03,0,0.095898324667822,466627.0,0.09580204120932034,0.09570575775081847,1.496077564392667e-07,0.09551319083381471,6.649233619522964e-07,0.09532062391681118,9.44191173972261e-06,0.09512805699980742,1.978147001808082e-06,0.09493549008280366,3.3212921929517205e-05,0.095898324667822,5.9011948373266305e-06,0.09609089158482575,1.2301082196117483e-06,0.09628345850182929,1.1469927993677114e-06,0.09647602541883304,1.4462083122462446e-06,0.0966685923358368,3.79006316312809e-06,1.0,1.0,1.0,1.0,1.0
64,13:46:06,0,0.09570575775081847,483708.0,0.09570575775081847,0.09551319083381471,7.480387821963335e-07,0.09532062391681118,9.591519496161876e-06,0.09512805699980742,1.994770085856889e-06,0.09493549008280366,3.3212921929517205e-05,0.09474292316580013,4.654463533666075e-06,0.095898324667822,5.203025307276719e-06,0.09609089158482575,1.296600555806978e-06,0.09628345850182929,1.7620469091735855e-06,0.09647602541883304,1.4628313962950522e-06,0.0966685923358368,3.79006316312809e-06,1.0,1.0,1.0,2.0,1.0
64,13:46:09,0,0.09570575775081847,358493.0,0.09560947429231659,0.09551319083381471,1.5459468165390891e-06,0.09532062391681118,9.574896412113068e-06,0.09512805699980742,2.194247094442578e-06,0.09493549008280366,3.3212921929517205e-05,0.09474292316580013,4.654463533666075e-06,0.09570575775081847,9.475157907820225e-07,0.095898324667822,5.153156055130297e-06,0.09609089158482575,1.296600555806978e-06,0.09628345850182929,2.177624010393771e-06,0.09647602541883304,1.4628313962950522e-06,1.0,2.0,1.0,2.0,1.0
64,13:46:12,0,0.09551319083381471,916122.0,0.09580204120932034,0.09570575775081847,1.662308404880741e-08,0.09551319083381471,1.3132236398557854e-06,0.09532062391681118,9.741127252601143e-06,0.09512805699980742,2.194247094442578e-06,0.09493549008280366,3.322954501356601e-05,0.095898324667822,4.338624936738734e-06,0.09609089158482575,1.296600555806978e-06,0.09628345850182929,2.177624010393771e-06,0.09647602541883304,1.4628313962950522e-06,0.0966685923358368,3.79006316312809e-06,1.0,2.0,1.0,1.0,1.0
64,13:46:15,0,0.095898324667822,386943.0,0.09580204120932034,0.09570575775081847,1.9947700858568893e-07,0.09551319083381471,5.984310257570668e-07,0.09532062391681118,1.0040342765479676e-05,0.09512805699980742,2.194247094442578e-06,0.09493549008280366,3.3395775854054086e-05,0.095898324667822,4.288755684592312e-06,0.09609089158482575,1.296600555806978e-06,0.09628345850182929,2.177624010393771e-06,0.09647602541883304,1.4628313962950522e-06,0.0966685923358368,3.79006316312809e-06,1.0,1.0,1.0,1.0,1.0
64,13:46:18,0,0.09570575775081847,73972.0,0.09580204120932034,0.09570575775081847,2.992155128785334e-07,0.09551319083381471,8.47777286489178e-07,0.09532062391681118,1.0223196690016557e-05,0.09512805699980742,2.2108701784913857e-06,0.09493549008280366,3.3412398938102894e-05,0.095898324667822,4.438363441031579e-06,0.09609089158482575,1.296600555806978e-06,0.09628345850182929,2.2108701784913857e-06,0.09647602541883304,1.3797159760510151e-06,0.0966685923358368,3.79006316312809e-06,1.0,1.0,1.0,1.0,1.0
64,13:46:21,0,0.095898324667822,808091.0,0.09580204120932034,0.09570575775081847,1.662308404880741e-08,0.09551319083381471,1.014008126977252e-06,0.09532062391681118,1.0256442858114173e-05,0.09512805699980742,2.2108701784913857e-06,0.09493549008280366,3.34290220221517e-05,0.095898324667822,2.476839523272304e-06,0.09609089158482575,1.2633543877093633e-06,0.09628345850182929,2.2108701784913857e-06,0.09647602541883304,1.3797159760510151e-06,0.0966685923358368,3.79006316312809e-06,1.0,1.0,1.0,1.0,1.0
64,13:46:24,0,0.09570575775081847,142259.0,0.09580204120932034,0.09570575775081847,3.407732230005519e-06,0.09551319083381471,1.0306312110260596e-06,0.09532062391681118,1.0256442858114173e-05,0.09512805699980742,2.2441163465890005e-06,0.09493549008280366,3.326279118166363e-05,0.095898324667822,2.5267087754187266e-06,0.09609089158482575,1.2633543877093633e-06,0.09628345850182929,2.2108701784913857e-06,0.09647602541883304,1.5127006484414744e-06,0.0966685923358368,3.79006316312809e-06,2.0,1.0,1.0,1.0,1.0
64,13:46:27,0,0.09570575775081847,330033.0,0.09580204120932034,0.09570575775081847,3.0254012968829487e-06,0.09551319083381471,1.047254295074867e-06,0.09532062391681118,1.033955827835821e-05,0.09512805699980742,2.227493262540193e-06,0.09493549008280366,3.3296037349761245e-05,0.095898324667822,2.3272317668330376e-06,0.09609089158482575,1.2633543877093633e-06,0.09628345850182929,2.2108701784913857e-06,0.09647602541883304,1.5127006484414744e-06,0.0966685923358368,3.79006316312809e-06,2.0,1.0,2.0,1.0,1.0
64,13:46:30,0,0.095898324667822,250383.0,0.09580204120932034,0.09570575775081847,3.27474755761506e-06,0.09551319083381471,1.1137466312700965e-06,0.09532062391681118,1.0389427530504632e-05,0.09512805699980742,2.293985598735423e-06,0.09493549008280366,3.337915277000528e-05,0.095898324667822,2.111131674198541e-06,0.09609089158482575,1.2633543877093633e-06,0.09628345850182929,2.2108701784913857e-06,0.09647602541883304,1.5459468165390891e-06,0.0966685923358368,3.79006316312809e-06,1.0,1.0,2.0,1.0,1.0
64,13:46:33,0,0.095898324667822,506484.0,0.09580204120932034,0.09570575775081847,4.189017180299468e-06,0.09551319083381471,1.1137466312700965e-06,0.09532062391681118,1.0389427530504632e-05,0.09512805699980742,2.4435933551746895e-06,0.09493549008280366,3.337915277000528e-05,0.095898324667822,9.142696226844076e-07,0.09609089158482575,2.4934626073211115e-07,0.09628345850182929,2.177624010393771e-06,0.09647602541883304,1.5459468165390891e-06,0.0966685923358368,3.79006316312809e-06,1.0,1.0,2.0,1.0,1.0
64,13:46:36,0,0.09570575775081847,15087316.0,0.09599460812632388,0.095898324667822,8.311542024403705e-08,0.09570575775081847,5.784833248984979e-06,0.09551319083381471,1.1303697153189038e-06,0.09532062391681118,1.0389427530504632e-05,0.09512805699980742,2.4435933551746895e-06,0.09609089158482575,1.662308404880741e-08,0.09647602541883304,1.662308404880741e-08,0.09763142692085491,6.9100498082487526e-06,0.09782399383785867,6.798841375962231e-06,0.09801656075486243,6.084048761863513e-06,1.0,1.0,1.0,1.0,1.0
64,13:46:39,0,0.095898324667822,472369.0,0.0965723088773347,0.095898324667822,1.496077564392667e-07,0.09570575775081847,5.9178179213754385e-06,0.09551319083381471,1.3298467239045928e-06,0.09532062391681118,1.0439296782651055e-05,0.09512805699980742,2.476839523272304e-06,0.09724629308684762,3.324616809761482e-08,0.09763142692085491,6.92667289229756e-06,0.09782399383785867,6.798841375962231e-06,0.09801656075486243,6.084048761863513e-06,0.09820912767186596,7.485042285497001e-06,0.0,1.0,1.0,1.0,1.0
64,13:46:42,0,0.09570575775081847,478080.0,0.09676487579433846,0.095898324667822,1.662308404880741e-08,0.09570575775081847,5.58535624039929e-06,0.09551319083381471,1.8119161613200078e-06,0.09532062391681118,1.0455919866699861e-05,0.09512805699980742,2.510085691369919e-06,0.09763142692085491,6.92667289229756e-06,0.09782399383785867,6.798841375962231e-06,0.09801656075486243,6.10067184591232e-06,0.09820912767186596,7.485042285497001e-06,0.09840169458886971,6.250279602351586e-06,0.0,0.0,1.0,1.0,1.0
64,13:46:45,0,0.09570575775081847,426765.0,0.09580204120932034,0.09570575775081847,4.671086617714882e-06,0.09551319083381471,2.1610009263449634e-06,0.09532062391681118,1.0455919866699861e-05,0.09512805699980742,2.5267087754187266e-06,0.09493549008280366,3.334590660190767e-05,0.095898324667822,5.502240820155253e-06,0.09763142692085491,7.1760191530296715e-06,0.09782399383785867,6.798841375962231e-06,0.09801656075486243,6.10067184591232e-06,0.09820912767186596,7.485042285497001e-06,1.0,2.0,2.0,1.0,1.0
64,13:46:48,0,0.09570575775081847,312999.0,0.09580204120932034,0.09570575775081847,4.887186710349379e-06,0.09551319083381471,2.177624010393771e-06,0.09532062391681118,1.0638773791236742e-05,0.09512805699980742,2.5267087754187266e-06,0.09493549008280366,3.324616809761482e-05,0.095898324667822,6.715725955718194e-06,0.09609089158482575,4.9869252146422234e-08,0.09628345850182929,3.324616809761482e-08,0.09743886000385138,4.9869252146422234e-08,0.09763142692085491,7.259134573273708e-06,1.0,2.0,2.0,1.0,1.0
64,13:46:51,0,0.095898324667822,899146.0,0.09580204120932034,0.09570575775081847,4.30537876864112e-06,0.09551319083381471,2.177624010393771e-06,0.09532062391681118,1.0705266127431973e-05,0.09512805699980742,2.5433318594675337e-06,0.09493549008280366,3.324616809761482e-05,0.095898324667822,4.770825122007727e-06,0.09609089158482575,4.9869252146422234e-08,0.09628345850182929,3.324616809761482e-08,0.0966685923358368,1.657321479666099e-05,0.09743886000385138,4.9869252146422234e-08,1.0,2.0,2.0,1.0,1.0
64,13:46:54,0,0.095898324667822,199180.0,0.09580204120932034,0.09570575775081847,4.521478861275615e-06,0.09551319083381471,1.978147001808082e-06,0.09532062391681118,1.0688643043383165e-05,0.09512805699980742,2.5433318594675337e-06,0.09493549008280366,3.324616809761482e-05,0.095898324667822,4.438363441031579e-06,0.09609089158482575,4.9869252146422234e-08,0.09628345850182929,3.324616809761482e-08,0.0966685923358368,1.657321479666099e-05,0.09743886000385138,4.9869252146422234e-08,1.0,1.0,2.0,1.0,1.0
64,13:46:57,0,0.09570575775081847,489410.0,0.09580204120932034,0.09570575775081847,4.30537876864112e-06,0.09551319083381471,1.978147001808082e-06,0.09532062391681118,1.0688643043383165e-05,0.09512805699980742,2.5433318594675337e-06,0.09493549008280366,3.332928351785886e-05,0.095898324667822,3.307993725712675e-06,0.09609089158482575,6.649233619522964e-08,0.09628345850182929,3.324616809761482e-08,0.0966685923358368,1.657321479666099e-05,0.09743886000385138,4.9869252146422234e-08,1.0,2.0,1.0,1.0,1.0
64,13:47:00,0,0.09570575775081847,921871.0,0.09580204120932034,0.09570575775081847,3.5407169023959785e-06,0.09551319083381471,1.9615239177592744e-06,0.09532062391681118,1.0688643043383165e-05,0.09512805699980742,2.6929396159068003e-06,0.09493549008280366,3.336252968595648e-05,0.095898324667822,1.86178541346643e-06,0.09609089158482575,6.649233619522964e-08,0.09628345850182929,3.324616809761482e-08,0.0966685923358368,1.657321479666099e-05,0.09743886000385138,4.9869252146422234e-08,2.0,2.0,1.0,1.0,1.0
64,13:47:03,0,0.09609089158482575,688616.0,0.09618717504332741,0.09609089158482575,8.976465386356002e-07,0.095898324667822,2.6929396159068003e-06,0.09570575775081847,3.989540171713778e-06,0.09551319083381471,2.792678120199645e-06,0.09532062391681118,1.0987858556261699e-05,0.09628345850182929,6.649233619522964e-08,0.0966685923358368,1.657321479666099e-05,0.09743886000385138,4.9869252146422234e-08,0.09763142692085491,7.574973170201049e-06,0.09782399383785867,6.798841375962231e-06,1.0,2.0,1.0,1.0,1.0
64,13:47:06,0,0.09609089158482575,153684.0,0.09618717504332741,0.09609089158482575,4.488232693178001e-07,0.095898324667822,2.9755320447365264e-06,0.09570575775081847,4.571348113422038e-06,0.09551319083381471,2.792678120199645e-06,0.09532062391681118,1.0987858556261699e-05,0.09628345850182929,9.973850429284447e-08,0.09647602541883304,1.662308404880741e-08,0.0966685923358368,1.657321479666099e-05,0.09743886000385138,4.9869252146422234e-08,0.09763142692085491,8.057042607616463e-06,1.0,2.0,1.0,1.0,1.0
64,13:47:09,0,0.09609089158482575,210619.0,0.09628345850182929,0.09609089158482575,9.973850429284447e-08,0.095898324667822,3.075270549029371e-06,0.09570575775081847,5.485617736106445e-06,0.09551319083381471,2.9589089606877192e-06,0.09532062391681118,1.1137466312700966e-05,0.09647602541883304,1.662308404880741e-08,0.0966685923358368,1.657321479666099e-05,0.09743886000385138,2.1610009263449634e-07,0.09763142692085491,8.223273448104538e-06,0.09782399383785867,6.798841375962231e-06,1.0,2.0,1.0,1.0,1.0
64,13:47:12,0,0.09609089158482575,478158.0,0.09599460812632388,0.095898324667822,2.194247094442578e-06,0.09570575775081847,5.535486988252868e-06,0.09551319083381471,2.9589089606877192e-06,0.09532062391681118,1.1137466312700966e-05,0.09512805699980742,2.7760550361508374e-06,0.09609089158482575,1.329846723904593e-07,0.0966685923358368,1.663970713285622e-05,0.09686115925284033,3.324616809761482e-08,0.09743886000385138,2.1610009263449634e-07,0.09763142692085491,8.106911859762885e-06,2.0,2.0,1.0,1.0,1.0
64,13:47:15,0,0.09609089158482575,216285.0,0.09647602541883304,0.09628345850182929,4.9869252146422234e-08,0.095898324667822,2.0113931699056968e-06,0.09570575775081847,5.951064089473053e-06,0.09551319083381471,2.9589089606877192e-06,0.09532062391681118,1.1137466312700966e-05,0.0966685923358368,1.6706199469051447e-05,0.09686115925284033,3.324616809761482e-08,0.09743886000385138,2.1610009263449634e-07,0.09763142692085491,8.123534943811694e-06,0.09782399383785867,6.798841375962231e-06,2.0,2.0,1.0,1.0,1.0
64,13:47:18,0,0.09628345850182929,187836.0,0.09637974196033117,0.09609089158482575,1.662308404880741e-08,0.095898324667822,2.6929396159068003e-06,0.09570575775081847,6.41651044283966e-06,0.09551319083381471,2.9589089606877192e-06,0.09532062391681118,1.1220581732945002e-05,0.0966685923358368,1.6706199469051447e-05,0.09686115925284033,3.324616809761482e-08,0.09743886000385138,5.818079417082594e-07,0.09763142692085491,9.852335684887664e-06,0.09782399383785867,6.798841375962231e-06,2.0,2.0,1.0,1.0,1.0
64,13:47:21,0,0.0966685923358368,1309468.0,0.09647602541883304,0.09628345850182929,1.1802389674653262e-06,0.09609089158482575,1.8285392453688153e-07,0.095898324667822,2.6929396159068003e-06,0.09570575775081847,6.649233619522964e-06,0.09551319083381471,2.8591704563948745e-06,0.0966685923358368,1.5259991156805204e-05,0.09686115925284033,3.324616809761482e-08,0.09743886000385138,5.818079417082594e-07,0.09763142692085491,9.902204937034087e-06,0.09782399383785867,6.798841375962231e-06,1.0,1.0,1.0,1.0,1.0
64,13:47:24,0,0.095898324667822,694509.0,0.09628345850182929,0.09609089158482575,4.9869252146422234e-08,0.095898324667822,2.5765780275651485e-06,0.09570575775081847,6.632610535474157e-06,0.09551319083381471,2.8591704563948745e-06,0.09532062391681118,1.1386812573433076e-05,0.09647602541883304,1.1636158834165187e-07,0.0966685923358368,1.5293237324902817e-05,0.09686115925284033,3.324616809761482e-08,0.09724629308684762,8.311542024403705e-07,0.09743886000385138,5.818079417082594e-07,2.0,2.0,1.0,1.0,1.0
64,13:47:27,0,0.09763142692085491,8294401.0,0.09695744271134221,0.09628345850182929,1.662308404880741e-08,0.09609089158482575,2.4934626073211115e-07,0.095898324667822,2.5765780275651485e-06,0.09570575775081847,6.649233619522964e-06,0.09551319083381471,2.8093012042484526e-06,0.09763142692085491,2.588047955558826e-06,0.09782399383785867,6.798841375962231e-06,0.09801656075486243,6.350018106644431e-06,0.09820912767186596,7.485042285497001e-06,0.09840169458886971,6.233656518302779e-06,1.0,1.0,1.0,1.0,1.0
64,13:47:30,0,0.0966685923358368,142354.0,0.09715000962834597,0.0966685923358368,1.9947700858568893e-07,0.09628345850182929,4.986925214642223e-07,0.09609089158482575,1.662308404880741e-07,0.095898324667822,2.5599549435163413e-06,0.09570575775081847,6.715725955718194e-06,0.09763142692085491,2.7376557119980924e-06,0.09782399383785867,6.798841375962231e-06,0.09801656075486243,6.350018106644431e-06,0.09820912767186596,7.485042285497001e-06,0.09840169458886971,6.233656518302779e-06,1.0,1.0,0.0,0.0,0.0
64,13:47:33,0,0.09686115925284033,261981.0,0.0973425765453495,0.09705372616984409,7.147926140987186e-07,0.09686115925284033,9.973850429284447e-08,0.09628345850182929,8.644003705379854e-07,0.09609089158482575,2.1610009263449634e-06,0.095898324667822,2.792678120199645e-06,0.09763142692085491,2.7542787960469e-06,0.09782399383785867,6.798841375962231e-06,0.09801656075486243,6.350018106644431e-06,0.09820912767186596,7.485042285497001e-06,0.09840169458886971,6.233656518302779e-06,1.0,0.0,0.0,0.0,0.0
64,13:47:36,0,0.09705372616984409,284864.0,0.09695744271134221,0.09686115925284033,9.973850429284447e-08,0.0966685923358368,1.329846723904593e-07,0.09628345850182929,8.644003705379854e-07,0.09609089158482575,2.177624010393771e-06,0.095898324667822,2.875793540443682e-06,0.09705372616984409,5.818079417082594e-07,0.09763142692085491,2.7875249641445147e-06,0.09782399383785867,6.798841375962231e-06,0.09801656075486243,6.350018106644431e-06,0.09820912767186596,7.485042285497001e-06,1.0,1.0,0.0,0.0,0.0
64,13:47:39,0,0.09705372616984409,131020.0,0.09695744271134221,0.09686115925284033,3.158385969273408e-07,0.0966685923358368,1.9947700858568893e-07,0.09647602541883304,1.662308404880741e-08,0.09628345850182929,8.644003705379854e-07,0.09609089158482575,2.2108701784913857e-06,0.09705372616984409,3.6570784907376306e-07,0.09763142692085491,3.685171502780115e-06,0.09782399383785867,7.131303056938379e-06,0.09801656075486243,6.350018106644431e-06,0.09820912767186596,7.485042285497001e-06,1.0,1.0,0.0,1.0,0.0
64,13:47:42,0,0.09705372616984409,222166.0,0.0973425765453495,0.09705372616984409,4.488232693178001e-07,0.09686115925284033,3.324616809761482e-08,0.0966685923358368,2.3272317668330374e-07,0.09647602541883304,1.662308404880741e-08,0.09628345850182929,8.644003705379854e-07,0.09763142692085491,4.3168486966347965e-06,0.09782399383785867,7.131303056938379e-06,0.09801656075486243,6.350018106644431e-06,0.09820912767186596,7.485042285497001e-06,0.09840169458886971,8.228426604159668e-06,0.0,0.0,0.0,0.0,0.0
64,13:47:45,0,0.09763142692085491,729390.0,0.0973425765453495,0.09705372616984409,3.324616809761482e-08,0.09686115925284033,1.9947700858568893e-07,0.0966685923358368,3.6570784907376306e-07,0.09647602541883304,1.662308404880741e-08,0.09628345850182929,8.644003705379854e-07,0.09763142692085491,3.685171502780115e-06,0.09782399383785867,7.131303056938379e-06,0.09801656075486243,6.433133526888468e-06,0.09820912767186596,7.485042285497001e-06,0.09840169458886971,8.228426604159668e-06,0.0,0.0,0.0,0.0,0.0
64,13:47:48,0,0.09705372616984409,336243.0,0.09695744271134221,0.09686115925284033,2.4934626073211115e-07,0.0966685923358368,3.6570784907376306e-07,0.09647602541883304,1.662308404880741e-08,0.09628345850182929,8.644003705379854e-07,0.09609089158482575,2.8259242882972596e-07,0.09705372616984409,3.324616809761482e-08,0.09743886000385138,5.319386895618372e-07,0.09763142692085491,3.851402343268189e-06,0.09782399383785867,7.131303056938379e-06,0.09801656075486243,6.483002779034891e-06,1.0,1.0,0.0,1.0,0.0
64,13:47:51,0,0.09705372616984409,199369.0,0.09686115925284033,0.0966685923358368,3.4908476502495563e-07,0.09647602541883304,1.662308404880741e-08,0.09628345850182929,1.1802389674653262e-06,0.09609089158482575,2.8259242882972596e-07,0.095898324667822,2.875793540443682e-06,0.09705372616984409,2.659693447809186e-07,0.09743886000385138,6.150541098058742e-07,0.09763142692085491,5.297610655514434e-06,0.09782399383785867,7.131303056938379e-06,0.09801656075486243,6.61598745142535e-06,1.0,1.0,0.0,0.0,0.0
64,13:47:54,0,0.09743886000385138,125344.0,0.09724629308684785,0.09705372616984409,4.9869252146422234e-08,0.09686115925284033,1.662308404880741e-08,0.0966685923358368,3.6570784907376306e-07,0.09647602541883304,3.324616809761482e-08,0.09628345850182929,1.1802389674653262e-06,0.09743886000385138,5.319386895618372e-07,0.09763142692085491,5.397349159807278e-06,0.09782399383785867,7.164549225035994e-06,0.09801656075486243,6.61598745142535e-06,0.09820912767186596,7.485042285497001e-06,1.0,0.0,0.0,0.0,0.0
64,13:47:57,0,0.09686115925284033,2637491.0,0.09676487579433846,0.0966685923358368,1.9947700858568893e-07,0.09647602541883304,3.324616809761482e-08,0.09628345850182929,1.1802389674653262e-06,0.09609089158482575,2.8259242882972596e-07,0.095898324667822,2.875793540443682e-06,0.09686115925284033,9.95722734523564e-06,0.09705372616984409,8.311542024403705e-08,0.09743886000385138,1.7620469091735855e-06,0.09763142692085491,5.048264394782323e-06,0.09782399383785867,7.164549225035994e-06,1.0,1.0,1.0,1.0,1.0
64,13:48:00,0,0.09686115925284033,296174.0,0.09676487579433846,0.0966685923358368,8.311542024403705e-08,0.09647602541883304,8.644003705379854e-07,0.09628345850182929,1.1802389674653262e-06,0.09609089158482575,2.3272317668330374e-07,0.095898324667822,2.9755320447365264e-06,0.09686115925284033,9.475157907820224e-06,0.09705372616984409,9.973850429284447e-08,0.09743886000385138,1.7620469091735855e-06,0.09763142692085491,5.048264394782323e-06,0.09782399383785867,7.164549225035994e-06,1.0,0.0,0.0,1.0,1.0
64,13:48:03,0,0.09686115925284033,1640445.0,0.09676487579433846,0.0966685923358368,6.150541098058742e-07,0.09647602541883304,8.644003705379854e-07,0.09628345850182929,1.1802389674653262e-06,0.09609089158482575,2.659693447809186e-07,0.095898324667822,2.992155128785334e-06,0.09686115925284033,4.903809794398186e-06,0.09705372616984409,9.973850429284447e-08,0.09724629308684762,3.324616809761482e-08,0.09743886000385138,1.9449008337104673e-06,0.09763142692085491,5.347479907660856e-06,1.0,0.0,0.0,1.0,1.0
64,13:48:06,0,0.09686115925284033,541106.0,0.09676487579433846,0.0966685923358368,2.8259242882972596e-07,0.09647602541883304,1.1469927993677114e-06,0.09628345850182929,1.1802389674653262e-06,0.09609089158482575,2.659693447809186e-07,0.095898324667822,2.9755320447365264e-06,0.09686115925284033,3.5739630704935933e-06,0.09705372616984409,9.973850429284447e-08,0.09724629308684762,3.324616809761482e-08,0.09743886000385138,1.9449008337104673e-06,0.09763142692085491,5.596826168392967e-06,1.0,0.0,0.0,1.0,1.0
64,13:48:09,0,0.09686115925284033,210748.0,0.09676487579433846,0.0966685923358368,4.322001852689927e-07,0.09647602541883304,1.0306312110260596e-06,0.09628345850182929,1.1802389674653262e-06,0.09609089158482575,2.659693447809186e-07,0.095898324667822,2.9755320447365264e-06,0.09686115925284033,3.4243553140543267e-06,0.09705372616984409,2.659693447809186e-07,0.09724629308684762,3.324616809761482e-08,0.09743886000385138,2.061262422052119e-06,0.09763142692085491,5.995780185564345e-06,1.0,0.0,0.0,1.0,1.0
64,13:48:12,0,0.09686115925284033,632255.0,0.09676487579433846,0.0966685923358368,4.820694374154149e-07,0.09647602541883304,1.0306312110260596e-06,0.09628345850182929,1.1802389674653262e-06,0.09609089158482575,3.4908476502495563e-07,0.095898324667822,2.992155128785334e-06,0.09686115925284033,1.7786699932223928e-06,0.09705372616984409,2.659693447809186e-07,0.09724629308684762,3.324616809761482e-08,0.09743886000385138,2.0446393380033115e-06,0.09763142692085491,7.807696346884353e-06,1.0,0.0,1.0,1.0,1.0
64,13:48:15,0,0.0966685923358368,244897.0,0.09657230887733492,0.09647602541883304,1.014008126977252e-06,0.09628345850182929,1.1802389674653262e-06,0.09609089158482575,3.9895401717137787e-07,0.095898324667822,2.9755320447365264e-06,0.09570575775081847,6.9983183845479195e-06,0.0966685923358368,1.496077564392667e-07,0.09686115925284033,1.5958160686855115e-06,0.09705372616984409,2.659693447809186e-07,0.09724629308684762,4.1557710122018525e-07,0.09743886000385138,2.0446393380033115e-06,0.0,0.0,1.0,1.0,1.0
64,13:48:18,0,0.0966685923358368,290445.0,0.09657230887733492,0.09647602541883304,8.47777286489178e-07,0.09628345850182929,1.1802389674653262e-06,0.09609089158482575,3.9895401717137787e-07,0.095898324667822,2.992155128785334e-06,0.09570575775081847,6.715725955718194e-06,0.0966685923358368,1.662308404880741e-08,0.09686115925284033,1.9282777496616597e-06,0.09705372616984409,7.314156981475261e-07,0.09724629308684762,4.1557710122018525e-07,0.09743886000385138,2.0778855061009263e-06,0.0,0.0,1.0,1.0,1.0
64,13:48:21,0,0.0966685923358368,797332.0,0.09657230887733492,0.09647602541883304,1.662308404880741e-07,0.09628345850182929,1.1802389674653262e-06,0.09609089158482575,4.488232693178001e-07,0.095898324667822,2.992155128785334e-06,0.09570575775081847,6.715725955718194e-06,0.0966685923358368,2.3438548508818448e-06,0.09686115925284033,2.3438548508818448e-06,0.09705372616984409,7.480387821963335e-07,0.09724629308684762,4.1557710122018525e-07,0.09743886000385138,2.2607394306378077e-06,0.0,0.0,1.0,1.0,1.0
64,13:48:24,0,0.0966685923358368,4382173.0,0.09637974196033117,0.09609089158482575,3.324616809761482e-08,0.09551319083381471,2.7760550361508374e-06,0.09532062391681118,1.0888120051968854e-05,0.09512805699980742,2.493462607321112e-06,0.09493549008280366,3.439316089698253e-05,0.0966685923358368,1.1802389674653262e-06,0.09686115925284033,2.510085691369919e-06,0.09705372616984409,7.480387821963335e-07,0.09724629308684762,4.1557710122018525e-07,0.09743886000385138,2.3604779349306524e-06,0.0,0.0,1.0,1.0,1.0
64,13:48:27,0,0.0966685923358368,1161890.0,0.09676487579433846,0.0966685923358368,1.213485135562941e-06,0.09647602541883304,1.662308404880741e-07,0.09609089158482575,3.324616809761482e-08,0.095898324667822,4.986925214642223e-07,0.09570575775081847,3.8233093312257044e-07,0.09686115925284033,6.48300277903489e-07,0.09705372616984409,7.480387821963335e-07,0.09724629308684762,4.1557710122018525e-07,0.09743886000385138,2.6098241956627637e-06,0.09763142692085491,1.1780613434549324e-05,0.0,0.0,1.0,1.0,1.0
64,13:48:30,0,0.095898324667822,819945.0,0.09580204120932034,0.09570575775081847,3.8233093312257044e-07,0.09551319083381471,2.7760550361508374e-06,0.09532062391681118,1.0871496967920046e-05,0.09512805699980742,2.493462607321112e-06,0.09493549008280366,3.435991472888492e-05,0.095898324667822,1.4678183215096944e-05,0.09686115925284033,4.322001852689927e-07,0.09705372616984409,7.480387821963335e-07,0.09724629308684762,4.1557710122018525e-07,0.09743886000385138,2.626447279711571e-06,1.0,1.0,1.0,1.0,1.0
64,13:48:33,0,0.095898324667822,79674.0,0.09580204120932034,0.09570575775081847,4.322001852689927e-07,0.09551319083381471,2.7760550361508374e-06,0.09532062391681118,1.0954612388164084e-05,0.09512805699980742,2.510085691369919e-06,0.09493549008280366,3.435991472888492e-05,0.095898324667822,1.4462083122462448e-05,0.0966685923358368,6.649233619522964e-08,0.09686115925284033,4.820694374154149e-07,0.09705372616984409,7.480387821963335e-07,0.09724629308684762,4.1557710122018525e-07,1.0,1.0,1.0,1.0,1.0
64,13:48:36,0,0.095898324667822,506499.0,0.09580204120932034,0.09570575775081847,5.651848576594519e-07,0.09551319083381471,2.7760550361508374e-06,0.09532062391681118,1.1054350892456927e-05,0.09512805699980742,2.510085691369919e-06,0.09493549008280366,3.444303014912896e-05,0.095898324667822,1.2999251726167396e-05,0.09609089158482575,6.649233619522964e-08,0.09647602541883304,8.311542024403705e-08,0.0966685923358368,6.649233619522964e-08,0.09686115925284033,4.820694374154149e-07,1.0,1.0,1.0,1.0,1.0
64,13:48:39,0,0.095898324667822,426800.0,0.09580204120932034,0.09570575775081847,1.496077564392667e-07,0.09551319083381471,2.792678120199645e-06,0.09532062391681118,1.1054350892456927e-05,0.09512805699980742,2.510085691369919e-06,0.09493549008280366,3.444303014912896e-05,0.095898324667822,1.2168097523727025e-05,0.09609089158482575,6.649233619522964e-08,0.09647602541883304,1.329846723904593e-07,0.0966685923358368,1.496077564392667e-07,0.09686115925284033,4.820694374154149e-07,1.0,1.0,1.0,1.0,1.0
64,13:48:42,0,0.095898324667822,546325.0,0.09580204120932034,0.09570575775081847,1.496077564392667e-06,0.09551319083381471,2.792678120199645e-06,0.09532062391681118,1.1054350892456927e-05,0.09512805699980742,2.510085691369919e-06,0.09493549008280366,3.444303014912896e-05,0.095898324667822,1.078838154767601e-05,0.09609089158482575,1.8285392453688153e-07,0.09647602541883304,1.329846723904593e-07,0.0966685923358368,1.8285392453688153e-07,0.09686115925284033,4.986925214642223e-07,1.0,2.0,1.0,1.0,1.0
64,13:48:45,0,0.095898324667822,438205.0,0.09580204120932034,0.09570575775081847,1.5293237324902818e-06,0.09551319083381471,2.792678120199645e-06,0.09532062391681118,1.1054350892456927e-05,0.09512805699980742,2.3604779349306524e-06,0.09493549008280366,3.444303014912896e-05,0.095898324667822,9.541650244015454e-06,0.09609089158482575,1.8285392453688153e-07,0.09647602541883304,1.329846723904593e-07,0.0966685923358368,1.8285392453688153e-07,0.09686115925284033,4.986925214642223e-07,1.0,2.0,1.0,1.0,1.0
64,13:48:48,0,0.095898324667822,278828.0,0.09580204120932034,0.09570575775081847,1.047254295074867e-06,0.09551319083381471,3.0918936330781783e-06,0.09532062391681118,1.1054350892456927e-05,0.09512805699980742,2.3604779349306524e-06,0.09493549008280366,3.444303014912896e-05,0.095898324667822,1.007358893357729e-05,0.09609089158482575,1.8285392453688153e-07,0.09647602541883304,1.9947700858568893e-07,0.0966685923358368,1.8285392453688153e-07,0.09686115925284033,4.986925214642223e-07,1.0,2.0,1.0,1.0,1.0
64,13:48:51,0,0.095898324667822,1559321.0,0.09580204120932034,0.09570575775081847,9.30892706733215e-07,0.09551319083381471,3.125139801175793e-06,0.09532062391681118,1.110422014460335e-05,0.09512805699980742,2.3604779349306524e-06,0.09493549008280366,3.444303014912896e-05,0.095898324667822,5.734963996838557e-06,0.09609089158482575,1.8285392453688153e-07,0.09647602541883304,1.9947700858568893e-07,0.0966685923358368,1.8285392453688153e-07,0.09686115925284033,5.153156055130298e-07,1.0,2.0,1.0,1.0,1.0
64,13:48:54,0,0.095898324667822,244710.0,0.09580204120932034,0.09570575775081847,8.810234545867927e-07,0.09551319083381471,3.20825522141983e-06,0.09532062391681118,1.110422014460335e-05,0.09512805699980742,2.37710101897946e-06,0.09493549008280366,3.440978398103134e-05,0.095898324667822,5.13653297108149e-06,0.09609089158482575,9.973850429284447e-08,0.09647602541883304,1.9947700858568893e-07,0.0966685923358368,1.8285392453688153e-07,0.09686115925284033,6.150541098058742e-07,1.0,1.0,1.0,1.0,1.0
64,13:48:57,0,0.095898324667822,540615.0,0.09580204120932034,0.09570575775081847,6.48300277903489e-07,0.09551319083381471,3.2913706416638672e-06,0.09532062391681118,1.097123547221289e-05,0.09512805699980742,3.2415013895174453e-06,0.09493549008280366,3.434329164483611e-05,0.095898324667822,4.122524844104238e-06,0.09609089158482575,9.973850429284447e-08,0.09647602541883304,1.9947700858568893e-07,0.0966685923358368,1.8285392453688153e-07,0.09686115925284033,7.812849502939483e-07,2.0,1.0,1.0,1.0,1.0
64,13:49:00,0,0.09570575775081847,984343.0,0.09560947429231659,0.09551319083381471,2.6929396159068003e-06,0.09532062391681118,1.1004481640310507e-05,0.09512805699980742,3.490847650249556e-06,0.09493549008280366,3.434329164483611e-05,0.09474292316580013,5.668471660643327e-06,0.09570575775081847,5.153156055130298e-07,0.095898324667822,3.989540171713778e-06,0.09609089158482575,1.496077564392667e-07,0.09647602541883304,1.9947700858568893e-07,0.0966685923358368,1.8285392453688153e-07,2.0,1.0,1.0,1.0,1.0
64,13:49:03,0,0.09570575775081847,660096.0,0.09560947429231659,0.09551319083381471,2.626447279711571e-06,0.09532062391681118,1.1004481640310507e-05,0.09512805699980742,3.490847650249556e-06,0.09493549008280366,3.434329164483611e-05,0.09474292316580013,5.668471660643327e-06,0.09570575775081847,6.48300277903489e-07,0.095898324667822,3.075270549029371e-06,0.09609089158482575,1.496077564392667e-07,0.09647602541883304,2.3272317668330374e-07,0.0966685923358368,1.8285392453688153e-07,2.0,1.0,1.0,1.0,1.0
64,13:49:06,0,0.09570575775081847,694203.0,0.09560947429231659,0.09551319083381471,2.593201111613956e-06,0.09532062391681118,1.1037727808408121e-05,0.09512805699980742,3.490847650249556e-06,0.09493549008280366,3.434329164483611e-05,0.09474292316580013,5.685094744692135e-06,0.09570575775081847,1.9615239177592744e-06,0.095898324667822,2.6596934478091856e-06,0.09609089158482575,1.496077564392667e-07,0.09647602541883304,2.3272317668330374e-07,0.0966685923358368,1.8285392453688153e-07,2.0,1.0,1.0,1.0,1.0
64,13:49:09,0,0.09570575775081847,506405.0,0.09560947429231659,0.09551319083381471,2.626447279711571e-06,0.09532062391681118,1.1087597060554543e-05,0.09512805699980742,3.490847650249556e-06,0.09493549008280366,3.434329164483611e-05,0.09474292316580013,5.685094744692135e-06,0.09570575775081847,6.150541098058742e-07,0.095898324667822,2.6929396159068003e-06,0.09609089158482575,1.496077564392667e-07,0.09647602541883304,2.3272317668330374e-07,0.0966685923358368,1.8285392453688153e-07,1.0,1.0,1.0,1.0,1.0
64,13:49:12,0,0.095898324667822,2066158.0,0.09637974196033117,0.095898324667822,4.787448206056534e-06,0.09570575775081847,1.662308404880741e-08,0.09551319083381471,3.5074707342983638e-06,0.09532062391681118,1.117071248079858e-05,0.09512805699980742,3.6570784907376304e-06,0.09686115925284033,2.659693447809186e-07,0.09705372616984409,9.641388748308298e-07,0.09724629308684762,7.600074027114748e-07,0.09743886000385138,1.978147001808082e-06,0.09763142692085491,1.798102378475449e-05,1.0,1.0,1.0,1.0,1.0
64,13:49:15,0,0.095898324667822,375626.0,0.09637974196033117,0.095898324667822,4.75420203795892e-06,0.09570575775081847,1.3464698079534002e-06,0.09551319083381471,2.7594319521020303e-06,0.09532062391681118,1.123720481699381e-05,0.09512805699980742,4.471609609129194e-06,0.09686115925284033,2.659693447809186e-07,0.09705372616984409,9.641388748308298e-07,0.09724629308684762,1.1423383358340453e-06,0.09743886000385138,1.978147001808082e-06,0.09763142692085491,1.8246993129535408e-05,0.0,1.0,1.0,1.0,1.0
64,13:49:18,0,0.095898324667822,495152.0,0.09637974196033117,0.095898324667822,3.79006316312809e-06,0.09570575775081847,2.0446393380033115e-06,0.09551319083381471,2.7428088680532227e-06,0.09532062391681118,1.1303697153189039e-05,0.09512805699980742,4.471609609129194e-06,0.09686115925284033,1.9947700858568893e-07,0.09705372616984409,9.641388748308298e-07,0.09724629308684762,1.208830672029275e-06,0.09743886000385138,1.978147001808082e-06,0.09763142692085491,1.8180500793340176e-05,1.0,1.0,1.0,1.0,1.0
64,13:49:21,0,0.09609089158482575,244777.0,0.09637974196033117,0.095898324667822,3.690324658835245e-06,0.09570575775081847,3.806686247176897e-06,0.09551319083381471,2.7594319521020303e-06,0.09532062391681118,1.1253827901042617e-05,0.09512805699980742,4.471609609129194e-06,0.09686115925284033,3.8233093312257044e-07,0.09705372616984409,9.641388748308298e-07,0.09724629308684762,1.208830672029275e-06,0.09743886000385138,1.978147001808082e-06,0.09763142692085491,1.8529585558365134e-05,0.0,0.0,1.0,1.0,1.0
64,13:49:24,0,0.095898324667822,717081.0,0.09599460812632388,0.095898324667822,2.028016253954504e-06,0.09570575775081847,4.0227863398113936e-06,0.09551319083381471,2.8259242882972598e-06,0.09532062391681118,1.1087597060554543e-05,0.09512805699980742,4.637840449617268e-06,0.09609089158482575,1.6606460964758602e-05,0.09686115925284033,3.324616809761482e-07,0.09705372616984409,9.641388748308298e-07,0.09724629308684762,2.871139076910016e-06,0.09743886000385138,2.0113931699056968e-06,1.0,1.0,1.0,1.0,1.0
64,13:49:27,0,0.095898324667822,301644.0,0.09599460812632388,0.095898324667822,2.0446393380033115e-06,0.09570575775081847,4.6877097017636895e-06,0.09551319083381471,2.8259242882972598e-06,0.09532062391681118,1.1087597060554543e-05,0.09512805699980742,4.804071290105341e-06,0.09609089158482575,1.6257376199733648e-05,0.09686115925284033,6.48300277903489e-07,0.09705372616984409,9.641388748308298e-07,0.09724629308684762,2.871139076910016e-06,0.09743886000385138,2.028016253954504e-06,1.0,1.0,1.0,1.0,2.0
64,13:49:30,0,0.095898324667822,1235041.0,0.09580204120932034,0.09570575775081847,4.671086617714882e-06,0.09551319083381471,2.6596934478091856e-06,0.09532062391681118,1.1070973976505735e-05,0.09512805699980742,4.720955869861305e-06,0.09493549008280366,3.4659130241763454e-05,0.095898324667822,1.329846723904593e-07,0.09609089158482575,1.4711429383194558e-05,0.0966685923358368,3.324616809761482e-08,0.09686115925284033,6.815464460011039e-07,0.09705372616984409,9.641388748308298e-07,1.0,1.0,1.0,1.0,2.0
64,13:49:33,0,0.09609089158482575,330058.0,0.09599460812632388,0.095898324667822,1.8285392453688153e-07,0.09570575775081847,4.488232693178001e-06,0.09551319083381471,2.6596934478091856e-06,0.09532062391681118,1.1070973976505735e-05,0.09512805699980742,4.75420203795892e-06,0.09609089158482575,1.464493704699933e-05,0.0966685923358368,1.9947700858568893e-07,0.09686115925284033,6.815464460011039e-07,0.09705372616984409,9.641388748308298e-07,0.09724629308684762,2.871139076910016e-06,1.0,1.0,1.0,1.0,2.0
64,13:49:36,0,0.095898324667822,665920.0,0.09580204120932034,0.09570575775081847,4.189017180299468e-06,0.09551319083381471,2.6596934478091856e-06,0.09532062391681118,1.110422014460335e-05,0.09512805699980742,4.75420203795892e-06,0.09493549008280366,3.474224566200749e-05,0.095898324667822,1.496077564392667e-07,0.09609089158482575,1.3198728734753085e-05,0.0966685923358368,1.9947700858568893e-07,0.09686115925284033,6.815464460011039e-07,0.09705372616984409,9.641388748308298e-07,1.0,1.0,1.0,1.0,2.0
64,13:49:39,0,0.095898324667822,108130.0,0.09599460812632388,0.095898324667822,7.147926140987186e-07,0.09570575775081847,4.62121736556846e-06,0.09551319083381471,2.6596934478091856e-06,0.09532062391681118,1.1037727808408121e-05,0.09512805699980742,4.8373174582029566e-06,0.09609089158482575,1.3198728734753085e-05,0.0966685923358368,2.3272317668330374e-07,0.09686115925284033,6.815464460011039e-07,0.09705372616984409,9.641388748308298e-07,0.09724629308684762,2.871139076910016e-06,1.0,1.0,1.0,1.0,2.0
64,13:49:42,0,0.095898324667822,267509.0,0.09599460812632388,0.095898324667822,6.316771938546816e-07,0.09570575775081847,4.75420203795892e-06,0.09551319083381471,2.6596934478091856e-06,0.09532062391681118,1.1070973976505735e-05,0.09512805699980742,5.336009979667179e-06,0.09609089158482575,1.289951322187455e-05,0.0966685923358368,3.9895401717137787e-07,0.09686115925284033,6.815464460011039e-07,0.09705372616984409,9.641388748308298e-07,0.09724629308684762,2.871139076910016e-06,1.0,1.0,1.0,1.0,2.0
64,13:49:45,0,0.09609089158482575,483768.0,0.09599460812632388,0.095898324667822,7.812849502939483e-07,0.09570575775081847,4.75420203795892e-06,0.09551319083381471,2.6929396159068003e-06,0.09532062391681118,1.1070973976505735e-05,0.09512805699980742,5.336009979667179e-06,0.09609089158482575,1.2350951448263907e-05,0.0966685923358368,3.9895401717137787e-07,0.09686115925284033,6.815464460011039e-07,0.09705372616984409,9.641388748308298e-07,0.09724629308684762,2.8877621609588236e-06,1.0,1.0,1.0,1.0,2.0
64,13:49:48,0,0.09609089158482575,591902.0,0.09599460812632388,0.095898324667822,1.8285392453688153e-07,0.09570575775081847,5.119909887032683e-06,0.09551319083381471,2.6596934478091856e-06,0.09532062391681118,1.1070973976505735e-05,0.09512805699980742,5.336009979667179e-06,0.09609089158482575,1.1719274254409224e-05,0.0966685923358368,4.322001852689927e-07,0.09686115925284033,6.815464460011039e-07,0.09705372616984409,9.641388748308298e-07,0.09724629308684762,2.8877621609588236e-06,1.0,1.0,1.0,1.0,2.0
64,13:49:51,0,0.095898324667822,170740.0,0.09580204120932034,0.09570575775081847,5.07004063488626e-06,0.09551319083381471,2.6596934478091856e-06,0.09532062391681118,1.1070973976505735e-05,0.09512805699980742,5.385879231813601e-06,0.09493549008280366,3.474224566200749e-05,0.095898324667822,2.8259242882972596e-07,0.09609089158482575,1.1602912666067573e-05,0.0966685923358368,4.322001852689927e-07,0.09686115925284033,6.815464460011039e-07,0.09705372616984409,9.641388748308298e-07,1.0,1.0,1.0,1.0,2.0
64,13:49:54,0,0.095898324667822,267481.0,0.09599460812632388,0.095898324667822,1.978147001808082e-06,0.09570575775081847,5.402502315862409e-06,0.09551319083381471,2.6596934478091856e-06,0.09532062391681118,1.1137466312700966e-05,0.09512805699980742,5.385879231813601e-06,0.09609089158482575,1.1602912666067573e-05,0.09647602541883304,6.649233619522964e-08,0.0966685923358368,4.322001852689927e-07,0.09686115925284033,6.815464460011039e-07,0.09705372616984409,9.641388748308298e-07,1.0,1.0,1.0,1.0,2.0
64,13:49:57,0,0.09609089158482575,836585.0,0.095898324667822,0.09570575775081847,5.435748483960023e-06,0.09551319083381471,2.676316531857993e-06,0.09532062391681118,1.117071248079858e-05,0.09512805699980742,5.385879231813601e-06,0.09493549008280366,3.474224566200749e-05,0.09609089158482575,1.1403435657481884e-05,0.09647602541883304,6.649233619522964e-08,0.0966685923358368,4.322001852689927e-07,0.09686115925284033,7.646618662451409e-07,0.09705372616984409,9.641388748308298e-07,1.0,1.0,1.0,1.0,2.0
64,13:50:00,0,0.095898324667822,233338.0,0.09599460812632388,0.095898324667822,9.807619588796372e-07,0.09570575775081847,5.58535624039929e-06,0.09551319083381471,2.510085691369919e-06,0.09532062391681118,1.1187335564847388e-05,0.09512805699980742,5.385879231813601e-06,0.09609089158482575,1.1270450985091425e-05,0.09647602541883304,6.649233619522964e-08,0.0966685923358368,4.322001852689927e-07,0.09686115925284033,7.646618662451409e-07,0.09705372616984409,9.641388748308298e-07,1.0,1.0,1.0,1.0,2.0
64,13:50:03,0,0.095898324667822,398400.0,0.09599460812632388,0.095898324667822,5.984310257570668e-07,0.09570575775081847,6.383264274742046e-06,0.09551319083381471,2.6929396159068003e-06,0.09532062391681118,1.1021104724359313e-05,0.09512805699980742,5.385879231813601e-06,0.09609089158482575,1.1602912666067573e-05,0.09647602541883304,6.649233619522964e-08,0.0966685923358368,5.818079417082594e-07,0.09686115925284033,7.646618662451409e-07,0.09705372616984409,1.4628313962950522e-06,1.0,1.0,1.0,1.0,2.0
64,13:50:06,0,0.095898324667822,694381.0,0.09599460812632388,0.095898324667822,1.662308404880741e-08,0.09570575775081847,6.399887358790853e-06,0.09551319083381471,2.709562699955608e-06,0.09532062391681118,1.1054350892456927e-05,0.09512805699980742,5.385879231813601e-06,0.09609089158482575,1.0805004631724817e-05,0.09647602541883304,6.649233619522964e-08,0.0966685923358368,5.984310257570668e-07,0.09686115925284033,7.646618662451409e-07,0.09705372616984409,9.973850429284446e-07,1.0,1.0,1.0,1.0,2.0
64,13:50:09,0,0.09609089158482575,108139.0,0.09599460812632388,0.095898324667822,2.4934626073211115e-07,0.09570575775081847,7.197795393133609e-06,0.09551319083381471,2.7594319521020303e-06,0.09532062391681118,1.110422014460335e-05,0.09512805699980742,5.385879231813601e-06,0.09609089158482575,1.0622150707187936e-05,0.09647602541883304,6.649233619522964e-08,0.0966685923358368,6.150541098058742e-07,0.09686115925284033,7.646618662451409e-07,0.09705372616984409,1.0306312110260596e-06,1.0,1.0,1.0,1.0,2.0
64,13:50:12,0,0.09609089158482575,221978.0,0.09599460812632388,0.095898324667822,2.659693447809186e-07,0.09570575775081847,7.197795393133609e-06,0.09551319083381471,2.7760550361508374e-06,0.09532062391681118,1.110422014460335e-05,0.09512805699980742,5.419125399911216e-06,0.09609089158482575,1.0206573605967751e-05,0.09647602541883304,6.649233619522964e-08,0.0966685923358368,6.48300277903489e-07,0.09686115925284033,7.646618662451409e-07,0.09705372616984409,1.0306312110260596e-06,1.0,1.0,1.0,1.0,2.0
64,13:50:15,0,0.095898324667822,335774.0,0.09580204120932034,0.09570575775081847,7.231041561231224e-06,0.09551319083381471,2.7760550361508374e-06,0.09532062391681118,1.110422014460335e-05,0.09512805699980742,5.419125399911216e-06,0.09493549008280366,3.5224315099422906e-05,0.095898324667822,7.979080343427557e-07,0.09609089158482575,1.0189950521918943e-05,0.09647602541883304,6.649233619522964e-08,0.0966685923358368,6.48300277903489e-07,0.09686115925284033,7.646618662451409e-07,1.0,1.0,1.0,1.0,2.0
64,13:50:18,0,0.095898324667822,1371690.0,0.09580204120932034,0.09570575775081847,7.945834175329942e-06,0.09551319083381471,2.875793540443682e-06,0.09532062391681118,1.1270450985091425e-05,0.09512805699980742,5.419125399911216e-06,0.09493549008280366,3.5224315099422906e-05,0.095898324667822,2.992155128785334e-07,0.09609089158482575,7.5468801581585645e-06,0.09647602541883304,7.314156981475261e-07,0.0966685923358368,4.986925214642223e-07,0.09686115925284033,7.646618662451409e-07,1.0,1.0,1.0,1.0,2.0
64,13:50:21,0,0.09609089158482575,341496.0,0.09599460812632388,0.095898324667822,2.659693447809186e-07,0.09570575775081847,7.945834175329942e-06,0.09551319083381471,2.875793540443682e-06,0.09532062391681118,1.1303697153189039e-05,0.09512805699980742,5.419125399911216e-06,0.09609089158482575,6.981695300499112e-06,0.09647602541883304,7.314156981475261e-07,0.0966685923358368,5.153156055130298e-07,0.09686115925284033,7.646618662451409e-07,0.09705372616984409,8.644003705379854e-07,1.0,1.0,1.0,1.0,2.0
64,13:50:24,0,0.09609089158482575,802563.0,0.09599460812632388,0.095898324667822,8.311542024403705e-07,0.09570575775081847,8.47777286489178e-06,0.09551319083381471,2.709562699955608e-06,0.09532062391681118,1.1785766590604455e-05,0.09512805699980742,5.419125399911216e-06,0.09609089158482575,4.787448206056534e-06,0.09647602541883304,7.314156981475261e-07,0.0966685923358368,5.153156055130298e-07,0.09686115925284033,7.646618662451409e-07,0.09705372616984409,8.644003705379854e-07,1.0,1.0,1.0,1.0,2.0
64,13:50:27,0,0.09609089158482575,910690.0,0.09599460812632388,0.095898324667822,4.654463533666075e-07,0.09570575775081847,8.86010379801435e-06,0.09551319083381471,2.7261857840044155e-06,0.09532062391681118,1.1752520422506839e-05,0.09512805699980742,5.435748483960023e-06,0.09609089158482575,2.6929396159068003e-06,0.09647602541883304,8.976465386356002e-07,0.0966685923358368,5.153156055130298e-07,0.09686115925284033,7.646618662451409e-07,0.09705372616984409,8.644003705379854e-07,1.0,1.0,1.0,2.0,2.0
64,13:50:30,0,0.095898324667822,313032.0,0.09599460812632388,0.095898324667822,1.496077564392667e-07,0.09570575775081847,8.876726882063157e-06,0.09551319083381471,2.7594319521020303e-06,0.09532062391681118,1.1769143506555647e-05,0.09512805699980742,5.435748483960023e-06,0.09609089158482575,2.4103471870770747e-06,0.09628345850182929,8.311542024403705e-08,0.09647602541883304,8.976465386356002e-07,0.0966685923358368,5.153156055130298e-07,0.09686115925284033,7.646618662451409e-07,1.0,1.0,1.0,2.0,2.0
64,13:50:33,0,0.09609089158482575,597635.0,0.09580204120932034,0.09570575775081847,8.92659613420958e-06,0.09551319083381471,2.7594319521020303e-06,0.09532062391681118,1.1769143506555647e-05,0.09512805699980742,5.435748483960023e-06,0.09493549008280366,3.560664603254548e-05,0.095898324667822,1.662308404880741e-08,0.09609089158482575,1.014008126977252e-06,0.09628345850182929,8.311542024403705e-08,0.09647602541883304,8.976465386356002e-07,0.0966685923358368,5.984310257570668e-07,1.0,1.0,1.0,2.0,2.0
64,13:50:36,0,0.09570575775081847,1456878.0,0.095898324667822,0.09570575775081847,6.9983183845479195e-06,0.09551319083381471,2.7594319521020303e-06,0.09532062391681118,1.1802389674653261e-05,0.09512805699980742,5.435748483960023e-06,0.09493549008280366,3.560664603254548e-05,0.09609089158482575,1.662308404880741e-08,0.09628345850182929,8.311542024403705e-08,0.09647602541883304,8.976465386356002e-07,0.0966685923358368,6.316771938546816e-07,0.09686115925284033,7.812849502939483e-07,1.0,1.0,1.0,2.0,2.0
64,13:50:39,0,0.095898324667822,125210.0,0.09580204120932034,0.09570575775081847,7.231041561231224e-06,0.09551319083381471,2.426970271125882e-06,0.09532062391681118,1.1819012758702069e-05,0.09512805699980742,5.435748483960023e-06,0.09493549008280366,3.559002294849667e-05,0.095898324667822,4.9869252146422234e-08,0.09609089158482575,7.646618662451409e-07,0.09628345850182929,6.649233619522964e-08,0.09647602541883304,8.976465386356002e-07,0.0966685923358368,6.316771938546816e-07,1.0,1.0,1.0,2.0,2.0
64,13:50:42,0,0.09570575775081847,3368480.0,0.09560947429231659,0.09551319083381471,2.426970271125882e-06,0.09532062391681118,1.1868882010848491e-05,0.09512805699980742,5.435748483960023e-06,0.09493549008280366,3.560664603254548e-05,0.09474292316580013,6.084048761863513e-06,0.09570575775081847,6.765595207864616e-06,0.095898324667822,9.973850429284447e-08,0.09609089158482575,7.979080343427557e-07,0.09628345850182929,6.649233619522964e-08,0.09647602541883304,8.976465386356002e-07,1.0,1.0,1.0,2.0,2.0
64,13:50:45,0,0.09570575775081847,1064029.0,0.09560947429231659,0.09551319083381471,2.393724103028267e-06,0.09532062391681118,1.1819012758702069e-05,0.09512805699980742,5.435748483960023e-06,0.09493549008280366,3.560664603254548e-05,0.09474292316580013,6.084048761863513e-06,0.09570575775081847,4.222263348397082e-06,0.095898324667822,6.48300277903489e-07,0.09609089158482575,7.979080343427557e-07,0.09628345850182929,6.649233619522964e-08,0.09647602541883304,8.976465386356002e-07,1.0,2.0,1.0,2.0,2.0
64,13:50:48,0,0.09570575775081847,1433879.0,0.09560947429231659,0.09551319083381471,2.4103471870770747e-06,0.09532062391681118,1.1819012758702069e-05,0.09512805699980742,5.435748483960023e-06,0.09493549008280366,3.5656515284691894e-05,0.09474292316580013,6.084048761863513e-06,0.09570575775081847,1.6672953300953834e-05,0.095898324667822,7.314156981475261e-07,0.09609089158482575,1.0638773791236743e-06,0.09628345850182929,6.649233619522964e-08,0.09647602541883304,8.976465386356002e-07,1.0,2.0,1.0,2.0,2.0
64,13:50:51,0,0.09570575775081847,728319.0,0.09560947429231659,0.09551319083381471,2.493462607321112e-06,0.09532062391681118,1.1652781918213996e-05,0.09512805699980742,5.452371568008831e-06,0.09493549008280366,3.549028444420382e-05,0.09474292316580013,6.084048761863513e-06,0.09570575775081847,1.4811167887487403e-05,0.095898324667822,7.147926140987186e-07,0.09609089158482575,1.3464698079534002e-06,0.09628345850182929,6.649233619522964e-08,0.09647602541883304,8.976465386356002e-07,1.0,1.0,1.0,2.0,2.0
64,13:50:54,0,0.09551319083381471,182078.0,0.09560947429231659,0.09551319083381471,2.5433318594675337e-06,0.09532062391681118,1.1669405002262802e-05,0.09512805699980742,5.452371568008831e-06,0.09493549008280366,3.52076920153741e-05,0.09474292316580013,6.10067184591232e-06,0.09570575775081847,6.981695300499113e-07,0.095898324667822,7.147926140987186e-07,0.09609089158482575,1.3464698079534002e-06,0.09628345850182929,6.649233619522964e-08,0.09647602541883304,8.976465386356002e-07,1.0,1.0,1.0,2.0,2.0
64,13:50:57,0,0.095898324667822,512101.0,0.09580204120932034,0.09570575775081847,7.945834175329942e-06,0.09551319083381471,2.5433318594675337e-06,0.09532062391681118,1.1702651170360418e-05,0.09512805699980742,5.468994652057638e-06,0.09493549008280366,3.52076920153741e-05,0.095898324667822,1.246731303660556e-06,0.09609089158482575,1.3464698079534002e-06,0.09628345850182929,6.649233619522964e-08,0.09647602541883304,8.976465386356002e-07,0.0966685923358368,6.316771938546816e-07,1.0,1.0,1.0,2.0,2.0
64,13:51:00,0,0.09570575775081847,307305.0,0.09580204120932034,0.09570575775081847,8.34478819250132e-06,0.09551319083381471,2.6430703637603784e-06,0.09532062391681118,1.1702651170360418e-05,0.09512805699980742,5.252894559423142e-06,0.09493549008280366,3.52076920153741e-05,0.095898324667822,5.153156055130298e-07,0.09609089158482575,1.3464698079534002e-06,0.09628345850182929,6.649233619522964e-08,0.09647602541883304,8.976465386356002e-07,0.0966685923358368,6.649233619522964e-07,1.0,1.0,1.0,2.0,2.0
64,13:51:03,0,0.09609089158482575,944603.0,0.095898324667822,0.09570575775081847,6.266902686400394e-06,0.09551319083381471,2.792678120199645e-06,0.09532062391681118,1.1785766590604455e-05,0.09512805699980742,5.269517643471949e-06,0.09493549008280366,3.52076920153741e-05,0.09609089158482575,1.1636158834165188e-06,0.09628345850182929,6.649233619522964e-08,0.09647602541883304,8.976465386356002e-07,0.0966685923358368,6.649233619522964e-07,0.09686115925284033,9.641388748308298e-07,1.0,1.0,1.0,2.0,2.0
64,13:51:06,0,0.09570575775081847,369936.0,0.095898324667822,0.09570575775081847,6.3333950225956236e-06,0.09551319083381471,4.205640264348275e-06,0.09532062391681118,1.1918751262994914e-05,0.09512805699980742,5.1032868029838755e-06,0.09493549008280366,3.5224315099422906e-05,0.09609089158482575,6.48300277903489e-07,0.09628345850182929,6.649233619522964e-08,0.09647602541883304,8.976465386356002e-07,0.0966685923358368,7.314156981475261e-07,0.09686115925284033,9.641388748308298e-07,1.0,1.0,1.0,2.0,2.0
64,13:51:09,0,0.095898324667822,108136.0,0.09599460812632388,0.095898324667822,2.1610009263449634e-07,0.09570575775081847,8.178557352013246e-06,0.09551319083381471,4.388494188885156e-06,0.09532062391681118,1.1918751262994914e-05,0.09512805699980742,5.1032868029838755e-06,0.09609089158482575,5.319386895618372e-07,0.09628345850182929,6.649233619522964e-08,0.09647602541883304,8.976465386356002e-07,0.0966685923358368,7.147926140987186e-07,0.09686115925284033,9.641388748308298e-07,1.0,1.0,1.0,2.0,1.0
64,13:51:12,0,0.095898324667822,267506.0,0.09599460812632388,0.095898324667822,8.644003705379854e-07,0.09570575775081847,7.031564552645535e-06,0.09551319083381471,4.355248020787542e-06,0.09532062391681118,1.1918751262994914e-05,0.09512805699980742,5.0866637189350674e-06,0.09609089158482575,1.9947700858568893e-07,0.09628345850182929,6.649233619522964e-08,0.09647602541883304,8.976465386356002e-07,0.0966685923358368,7.314156981475261e-07,0.09686115925284033,9.807619588796372e-07,1.0,1.0,1.0,2.0,1.0
64,13:51:15,0,0.09570575775081847,1417121.0,0.09628345850182929,0.09609089158482575,1.9947700858568893e-07,0.09570575775081847,6.250279602351586e-06,0.09551319083381471,4.371871104836349e-06,0.09532062391681118,1.1935374347043722e-05,0.09512805699980742,5.0866637189350674e-06,0.09647602541883304,8.976465386356002e-07,0.0966685923358368,2.393724103028267e-06,0.09686115925284033,9.807619588796372e-07,0.09705372616984409,8.644003705379854e-07,0.09724629308684762,3.153731505739742e-06,1.0,1.0,1.0,2.0,1.0
64,13:51:18,0,0.09609089158482575,130915.0,0.09628345850182929,0.09609089158482575,8.311542024403705e-08,0.095898324667822,1.9947700858568893e-07,0.09570575775081847,6.300148854498008e-06,0.09551319083381471,4.4217403569827715e-06,0.09532062391681118,1.1935374347043722e-05,0.09647602541883304,8.976465386356002e-07,0.0966685923358368,2.4435933551746895e-06,0.09686115925284033,9.807619588796372e-07,0.09705372616984409,8.644003705379854e-07,0.09724629308684762,3.153731505739742e-06,1.0,1.0,1.0,2.0,1.0
64,13:51:21,0,0.095898324667822,142297.0,0.09599460812632388,0.095898324667822,2.992155128785334e-07,0.09570575775081847,6.61598745142535e-06,0.09551319083381471,4.4051172729339635e-06,0.09532062391681118,1.200186668323895e-05,0.09512805699980742,5.07004063488626e-06,0.09609089158482575,1.6627738512341076e-05,0.09647602541883304,8.976465386356002e-07,0.0966685923358368,2.4435933551746895e-06,0.09686115925284033,9.807619588796372e-07,0.09705372616984409,8.644003705379854e-07,1.0,1.0,1.0,2.0,1.0
64,13:51:24,0,0.09609089158482575,278908.0,0.09599460812632388,0.095898324667822,4.488232693178001e-07,0.09570575775081847,6.798841375962231e-06,0.09551319083381471,4.4217403569827715e-06,0.09532062391681118,1.200186668323895e-05,0.09512805699980742,5.053417550837453e-06,0.09609089158482575,1.6311899915413737e-05,0.09647602541883304,8.976465386356002e-07,0.0966685923358368,2.4435933551746895e-06,0.09686115925284033,9.807619588796372e-07,0.09705372616984409,8.644003705379854e-07,1.0,1.0,1.0,2.0,1.0
64,13:51:27,0,0.095898324667822,130910.0,0.09599460812632388,0.095898324667822,3.6570784907376306e-07,0.09570575775081847,6.815464460011038e-06,0.09551319083381471,4.4217403569827715e-06,0.09532062391681118,1.2018489767287758e-05,0.09512805699980742,5.053417550837453e-06,0.09609089158482575,1.6594492344243463e-05,0.09647602541883304,9.807619588796372e-07,0.0966685923358368,3.075270549029371e-06,0.09686115925284033,9.807619588796372e-07,0.09705372616984409,1.3630928920022078e-06,1.0,1.0,2.0,2.0,1.0
64,13:51:30,0,0.09609089158482575,1422772.0,0.09599460812632388,0.095898324667822,8.311542024403705e-07,0.09570575775081847,6.915202964303883e-06,0.09551319083381471,4.4217403569827715e-06,0.09532062391681118,1.1985243599190144e-05,0.09512805699980742,5.053417550837453e-06,0.09609089158482575,1.62287844951697e-05,0.09647602541883304,9.807619588796372e-07,0.0966685923358368,3.075270549029371e-06,0.09686115925284033,9.807619588796372e-07,0.09705372616984409,1.3630928920022078e-06,1.0,1.0,2.0,2.0,1.0
64,13:51:33,0,0.09609089158482575,540723.0,0.09599460812632388,0.095898324667822,8.47777286489178e-07,0.09570575775081847,7.231041561231224e-06,0.09551319083381471,4.504855777226808e-06,0.09532062391681118,1.2367574532312713e-05,0.09512805699980742,5.003548298691031e-06,0.09609089158482575,1.5048545527704374e-05,0.09628345850182929,1.1636158834165187e-07,0.09647602541883304,9.807619588796372e-07,0.0966685923358368,3.075270549029371e-06,0.09686115925284033,9.807619588796372e-07,1.0,1.0,2.0,2.0,1.0
64,13:51:36,0,0.09609089158482575,295963.0,0.09599460812632388,0.095898324667822,1.047254295074867e-06,0.09570575775081847,6.881956796206268e-06,0.09551319083381471,4.471609609129194e-06,0.09532062391681118,1.2284459112068676e-05,0.09512805699980742,5.252894559423142e-06,0.09609089158482575,1.4632968426484187e-05,0.09628345850182929,1.1636158834165187e-07,0.09647602541883304,9.807619588796372e-07,0.0966685923358368,3.075270549029371e-06,0.09686115925284033,9.807619588796372e-07,1.0,1.0,2.0,2.0,2.0
64,13:51:39,0,0.09609089158482575,221969.0,0.09599460812632388,0.095898324667822,8.810234545867927e-07,0.09570575775081847,7.729734082695447e-06,0.09551319083381471,4.471609609129194e-06,0.09532062391681118,1.2284459112068676e-05,0.09512805699980742,5.252894559423142e-06,0.09609089158482575,1.4317129829556846e-05,0.09628345850182929,1.1636158834165187e-07,0.09647602541883304,9.807619588796372e-07,0.0966685923358368,3.0918936330781783e-06,0.09686115925284033,9.807619588796372e-07,1.0,1.0,2.0,2.0,2.0
64,13:51:42,0,0.095898324667822,591854.0,0.09580204120932034,0.09570575775081847,7.862718755085906e-06,0.09551319083381471,4.471609609129194e-06,0.09532062391681118,1.2251212943971062e-05,0.09512805699980742,5.252894559423142e-06,0.09493549008280366,3.3495514358346934e-05,0.095898324667822,3.961280928830806e-07,0.09609089158482575,1.4666214594581803e-05,0.09628345850182929,1.1636158834165187e-07,0.09647602541883304,9.807619588796372e-07,0.0966685923358368,3.191632137371023e-06,1.0,1.0,2.0,2.0,1.0
64,13:51:45,0,0.095898324667822,233341.0,0.09599460812632388,0.095898324667822,3.324616809761482e-08,0.09570575775081847,7.96245725937875e-06,0.09551319083381471,3.0586474649805635e-06,0.09532062391681118,1.2284459112068676e-05,0.09512805699980742,5.269517643471949e-06,0.09609089158482575,1.4580273250049469e-05,0.09628345850182929,1.1636158834165187e-07,0.09647602541883304,9.807619588796372e-07,0.0966685923358368,3.191632137371023e-06,0.09686115925284033,9.807619588796372e-07,1.0,2.0,2.0,2.0,1.0
64,13:51:48,0,0.095898324667822,785408.0,0.09580204120932034,0.09570575775081847,9.159319310892883e-06,0.09551319083381471,3.0586474649805635e-06,0.09532062391681118,1.2301082196117484e-05,0.09512805699980742,5.269517643471949e-06,0.09493549008280366,3.351213744239574e-05,0.095898324667822,2.111131674198541e-06,0.09609089158482575,1.4264434653122126e-05,0.09628345850182929,1.1636158834165187e-07,0.09647602541883304,9.807619588796372e-07,0.0966685923358368,3.191632137371023e-06,1.0,2.0,2.0,1.0,1.0
64,13:51:51,0,0.095898324667822,825158.0,0.09580204120932034,0.09570575775081847,8.760365293721506e-06,0.09551319083381471,3.0586474649805635e-06,0.09532062391681118,1.2267836028019868e-05,0.09512805699980742,5.269517643471949e-06,0.09493549008280366,3.351213744239574e-05,0.095898324667822,3.158385969273408e-07,0.09609089158482575,1.4547027081951853e-05,0.09628345850182929,1.1636158834165187e-07,0.09647602541883304,9.973850429284446e-07,0.0966685923358368,3.158385969273408e-06,1.0,2.0,2.0,1.0,1.0
64,13:51:54,0,0.095898324667822,654537.0,0.09599460812632388,0.095898324667822,8.47777286489178e-07,0.09570575775081847,9.724504168552335e-06,0.09551319083381471,3.0586474649805635e-06,0.09532062391681118,1.2267836028019868e-05,0.09512805699980742,5.601979324448097e-06,0.09609089158482575,1.3400034282584142e-05,0.09628345850182929,1.1636158834165187e-07,0.09647602541883304,1.047254295074867e-06,0.0966685923358368,3.1750090533222154e-06,0.09686115925284033,9.807619588796372e-07,1.0,2.0,2.0,1.0,1.0
64,13:51:57,0,0.095898324667822,125202.0,0.09599460812632388,0.095898324667822,1.6789314889295486e-06,0.09570575775081847,1.0056965849528484e-05,0.09551319083381471,3.1417628852246006e-06,0.09532062391681118,1.220134369182464e-05,0.09512805699980742,5.601979324448097e-06,0.09609089158482575,1.3632757459267446e-05,0.09628345850182929,1.1636158834165187e-07,0.09647602541883304,1.047254295074867e-06,0.0966685923358368,3.1750090533222154e-06,0.09686115925284033,9.807619588796372e-07,1.0,2.0,2.0,1.0,1.0
64,13:52:00,0,0.095898324667822,1303153.0,0.09599460812632388,0.095898324667822,1.662308404880741e-08,0.09570575775081847,8.594134453233431e-06,0.09551319083381471,3.125139801175793e-06,0.09532062391681118,1.2184720607775832e-05,0.09512805699980742,5.668471660643327e-06,0.09609089158482575,1.3599511291169831e-05,0.09628345850182929,1.1636158834165187e-07,0.09647602541883304,1.047254295074867e-06,0.0966685923358368,3.1750090533222154e-06,0.09686115925284033,9.807619588796372e-07,2.0,2.0,2.0,1.0,1.0
64,13:52:03,0,0.09609089158482575,1087099.0,0.09599460812632388,0.095898324667822,3.324616809761482e-07,0.09570575775081847,8.660626789428662e-06,0.09551319083381471,3.158385969273408e-06,0.09532062391681118,1.220134369182464e-05,0.09512805699980742,5.668471660643327e-06,0.09609089158482575,1.1637987373410557e-05,0.09628345850182929,1.1636158834165187e-07,0.09647602541883304,1.047254295074867e-06,0.0966685923358368,3.1750090533222154e-06,0.09686115925284033,9.807619588796372e-07,2.0,2.0,2.0,1.0,1.0
64,13:52:06,0,0.09609089158482575,233345.0,0.09599460812632388,0.095898324667822,3.1750090533222154e-06,0.09570575775081847,8.909973050160772e-06,0.09551319083381471,3.158385969273408e-06,0.09532062391681118,1.2267836028019868e-05,0.09512805699980742,5.668471660643327e-06,0.09609089158482575,1.1405264196727253e-05,0.09628345850182929,1.1636158834165187e-07,0.09647602541883304,1.1469927993677114e-06,0.0966685923358368,3.1750090533222154e-06,0.09686115925284033,9.807619588796372e-07,2.0,2.0,2.0,1.0,1.0
64,13:52:09,0,0.09609089158482575,227666.0,0.09599460812632388,0.095898324667822,3.125139801175793e-06,0.09570575775081847,8.959842302307194e-06,0.09551319083381471,3.490847650249556e-06,0.09532062391681118,1.2267836028019868e-05,0.09512805699980742,5.668471660643327e-06,0.09609089158482575,1.1006310179555874e-05,0.09628345850182929,1.1636158834165187e-07,0.09647602541883304,1.1469927993677114e-06,0.0966685923358368,3.1750090533222154e-06,0.09686115925284033,9.807619588796372e-07,2.0,2.0,2.0,1.0,1.0
64,13:52:12,0,0.095898324667822,2044199.0,0.09599460812632388,0.095898324667822,3.0395309183244352e-06,0.09570575775081847,9.591519496161876e-06,0.09551319083381471,3.6570784907376304e-06,0.09532062391681118,1.2184720607775832e-05,0.09512805699980742,5.668471660643327e-06,0.09609089158482575,6.6676852428171405e-06,0.09628345850182929,1.1636158834165187e-07,0.09647602541883304,1.1636158834165188e-06,0.0966685923358368,3.20825522141983e-06,0.09686115925284033,9.807619588796372e-07,2.0,2.0,2.0,1.0,2.0
64,13:52:15,0,0.09609089158482575,5796987.0,0.09676487579433846,0.09609089158482575,4.654463533666075e-07,0.095898324667822,3.0229078342756276e-06,0.09570575775081847,9.591519496161876e-06,0.09551319083381471,3.690324658835245e-06,0.09532062391681118,1.2384197616361521e-05,0.09743886000385138,5.698891904452644e-06,0.09763142692085491,2.2751848906762213e-05,0.09782399383785867,7.280910813377646e-06,0.09801656075486243,6.682479787620579e-06,0.09820912767186596,7.601403873838653e-06,1.0,2.0,1.0,1.0,1.0
64,13:52:18,0,0.09609089158482575,1195335.0,0.09676487579433846,0.09609089158482575,6.682479787620579e-06,0.095898324667822,2.191753631835257e-06,0.09570575775081847,9.591519496161876e-06,0.09551319083381471,3.72357082693286e-06,0.09532062391681118,1.2384197616361521e-05,0.09743886000385138,5.66564573635503e-06,0.09763142692085491,2.2868210495103866e-05,0.09782399383785867,7.280910813377646e-06,0.09801656075486243,6.682479787620579e-06,0.09820912767186596,7.601403873838653e-06,2.0,2.0,1.0,1.0,1.0
64,13:52:21,0,0.0966685923358368,175316.0,0.09676487579433846,0.09609089158482575,6.519573563942267e-06,0.095898324667822,6.21453997164665e-06,0.09570575775081847,1.0023719681430868e-05,0.09551319083381471,3.72357082693286e-06,0.09532062391681118,1.2483936120654366e-05,0.09743886000385138,5.66564573635503e-06,0.09763142692085491,2.2868210495103866e-05,0.09782399383785867,7.280910813377646e-06,0.09801656075486243,6.682479787620579e-06,0.09820912767186596,7.601403873838653e-06,2.0,2.0,1.0,1.0,1.0
64,13:52:24,0,0.09628345850182929,96769.0,0.09686115925284033,0.09628345850182929,9.973850429284447e-08,0.09609089158482575,7.600074027114749e-06,0.095898324667822,6.21453997164665e-06,0.09570575775081847,1.0090212017626098e-05,0.09551319083381471,3.7568169950304747e-06,0.09743886000385138,5.66564573635503e-06,0.09763142692085491,2.2884833579152674e-05,0.09782399383785867,7.280910813377646e-06,0.09801656075486243,6.682479787620579e-06,0.09820912767186596,7.601403873838653e-06,2.0,2.0,1.0,1.0,1.0
64,13:52:27,0,0.0966685923358368,91160.0,0.09705372616984409,0.0966685923358368,1.662308404880741e-08,0.09628345850182929,9.807619588796372e-07,0.09609089158482575,7.234366178040985e-06,0.095898324667822,6.1314245514026135e-06,0.09570575775081847,1.0256442858114173e-05,0.09743886000385138,5.499414895866956e-06,0.09763142692085491,2.2934702831299098e-05,0.09782399383785867,7.280910813377646e-06,0.09801656075486243,6.682479787620579e-06,0.09820912767186596,7.601403873838653e-06,2.0,1.0,1.0,1.0,1.0
64,13:52:30,0,0.09743886000385138,387336.0,0.09705372616984409,0.0966685923358368,1.496077564392667e-07,0.09628345850182929,6.649233619522964e-08,0.09609089158482575,7.234366178040985e-06,0.095898324667822,6.181293803549036e-06,0.09570575775081847,1.0289689026211788e-05,0.09743886000385138,5.1835762989396145e-06,0.09763142692085491,2.2352894889590838e-05,0.09782399383785867,7.280910813377646e-06,0.09801656075486243,6.682479787620579e-06,0.09820912767186596,7.601403873838653e-06,2.0,1.0,1.0,1.0,1.0
64,13:52:33,0,0.09743886000385138,5733866.0,0.09753514346235326,0.09743886000385138,6.649233619522964e-08,0.09705372616984409,9.973850429284446e-07,0.09686115925284033,4.9869252146422234e-08,0.0966685923358368,1.9947700858568893e-07,0.09628345850182929,4.9869252146422234e-08,0.09763142692085491,1.1096241064259924e-05,0.09782399383785867,7.280910813377646e-06,0.09801656075486243,6.682479787620579e-06,0.09820912767186596,7.0149414685967275e-06,0.09840169458886971,8.228426604159668e-06,1.0,1.0,1.0,1.0,1.0
64,13:52:36,0,0.09705372616984409,210847.0,0.0973425765453495,0.09705372616984409,7.646618662451409e-07,0.09686115925284033,4.9869252146422234e-08,0.0966685923358368,8.311542024403705e-08,0.09628345850182929,8.311542024403705e-08,0.09609089158482575,7.550204774968326e-06,0.09763142692085491,1.0896764055674234e-05,0.09782399383785867,7.280910813377646e-06,0.09801656075486243,6.682479787620579e-06,0.09820912767186596,7.0149414685967275e-06,0.09840169458886971,8.228426604159668e-06,1.0,1.0,1.0,1.0,1.0
64,13:52:39,0,0.09763142692085491,934797.0,0.09753514346235326,0.09743886000385138,4.488232693178001e-07,0.09705372616984409,7.646618662451409e-07,0.09686115925284033,4.9869252146422234e-08,0.0966685923358368,6.649233619522964e-08,0.09628345850182929,9.973850429284447e-08,0.09763142692085491,8.61940154098762e-06,0.09782399383785867,7.280910813377646e-06,0.09801656075486243,6.682479787620579e-06,0.09820912767186596,7.0149414685967275e-06,0.09840169458886971,8.228426604159668e-06,1.0,1.0,1.0,1.0,1.0
64,13:52:42,0,0.09763142692085491,3499589.0,0.09772771037935679,0.09763142692085491,3.914403831813169e-06,0.09743886000385138,6.408198900815257e-07,0.09705372616984409,7.812849502939483e-07,0.09686115925284033,4.9869252146422234e-08,0.0966685923358368,6.649233619522964e-08,0.09782399383785867,7.280910813377646e-06,0.09801656075486243,6.682479787620579e-06,0.09820912767186596,7.098056888840764e-06,0.09840169458886971,8.228426604159668e-06,0.09859426150587325,8.112065015818016e-06,1.0,1.0,1.0,0.0,1.0
64,13:52:45,0,0.09763142692085491,85500.0,0.09772771037935679,0.09763142692085491,7.4218745661115325e-06,0.09743886000385138,1.0231508232040962e-06,0.09705372616984409,7.812849502939483e-07,0.09686115925284033,4.9869252146422234e-08,0.0966685923358368,8.311542024403705e-08,0.09782399383785867,7.280910813377646e-06,0.09801656075486243,6.682479787620579e-06,0.09820912767186596,7.098056888840764e-06,0.09840169458886971,8.228426604159668e-06,0.09859426150587325,8.112065015818016e-06,1.0,1.0,1.0,0.0,1.0
64,13:52:48,0,0.09782399383785867,404754.0,0.09772771037935679,0.09763142692085491,7.4384976501603405e-06,0.09743886000385138,1.1893816636921702e-06,0.09724629308684762,7.812849502939483e-07,0.09705372616984409,7.812849502939483e-07,0.09686115925284033,4.9869252146422234e-08,0.09782399383785867,6.383264274742046e-06,0.09801656075486243,6.665856703571772e-06,0.09820912767186596,7.098056888840764e-06,0.09840169458886971,8.228426604159668e-06,0.09859426150587325,8.078818847720401e-06,1.0,1.0,1.0,0.0,1.0
64,13:52:51,0,0.09763142692085491,6304206.0,0.09743886000385116,0.09724629308684762,7.812849502939483e-07,0.09705372616984409,7.812849502939483e-07,0.09686115925284033,4.9869252146422234e-08,0.0966685923358368,1.1636158834165187e-07,0.09628345850182929,9.973850429284447e-08,0.09763142692085491,7.936026555741145e-06,0.09782399383785867,6.250279602351586e-06,0.09801656075486243,6.682479787620579e-06,0.09820912767186596,7.098056888840764e-06,0.09840169458886971,8.228426604159668e-06,1.0,1.0,1.0,1.0,1.0
64,13:52:54,0,0.09763142692085491,461700.0,0.09743886000385116,0.09724629308684762,7.979080343427557e-07,0.09705372616984409,7.812849502939483e-07,0.09686115925284033,4.9869252146422234e-08,0.0966685923358368,1.8285392453688153e-07,0.09628345850182929,9.973850429284447e-08,0.09763142692085491,6.922018428763894e-06,0.09782399383785867,6.300148854498008e-06,0.09801656075486243,6.682479787620579e-06,0.09820912767186596,7.098056888840764e-06,0.09840169458886971,8.444526696794164e-06,1.0,1.0,1.0,1.0,1.0
64,13:52:57,0,0.09763142692085491,467394.0,0.09743886000385116,0.09724629308684762,8.311542024403705e-07,0.09705372616984409,7.812849502939483e-07,0.09686115925284033,4.9869252146422234e-08,0.0966685923358368,1.8285392453688153e-07,0.09628345850182929,9.973850429284447e-08,0.09763142692085491,9.781188885158769e-06,0.09782399383785867,6.300148854498008e-06,0.09801656075486243,6.632610535474157e-06,0.09820912767186596,7.098056888840764e-06,0.09840169458886971,8.444526696794164e-06,1.0,1.0,1.0,1.0,1.0
64,13:53:00,0,0.09763142692085491,535777.0,0.09743886000385116,0.09724629308684762,9.142696226844076e-07,0.09705372616984409,7.812849502939483e-07,0.09686115925284033,3.9895401717137787e-07,0.0966685923358368,1.8285392453688153e-07,0.09628345850182929,9.973850429284447e-08,0.09763142692085491,9.033150102962435e-06,0.09782399383785867,6.316771938546816e-06,0.09801656075486243,6.632610535474157e-06,0.09820912767186596,7.098056888840764e-06,0.09840169458886971,8.444526696794164e-06,1.0,1.0,1.0,1.0,1.0
64,13:53:03,0,0.09763142692085491,786594.0,0.09753514346235326,0.09743886000385138,6.649233619522964e-08,0.09724629308684762,1.695554572978356e-06,0.09705372616984409,7.646618662451409e-07,0.09686115925284033,3.9895401717137787e-07,0.0966685923358368,2.4934626073211115e-07,0.09763142692085491,7.0550031011543535e-06,0.09782399383785867,6.316771938546816e-06,0.09801656075486243,6.632610535474157e-06,0.09820912767186596,7.098056888840764e-06,0.09840169458886971,8.444526696794164e-06,1.0,1.0,1.0,1.0,1.0
64,13:53:06,0,0.09724629308684762,888934.0,0.09715000962834575,0.09705372616984409,7.646618662451409e-07,0.09686115925284033,3.9895401717137787e-07,0.0966685923358368,2.4934626073211115e-07,0.09628345850182929,1.496077564392667e-07,0.09609089158482575,8.145311183915632e-06,0.09724629308684762,1.213485135562941e-06,0.09763142692085491,1.1011297104770518e-05,0.09782399383785867,6.316771938546816e-06,0.09801656075486243,6.632610535474157e-06,0.09820912767186596,6.965072216450305e-06,1.0,1.0,1.0,1.0,1.0
64,13:53:09,0,0.09724629308684762,427348.0,0.09715000962834575,0.09705372616984409,7.314156981475261e-07,0.09686115925284033,3.9895401717137787e-07,0.0966685923358368,2.4934626073211115e-07,0.09628345850182929,1.496077564392667e-07,0.09609089158482575,8.145311183915632e-06,0.09724629308684762,3.324616809761482e-07,0.09763142692085491,1.2291274576528687e-05,0.09782399383785867,8.378034360598936e-06,0.09801656075486243,6.632610535474157e-06,0.09820912767186596,6.9983183845479195e-06,1.0,1.0,1.0,1.0,1.0
64,13:53:12,0,0.09743886000385138,854919.0,0.09753514346235326,0.09743886000385138,2.3272317668330374e-07,0.09705372616984409,7.314156981475261e-07,0.09686115925284033,4.322001852689927e-07,0.0966685923358368,2.4934626073211115e-07,0.09628345850182929,1.662308404880741e-07,0.09763142692085491,1.0811820096184828e-05,0.09782399383785867,8.378034360598936e-06,0.09801656075486243,6.632610535474157e-06,0.09820912767186596,6.9983183845479195e-06,0.09840169458886971,8.444526696794164e-06,1.0,1.0,1.0,1.0,1.0
64,13:53:15,0,0.09743886000385138,125384.0,0.0973425765453495,0.09724629308684762,4.1557710122018525e-07,0.09705372616984409,7.314156981475261e-07,0.09686115925284033,4.322001852689927e-07,0.0966685923358368,2.4934626073211115e-07,0.09628345850182929,2.1610009263449634e-07,0.09743886000385138,1.5459468165390891e-06,0.09763142692085491,1.0978050936672901e-05,0.09782399383785867,8.378034360598936e-06,0.09801656075486243,6.632610535474157e-06,0.09820912767186596,6.9983183845479195e-06,1.0,1.0,1.0,1.0,1.0
64,13:53:18,0,0.09743886000385138,347597.0,0.0973425765453495,0.09724629308684762,5.153156055130298e-07,0.09705372616984409,6.316771938546816e-07,0.09686115925284033,4.322001852689927e-07,0.0966685923358368,2.4934626073211115e-07,0.09628345850182929,3.8233093312257044e-07,0.09743886000385138,1.1636158834165188e-06,0.09763142692085491,1.1144281777160977e-05,0.09782399383785867,8.378034360598936e-06,0.09801656075486243,6.632610535474157e-06,0.09820912767186596,6.948449132401498e-06,1.0,0.0,1.0,1.0,1.0
64,13:53:21,0,0.09743886000385138,256426.0,0.0973425765453495,0.09724629308684762,8.311542024403705e-08,0.09705372616984409,6.316771938546816e-07,0.09686115925284033,4.488232693178001e-07,0.0966685923358368,3.158385969273408e-07,0.09628345850182929,4.1557710122018525e-07,0.09743886000385138,1.1137466312700965e-06,0.09763142692085491,1.1642974298625198e-05,0.09782399383785867,8.378034360598936e-06,0.09801656075486243,6.632610535474157e-06,0.09820912767186596,6.948449132401498e-06,1.0,0.0,1.0,1.0,1.0
64,13:53:24,0,0.09743886000385138,284908.0,0.0973425765453495,0.09724629308684762,1.662308404880741e-08,0.09705372616984409,4.488232693178001e-07,0.09686115925284033,4.488232693178001e-07,0.0966685923358368,3.158385969273408e-07,0.09628345850182929,6.649233619522964e-07,0.09743886000385138,4.189017180299468e-06,0.09763142692085491,1.1742712802918043e-05,0.09782399383785867,8.378034360598936e-06,0.09801656075486243,6.632610535474157e-06,0.09820912767186596,6.948449132401498e-06,1.0,1.0,1.0,1.0,1.0
64,13:53:27,0,0.09724629308684762,347632.0,0.0973425765453495,0.09724629308684762,2.8259242882972596e-07,0.09705372616984409,4.820694374154149e-07,0.09686115925284033,4.654463533666075e-07,0.0966685923358368,3.158385969273408e-07,0.09628345850182929,6.815464460011039e-07,0.09743886000385138,4.189017180299468e-06,0.09763142692085491,1.2108420651991806e-05,0.09782399383785867,8.378034360598936e-06,0.09801656075486243,6.632610535474157e-06,0.09820912767186596,6.948449132401498e-06,1.0,1.0,1.0,1.0,1.0
64,13:53:30,0,0.09743886000385138,324797.0,0.0973425765453495,0.09724629308684762,1.695554572978356e-06,0.09705372616984409,4.654463533666075e-07,0.09686115925284033,4.986925214642223e-07,0.0966685923358368,3.158385969273408e-07,0.09628345850182929,6.815464460011039e-07,0.09743886000385138,3.989540171713778e-06,0.09763142692085491,1.2690228593700066e-05,0.09782399383785867,8.378034360598936e-06,0.09801656075486243,6.632610535474157e-06,0.09820912767186596,6.981695300499112e-06,1.0,1.0,1.0,1.0,1.0
64,13:53:33,0,0.09743886000385138,666783.0,0.0973425765453495,0.09724629308684762,2.111131674198541e-06,0.09705372616984409,4.654463533666075e-07,0.09686115925284033,4.986925214642223e-07,0.0966685923358368,3.158385969273408e-07,0.09628345850182929,7.147926140987186e-07,0.09743886000385138,2.6477248272940446e-06,0.09763142692085491,1.2972821022529792e-05,0.09782399383785867,8.378034360598936e-06,0.09801656075486243,6.649233619522964e-06,0.09820912767186596,6.981695300499112e-06,0.0,1.0,1.0,1.0,1.0
64,13:53:36,0,0.09743886000385138,222224.0,0.0973425765453495,0.09724629308684762,1.745423825124778e-06,0.09705372616984409,4.654463533666075e-07,0.09686115925284033,4.986925214642223e-07,0.0966685923358368,3.158385969273408e-07,0.09628345850182929,7.147926140987186e-07,0.09743886000385138,2.6809709953916593e-06,0.09763142692085491,1.303931335872502e-05,0.09782399383785867,8.378034360598936e-06,0.09801656075486243,6.682479787620579e-06,0.09820912767186596,7.06481072074315e-06,0.0,1.0,1.0,1.0,1.0
64,13:53:39,0,0.09724629308684762,1339138.0,0.09715000962834575,0.09705372616984409,5.153156055130298e-07,0.09686115925284033,4.986925214642223e-07,0.0966685923358368,3.324616809761482e-07,0.09628345850182929,7.147926140987186e-07,0.09609089158482575,7.247664645280031e-06,0.09724629308684762,5.818079417082594e-07,0.09743886000385138,1.0851549267061478e-06,0.09763142692085491,1.4302667746434384e-05,0.09782399383785867,8.461149780842972e-06,0.09801656075486243,6.699102871669386e-06,1.0,1.0,1.0,1.0,1.0
64,13:53:42,0,0.09724629308684762,706532.0,0.09715000962834575,0.09705372616984409,1.329846723904593e-07,0.09686115925284033,4.986925214642223e-07,0.0966685923358368,3.324616809761482e-07,0.09628345850182929,7.147926140987186e-07,0.09609089158482575,7.247664645280031e-06,0.09724629308684762,2.2773625146866152e-06,0.09743886000385138,1.13502417885257e-06,0.09763142692085491,1.413643690594631e-05,0.09782399383785867,8.461149780842972e-06,0.09801656075486243,6.699102871669386e-06,1.0,1.0,1.0,1.0,1.0
64,13:53:45,0,0.09724629308684762,478594.0,0.09715000962834575,0.09705372616984409,5.485617736106445e-07,0.09686115925284033,2.4934626073211115e-07,0.0966685923358368,3.324616809761482e-07,0.09628345850182929,7.314156981475261e-07,0.09609089158482575,7.247664645280031e-06,0.09724629308684762,1.2633543877093633e-06,0.09743886000385138,1.3511242714870663e-06,0.09763142692085491,1.4817983351947414e-05,0.09782399383785867,8.560888285135817e-06,0.09801656075486243,6.699102871669386e-06,1.0,1.0,1.0,1.0,1.0
64,13:53:48,0,0.09686115925284033,558325.0,0.09676487579433846,0.0966685923358368,3.324616809761482e-07,0.09628345850182929,8.976465386356002e-07,0.09609089158482575,7.247664645280031e-06,0.095898324667822,5.749093618280043e-06,0.09570575775081847,1.2284459112068676e-05,0.09686115925284033,1.329846723904593e-07,0.09705372616984409,4.9869252146422234e-08,0.09724629308684762,7.812849502939483e-07,0.09743886000385138,1.8498167929512887e-06,0.09763142692085491,1.5150445032923562e-05,1.0,1.0,1.0,1.0,1.0
64,13:53:51,0,0.09705372616984409,296208.0,0.0966685923358368,0.09628345850182929,8.976465386356002e-07,0.09609089158482575,7.231041561231224e-06,0.095898324667822,5.749093618280043e-06,0.09570575775081847,1.2267836028019868e-05,0.09551319083381471,3.5074707342983638e-06,0.09705372616984409,4.9869252146422234e-08,0.09724629308684762,1.0805004631724817e-06,0.09743886000385138,1.9994245493905553e-06,0.09763142692085491,1.528342970531402e-05,0.09782399383785867,8.644003705379854e-06,1.0,1.0,1.0,1.0,1.0
64,13:53:54,0,0.09705372616984409,96849.0,0.09695744271134221,0.09686115925284033,1.496077564392667e-07,0.0966685923358368,1.662308404880741e-08,0.09647602541883304,1.662308404880741e-07,0.09628345850182929,9.30892706733215e-07,0.09609089158482575,7.231041561231224e-06,0.09705372616984409,3.2581244735662525e-06,0.09724629308684762,1.296600555806978e-06,0.09743886000385138,1.9994245493905553e-06,0.09763142692085491,1.5266806621265213e-05,0.09782399383785867,8.644003705379854e-06,1.0,1.0,1.0,1.0,1.0
64,13:53:57,0,0.09686115925284033,336053.0,0.09695744271134221,0.09686115925284033,3.158385969273408e-07,0.0966685923358368,1.662308404880741e-08,0.09647602541883304,1.662308404880741e-08,0.09628345850182929,1.7952930772712004e-06,0.09609089158482575,7.231041561231224e-06,0.09705372616984409,2.7760550361508374e-06,0.09724629308684762,1.994770085856889e-06,0.09743886000385138,2.065916885585785e-06,0.09763142692085491,1.5399791293655674e-05,0.09782399383785867,8.710496041575084e-06,1.0,1.0,1.0,1.0,1.0
64,13:54:00,0,0.09705372616984409,353196.0,0.09695744271134221,0.09686115925284033,6.316771938546816e-07,0.0966685923358368,6.981695300499113e-07,0.09647602541883304,6.649233619522964e-08,0.09628345850182929,4.122524844104238e-06,0.09609089158482575,7.181172309084802e-06,0.09705372616984409,3.0918936330781783e-06,0.09724629308684762,2.0113931699056968e-06,0.09743886000385138,2.065916885585785e-06,0.09763142692085491,1.5449660545802094e-05,0.09782399383785867,8.710496041575084e-06,1.0,1.0,1.0,1.0,1.0
64,13:54:03,0,0.09705372616984409,928504.0,0.09695744271134221,0.09686115925284033,1.662308404880741e-08,0.0966685923358368,4.322001852689927e-07,0.09647602541883304,6.649233619522964e-08,0.09628345850182929,4.155771012201853e-06,0.09609089158482575,7.197795393133609e-06,0.09705372616984409,2.094508590149734e-06,0.09724629308684762,2.0113931699056968e-06,0.09743886000385138,2.065916885585785e-06,0.09763142692085491,1.5665760638436592e-05,0.09782399383785867,8.710496041575084e-06,1.0,1.0,1.0,1.0,1.0
64,13:54:06,0,0.09705372616984409,529758.0,0.09695744271134221,0.09686115925284033,1.1636158834165187e-07,0.09647602541883304,3.324616809761482e-08,0.09628345850182929,4.155771012201853e-06,0.09609089158482575,7.347403149572876e-06,0.095898324667822,5.267024180864628e-06,0.09705372616984409,1.1636158834165188e-06,0.09724629308684762,2.028016253954504e-06,0.09743886000385138,2.065916885585785e-06,0.09763142692085491,1.5665760638436592e-05,0.09782399383785867,8.710496041575084e-06,1.0,1.0,1.0,1.0,1.0
64,13:54:09,0,0.09686115925284033,455709.0,0.09695744271134221,0.09686115925284033,4.488232693178001e-07,0.0966685923358368,1.662308404880741e-08,0.09647602541883304,3.324616809761482e-08,0.09628345850182929,4.139147928153045e-06,0.09609089158482575,7.314156981475261e-06,0.09705372616984409,1.0805004631724817e-06,0.09724629308684762,2.061262422052119e-06,0.09743886000385138,2.065916885585785e-06,0.09763142692085491,1.574887605868063e-05,0.09782399383785867,8.710496041575084e-06,1.0,1.0,1.0,1.0,1.0
64,13:54:12,0,0.09686115925284033,108233.0,0.09695744271134221,0.09686115925284033,7.646618662451409e-07,0.0966685923358368,9.973850429284447e-08,0.09647602541883304,3.324616809761482e-08,0.09628345850182929,4.2721326005435044e-06,0.09609089158482575,7.347403149572876e-06,0.09705372616984409,9.30892706733215e-07,0.09724629308684762,2.061262422052119e-06,0.09743886000385138,2.115786137732207e-06,0.09763142692085491,1.6147830075852007e-05,0.09782399383785867,8.710496041575084e-06,1.0,1.0,1.0,1.0,1.0
64,13:54:15,0,0.09686115925284033,279130.0,0.09695744271134221,0.09686115925284033,3.9895401717137787e-07,0.0966685923358368,1.662308404880741e-07,0.09647602541883304,8.311542024403705e-08,0.09628345850182929,4.2721326005435044e-06,0.09609089158482575,7.347403149572876e-06,0.09705372616984409,6.316771938546816e-07,0.09724629308684762,2.061262422052119e-06,0.09743886000385138,2.115786137732207e-06,0.09763142692085491,1.6214322412047236e-05,0.09782399383785867,8.544265201087009e-06,1.0,1.0,1.0,1.0,1.0
64,13:54:18,0,0.09686115925284033,250666.0,0.09715000962834575,0.09705372616984409,2.1610009263449634e-07,0.09686115925284033,3.6570784907376306e-07,0.0966685923358368,1.662308404880741e-07,0.09647602541883304,9.973850429284447e-08,0.09628345850182929,4.604594281519653e-06,0.09724629308684762,2.028016253954504e-06,0.09743886000385138,2.115786137732207e-06,0.09763142692085491,1.819246941385532e-05,0.09782399383785867,8.544265201087009e-06,0.09801656075486243,6.948449132401498e-06,1.0,0.0,1.0,1.0,1.0
64,13:54:21,0,0.09686115925284033,353160.0,0.09676487579433846,0.0966685923358368,9.973850429284447e-08,0.09647602541883304,3.8233093312257044e-07,0.09628345850182929,5.07004063488626e-06,0.09609089158482575,7.347403149572876e-06,0.095898324667822,5.483124273499125e-06,0.09686115925284033,2.9755320447365264e-06,0.09724629308684762,2.028016253954504e-06,0.09743886000385138,2.1822784739274367e-06,0.09763142692085491,1.9056869784393305e-05,0.09782399383785867,8.544265201087009e-06,1.0,1.0,1.0,1.0,1.0
64,13:54:24,0,0.09686115925284033,119612.0,0.09676487579433846,0.0966685923358368,1.1636158834165187e-07,0.09647602541883304,3.8233093312257044e-07,0.09628345850182929,5.07004063488626e-06,0.09609089158482575,7.347403149572876e-06,0.095898324667822,5.483124273499125e-06,0.09686115925284033,3.0918936330781783e-06,0.09724629308684762,2.061262422052119e-06,0.09743886000385138,2.149032305829822e-06,0.09763142692085491,1.913998520463734e-05,0.09782399383785867,8.544265201087009e-06,1.0,1.0,1.0,1.0,1.0
64,13:54:27,0,0.0966685923358368,51263.0,0.09676487579433846,0.0966685923358368,9.973850429284447e-08,0.09647602541883304,6.316771938546816e-07,0.09628345850182929,5.153156055130297e-06,0.09609089158482575,7.347403149572876e-06,0.095898324667822,5.665978198036006e-06,0.09686115925284033,3.0586474649805635e-06,0.09724629308684762,2.061262422052119e-06,0.09743886000385138,2.1989015579762443e-06,0.09763142692085491,1.895713128010046e-05,0.09782399383785867,8.544265201087009e-06,1.0,1.0,1.0,1.0,1.0
64,13:54:30,0,0.09686115925284033,233536.0,0.09676487579433846,0.0966685923358368,2.659693447809186e-07,0.09647602541883304,6.48300277903489e-07,0.09628345850182929,5.153156055130297e-06,0.09609089158482575,7.347403149572876e-06,0.095898324667822,5.665978198036006e-06,0.09686115925284033,2.37710101897946e-06,0.09705372616984409,2.4934626073211115e-07,0.09724629308684762,2.094508590149734e-06,0.09743886000385138,2.1989015579762443e-06,0.09763142692085491,1.913998520463734e-05,1.0,1.0,1.0,1.0,1.0
64,13:54:33,0,0.09686115925284033,825920.0,0.09695744271134221,0.09686115925284033,2.4934626073211115e-07,0.0966685923358368,3.6570784907376306e-07,0.09647602541883304,6.815464460011039e-07,0.09628345850182929,5.186402223227912e-06,0.09609089158482575,7.347403149572876e-06,0.09705372616984409,4.488232693178001e-07,0.09724629308684762,2.028016253954504e-06,0.09743886000385138,2.1989015579762443e-06,0.09763142692085491,1.915660828868615e-05,0.09782399383785867,8.544265201087009e-06,1.0,1.0,1.0,1.0,1.0
64,13:54:36,0,0.09705372616984409,415879.0,0.09705372616984409,0.09686115925284033,1.2799774717581707e-06,0.0966685923358368,4.322001852689927e-07,0.09647602541883304,6.815464460011039e-07,0.09628345850182929,5.186402223227912e-06,0.09609089158482575,7.347403149572876e-06,0.09724629308684762,2.0446393380033115e-06,0.09743886000385138,6.005587805153141e-06,0.09763142692085491,1.9572185389906333e-05,0.09782399383785867,8.577511369184623e-06,0.09801656075486243,6.782218291913424e-06,1.0,1.0,1.0,1.0,1.0
64,13:54:39,0,0.09724629308684762,56978.0,0.09715000962834575,0.09705372616984409,3.324616809761482e-08,0.09686115925284033,1.745423825124778e-06,0.0966685923358368,4.986925214642223e-07,0.09647602541883304,2.227493262540193e-06,0.09628345850182929,5.186402223227912e-06,0.09724629308684762,1.9615239177592744e-06,0.09743886000385138,6.005587805153141e-06,0.09763142692085491,1.9705170062296793e-05,0.09782399383785867,8.577511369184623e-06,0.09801656075486243,6.782218291913424e-06,0.0,1.0,1.0,1.0,1.0
64,13:54:42,0,0.0966685923358368,1213187.0,0.09657230887733492,0.09647602541883304,2.227493262540193e-06,0.09628345850182929,5.2362714753743345e-06,0.09609089158482575,7.347403149572876e-06,0.095898324667822,5.665978198036006e-06,0.09570575775081847,1.6008029939001538e-05,0.0966685923358368,4.986925214642224e-06,0.09686115925284033,3.324616809761482e-08,0.09724629308684762,1.994770085856889e-06,0.09743886000385138,6.78687275544709e-06,0.09763142692085491,1.992127015493129e-05,1.0,2.0,1.0,1.0,2.0
64,13:54:45,0,0.09647602541883304,250579.0,0.09657230887733492,0.09647602541883304,2.227493262540193e-06,0.09628345850182929,5.2362714753743345e-06,0.09609089158482575,7.347403149572876e-06,0.095898324667822,5.665978198036006e-06,0.09570575775081847,1.6207506947587227e-05,0.0966685923358368,4.288755684592312e-06,0.09686115925284033,4.9869252146422234e-08,0.09705372616984409,3.324616809761482e-07,0.09724629308684762,2.0113931699056968e-06,0.09743886000385138,6.78687275544709e-06,1.0,2.0,1.0,1.0,2.0
64,13:54:48,0,0.0966685923358368,848555.0,0.09657230887733492,0.09647602541883304,6.5993643673765425e-06,0.09628345850182929,5.2362714753743345e-06,0.09609089158482575,7.347403149572876e-06,0.095898324667822,5.665978198036006e-06,0.09570575775081847,1.642360704022172e-05,0.0966685923358368,2.2108701784913857e-06,0.09686115925284033,8.311542024403705e-08,0.09705372616984409,3.6570784907376304e-06,0.09724629308684762,1.4295852281974373e-06,0.09743886000385138,6.78687275544709e-06,1.0,2.0,1.0,1.0,2.0
64,13:54:51,0,0.0966685923358368,797186.0,0.09657230887733492,0.09647602541883304,4.770825122007727e-06,0.09628345850182929,5.252894559423142e-06,0.09609089158482575,7.347403149572876e-06,0.095898324667822,5.749093618280043e-06,0.09570575775081847,1.6290622367831264e-05,0.0966685923358368,2.1610009263449634e-06,0.09686115925284033,2.992155128785334e-07,0.09705372616984409,3.6570784907376304e-06,0.09724629308684762,1.4295852281974373e-06,0.09743886000385138,7.002972848081586e-06,1.0,2.0,1.0,1.0,2.0
64,13:54:54,0,0.0966685923358368,130977.0,0.09657230887733492,0.09647602541883304,6.067425677814705e-06,0.09628345850182929,5.252894559423142e-06,0.09609089158482575,7.247664645280031e-06,0.095898324667822,5.749093618280043e-06,0.09570575775081847,1.6390360872124108e-05,0.0966685923358368,2.028016253954504e-06,0.09686115925284033,2.992155128785334e-07,0.09705372616984409,3.6570784907376304e-06,0.09724629308684762,1.4295852281974373e-06,0.09743886000385138,7.16920368856966e-06,1.0,1.0,1.0,1.0,2.0
64,13:54:57,0,0.0966685923358368,353074.0,0.09657230887733492,0.09647602541883304,5.818079417082594e-06,0.09628345850182929,4.820694374154149e-06,0.09609089158482575,7.247664645280031e-06,0.095898324667822,5.749093618280043e-06,0.09570575775081847,2.0579378052423575e-05,0.0966685923358368,1.5958160686855115e-06,0.09686115925284033,2.992155128785334e-07,0.09705372616984409,3.6570784907376304e-06,0.09724629308684762,1.4295852281974373e-06,0.09743886000385138,7.16920368856966e-06,2.0,1.0,1.0,1.0,2.0
64,13:55:00,0,0.0966685923358368,1765798.0,0.09686115925284033,0.0966685923358368,1.662308404880741e-07,0.09647602541883304,6.532872031181312e-06,0.09628345850182929,4.820694374154149e-06,0.09609089158482575,7.247664645280031e-06,0.095898324667822,5.7324705342312356e-06,0.09705372616984409,8.976465386356002e-07,0.09724629308684762,1.3963390600998225e-06,0.09743886000385138,7.401926865252964e-06,0.09763142692085491,2.344536397327846e-05,0.09782399383785867,9.159319310892883e-06,1.0,1.0,1.0,1.0,2.0
64,13:55:03,0,0.09705372616984409,193632.0,0.09695744271134221,0.09686115925284033,1.9947700858568893e-07,0.0966685923358368,6.48300277903489e-07,0.09647602541883304,6.632610535474157e-06,0.09628345850182929,4.804071290105341e-06,0.09609089158482575,7.247664645280031e-06,0.09705372616984409,1.213485135562941e-06,0.09724629308684762,9.342173235429765e-06,0.09743886000385138,7.734388546229112e-06,0.09763142692085491,2.2780440611326164e-05,0.09782399383785867,9.159319310892883e-06,1.0,1.0,1.0,1.0,2.0
64,13:55:06,0,0.0966685923358368,410170.0,0.09676487579433846,0.0966685923358368,1.895031581564045e-06,0.09647602541883304,6.566118199278927e-06,0.09628345850182929,4.820694374154149e-06,0.09609089158482575,7.2642877293288384e-06,0.095898324667822,6.181293803549036e-06,0.09686115925284033,1.1636158834165187e-07,0.09705372616984409,2.3272317668330374e-07,0.09724629308684762,9.342173235429765e-06,0.09743886000385138,7.734388546229112e-06,0.09763142692085491,2.2946671451814237e-05,1.0,1.0,1.0,1.0,1.0
64,13:55:09,0,0.09705372616984409,677762.0,0.09676487579433846,0.0966685923358368,8.810234545867927e-07,0.09647602541883304,6.898579880255076e-06,0.09628345850182929,4.820694374154149e-06,0.09609089158482575,7.297533897426454e-06,0.095898324667822,6.181293803549036e-06,0.09686115925284033,1.662308404880741e-08,0.09724629308684762,9.342173235429765e-06,0.09743886000385138,7.734388546229112e-06,0.09763142692085491,2.2946671451814237e-05,0.09782399383785867,9.159319310892883e-06,1.0,1.0,1.0,1.0,2.0
64,13:55:12,0,0.09705372616984409,370256.0,0.09715000962834575,0.09705372616984409,4.9869252146422234e-08,0.09686115925284033,3.324616809761482e-08,0.0966685923358368,1.662308404880741e-06,0.09647602541883304,6.915202964303883e-06,0.09628345850182929,4.820694374154149e-06,0.09724629308684762,8.99308847040481e-06,0.09743886000385138,7.883996302668379e-06,0.09763142692085491,2.3046409956107082e-05,0.09782399383785867,9.159319310892883e-06,0.09801656075486243,6.915202964303883e-06,1.0,1.0,1.0,1.0,1.0
64,13:55:15,0,0.09724629308684762,113953.0,0.09715000962834575,0.09705372616984409,9.30892706733215e-07,0.09686115925284033,2.659693447809186e-07,0.0966685923358368,8.145311183915631e-07,0.09647602541883304,6.948449132401498e-06,0.09628345850182929,5.751587080887364e-06,0.09724629308684762,8.826857629916735e-06,0.09743886000385138,8.033604059107646e-06,0.09763142692085491,2.3146148460399927e-05,0.09782399383785867,9.159319310892883e-06,0.09801656075486243,6.915202964303883e-06,1.0,1.0,1.0,1.0,1.0
64,13:55:18,0,0.09724629308684762,34183.0,0.09715000962834575,0.09705372616984409,8.644003705379854e-07,0.09686115925284033,3.4908476502495563e-07,0.0966685923358368,1.1469927993677114e-06,0.09647602541883304,7.164549225035994e-06,0.09628345850182929,5.751587080887364e-06,0.09724629308684762,8.826857629916735e-06,0.09743886000385138,8.116719479351683e-06,0.09763142692085491,2.3146148460399927e-05,0.09782399383785867,9.175942394941691e-06,0.09801656075486243,6.915202964303883e-06,1.0,1.0,1.0,1.0,1.0
64,13:55:21,0,0.09705372616984409,108249.0,0.09715000962834575,0.09705372616984409,7.480387821963335e-07,0.09686115925284033,3.9895401717137787e-07,0.0966685923358368,1.4794544803438596e-06,0.09647602541883304,7.181172309084802e-06,0.09628345850182929,5.951064089473053e-06,0.09724629308684762,8.99308847040481e-06,0.09743886000385138,8.149965647449297e-06,0.09763142692085491,2.364484098186415e-05,0.09782399383785867,9.24243473113692e-06,0.09801656075486243,6.915202964303883e-06,1.0,1.0,1.0,1.0,1.0
64,13:55:24,0,0.09705372616984409,883013.0,0.09686115925284033,0.0966685923358368,1.5127006484414744e-06,0.09647602541883304,6.000933341619475e-06,0.09628345850182929,5.934441005424246e-06,0.09609089158482575,7.2642877293288384e-06,0.095898324667822,6.6633632409644504e-06,0.09705372616984409,2.31060868278423e-06,0.09724629308684762,8.86010379801435e-06,0.09743886000385138,8.149965647449297e-06,0.09763142692085491,2.4226648923572407e-05,0.09782399383785867,9.24243473113692e-06,1.0,1.0,1.0,1.0,2.0
64,13:55:27,0,0.09705372616984409,1144953.0,0.09695744271134221,0.09686115925284033,6.649233619522964e-08,0.0966685923358368,3.8233093312257044e-07,0.09647602541883304,6.017556425668282e-06,0.09628345850182929,5.9178179213754385e-06,0.09609089158482575,7.247664645280031e-06,0.09705372616984409,1.8285392453688153e-07,0.09724629308684762,8.893349966111965e-06,0.09743886000385138,8.149965647449297e-06,0.09763142692085491,2.4426125932158096e-05,0.09782399383785867,9.24243473113692e-06,1.0,1.0,1.0,1.0,2.0
64,13:55:30,0,0.0966685923358368,193640.0,0.09676487579433846,0.0966685923358368,9.30892706733215e-07,0.09647602541883304,6.017556425668282e-06,0.09628345850182929,5.818079417082594e-06,0.09609089158482575,7.231041561231224e-06,0.095898324667822,6.763101745257295e-06,0.09686115925284033,9.973850429284447e-08,0.09705372616984409,1.496077564392667e-07,0.09724629308684762,8.893349966111965e-06,0.09743886000385138,8.149965647449297e-06,0.09763142692085491,2.4426125932158096e-05,1.0,1.0,1.0,1.0,2.0
64,13:55:33,0,0.09705372616984409,182305.0,0.09695744271134221,0.09686115925284033,1.9947700858568893e-07,0.0966685923358368,2.094508590149734e-06,0.09647602541883304,6.03417950971709e-06,0.09628345850182929,5.818079417082594e-06,0.09609089158482575,7.231041561231224e-06,0.09705372616984409,3.4908476502495563e-07,0.09724629308684762,8.677249873477468e-06,0.09743886000385138,8.149965647449297e-06,0.09763142692085491,2.4592356772646173e-05,0.09782399383785867,9.24243473113692e-06,1.0,1.0,1.0,1.0,2.0
64,13:55:36,0,0.09686115925284033,1304490.0,0.09676487579433846,0.0966685923358368,7.812849502939483e-07,0.09647602541883304,6.067425677814705e-06,0.09628345850182929,5.818079417082594e-06,0.09609089158482575,7.231041561231224e-06,0.095898324667822,6.779724829306102e-06,0.09686115925284033,1.047254295074867e-06,0.09724629308684762,7.613372494353794e-06,0.09743886000385138,8.149965647449297e-06,0.09763142692085491,2.4592356772646173e-05,0.09782399383785867,9.24243473113692e-06,1.0,1.0,1.0,1.0,2.0
64,13:55:39,0,0.09686115925284033,262010.0,0.09676487579433846,0.0966685923358368,8.145311183915631e-07,0.09647602541883304,6.2004103502051645e-06,0.09628345850182929,5.801456333033787e-06,0.09609089158482575,7.231041561231224e-06,0.095898324667822,6.779724829306102e-06,0.09686115925284033,4.654463533666075e-07,0.09705372616984409,6.649233619522964e-08,0.09724629308684762,7.629995578402602e-06,0.09743886000385138,8.149965647449297e-06,0.09763142692085491,2.5240657050549662e-05,1.0,1.0,1.0,1.0,2.0
64,13:55:42,0,0.0966685923358368,461320.0,0.09676487579433846,0.0966685923358368,9.475157907820225e-07,0.09647602541883304,6.3333950225956236e-06,0.09628345850182929,5.801456333033787e-06,0.09609089158482575,7.231041561231224e-06,0.095898324667822,6.9459556697941765e-06,0.09686115925284033,1.1303697153189038e-06,0.09705372616984409,3.8233093312257044e-07,0.09724629308684762,7.596749410304987e-06,0.09743886000385138,8.316196487937372e-06,0.09763142692085491,2.5456757143184156e-05,1.0,1.0,1.0,2.0,2.0
64,13:55:45,0,0.09686115925284033,449930.0,0.09676487579433846,0.0966685923358368,9.973850429284446e-07,0.09647602541883304,6.3333950225956236e-06,0.09628345850182929,5.801456333033787e-06,0.09609089158482575,7.231041561231224e-06,0.095898324667822,6.9459556697941765e-06,0.09686115925284033,2.6929396159068003e-06,0.09705372616984409,3.9895401717137787e-07,0.09724629308684762,7.596749410304987e-06,0.09743886000385138,8.316196487937372e-06,0.09763142692085491,2.5539872563428193e-05,1.0,1.0,1.0,2.0,2.0
64,13:55:48,0,0.09686115925284033,552426.0,0.09676487579433846,0.0966685923358368,1.1636158834165187e-07,0.09647602541883304,6.117294929961127e-06,0.09628345850182929,5.801456333033787e-06,0.09609089158482575,7.231041561231224e-06,0.095898324667822,6.9459556697941765e-06,0.09686115925284033,5.286140727520757e-06,0.09705372616984409,4.820694374154149e-07,0.09724629308684762,7.929211091281134e-06,0.09743886000385138,8.482427328425446e-06,0.09763142692085491,2.5539872563428193e-05,1.0,1.0,1.0,2.0,2.0
64,13:55:51,0,0.09686115925284033,358810.0,0.09676487579433846,0.0966685923358368,1.329846723904593e-07,0.09647602541883304,6.466379694986083e-06,0.09628345850182929,5.801456333033787e-06,0.09609089158482575,7.231041561231224e-06,0.095898324667822,6.9459556697941765e-06,0.09686115925284033,4.853940542251764e-06,0.09705372616984409,4.986925214642223e-07,0.09724629308684762,7.929211091281134e-06,0.09743886000385138,8.482427328425446e-06,0.09763142692085491,2.5539872563428193e-05,1.0,1.0,1.0,2.0,2.0
64,13:55:54,0,0.09686115925284033,267698.0,0.09676487579433846,0.0966685923358368,1.662308404880741e-08,0.09647602541883304,6.532872031181312e-06,0.09628345850182929,5.801456333033787e-06,0.09609089158482575,7.214418477182416e-06,0.095898324667822,6.979201837891792e-06,0.09686115925284033,4.288755684592312e-06,0.09705372616984409,5.818079417082594e-07,0.09724629308684762,7.929211091281134e-06,0.09743886000385138,8.482427328425446e-06,0.09763142692085491,2.5656234151769845e-05,1.0,1.0,1.0,2.0,2.0
64,13:55:57,0,0.09686115925284033,79744.0,0.09676487579433846,0.0966685923358368,1.9947700858568893e-07,0.09647602541883304,6.532872031181312e-06,0.09628345850182929,5.818079417082594e-06,0.09609089158482575,7.280910813377646e-06,0.095898324667822,6.979201837891792e-06,0.09686115925284033,4.10590176005543e-06,0.09705372616984409,7.646618662451409e-07,0.09724629308684762,8.012326511525173e-06,0.09743886000385138,8.482427328425446e-06,0.09763142692085491,2.5656234151769845e-05,1.0,1.0,1.0,2.0,2.0
64,13:56:00,0,0.09686115925284033,415788.0,0.09676487579433846,0.0966685923358368,1.0805004631724817e-06,0.09647602541883304,6.532872031181312e-06,0.09628345850182929,5.851325585180209e-06,0.09609089158482575,6.8653337121574605e-06,0.095898324667822,6.979201837891792e-06,0.09686115925284033,3.5573399864447857e-06,0.09705372616984409,7.646618662451409e-07,0.09724629308684762,8.195180436062054e-06,0.09743886000385138,8.482427328425446e-06,0.09763142692085491,2.5872334244404343e-05,1.0,1.0,1.0,2.0,2.0
64,13:56:03,0,0.09686115925284033,484156.0,0.09676487579433846,0.0966685923358368,1.3298467239045928e-06,0.09647602541883304,6.566118199278927e-06,0.09628345850182929,5.851325585180209e-06,0.09609089158482575,6.8653337121574605e-06,0.095898324667822,6.979201837891792e-06,0.09686115925284033,2.061262422052119e-06,0.09705372616984409,8.311542024403705e-07,0.09724629308684762,8.195180436062054e-06,0.09743886000385138,8.482427328425446e-06,0.09763142692085491,2.618817284133168e-05,1.0,1.0,1.0,2.0,2.0
64,13:56:06,0,0.09686115925284033,956852.0,0.09676487579433846,0.0966685923358368,7.480387821963335e-07,0.09647602541883304,6.5993643673765425e-06,0.09628345850182929,5.851325585180209e-06,0.09609089158482575,6.782218291913424e-06,0.095898324667822,6.979201837891792e-06,0.09686115925284033,5.319386895618372e-07,0.09705372616984409,1.246731303660556e-06,0.09724629308684762,8.228426604159668e-06,0.09743886000385138,8.482427328425446e-06,0.09763142692085491,2.627128826157572e-05,1.0,1.0,1.0,1.0,2.0
64,13:56:09,0,0.0966685923358368,296177.0,0.09686115925284033,0.0966685923358368,5.818079417082594e-07,0.09647602541883304,6.5993643673765425e-06,0.09628345850182929,5.851325585180209e-06,0.09609089158482575,6.782218291913424e-06,0.095898324667822,6.979201837891792e-06,0.09705372616984409,1.246731303660556e-06,0.09724629308684762,8.261672772257283e-06,0.09743886000385138,8.698527421059941e-06,0.09763142692085491,2.627128826157572e-05,0.09782399383785867,9.24243473113692e-06,1.0,1.0,1.0,2.0,2.0
64,13:56:12,0,0.09705372616984409,495491.0,0.0966685923358368,0.09647602541883304,6.5993643673765425e-06,0.09628345850182929,5.851325585180209e-06,0.09609089158482575,6.782218291913424e-06,0.095898324667822,6.979201837891792e-06,0.09570575775081847,2.136066300271752e-05,0.09686115925284033,4.488232693178001e-07,0.09705372616984409,1.1469927993677114e-06,0.09724629308684762,8.261672772257283e-06,0.09743886000385138,8.698527421059941e-06,0.09763142692085491,2.6437519102063795e-05,1.0,1.0,1.0,2.0,2.0
64,13:56:15,0,0.09686115925284033,205046.0,0.09676487579433846,0.0966685923358368,2.1610009263449634e-07,0.09647602541883304,6.566118199278927e-06,0.09628345850182929,5.851325585180209e-06,0.09609089158482575,6.782218291913424e-06,0.095898324667822,7.012448005989406e-06,0.09686115925284033,3.324616809761482e-08,0.09705372616984409,1.1469927993677114e-06,0.09724629308684762,8.444526696794164e-06,0.09743886000385138,8.698527421059941e-06,0.09763142692085491,2.8166319843139764e-05,1.0,1.0,1.0,2.0,2.0
64,13:56:18,0,0.09686115925284033,79741.0,0.09695744271134221,0.09686115925284033,4.654463533666075e-07,0.0966685923358368,4.1557710122018525e-07,0.09647602541883304,6.566118199278927e-06,0.09628345850182929,5.851325585180209e-06,0.09609089158482575,6.765595207864616e-06,0.09705372616984409,1.2633543877093633e-06,0.09724629308684762,8.427903612745358e-06,0.09743886000385138,8.698527421059941e-06,0.09763142692085491,2.8216189095286188e-05,0.09782399383785867,9.24243473113692e-06,1.0,1.0,1.0,1.0,2.0
64,13:56:21,0,0.0966685923358368,256306.0,0.09686115925284033,0.0966685923358368,4.322001852689927e-07,0.09647602541883304,6.532872031181312e-06,0.09628345850182929,5.851325585180209e-06,0.09609089158482575,6.765595207864616e-06,0.095898324667822,7.012448005989406e-06,0.09705372616984409,1.3132236398557854e-06,0.09724629308684762,8.47777286489178e-06,0.09743886000385138,8.931250597743245e-06,0.09763142692085491,2.8349173767676645e-05,0.09782399383785867,9.24243473113692e-06,1.0,1.0,1.0,2.0,2.0
64,13:56:24,0,0.09686115925284033,176579.0,0.09695744271134221,0.09686115925284033,1.8285392453688153e-07,0.0966685923358368,2.8259242882972596e-07,0.09647602541883304,6.566118199278927e-06,0.09628345850182929,5.851325585180209e-06,0.09609089158482575,6.765595207864616e-06,0.09705372616984409,1.2633543877093633e-06,0.09724629308684762,8.47777286489178e-06,0.09743886000385138,8.931250597743245e-06,0.09763142692085491,2.858189694435995e-05,0.09782399383785867,9.325550151380957e-06,1.0,1.0,1.0,1.0,2.0
64,13:56:27,0,0.09705372616984409,56965.0,0.09695744271134221,0.09686115925284033,6.649233619522964e-07,0.0966685923358368,5.153156055130298e-07,0.09647602541883304,6.5993643673765425e-06,0.09628345850182929,5.851325585180209e-06,0.09609089158482575,6.765595207864616e-06,0.09705372616984409,1.1968620515141336e-06,0.09724629308684762,8.47777286489178e-06,0.09743886000385138,8.931250597743245e-06,0.09763142692085491,2.8548650776262335e-05,0.09782399383785867,9.325550151380957e-06,1.0,1.0,1.0,2.0,2.0
64,13:56:30,0,0.09705372616984409,102538.0,0.09695744271134221,0.09686115925284033,1.3464698079534002e-06,0.0966685923358368,6.981695300499113e-07,0.09647602541883304,6.5993643673765425e-06,0.09628345850182929,5.851325585180209e-06,0.09609089158482575,6.948449132401498e-06,0.09705372616984409,1.0805004631724817e-06,0.09724629308684762,8.47777286489178e-06,0.09743886000385138,8.914627513694439e-06,0.09763142692085491,2.8548650776262335e-05,0.09782399383785867,9.325550151380957e-06,1.0,1.0,1.0,2.0,2.0
64,13:56:33,0,0.09705372616984409,6510620.0,0.09715000962834575,0.09705372616984409,2.659693447809186e-07,0.09686115925284033,1.2866267053776937e-05,0.0966685923358368,7.646618662451409e-07,0.09647602541883304,6.5993643673765425e-06,0.09628345850182929,5.884571753277823e-06,0.09724629308684762,8.511019032989395e-06,0.09743886000385138,8.914627513694439e-06,0.09763142692085491,2.8548650776262335e-05,0.09782399383785867,9.325550151380957e-06,0.09801656075486243,8.062195763671593e-06,1.0,1.0,1.0,1.0,2.0
64,13:56:36,0,0.09705372616984409,427343.0,0.09715000962834575,0.09705372616984409,4.488232693178001e-07,0.09686115925284033,1.289951322187455e-05,0.0966685923358368,7.979080343427557e-07,0.09647602541883304,6.5993643673765425e-06,0.09628345850182929,5.884571753277823e-06,0.09724629308684762,7.463764737914528e-06,0.09743886000385138,8.914627513694439e-06,0.09763142692085491,2.8748127784848024e-05,0.09782399383785867,9.325550151380957e-06,0.09801656075486243,8.062195763671593e-06,1.0,1.0,1.0,1.0,2.0
64,13:56:39,0,0.09705372616984409,364617.0,0.09715000962834575,0.09705372616984409,9.973850429284447e-08,0.09686115925284033,1.3198728734753085e-05,0.0966685923358368,8.810234545867927e-07,0.09647602541883304,6.516248947132505e-06,0.09628345850182929,5.884571753277823e-06,0.09724629308684762,7.480387821963335e-06,0.09743886000385138,8.931250597743245e-06,0.09763142692085491,2.8764750868896832e-05,0.09782399383785867,9.392042487576187e-06,0.09801656075486243,8.062195763671593e-06,1.0,1.0,1.0,1.0,2.0
64,13:56:42,0,0.09705372616984409,159533.0,0.09715000962834575,0.09705372616984409,3.9895401717137787e-07,0.09686115925284033,1.3215351818801891e-05,0.0966685923358368,1.0306312110260596e-06,0.09647602541883304,6.516248947132505e-06,0.09628345850182929,5.951064089473053e-06,0.09724629308684762,7.347403149572876e-06,0.09743886000385138,8.931250597743245e-06,0.09763142692085491,2.8764750868896832e-05,0.09782399383785867,9.392042487576187e-06,0.09801656075486243,8.062195763671593e-06,1.0,1.0,1.0,2.0,2.0
64,13:56:45,0,0.09705372616984409,262082.0,0.09715000962834575,0.09705372616984409,3.324616809761482e-08,0.09686115925284033,1.3497944247631617e-05,0.0966685923358368,1.4129621441486299e-06,0.09647602541883304,6.516248947132505e-06,0.09628345850182929,5.951064089473053e-06,0.09724629308684762,7.114679972889571e-06,0.09743886000385138,8.931250597743245e-06,0.09763142692085491,2.8764750868896832e-05,0.09782399383785867,9.392042487576187e-06,0.09801656075486243,8.062195763671593e-06,1.0,1.0,1.0,2.0,2.0
64,13:56:48,0,0.09686115925284033,9146705.0,0.09743886000385116,0.09724629308684762,1.662308404880741e-08,0.09705372616984409,4.9869252146422234e-08,0.09686115925284033,1.200186668323895e-05,0.0966685923358368,1.4129621441486299e-06,0.09647602541883304,6.566118199278927e-06,0.09763142692085491,1.9859432282269724e-05,0.09782399383785867,9.392042487576187e-06,0.09801656075486243,8.062195763671593e-06,0.09820912767186596,7.912588007232328e-06,0.09840169458886971,8.72711912562389e-06,1.0,1.0,1.0,1.0,2.0
64,13:56:51,0,0.09705372616984409,210786.0,0.09695744271134221,0.09686115925284033,1.200186668323895e-05,0.0966685923358368,1.3630928920022078e-06,0.09647602541883304,6.748972123815809e-06,0.09628345850182929,5.9178179213754385e-06,0.09609089158482575,6.9983183845479195e-06,0.09705372616984409,2.061262422052119e-06,0.09763142692085491,1.9876055366318532e-05,0.09782399383785867,9.392042487576187e-06,0.09801656075486243,8.062195763671593e-06,0.09820912767186596,7.912588007232328e-06,1.0,2.0,1.0,2.0,2.0
64,13:56:54,0,0.09705372616984409,364608.0,0.09695744271134221,0.09686115925284033,1.2417443784459135e-05,0.0966685923358368,1.7288007410759707e-06,0.09647602541883304,6.782218291913424e-06,0.09628345850182929,5.9178179213754385e-06,0.09609089158482575,6.9983183845479195e-06,0.09705372616984409,1.0638773791236743e-06,0.09743886000385138,1.662308404880741e-07,0.09763142692085491,1.9859432282269724e-05,0.09782399383785867,9.392042487576187e-06,0.09801656075486243,8.062195763671593e-06,1.0,2.0,1.0,2.0,2.0
64,13:56:57,0,0.09763142692085491,5768197.0,0.09743886000385116,0.09724629308684762,2.1610009263449634e-07,0.09705372616984409,8.311542024403705e-08,0.09686115925284033,2.292323290330542e-05,0.0966685923358368,1.8119161613200078e-06,0.09647602541883304,6.798841375962231e-06,0.09763142692085491,4.416587200927641e-06,0.09782399383785867,9.392042487576187e-06,0.09801656075486243,8.062195763671593e-06,0.09820912767186596,7.912588007232328e-06,0.09840169458886971,8.72711912562389e-06,1.0,1.0,1.0,1.0,2.0
64,13:57:00,0,0.09724629308684762,5698.0,0.09743886000385116,0.09724629308684762,1.9947700858568893e-07,0.09705372616984409,1.9947700858568893e-07,0.09686115925284033,2.3056217575695878e-05,0.0966685923358368,1.8119161613200078e-06,0.09647602541883304,6.798841375962231e-06,0.09763142692085491,4.532948789269293e-06,0.09782399383785867,9.392042487576187e-06,0.09801656075486243,8.062195763671593e-06,0.09820912767186596,7.912588007232328e-06,0.09840169458886971,8.72711912562389e-06,1.0,1.0,1.0,1.0,1.0
64,13:57:03,0,0.09705372616984409,279209.0,0.09753514346235326,0.09743886000385138,1.329846723904593e-07,0.09705372616984409,2.3272317668330374e-07,0.09686115925284033,2.3139332995939914e-05,0.0966685923358368,1.8119161613200078e-06,0.09647602541883304,6.798841375962231e-06,0.09763142692085491,4.516325705220485e-06,0.09782399383785867,9.392042487576187e-06,0.09801656075486243,8.062195763671593e-06,0.09820912767186596,7.912588007232328e-06,0.09840169458886971,8.72711912562389e-06,1.0,1.0,1.0,1.0,2.0
64,13:57:06,0,0.09705372616984409,455980.0,0.09715000962834575,0.09705372616984409,1.9449008337104673e-06,0.09686115925284033,2.362140243335533e-05,0.0966685923358368,1.7952930772712004e-06,0.09647602541883304,6.798841375962231e-06,0.09628345850182929,2.493462607321112e-06,0.09724629308684762,4.9869252146422234e-08,0.09763142692085491,3.4358252420480036e-06,0.09782399383785867,9.392042487576187e-06,0.09801656075486243,8.062195763671593e-06,0.09820912767186596,7.912588007232328e-06,2.0,2.0,1.0,2.0,2.0
64,13:57:09,0,0.09763142692085491,655487.0,0.09743886000385116,0.09724629308684762,4.9869252146422234e-08,0.09705372616984409,3.125139801175793e-06,0.09686115925284033,2.3638025517404138e-05,0.0966685923358368,1.8285392453688152e-06,0.09647602541883304,6.798841375962231e-06,0.09763142692085491,1.8067630052648775e-06,0.09782399383785867,9.392042487576187e-06,0.09801656075486243,8.062195763671593e-06,0.09820912767186596,7.912588007232328e-06,0.09840169458886971,8.72711912562389e-06,1.0,1.0,1.0,2.0,2.0
64,13:57:12,0,0.09763142692085491,96872.0,0.0973425765453495,0.09724629308684762,1.6124391527343189e-06,0.09705372616984409,2.593201111613956e-06,0.09686115925284033,2.3704517853599367e-05,0.0966685923358368,1.9615239177592744e-06,0.09647602541883304,6.798841375962231e-06,0.09743886000385138,1.329846723904593e-07,0.09763142692085491,2.0394861819481813e-06,0.09782399383785867,9.392042487576187e-06,0.09801656075486243,8.062195763671593e-06,0.09820912767186596,7.912588007232328e-06,1.0,2.0,1.0,2.0,2.0
64,13:57:15,0,0.09724629308684762,581236.0,0.0973425765453495,0.09724629308684762,5.818079417082594e-07,0.09705372616984409,2.792678120199645e-06,0.09686115925284033,2.3787633273843403e-05,0.0966685923358368,1.9615239177592744e-06,0.09647602541883304,6.798841375962231e-06,0.09743886000385138,1.662308404880741e-07,0.09763142692085491,1.8566322574112997e-06,0.09782399383785867,9.392042487576187e-06,0.09801656075486243,8.078818847720401e-06,0.09820912767186596,7.862718755085906e-06,1.0,2.0,1.0,2.0,2.0
64,13:57:18,0,0.09724629308684762,450149.0,0.0973425765453495,0.09724629308684762,1.994770085856889e-06,0.09705372616984409,2.9422858766389116e-06,0.09686115925284033,2.3787633273843403e-05,0.0966685923358368,2.028016253954504e-06,0.09647602541883304,6.665856703571772e-06,0.09743886000385138,8.311542024403705e-08,0.09763142692085491,7.092903732785634e-06,0.09782399383785867,9.392042487576187e-06,0.09801656075486243,8.078818847720401e-06,0.09820912767186596,7.862718755085906e-06,1.0,2.0,1.0,2.0,2.0
64,13:57:21,0,0.09763142692085491,3549148.0,0.09772771037935679,0.09763142692085491,2.3842655682044958e-05,0.09743886000385138,3.324616809761482e-08,0.09724629308684762,1.9615239177592744e-06,0.09705372616984409,3.191632137371023e-06,0.09686115925284033,2.3604779349306522e-05,0.09782399383785867,9.392042487576187e-06,0.09801656075486243,8.078818847720401e-06,0.09820912767186596,7.862718755085906e-06,0.09840169458886971,8.72711912562389e-06,0.09859426150587325,8.909973050160772e-06,1.0,1.0,1.0,1.0,2.0
64,13:57:24,0,0.09763142692085491,51300.0,0.09772771037935679,0.09763142692085491,2.420836353111872e-05,0.09743886000385138,5.651848576594519e-07,0.09724629308684762,3.6570784907376304e-06,0.09705372616984409,3.2415013895174453e-06,0.09686115925284033,2.3854125610038635e-05,0.09782399383785867,9.392042487576187e-06,0.09801656075486243,8.078818847720401e-06,0.09820912767186596,7.862718755085906e-06,0.09840169458886971,8.72711912562389e-06,0.09859426150587325,8.909973050160772e-06,1.0,1.0,1.0,1.0,2.0
64,13:57:27,0,0.09763142692085491,3351629.0,0.09772771037935679,0.09763142692085491,1.804119934901117e-05,0.09743886000385138,5.984310257570668e-07,0.09724629308684762,3.72357082693286e-06,0.09705372616984409,2.992155128785334e-06,0.09686115925284033,2.3854125610038635e-05,0.09782399383785867,8.92659613420958e-06,0.09801656075486243,8.078818847720401e-06,0.09820912767186596,7.862718755085906e-06,0.09840169458886971,8.72711912562389e-06,0.09859426150587325,8.909973050160772e-06,1.0,1.0,1.0,1.0,2.0
64,13:57:30,0,0.09763142692085491,587100.0,0.09772771037935679,0.09763142692085491,1.7060437390131535e-05,0.09743886000385138,6.48300277903489e-07,0.09724629308684762,3.7734400790792822e-06,0.09705372616984409,3.0586474649805635e-06,0.09686115925284033,1.3065744062362624e-05,0.09782399383785867,8.92659613420958e-06,0.09801656075486243,8.078818847720401e-06,0.09820912767186596,8.361411276550128e-06,0.09840169458886971,8.72711912562389e-06,0.09859426150587325,8.943219218258388e-06,1.0,1.0,1.0,1.0,1.0
64,13:57:33,0,0.09782399383785867,1248448.0,0.09772771037935679,0.09763142692085491,1.6096298515300704e-05,0.09743886000385138,8.145311183915631e-07,0.09724629308684762,3.7401939109816675e-06,0.09705372616984409,3.075270549029371e-06,0.09686115925284033,1.3065744062362624e-05,0.09782399383785867,6.5993643673765425e-06,0.09801656075486243,8.045572679622787e-06,0.09820912767186596,8.361411276550128e-06,0.09840169458886971,8.72711912562389e-06,0.09859426150587325,8.943219218258388e-06,1.0,1.0,1.0,1.0,1.0
64,13:57:36,0,0.09782399383785867,1322607.0,0.09772771037935679,0.09763142692085491,1.584695225456859e-05,0.09743886000385138,8.47777286489178e-07,0.09724629308684762,3.856555499323319e-06,0.09705372616984409,4.62121736556846e-06,0.09686115925284033,1.3049120978313818e-05,0.09782399383785867,3.191632137371023e-06,0.09801656075486243,8.311542024403705e-06,0.09820912767186596,8.361411276550128e-06,0.09840169458886971,8.72711912562389e-06,0.09859426150587325,9.209188563039306e-06,1.0,1.0,1.0,1.0,2.0
64,13:57:39,0,0.09782399383785867,5164246.0,0.09772771037935679,0.09763142692085491,1.8503154854727529e-06,0.09743886000385138,8.644003705379854e-07,0.09724629308684762,3.7069477428840527e-06,0.09705372616984409,4.62121736556846e-06,0.09686115925284033,1.2949382474020973e-05,0.09782399383785867,2.4435933551746895e-06,0.09801656075486243,8.311542024403705e-06,0.09820912767186596,8.361411276550128e-06,0.09840169458886971,8.72711912562389e-06,0.09859426150587325,9.209188563039306e-06,1.0,1.0,1.0,1.0,2.0
64,13:57:42,0,0.09801656075486243,1254208.0,0.09792027729636055,0.09782399383785867,1.745423825124778e-06,0.09763142692085491,2.9806852007916567e-06,0.09743886000385138,8.976465386356002e-07,0.09724629308684762,3.7069477428840527e-06,0.09705372616984409,4.637840449617268e-06,0.09801656075486243,8.128688099866824e-06,0.09820912767186596,8.494395948940587e-06,0.09840169458886971,8.72711912562389e-06,0.09859426150587325,9.209188563039306e-06,0.098786828422877,7.098056888840764e-06,1.0,1.0,1.0,1.0,1.0
64,13:57:45,0,0.09782399383785867,399081.0,0.09792027729636055,0.09782399383785867,1.8119161613200078e-06,0.09763142692085491,3.4960008063046865e-06,0.09743886000385138,8.47777286489178e-07,0.09724629308684762,3.7069477428840527e-06,0.09705372616984409,4.637840449617268e-06,0.09801656075486243,7.945834175329942e-06,0.09820912767186596,8.494395948940587e-06,0.09840169458886971,8.72711912562389e-06,0.09859426150587325,9.209188563039306e-06,0.098786828422877,7.098056888840764e-06,1.0,1.0,1.0,1.0,1.0
64,13:57:48,0,0.09801656075486243,1727664.0,0.09792027729636055,0.09782399383785867,1.296600555806978e-06,0.09763142692085491,3.6954778148903754e-06,0.09743886000385138,8.810234545867927e-07,0.09724629308684762,3.72357082693286e-06,0.09705372616984409,4.089278676006623e-06,0.09801656075486243,3.607209238591208e-06,0.09820912767186596,8.494395948940587e-06,0.09840169458886971,8.72711912562389e-06,0.09859426150587325,9.209188563039306e-06,0.098786828422877,7.098056888840764e-06,1.0,1.0,1.0,1.0,1.0
64,13:57:51,0,0.09801656075486243,222365.0,0.09792027729636055,0.09782399383785867,1.496077564392667e-06,0.09763142692085491,3.894954823476065e-06,0.09743886000385138,8.311542024403705e-07,0.09724629308684762,3.5739630704935933e-06,0.09705372616984409,4.10590176005543e-06,0.09801656075486243,3.1750090533222154e-06,0.09820912767186596,8.494395948940587e-06,0.09840169458886971,8.72711912562389e-06,0.09859426150587325,9.209188563039306e-06,0.098786828422877,7.098056888840764e-06,1.0,1.0,1.0,1.0,1.0
64,13:57:54,0,0.09801656075486243,650016.0,0.09792027729636055,0.09782399383785867,3.158385969273408e-06,0.09763142692085491,3.8118394032320273e-06,0.09743886000385138,1.5958160686855115e-06,0.09724629308684762,3.590586154542401e-06,0.09705372616984409,4.10590176005543e-06,0.09801656075486243,1.496077564392667e-06,0.09820912767186596,8.494395948940587e-06,0.09840169458886971,8.693872957526276e-06,0.09859426150587325,9.209188563039306e-06,0.098786828422877,7.181172309084802e-06,1.0,1.0,1.0,1.0,1.0
64,13:57:57,0,0.09782399383785867,2383027.0,0.0981128442133643,0.09801656075486243,7.147926140987186e-07,0.09782399383785867,1.662308404880741e-07,0.09763142692085491,2.332384922888168e-06,0.09743886000385138,1.5958160686855115e-06,0.09724629308684762,3.590586154542401e-06,0.09820912767186596,8.461149780842972e-06,0.09840169458886971,8.693872957526276e-06,0.09859426150587325,9.209188563039306e-06,0.098786828422877,7.181172309084802e-06,0.09897939533988054,4.23888643244589e-06,1.0,1.0,1.0,1.0,1.0
64,13:58:00,0,0.09801656075486243,1265639.0,0.0981128442133643,0.09801656075486243,9.973850429284447e-08,0.09763142692085491,1.1355228713740343e-06,0.09743886000385138,1.5958160686855115e-06,0.09724629308684762,3.590586154542401e-06,0.09705372616984409,4.17239409625066e-06,0.09820912767186596,8.378034360598936e-06,0.09840169458886971,8.693872957526276e-06,0.09859426150587325,9.209188563039306e-06,0.098786828422877,7.181172309084802e-06,0.09897939533988054,4.23888643244589e-06,1.0,1.0,1.0,1.0,1.0
64,13:58:03,0,0.09801656075486243,575931.0,0.0981128442133643,0.09801656075486243,1.1636158834165187e-07,0.09782399383785867,4.9869252146422234e-08,0.09763142692085491,1.2352613756668786e-06,0.09743886000385138,1.5958160686855115e-06,0.09724629308684762,3.607209238591208e-06,0.09820912767186596,7.929211091281134e-06,0.09840169458886971,8.693872957526276e-06,0.09859426150587325,9.209188563039306e-06,0.098786828422877,7.181172309084802e-06,0.09897939533988054,4.23888643244589e-06,1.0,1.0,1.0,1.0,1.0
64,13:58:06,0,0.09801656075486243,843889.0,0.09772771037935679,0.09763142692085491,1.0357843670811898e-06,0.09743886000385138,5.651848576594519e-07,0.09724629308684762,3.607209238591208e-06,0.09705372616984409,4.255509516494697e-06,0.09686115925284033,1.303249789426501e-05,0.09782399383785867,3.324616809761482e-08,0.09801656075486243,4.9869252146422234e-08,0.09820912767186596,6.9983183845479195e-06,0.09840169458886971,8.693872957526276e-06,0.09859426150587325,9.209188563039306e-06,1.0,1.0,1.0,1.0,2.0
64,13:58:09,0,0.09801656075486243,79820.0,0.09792027729636055,0.09782399383785867,8.311542024403705e-08,0.09763142692085491,1.1022767032764194e-06,0.09743886000385138,5.651848576594519e-07,0.09724629308684762,3.6238323226400156e-06,0.09705372616984409,4.255509516494697e-06,0.09801656075486243,1.496077564392667e-07,0.09820912767186596,7.0149414685967275e-06,0.09840169458886971,8.693872957526276e-06,0.09859426150587325,9.209188563039306e-06,0.098786828422877,7.181172309084802e-06,1.0,1.0,1.0,1.0,1.0
64,13:58:12,0,0.09782399383785867,649922.0,0.09772771037935679,0.09763142692085491,1.285130627813301e-06,0.09743886000385138,4.1557710122018525e-07,0.09724629308684762,3.6238323226400156e-06,0.09705372616984409,4.155771012201853e-06,0.09686115925284033,1.2999251726167396e-05,0.09782399383785867,8.311542024403705e-08,0.09801656075486243,1.8119161613200078e-06,0.09820912767186596,7.098056888840764e-06,0.09840169458886971,8.693872957526276e-06,0.09859426150587325,9.209188563039306e-06,1.0,2.0,1.0,1.0,2.0
64,13:58:15,0,0.09801656075486243,165319.0,0.09792027729636055,0.09782399383785867,1.662308404880741e-08,0.09763142692085491,1.451361468301375e-06,0.09743886000385138,4.1557710122018525e-07,0.09724629308684762,3.524093818347171e-06,0.09705372616984409,4.155771012201853e-06,0.09801656075486243,2.593201111613956e-06,0.09820912767186596,7.098056888840764e-06,0.09840169458886971,8.693872957526276e-06,0.09859426150587325,9.209188563039306e-06,0.098786828422877,7.181172309084802e-06,1.0,1.0,1.0,1.0,2.0
64,13:58:18,0,0.09782399383785867,233776.0,0.09792027729636055,0.09782399383785867,6.48300277903489e-07,0.09763142692085491,2.7645851081571606e-06,0.09743886000385138,4.1557710122018525e-07,0.09724629308684762,3.5407169023959785e-06,0.09705372616984409,4.10590176005543e-06,0.09801656075486243,2.144377842296156e-06,0.09820912767186596,7.1479261409871866e-06,0.09840169458886971,8.710496041575084e-06,0.09859426150587325,9.209188563039306e-06,0.098786828422877,7.181172309084802e-06,1.0,1.0,1.0,1.0,2.0
64,13:58:21,0,0.09801656075486243,672799.0,0.09792027729636055,0.09782399383785867,2.4934626073211115e-07,0.09763142692085491,3.0804237050845014e-06,0.09743886000385138,3.9895401717137787e-07,0.09724629308684762,3.5573399864447857e-06,0.09705372616984409,4.10590176005543e-06,0.09801656075486243,9.142696226844076e-07,0.09820912767186596,7.197795393133609e-06,0.09840169458886971,8.710496041575084e-06,0.09859426150587325,9.30892706733215e-06,0.098786828422877,7.181172309084802e-06,1.0,1.0,1.0,1.0,2.0
64,13:58:24,0,0.09801656075486243,712721.0,0.09792027729636055,0.09782399383785867,2.8259242882972596e-07,0.09763142692085491,3.2799007136701903e-06,0.09743886000385138,1.5958160686855115e-06,0.09724629308684762,3.5573399864447857e-06,0.09705372616984409,4.072655591957816e-06,0.09801656075486243,1.8285392453688153e-07,0.09820912767186596,7.197795393133609e-06,0.09840169458886971,8.743742209672698e-06,0.09859426150587325,9.325550151380957e-06,0.098786828422877,7.181172309084802e-06,1.0,1.0,1.0,1.0,2.0
64,13:58:27,0,0.09801656075486243,1391486.0,0.0981128442133643,0.09801656075486243,2.9256627925901045e-06,0.09782399383785867,4.820694374154149e-07,0.09763142692085491,3.34639304986542e-06,0.09743886000385138,1.5958160686855115e-06,0.09724629308684762,3.5573399864447857e-06,0.09820912767186596,3.956294003616164e-06,0.09840169458886971,8.743742209672698e-06,0.09859426150587325,9.24243473113692e-06,0.098786828422877,7.181172309084802e-06,0.09897939533988054,4.2721326005435044e-06,1.0,1.0,1.0,1.0,1.0
64,13:58:30,0,0.09801656075486243,193869.0,0.0981128442133643,0.09801656075486243,2.593201111613956e-06,0.09782399383785867,3.490847650249556e-06,0.09763142692085491,3.79521631918322e-06,0.09743886000385138,1.6290622367831262e-06,0.09724629308684762,3.5407169023959785e-06,0.09820912767186596,3.956294003616164e-06,0.09840169458886971,8.743742209672698e-06,0.09859426150587325,9.24243473113692e-06,0.098786828422877,7.181172309084802e-06,0.09897939533988054,4.2721326005435044e-06,1.0,1.0,1.0,1.0,1.0
64,13:58:33,0,0.09820912767186596,1094913.0,0.0981128442133643,0.09801656075486243,2.4602164392234966e-06,0.09782399383785867,4.4217403569827715e-06,0.09763142692085491,3.8284624872808344e-06,0.09743886000385138,1.695554572978356e-06,0.09724629308684762,3.5573399864447857e-06,0.09820912767186596,1.8451623294176226e-06,0.09840169458886971,8.743742209672698e-06,0.09859426150587325,9.259057815185728e-06,0.098786828422877,7.181172309084802e-06,0.09897939533988054,4.2721326005435044e-06,1.0,1.0,1.0,1.0,1.0
64,13:58:36,0,0.09820912767186596,467630.0,0.0981128442133643,0.09801656075486243,2.709562699955608e-06,0.09782399383785867,4.488232693178001e-06,0.09763142692085491,3.894954823476065e-06,0.09743886000385138,1.7288007410759707e-06,0.09724629308684762,2.1610009263449634e-06,0.09820912767186596,8.810234545867927e-07,0.09840169458886971,7.06481072074315e-06,0.09859426150587325,9.259057815185728e-06,0.098786828422877,7.181172309084802e-06,0.09897939533988054,4.2721326005435044e-06,1.0,1.0,1.0,1.0,2.0
64,13:58:39,0,0.09820912767186596,479002.0,0.0981128442133643,0.09801656075486243,3.8898016674209345e-06,0.09782399383785867,4.5547250293732305e-06,0.09763142692085491,4.227416504452212e-06,0.09743886000385138,1.7121776570271633e-06,0.09724629308684762,2.1610009263449634e-06,0.09820912767186596,4.1557710122018525e-07,0.09840169458886971,7.06481072074315e-06,0.09859426150587325,9.275680899234536e-06,0.098786828422877,7.596749410304987e-06,0.09897939533988054,4.30537876864112e-06,1.0,1.0,1.0,1.0,2.0
64,13:58:42,0,0.09840169458886971,1454041.0,0.09830541113036784,0.09820912767186596,3.324616809761482e-08,0.09801656075486243,8.976465386356002e-07,0.09782399383785867,4.504855777226808e-06,0.09763142692085491,4.388494188885156e-06,0.09743886000385138,1.7121776570271633e-06,0.09840169458886971,7.031564552645535e-06,0.09859426150587325,9.275680899234536e-06,0.098786828422877,7.596749410304987e-06,0.09897939533988054,4.30537876864112e-06,0.0991719622568843,1.2146321283623087e-05,1.0,1.0,1.0,1.0,1.0
64,13:58:45,0,0.09820912767186596,342216.0,0.09830541113036784,0.09820912767186596,1.1469927993677114e-06,0.09801656075486243,1.1469927993677114e-06,0.09782399383785867,4.504855777226808e-06,0.09763142692085491,4.4217403569827715e-06,0.09743886000385138,1.7121776570271633e-06,0.09840169458886971,6.433133526888468e-06,0.09859426150587325,9.275680899234536e-06,0.098786828422877,7.596749410304987e-06,0.09897939533988054,4.30537876864112e-06,0.0991719622568843,1.2146321283623087e-05,1.0,1.0,1.0,1.0,1.0
64,13:58:48,0,0.09820912767186596,690101.0,0.09830541113036784,0.09820912767186596,6.815464460011039e-07,0.09801656075486243,1.3298467239045928e-06,0.09782399383785867,4.2721326005435044e-06,0.09763142692085491,4.438363441031579e-06,0.09743886000385138,1.7786699932223928e-06,0.09840169458886971,5.834702501131401e-06,0.09859426150587325,9.275680899234536e-06,0.098786828422877,7.596749410304987e-06,0.09897939533988054,4.30537876864112e-06,0.0991719622568843,1.2146321283623087e-05,1.0,1.0,1.0,1.0,1.0
64,13:58:51,0,0.09840169458886971,1174990.0,0.09830541113036784,0.09820912767186596,6.150541098058742e-07,0.09801656075486243,8.810234545867927e-07,0.09782399383785867,4.2721326005435044e-06,0.09763142692085491,4.887186710349379e-06,0.09743886000385138,1.7786699932223928e-06,0.09840169458886971,2.9755320447365264e-06,0.09859426150587325,9.24243473113692e-06,0.098786828422877,7.596749410304987e-06,0.09897939533988054,4.30537876864112e-06,0.0991719622568843,1.2146321283623087e-05,1.0,1.0,1.0,1.0,1.0
64,13:58:54,0,0.09820912767186596,279492.0,0.09830541113036784,0.09820912767186596,6.981695300499113e-07,0.09801656075486243,1.097123547221289e-06,0.09782399383785867,4.30537876864112e-06,0.09763142692085491,4.887186710349379e-06,0.09743886000385138,1.6789314889295486e-06,0.09840169458886971,2.426970271125882e-06,0.09859426150587325,9.24243473113692e-06,0.098786828422877,7.629995578402602e-06,0.09897939533988054,4.30537876864112e-06,0.0991719622568843,1.2146321283623087e-05,1.0,1.0,1.0,1.0,1.0
64,13:58:57,0,0.09820912767186596,382133.0,0.09830541113036784,0.09820912767186596,2.659693447809186e-07,0.09801656075486243,1.097123547221289e-06,0.09782399383785867,4.454986525080386e-06,0.09763142692085491,4.937055962495801e-06,0.09743886000385138,1.6789314889295486e-06,0.09840169458886971,1.895031581564045e-06,0.09859426150587325,9.24243473113692e-06,0.098786828422877,7.629995578402602e-06,0.09897939533988054,4.288755684592312e-06,0.0991719622568843,1.2162944367671895e-05,1.0,1.0,1.0,1.0,1.0
64,13:59:00,0,0.09840169458886971,570368.0,0.09820912767186596,0.09801656075486243,1.097123547221289e-06,0.09782399383785867,4.488232693178001e-06,0.09763142692085491,5.13653297108149e-06,0.09743886000385138,2.028016253954504e-06,0.09724629308684762,2.510085691369919e-06,0.09840169458886971,8.145311183915631e-07,0.09859426150587325,9.24243473113692e-06,0.098786828422877,7.629995578402602e-06,0.09897939533988054,4.288755684592312e-06,0.0991719622568843,1.2162944367671895e-05,1.0,1.0,1.0,1.0,2.0
64,13:59:03,0,0.09840169458886971,416391.0,0.09849797804737159,0.09840169458886971,1.2799774717581707e-06,0.09820912767186596,1.9947700858568893e-07,0.09801656075486243,1.2633543877093633e-06,0.09782399383785867,4.488232693178001e-06,0.09763142692085491,5.153156055130297e-06,0.09859426150587325,9.608142580210683e-06,0.098786828422877,7.629995578402602e-06,0.09897939533988054,4.288755684592312e-06,0.0991719622568843,1.2162944367671895e-05,0.09936452917388805,2.4951249157259923e-05,1.0,1.0,1.0,1.0,1.0
64,13:59:06,0,0.09840169458886971,119784.0,0.09849797804737159,0.09840169458886971,3.524093818347171e-06,0.09820912767186596,1.3630928920022078e-06,0.09801656075486243,1.213485135562941e-06,0.09782399383785867,4.4217403569827715e-06,0.09763142692085491,5.219648391325527e-06,0.09859426150587325,9.608142580210683e-06,0.098786828422877,7.629995578402602e-06,0.09897939533988054,4.288755684592312e-06,0.0991719622568843,1.219619053576951e-05,0.09936452917388805,2.4951249157259923e-05,1.0,1.0,1.0,1.0,1.0
64,13:59:09,0,0.09859426150587325,353710.0,0.09849797804737159,0.09840169458886971,6.133918014009934e-06,0.09820912767186596,1.4462083122462446e-06,0.09801656075486243,1.7786699932223928e-06,0.09782399383785867,4.471609609129194e-06,0.09763142692085491,5.385879231813601e-06,0.09859426150587325,9.674634916405913e-06,0.098786828422877,7.629995578402602e-06,0.09897939533988054,4.30537876864112e-06,0.0991719622568843,1.2528652216745658e-05,0.09936452917388805,2.4951249157259923e-05,1.0,1.0,1.0,1.0,1.0
64,13:59:12,0,0.09840169458886971,359356.0,0.09849797804737159,0.09840169458886971,5.568733156350483e-06,0.09820912767186596,1.4462083122462446e-06,0.09801656075486243,1.7786699932223928e-06,0.09782399383785867,4.438363441031579e-06,0.09763142692085491,5.385879231813601e-06,0.09859426150587325,9.990473513333254e-06,0.098786828422877,7.663241746500216e-06,0.09897939533988054,4.30537876864112e-06,0.0991719622568843,1.2495406048648042e-05,0.09936452917388805,2.4951249157259923e-05,1.0,1.0,1.0,1.0,1.0
64,13:59:15,0,0.09859426150587325,1888132.0,0.09849797804737159,0.09840169458886971,1.911654665612852e-06,0.09820912767186596,1.4462083122462446e-06,0.09801656075486243,1.6124391527343189e-06,0.09782399383785867,4.438363441031579e-06,0.09763142692085491,5.336009979667179e-06,0.09859426150587325,8.195180436062054e-06,0.098786828422877,7.663241746500216e-06,0.09897939533988054,4.30537876864112e-06,0.0991719622568843,1.2495406048648042e-05,0.09936452917388805,2.4951249157259923e-05,1.0,1.0,1.0,1.0,1.0
64,13:59:18,0,0.09840169458886971,273799.0,0.09849797804737159,0.09840169458886971,3.0586474649805635e-06,0.09820912767186596,1.579192984636704e-06,0.09801656075486243,1.6124391527343189e-06,0.09782399383785867,4.438363441031579e-06,0.09763142692085491,5.435748483960023e-06,0.09859426150587325,8.195180436062054e-06,0.098786828422877,7.663241746500216e-06,0.09897939533988054,4.30537876864112e-06,0.0991719622568843,1.2495406048648042e-05,0.09936452917388805,2.4951249157259923e-05,1.0,1.0,1.0,1.0,1.0
64,13:59:21,0,0.09859426150587325,1899731.0,0.09849797804737159,0.09840169458886971,3.0586474649805635e-06,0.09820912767186596,1.9615239177592744e-06,0.09801656075486243,1.6290622367831262e-06,0.09782399383785867,4.438363441031579e-06,0.09763142692085491,5.452371568008831e-06,0.09859426150587325,3.6570784907376304e-06,0.098786828422877,7.762980250793061e-06,0.09897939533988054,4.30537876864112e-06,0.0991719622568843,1.2561898384843272e-05,0.09936452917388805,2.4951249157259923e-05,1.0,1.0,1.0,1.0,1.0
64,13:59:24,0,0.09859426150587325,2036540.0,0.09849797804737159,0.09840169458886971,7.147926140987186e-07,0.09820912767186596,2.1277547582473486e-06,0.09801656075486243,1.6290622367831262e-06,0.09782399383785867,4.4217403569827715e-06,0.09763142692085491,5.452371568008831e-06,0.09859426150587325,3.8233093312257044e-07,0.098786828422877,7.762980250793061e-06,0.09897939533988054,4.30537876864112e-06,0.0991719622568843,1.2561898384843272e-05,0.09936452917388805,2.4951249157259923e-05,1.0,1.0,1.0,1.0,1.0
64,13:59:27,0,0.09859426150587325,484896.0,0.09869054496437513,0.09859426150587325,1.1636158834165187e-07,0.09840169458886971,2.992155128785334e-07,0.09820912767186596,2.144377842296156e-06,0.09801656075486243,1.5958160686855115e-06,0.09782399383785867,4.4217403569827715e-06,0.098786828422877,7.762980250793061e-06,0.09897939533988054,4.30537876864112e-06,0.0991719622568843,1.2561898384843272e-05,0.09936452917388805,2.4951249157259923e-05,0.09955709609089158,0.0001058724223068544,1.0,1.0,1.0,1.0,1.0
64,13:59:30,0,0.09840169458886971,365102.0,0.09869054496437513,0.09859426150587325,4.654463533666075e-07,0.09840169458886971,1.1636158834165187e-07,0.09820912767186596,1.8451623294176226e-06,0.09801656075486243,1.5625699005878965e-06,0.09782399383785867,4.438363441031579e-06,0.098786828422877,7.713110998646639e-06,0.09897939533988054,4.30537876864112e-06,0.0991719622568843,1.2561898384843272e-05,0.09936452917388805,2.4951249157259923e-05,0.09955709609089158,8.597459070043193e-05,1.0,1.0,1.0,1.0,1.0
64,13:59:33,0,0.098786828422877,485003.0,0.09869054496437513,0.09859426150587325,1.213485135562941e-06,0.09840169458886971,3.158385969273408e-07,0.09820912767186596,2.094508590149734e-06,0.09801656075486243,1.5459468165390891e-06,0.09782399383785867,4.438363441031579e-06,0.098786828422877,6.433133526888468e-06,0.09897939533988054,4.30537876864112e-06,0.0991719622568843,1.2561898384843272e-05,0.09936452917388805,2.4951249157259923e-05,0.09955709609089158,8.595796761638313e-05,1.0,1.0,1.0,1.0,1.0
64,13:59:36,0,0.09859426150587325,587621.0,0.09849797804737159,0.09840169458886971,3.324616809761482e-07,0.09820912767186596,2.111131674198541e-06,0.09801656075486243,1.5459468165390891e-06,0.09782399383785867,4.438363441031579e-06,0.09763142692085491,7.663241746500216e-06,0.09859426150587325,8.311542024403705e-07,0.098786828422877,6.383264274742046e-06,0.09897939533988054,4.30537876864112e-06,0.0991719622568843,1.2561898384843272e-05,0.09936452917388805,2.4951249157259923e-05,1.0,1.0,1.0,1.0,2.0
64,13:59:39,0,0.098786828422877,821590.0,0.09859426150587325,0.09840169458886971,3.4908476502495563e-07,0.09820912767186596,1.911654665612852e-06,0.09801656075486243,1.5459468165390891e-06,0.09782399383785867,4.454986525080386e-06,0.09763142692085491,7.679864830549024e-06,0.098786828422877,5.169779139179105e-06,0.09897939533988054,4.30537876864112e-06,0.0991719622568843,1.2728129225331346e-05,0.09936452917388805,2.4951249157259923e-05,0.09955709609089158,8.564212901945578e-05,1.0,1.0,1.0,1.0,2.0
64,13:59:42,0,0.098786828422877,142646.0,0.09869054496437513,0.09859426150587325,9.475157907820225e-07,0.09840169458886971,3.8233093312257044e-07,0.09820912767186596,2.5599549435163413e-06,0.09801656075486243,1.5293237324902818e-06,0.09782399383785867,4.388494188885156e-06,0.098786828422877,4.870563626300572e-06,0.09897939533988054,4.30537876864112e-06,0.0991719622568843,1.2744752309380154e-05,0.09936452917388805,2.4951249157259923e-05,0.09955709609089158,8.56919982716022e-05,1.0,1.0,1.0,1.0,1.0
64,13:59:45,0,0.098786828422877,713174.0,0.09869054496437513,0.09859426150587325,6.981695300499113e-07,0.09840169458886971,3.8233093312257044e-07,0.09820912767186596,2.4435933551746895e-06,0.09801656075486243,1.5293237324902818e-06,0.09782399383785867,4.371871104836349e-06,0.098786828422877,4.006163255762586e-06,0.09897939533988054,4.30537876864112e-06,0.0991719622568843,1.2861113897721806e-05,0.09936452917388805,2.458554130818616e-05,0.09955709609089158,8.552576743111413e-05,1.0,1.0,1.0,1.0,1.0
64,13:59:48,0,0.09859426150587325,787288.0,0.09849797804737159,0.09840169458886971,3.6570784907376306e-07,0.09820912767186596,2.4435933551746895e-06,0.09801656075486243,1.3464698079534002e-06,0.09782399383785867,4.371871104836349e-06,0.09763142692085491,7.44714165386572e-06,0.09859426150587325,1.662308404880741e-07,0.098786828422877,4.903809794398186e-06,0.09897939533988054,4.30537876864112e-06,0.0991719622568843,1.2861113897721806e-05,0.09936452917388805,2.458554130818616e-05,1.0,1.0,1.0,1.0,2.0
64,13:59:51,0,0.09859426150587325,410785.0,0.09849797804737159,0.09840169458886971,4.1557710122018525e-07,0.09820912767186596,2.4435933551746895e-06,0.09801656075486243,1.3464698079534002e-06,0.09782399383785867,4.371871104836349e-06,0.09763142692085491,7.364026233621683e-06,0.09859426150587325,4.9869252146422234e-08,0.098786828422877,4.538101945324423e-06,0.09897939533988054,4.2721326005435044e-06,0.0991719622568843,1.3359806419186028e-05,0.09936452917388805,2.458554130818616e-05,1.0,1.0,1.0,1.0,2.0
64,13:59:54,0,0.09859426150587325,342311.0,0.09869054496437513,0.09859426150587325,3.158385969273408e-07,0.09840169458886971,6.150541098058742e-07,0.09820912767186596,2.4435933551746895e-06,0.09801656075486243,1.3464698079534002e-06,0.09782399383785867,4.355248020787542e-06,0.098786828422877,4.322001852689927e-06,0.09897939533988054,4.2721326005435044e-06,0.0991719622568843,1.3359806419186028e-05,0.09936452917388805,2.458554130818616e-05,0.09955709609089158,8.59080983642367e-05,1.0,1.0,1.0,1.0,1.0
64,13:59:57,0,0.09840169458886971,290951.0,0.09849797804737159,0.09840169458886971,5.485617736106445e-07,0.09820912767186596,2.510085691369919e-06,0.09801656075486243,1.3464698079534002e-06,0.09782399383785867,4.355248020787542e-06,0.09763142692085491,7.38064931767049e-06,0.09859426150587325,1.4129621441486299e-06,0.098786828422877,4.4051172729339635e-06,0.09897939533988054,4.2721326005435044e-06,0.0991719622568843,1.3359806419186028e-05,0.09936452917388805,3.256462165161372e-05,1.0,1.0,1.0,1.0,2.0
64,14:00:00,0,0.09840169458886971,2824236.0,0.09830541113036784,0.09820912767186596,2.493462607321112e-06,0.09801656075486243,1.3464698079534002e-06,0.09782399383785867,4.355248020787542e-06,0.09763142692085491,7.463764737914528e-06,0.09743886000385138,1.9615239177592744e-06,0.09840169458886971,1.7288007410759707e-06,0.09897939533988054,6.499625863083698e-06,0.0991719622568843,1.3359806419186028e-05,0.09936452917388805,3.256462165161372e-05,0.09955709609089158,8.61241984568712e-05,2.0,1.0,1.0,1.0,2.0
64,14:00:03,0,0.098786828422877,678809.0,0.09888311188137866,0.098786828422877,1.662308404880741e-07,0.09859426150587325,1.1802389674653262e-06,0.09840169458886971,4.986925214642223e-07,0.09820912767186596,2.476839523272304e-06,0.09801656075486243,1.3630928920022078e-06,0.09897939533988054,6.483002779034891e-06,0.0991719622568843,1.3359806419186028e-05,0.09936452917388805,3.258124473566253e-05,0.09955709609089158,8.61241984568712e-05,0.09974966300789534,0.00011629725700638299,1.0,1.0,1.0,1.0,1.0
64,14:00:06,0,0.09859426150587325,262449.0,0.09869054496437513,0.09859426150587325,7.480387821963335e-07,0.09840169458886971,5.153156055130298e-07,0.09820912767186596,2.476839523272304e-06,0.09801656075486243,1.5293237324902818e-06,0.09782399383785867,4.521478861275615e-06,0.098786828422877,3.8233093312257044e-07,0.09897939533988054,6.483002779034891e-06,0.0991719622568843,1.3393052587283642e-05,0.09936452917388805,3.258124473566253e-05,0.09955709609089158,8.160271959559558e-05,1.0,1.0,1.0,1.0,1.0
64,14:00:09,0,0.098786828422877,159746.0,0.09869054496437513,0.09859426150587325,1.296600555806978e-06,0.09840169458886971,5.818079417082594e-07,0.09820912767186596,2.476839523272304e-06,0.09801656075486243,1.5459468165390891e-06,0.09782399383785867,4.521478861275615e-06,0.098786828422877,2.8259242882972596e-07,0.09897939533988054,6.483002779034891e-06,0.0991719622568843,1.3393052587283642e-05,0.09936452917388805,3.258124473566253e-05,0.09955709609089158,8.158609651154678e-05,1.0,1.0,1.0,1.0,1.0
64,14:00:12,0,0.09859426150587325,1477490.0,0.09869054496437513,0.09859426150587325,3.324616809761482e-08,0.09840169458886971,8.311542024403705e-08,0.09820912767186596,2.426970271125882e-06,0.09801656075486243,1.5459468165390891e-06,0.09782399383785867,4.654463533666075e-06,0.098786828422877,9.973850429284447e-08,0.09897939533988054,6.54949511523012e-06,0.0991719622568843,1.3559283427771717e-05,0.09936452917388805,3.25313754835161e-05,0.09955709609089158,8.155285034344916e-05,1.0,1.0,1.0,1.0,1.0
64,14:00:15,0,0.09897939533988054,342333.0,0.09888311188137866,0.098786828422877,1.496077564392667e-07,0.09859426150587325,1.5625699005878965e-06,0.09840169458886971,3.324616809761482e-08,0.09820912767186596,2.393724103028267e-06,0.09801656075486243,1.5459468165390891e-06,0.09897939533988054,6.366641190693239e-06,0.0991719622568843,1.3758760436357405e-05,0.09936452917388805,3.25313754835161e-05,0.09955709609089158,8.14032425870099e-05,0.09974966300789534,0.00011638037242662703,1.0,1.0,1.0,1.0,1.0
64,14:00:18,0,0.09859426150587325,587704.0,0.09869054496437513,0.09859426150587325,1.1137466312700965e-06,0.09840169458886971,1.496077564392667e-07,0.09820912767186596,2.4602164392234966e-06,0.09801656075486243,1.5459468165390891e-06,0.09782399383785867,4.654463533666075e-06,0.098786828422877,6.649233619522964e-08,0.09897939533988054,1.4511952374608869e-05,0.0991719622568843,1.3792006604455021e-05,0.09936452917388805,3.25313754835161e-05,0.09955709609089158,8.155285034344916e-05,1.0,1.0,1.0,1.0,1.0
64,14:00:21,0,0.09897939533988054,188305.0,0.09888311188137866,0.098786828422877,9.973850429284447e-08,0.09859426150587325,1.1303697153189038e-06,0.09840169458886971,1.496077564392667e-07,0.09820912767186596,2.4602164392234966e-06,0.09801656075486243,1.5459468165390891e-06,0.09897939533988054,1.4279229197925565e-05,0.0991719622568843,1.3792006604455021e-05,0.09936452917388805,3.25313754835161e-05,0.09955709609089158,8.190193510847411e-05,0.09974966300789534,0.00011643024167877345,1.0,1.0,1.0,1.0,1.0
64,14:00:24,0,0.098786828422877,382362.0,0.09888311188137866,0.098786828422877,6.48300277903489e-07,0.09859426150587325,1.3630928920022078e-06,0.09840169458886971,5.984310257570668e-07,0.09820912767186596,2.476839523272304e-06,0.09801656075486243,1.5459468165390891e-06,0.09897939533988054,1.3514567331680425e-05,0.0991719622568843,1.3841875856601443e-05,0.09936452917388805,3.25313754835161e-05,0.09955709609089158,8.264997389067045e-05,0.09974966300789534,0.00011639699551067584,1.0,1.0,1.0,1.0,1.0
64,14:00:27,0,0.09897939533988054,330953.0,0.09888311188137866,0.098786828422877,3.324616809761482e-08,0.09859426150587325,1.3797159760510151e-06,0.09840169458886971,8.810234545867927e-07,0.09820912767186596,2.4602164392234966e-06,0.09801656075486243,1.5293237324902818e-06,0.09897939533988054,1.393014443290061e-05,0.0991719622568843,1.3908368192796672e-05,0.09936452917388805,3.261449090376014e-05,0.09955709609089158,8.268322005876806e-05,0.09974966300789534,0.00011603128766160207,1.0,1.0,1.0,1.0,1.0
64,14:00:30,0,0.098786828422877,1232320.0,0.09859426150587325,0.09840169458886971,8.644003705379854e-07,0.09820912767186596,2.4602164392234966e-06,0.09801656075486243,1.5293237324902818e-06,0.09782399383785867,4.6877097017636895e-06,0.09763142692085491,7.629995578402602e-06,0.098786828422877,4.820694374154149e-07,0.09897939533988054,1.4013259853144647e-05,0.0991719622568843,1.424082987377282e-05,0.09936452917388805,3.261449090376014e-05,0.09955709609089158,8.278295856306091e-05,1.0,1.0,1.0,1.0,1.0
64,14:00:33,0,0.098786828422877,194004.0,0.09869054496437513,0.09859426150587325,1.662308404880741e-07,0.09840169458886971,8.976465386356002e-07,0.09820912767186596,2.426970271125882e-06,0.09801656075486243,1.579192984636704e-06,0.09782399383785867,4.7043327858124975e-06,0.098786828422877,3.158385969273408e-07,0.09897939533988054,1.4295852281974373e-05,0.0991719622568843,1.4074599033284747e-05,0.09936452917388805,3.261449090376014e-05,0.09955709609089158,8.221777370540145e-05,1.0,1.0,1.0,1.0,1.0
64,14:00:36,0,0.098786828422877,353794.0,0.09888311188137866,0.098786828422877,4.1557710122018525e-07,0.09859426150587325,3.6570784907376306e-07,0.09840169458886971,1.2799774717581707e-06,0.09820912767186596,1.6290622367831262e-06,0.09801656075486243,1.579192984636704e-06,0.09897939533988054,1.393014443290061e-05,0.0991719622568843,1.4074599033284747e-05,0.09936452917388805,3.294695258473629e-05,0.09955709609089158,8.240062762993833e-05,0.09974966300789534,0.0001125071938432549,1.0,1.0,1.0,1.0,1.0
64,14:00:39,0,0.098786828422877,3241022.0,0.09888311188137866,0.098786828422877,3.2415013895174453e-06,0.09859426150587325,3.4908476502495563e-07,0.09840169458886971,1.296600555806978e-06,0.09820912767186596,1.6290622367831262e-06,0.09801656075486243,1.579192984636704e-06,0.09897939533988054,1.4029882937193455e-05,0.0991719622568843,1.4074599033284747e-05,0.09936452917388805,3.294695258473629e-05,0.09955709609089158,8.240062762993833e-05,0.09974966300789534,0.00011260693234754774,1.0,1.0,1.0,1.0,1.0
64,14:00:42,0,0.098786828422877,256790.0,0.09888311188137866,0.098786828422877,4.322001852689927e-06,0.09859426150587325,1.213485135562941e-06,0.09840169458886971,1.3963390600998225e-06,0.09820912767186596,1.6290622367831262e-06,0.09801656075486243,1.579192984636704e-06,0.09897939533988054,1.45784447108041e-05,0.0991719622568843,1.4141091369479976e-05,0.09936452917388805,3.29635756687851e-05,0.09955709609089158,8.241725071398715e-05,0.09974966300789534,0.00011270667085184059,1.0,1.0,1.0,1.0,1.0
64,14:00:45,0,0.098786828422877,924404.0,0.09888311188137866,0.098786828422877,2.7594319521020303e-06,0.09859426150587325,1.213485135562941e-06,0.09840169458886971,1.3963390600998225e-06,0.09820912767186596,1.662308404880741e-06,0.09801656075486243,1.3963390600998225e-06,0.09897939533988054,1.4262606113876759e-05,0.0991719622568843,1.4141091369479976e-05,0.09936452917388805,3.29635756687851e-05,0.09955709609089158,8.248374305018237e-05,0.09974966300789534,0.00011285627860827986,1.0,1.0,1.0,1.0,1.0
64,14:00:48,0,0.098786828422877,1957168.0,0.09869054496437513,0.09859426150587325,3.8233093312257044e-07,0.09840169458886971,1.3963390600998225e-06,0.09820912767186596,1.662308404880741e-06,0.09801656075486243,1.246731303660556e-06,0.09782399383785867,4.7043327858124975e-06,0.098786828422877,2.6430703637603784e-06,0.09897939533988054,1.3265221070948314e-05,0.0991719622568843,1.4190960621626398e-05,0.09936452917388805,3.314642959332198e-05,0.09955709609089158,8.25502353863776e-05,1.0,2.0,1.0,1.0,1.0
64,14:00:51,0,0.098786828422877,2413847.0,0.09888311188137866,0.098786828422877,6.649233619522964e-08,0.09859426150587325,1.0572281455041514e-05,0.09840169458886971,1.3630928920022078e-06,0.09820912767186596,1.662308404880741e-06,0.09801656075486243,1.246731303660556e-06,0.09897939533988054,9.408665571624995e-06,0.0991719622568843,1.4190960621626398e-05,0.09936452917388805,3.3478891274298126e-05,0.09955709609089158,8.200167361276696e-05,0.09974966300789534,0.00011461832551745344,1.0,1.0,1.0,1.0,1.0
64,14:00:54,0,0.098786828422877,97015.0,0.09888311188137866,0.098786828422877,3.158385969273408e-07,0.09859426150587325,1.0888120051968854e-05,0.09840169458886971,1.3797159760510151e-06,0.09820912767186596,1.662308404880741e-06,0.09801656075486243,1.246731303660556e-06,0.09897939533988054,9.209188563039306e-06,0.0991719622568843,1.437381454616328e-05,0.09936452917388805,3.3478891274298126e-05,0.09955709609089158,8.200167361276696e-05,0.09974966300789534,0.00011471806402174629,1.0,1.0,1.0,1.0,1.0
64,14:00:57,0,0.09897939533988054,1500915.0,0.09888311188137866,0.098786828422877,3.158385969273408e-07,0.09859426150587325,1.0937989304115276e-05,0.09840169458886971,1.2633543877093633e-06,0.09820912767186596,1.662308404880741e-06,0.09801656075486243,1.2799774717581707e-06,0.09897939533988054,5.269517643471949e-06,0.0991719622568843,1.437381454616328e-05,0.09936452917388805,3.3478891274298126e-05,0.09955709609089158,8.200167361276696e-05,0.09974966300789534,0.00011478455635794152,1.0,1.0,1.0,1.0,1.0
64,14:01:00,0,0.09897939533988054,6152840.0,0.09907567879838242,0.09897939533988054,6.48300277903489e-07,0.098786828422877,4.1557710122018525e-07,0.09859426150587325,1.097123547221289e-05,0.09840169458886971,1.2633543877093633e-06,0.09820912767186596,1.745423825124778e-06,0.0991719622568843,2.388570946973137e-06,0.09936452917388805,3.3478891274298126e-05,0.09955709609089158,8.21014121170598e-05,0.09974966300789534,0.00011493416411438078,0.09994222992489887,0.0007698632292440127,1.0,1.0,1.0,1.0,1.0
64,14:01:03,0,0.098786828422877,684772.0,0.09869054496437513,0.09859426150587325,1.0755135379578395e-05,0.09840169458886971,1.2633543877093633e-06,0.09820912767186596,1.7620469091735855e-06,0.09801656075486243,1.2799774717581707e-06,0.09782399383785867,4.671086617714882e-06,0.098786828422877,2.626447279711571e-06,0.0991719622568843,2.355324778875522e-06,0.09936452917388805,3.3478891274298126e-05,0.09955709609089158,8.221777370540145e-05,0.09974966300789534,0.00011490091794628317,2.0,1.0,1.0,1.0,1.0
64,14:01:06,0,0.09859426150587325,3110198.0,0.09897939533988054,0.09859426150587325,1.087299304548444e-05,0.09840169458886971,1.2633543877093633e-06,0.09820912767186596,1.695554572978356e-06,0.09801656075486243,1.296600555806978e-06,0.09782399383785867,4.671086617714882e-06,0.09936452917388805,2.9866528879651786e-05,0.09955709609089158,8.223439678945027e-05,0.09974966300789534,0.00011551597205608904,0.09994222992489887,0.0007699795908323543,0.0,0.0,1.0,1.0,1.0,1.0,1.0
64,14:01:09,0,0.098786828422877,228227.0,0.09869054496437513,0.09859426150587325,1.197011659270573e-05,0.09840169458886971,1.2633543877093633e-06,0.09820912767186596,1.695554572978356e-06,0.09801656075486243,1.2633543877093633e-06,0.09782399383785867,4.671086617714882e-06,0.098786828422877,5.153156055130298e-07,0.09936452917388805,2.9866528879651786e-05,0.09955709609089158,8.23175122096943e-05,0.09974966300789534,0.00011506714878677125,0.09994222992489887,0.0007693977828906461,2.0,2.0,1.0,1.0,1.0
64,14:01:12,0,0.09936452917388805,5446261.0,0.09907567879838242,0.09897939533988054,3.324616809761482e-08,0.098786828422877,4.820694374154149e-07,0.09859426150587325,1.1870378088412885e-05,0.09840169458886971,1.3298467239045928e-06,0.09820912767186596,1.695554572978356e-06,0.0991719622568843,1.662308404880741e-08,0.09936452917388805,1.5254838000750072e-05,0.09955709609089158,8.250036613423118e-05,0.09974966300789534,0.00011506714878677125,0.09994222992489887,0.0007694310290587437,1.0,1.0,1.0,1.0,1.0
64,14:01:15,0,0.09936452917388805,194055.0,0.09926824571538617,0.0991719622568843,4.9869252146422234e-08,0.09897939533988054,6.150541098058742e-07,0.098786828422877,1.213485135562941e-06,0.09859426150587325,1.0989354633826092e-05,0.09840169458886971,1.3464698079534002e-06,0.09936452917388805,1.5155099496457229e-05,0.09955709609089158,8.27663354790121e-05,0.09974966300789534,0.00011506714878677125,0.09994222992489887,0.0007696305060673294,0.0,0.0,1.0,1.0,1.0,1.0,1.0
64,14:01:18,0,0.09936452917388805,308248.0,0.09926824571538617,0.0991719622568843,1.0638773791236743e-06,0.09897939533988054,2.659693447809186e-07,0.098786828422877,1.86178541346643e-06,0.09859426150587325,1.1288570146704624e-05,0.09840169458886971,1.7288007410759707e-06,0.09936452917388805,1.488913015167631e-05,0.09955709609089158,8.289932015140256e-05,0.09974966300789534,0.00011515026420701528,0.09994222992489887,0.0007705780218581114,0.0,0.0,1.0,1.0,1.0,1.0,1.0
64,14:01:21,0,0.09936452917388805,171268.0,0.09926824571538617,0.0991719622568843,1.3797159760510151e-06,0.09897939533988054,2.659693447809186e-07,0.098786828422877,2.1610009263449634e-06,0.09859426150587325,1.1288570146704624e-05,0.09840169458886971,1.7288007410759707e-06,0.09936452917388805,1.4506799218553739e-05,0.09955709609089158,8.296581248759779e-05,0.09974966300789534,0.00011515026420701528,0.09994222992489887,0.0007712928144722102,0.0,0.0,1.0,1.0,1.0,1.0,1.0
64,14:01:24,0,0.09936452917388805,536632.0,0.09926824571538617,0.0991719622568843,8.644003705379854e-07,0.09897939533988054,2.659693447809186e-07,0.098786828422877,2.2773625146866152e-06,0.09859426150587325,1.1288570146704624e-05,0.09840169458886971,1.86178541346643e-06,0.09936452917388805,1.3442921839430065e-05,0.09955709609089158,8.313204332808586e-05,0.09974966300789534,0.00011515026420701528,0.09994222992489887,0.0007703286755973794,0.0,0.0,1.0,1.0,1.0,1.0,1.0
64,14:01:27,0,0.09897939533988054,776285.0,0.09888311188137866,0.098786828422877,2.2441163465890005e-06,0.09859426150587325,1.1305193230753432e-05,0.09840169458886971,1.86178541346643e-06,0.09820912767186596,1.7288007410759707e-06,0.09801656075486243,1.9615239177592744e-06,0.09897939533988054,1.662308404880741e-06,0.09936452917388805,1.3941614360894288e-05,0.09955709609089158,8.363073584955009e-05,0.09974966300789534,0.00011515026420701528,0.09994222992489887,0.0007704616602697698,1.0,1.0,1.0,1.0,1.0
64,14:01:30,0,0.09897939533988054,171209.0,0.09888311188137866,0.098786828422877,1.745423825124778e-06,0.09859426150587325,1.1371685566948661e-05,0.09840169458886971,1.86178541346643e-06,0.09820912767186596,1.7288007410759707e-06,0.09801656075486243,1.9615239177592744e-06,0.09897939533988054,1.1968620515141336e-06,0.0991719622568843,2.3272317668330374e-07,0.09936452917388805,1.3758760436357405e-05,0.09955709609089158,8.467799014462494e-05,0.09974966300789534,0.00011516688729106408,1.0,1.0,1.0,1.0,1.0
64,14:01:33,0,0.09897939533988054,1895115.0,0.09907567879838242,0.09897939533988054,1.662308404880741e-08,0.098786828422877,1.7786699932223928e-06,0.09859426150587325,1.1471424071241506e-05,0.09840169458886971,1.86178541346643e-06,0.09820912767186596,1.695554572978356e-06,0.0991719622568843,1.662308404880741e-08,0.09936452917388805,1.0467389794693539e-05,0.09955709609089158,8.539278275872367e-05,0.09974966300789534,0.00011558246439228428,0.09994222992489887,0.0007659900506606406,1.0,1.0,1.0,1.0,1.0
64,14:01:36,0,0.0991719622568843,524999.0,0.09926824571538617,0.0991719622568843,6.48300277903489e-07,0.09897939533988054,8.311542024403705e-08,0.098786828422877,6.150541098058742e-07,0.09859426150587325,1.1471424071241506e-05,0.09840169458886971,1.86178541346643e-06,0.09936452917388805,1.0384274374449502e-05,0.09955709609089158,8.539278275872367e-05,0.09974966300789534,0.00011516472629013774,0.09994222992489887,0.0007664887431821048,0.0,0.0,1.0,1.0,1.0,1.0,1.0
64,14:01:39,0,0.0991719622568843,1250032.0,0.09926824571538617,0.0991719622568843,1.662308404880741e-08,0.09897939533988054,2.8259242882972596e-07,0.098786828422877,9.973850429284447e-08,0.09859426150587325,1.1471424071241506e-05,0.09840169458886971,1.86178541346643e-06,0.09936452917388805,1.0101681945619776e-05,0.09955709609089158,8.539278275872367e-05,0.09974966300789534,0.00011518134937418654,0.09994222992489887,0.0007667048432747393,0.0,0.0,1.0,1.0,1.0,1.0,1.0
64,14:01:42,0,0.0991719622568843,3094264.0,0.09926824571538617,0.0991719622568843,1.662308404880741e-08,0.09897939533988054,7.812849502939483e-07,0.098786828422877,1.1636158834165187e-07,0.09859426150587325,1.1471424071241506e-05,0.09840169458886971,1.86178541346643e-06,0.09936452917388805,1.4909244083375367e-06,0.09955709609089158,8.584160602804146e-05,0.09974966300789534,0.00011518134937418654,0.09994222992489887,0.0007671370434600084,0.0,0.0,1.0,1.0,1.0,1.0,1.0
64,14:01:45,0,0.09936452917388805,405308.0,0.09926824571538617,0.0991719622568843,4.9869252146422234e-08,0.09897939533988054,7.979080343427557e-07,0.098786828422877,1.496077564392667e-07,0.09859426150587325,1.1604408743631965e-05,0.09840169458886971,1.86178541346643e-06,0.09936452917388805,1.2415781476054254e-06,0.09955709609089158,8.597459070043193e-05,0.09974966300789534,0.00011584627273613885,0.09994222992489887,0.0007671536665440572,0.0,0.0,1.0,1.0,1.0,1.0,1.0
64,14:01:48,0,0.09936452917388805,251182.0,0.0991719622568843,0.09897939533988054,9.142696226844076e-07,0.098786828422877,8.145311183915631e-07,0.09859426150587325,1.1670901079827195e-05,0.09840169458886971,1.8119161613200078e-06,0.09820912767186596,1.7121776570271633e-06,0.09936452917388805,7.595087101900106e-07,0.09955709609089158,8.625718312926166e-05,0.09974966300789534,0.00011584627273613885,0.09994222992489887,0.00077268915353231,0.0,0.0,1.0,1.0,1.0,1.0,1.0
64,14:01:51,0,0.0991719622568843,399619.0,0.09926824571538617,0.0991719622568843,7.480387821963335e-07,0.09897939533988054,2.0113931699056968e-06,0.098786828422877,9.641388748308298e-07,0.09859426150587325,1.1670901079827195e-05,0.09840169458886971,1.8285392453688152e-06,0.09936452917388805,5.8129262610274635e-06,0.09955709609089158,8.708833733170203e-05,0.09974966300789534,0.00011582964965209004,0.09994222992489887,0.0007725661427103488,0.0,0.0,1.0,1.0,1.0,1.0,1.0
64,14:01:54,0,0.0991719622568843,588018.0,0.09926824571538617,0.0991719622568843,7.147926140987186e-07,0.09897939533988054,2.0778855061009263e-06,0.098786828422877,1.7952930772712004e-06,0.09859426150587325,1.1837131920315269e-05,0.09840169458886971,1.8119161613200078e-06,0.09936452917388805,4.3168486966347965e-06,0.09955709609089158,8.722132200409248e-05,0.09974966300789534,0.00011568004189565077,0.09994222992489887,0.0007727988658870321,0.0,0.0,1.0,1.0,1.0,1.0,1.0
64,14:01:57,0,0.09936452917388805,1507152.0,0.09926824571538617,0.0991719622568843,5.984310257570668e-07,0.09897939533988054,3.324616809761482e-06,0.098786828422877,1.8119161613200078e-06,0.09859426150587325,1.1853755004364077e-05,0.09840169458886971,1.8119161613200078e-06,0.09936452917388805,5.101624494578994e-07,0.09955709609089158,8.722132200409248e-05,0.09974966300789534,0.00011566341881160197,0.09994222992489887,0.0007726326350465441,0.0,0.0,1.0,1.0,1.0,1.0,1.0
64,14:02:00,0,0.09936452917388805,216928.0,0.09926824571538617,0.0991719622568843,6.316771938546816e-07,0.09897939533988054,3.5074707342983638e-06,0.098786828422877,2.2773625146866152e-06,0.09859426150587325,1.1853755004364077e-05,0.09840169458886971,1.695554572978356e-06,0.09936452917388805,4.1042394516505497e-07,0.09955709609089158,8.740417592862936e-05,0.09974966300789534,0.00011749195805697078,0.09994222992489887,0.0007732643122403988,0.0,0.0,1.0,1.0,1.0,1.0,1.0
64,14:02:03,0,0.09936452917388805,599438.0,0.0994608126323897,0.09936452917388805,9.475157907820225e-07,0.0991719622568843,1.014008126977252e-06,0.09897939533988054,3.590586154542401e-06,0.098786828422877,2.2773625146866152e-06,0.09859426150587325,1.1887001172461691e-05,0.09955709609089158,8.788109220998965e-05,0.09974966300789534,0.00011782441973794693,0.09994222992489887,0.0007736300200894725,0.0,0.0,0.0,0.0,1.0,1.0,1.0,1.0,1.0
64,14:02:06,0,0.09936452917388805,473388.0,0.0994608126323897,0.09936452917388805,1.2684909206804447e-05,0.0991719622568843,1.4794544803438596e-06,0.09897939533988054,3.590586154542401e-06,0.098786828422877,2.31060868278423e-06,0.09859426150587325,1.1887001172461691e-05,0.09955709609089158,8.696682258730524e-05,0.09974966300789534,0.00011757507347721482,0.09994222992489887,0.0007735635277532773,0.0,0.0,0.0,0.0,1.0,1.0,1.0,1.0,1.0
64,14:02:09,0,0.09936452917388805,2689404.0,0.0994608126323897,0.09936452917388805,1.5012140973637484e-05,0.0991719622568843,1.4794544803438596e-06,0.09897939533988054,3.008778212834141e-06,0.098786828422877,2.31060868278423e-06,0.09859426150587325,1.1936870424608113e-05,0.09955709609089158,7.928695775675621e-05,0.09974966300789534,0.00011757507347721482,0.09994222992489887,0.0007735302815851797,0.0,0.0,0.0,0.0,1.0,1.0,1.0,1.0,1.0
64,14:02:12,0,0.09955709609089158,6914615.0,0.0994608126323897,0.09936452917388805,1.3100486308024632e-05,0.0991719622568843,1.5293237324902818e-06,0.09897939533988054,2.6929396159068003e-06,0.098786828422877,2.31060868278423e-06,0.09859426150587325,1.1936870424608113e-05,0.09955709609089158,6.345180789186228e-05,0.09974966300789534,0.00011975269748760859,0.09994222992489887,0.0007733972969127892,0.0,0.0,0.0,0.0,1.0,1.0,1.0,1.0,1.0
64,14:02:15,0,0.09955709609089158,2135285.0,0.0994608126323897,0.09936452917388805,9.39353856514058e-06,0.0991719622568843,1.662308404880741e-06,0.09897939533988054,2.6929396159068003e-06,0.098786828422877,2.31060868278423e-06,0.09859426150587325,1.1936870424608113e-05,0.09955709609089158,6.155677631029824e-05,0.09974966300789534,0.00012304406812927246,0.09994222992489887,0.0007732975584084964,0.0,0.0,0.0,0.0,1.0,1.0,1.0,1.0,1.0
64,14:02:18,0,0.09936452917388805,4459368.0,0.0994608126323897,0.09936452917388805,7.149422218551579e-06,0.0991719622568843,1.6789314889295486e-06,0.09897939533988054,2.6929396159068003e-06,0.098786828422877,2.31060868278423e-06,0.09859426150587325,1.1936870424608113e-05,0.09955709609089158,5.103436410740314e-05,0.09974966300789534,0.00012259524485995466,0.09994222992489887,0.000773929235602351,0.0,0.0,0.0,0.0,1.0,1.0,1.0,1.0,1.0
64,14:02:21,0,0.09955709609089158,1073466.0,0.0994608126323897,0.09936452917388805,7.697983992162224e-06,0.0991719622568843,1.7620469091735855e-06,0.09897939533988054,2.709562699955608e-06,0.098786828422877,2.3438548508818448e-06,0.09859426150587325,1.1936870424608113e-05,0.09955709609089158,5.0136717568767544e-05,0.09974966300789534,0.00012261186794400346,0.09994222992489887,0.0007749099975612306,0.0,0.0,0.0,0.0,1.0,1.0,1.0,1.0,1.0
64,14:02:24,0,0.09955709609089158,1027715.0,0.0994608126323897,0.09936452917388805,7.299029974990846e-06,0.0991719622568843,1.7952930772712004e-06,0.09897939533988054,2.709562699955608e-06,0.098786828422877,2.293985598735423e-06,0.09859426150587325,1.1936870424608113e-05,0.09955709609089158,4.960477887920571e-05,0.09974966300789534,0.0001226783602801987,0.09994222992489887,0.0007756746594274758,0.0,0.0,0.0,0.0,1.0,1.0,1.0,1.0,1.0
64,14:02:27,0,0.09955709609089158,7314321.0,0.0994608126323897,0.09936452917388805,4.689205779328083e-06,0.0991719622568843,1.7952930772712004e-06,0.09897939533988054,2.6430703637603784e-06,0.098786828422877,2.293985598735423e-06,0.09859426150587325,1.1754016500071232e-05,0.09955709609089158,3.1552109602200856e-05,0.09974966300789534,0.00012277809878449153,0.09994222992489887,0.0007761068596127448,0.0,0.0,0.0,0.0,1.0,1.0,1.0,1.0,1.0
64,14:02:30,0,0.09936452917388805,810804.0,0.0994608126323897,0.09936452917388805,4.6393365271816604e-06,0.0991719622568843,1.8451623294176226e-06,0.09897939533988054,2.676316531857993e-06,0.098786828422877,2.293985598735423e-06,0.09859426150587325,1.1687524163876003e-05,0.09955709609089158,2.9756816524929658e-05,0.09974966300789534,0.00012284459112068676,0.09994222992489887,0.0007763063366213305,0.0,0.0,0.0,0.0,1.0,1.0,1.0,1.0,1.0
64,14:02:33,0,0.09955709609089158,9786918.0,0.0994608126323897,0.09936452917388805,4.988421292206616e-06,0.0991719622568843,1.7786699932223928e-06,0.09897939533988054,2.676316531857993e-06,0.098786828422877,1.9615239177592744e-06,0.09859426150587325,1.1438177903143891e-05,0.09955709609089158,1.796789154835593e-06,0.09974966300789534,0.0001229277065409308,0.09994222992489887,0.0007764060751256234,0.0,0.0,0.0,0.0,1.0,1.0,1.0,1.0,1.0
64,14:02:36,0,0.09974966300789534,2729495.0,0.09965337954939346,0.09955709609089158,2.0431432604389187e-06,0.09936452917388805,4.654463533666075e-07,0.0991719622568843,1.1651119609809114e-06,0.09897939533988054,2.676316531857993e-06,0.098786828422877,1.9615239177592744e-06,0.09974966300789534,0.00012284459112068676,0.09994222992489887,0.0007768050291427947,0.0,0.0,0.0,0.0,0.0,0.0,1.0,1.0,1.0,1.0,1.0
64,14:02:39,0,0.09974966300789534,2758080.0,0.09965337954939346,0.09955709609089158,1.4377471624654018e-05,0.09936452917388805,2.5599549435163413e-06,0.0991719622568843,1.3313428014689856e-06,0.09897939533988054,2.676316531857993e-06,0.098786828422877,1.9615239177592744e-06,0.09974966300789534,0.00012036775159741447,0.09994222992489887,0.0007766221752182578,0.0,0.0,0.0,0.0,0.0,0.0,1.0,1.0,1.0,1.0,1.0
64,14:02:42,0,0.09974966300789534,2238630.0,0.09965337954939346,0.09955709609089158,1.3945271439385025e-05,0.09936452917388805,2.593201111613956e-06,0.0991719622568843,1.3978351376642151e-06,0.09897939533988054,2.6596934478091856e-06,0.098786828422877,1.9449008337104673e-06,0.09974966300789534,0.00011491538002940563,0.09994222992489887,0.0007800132843642145,0.0,0.0,0.0,0.0,0.0,0.0,1.0,1.0,1.0,1.0,1.0
64,14:02:45,0,0.09974966300789534,1524746.0,0.09965337954939346,0.09955709609089158,1.3047624900749425e-05,0.09936452917388805,3.0420243809317563e-06,0.0991719622568843,1.4477043898106375e-06,0.09897939533988054,2.5433318594675337e-06,0.098786828422877,2.0113931699056968e-06,0.09974966300789534,0.00011316995620428085,0.09994222992489887,0.0007789494069850908,0.0,0.0,0.0,0.0,0.0,0.0,1.0,1.0,1.0,1.0,1.0
64,14:02:48,0,0.09974966300789534,2678432.0,0.09965337954939346,0.09955709609089158,1.2831524808114929e-05,0.09936452917388805,3.0420243809317563e-06,0.0991719622568843,1.0321272885904522e-06,0.09897939533988054,2.5267087754187266e-06,0.098786828422877,1.978147001808082e-06,0.09974966300789534,0.00010623813015592816,0.09994222992489887,0.0007783177297912362,0.0,0.0,0.0,0.0,0.0,0.0,1.0,1.0,1.0,1.0,1.0
64,14:02:51,0,0.09974966300789534,2238590.0,0.09965337954939346,0.09955709609089158,8.576015291620232e-06,0.09936452917388805,3.008778212834141e-06,0.0991719622568843,1.0819965407368743e-06,0.09897939533988054,2.5267087754187266e-06,0.098786828422877,1.978147001808082e-06,0.09974966300789534,0.00010214885147992154,0.09994222992489887,0.0007787000607243587,0.0,0.0,0.0,0.0,0.0,0.0,1.0,1.0,1.0,1.0,1.0
64,14:02:54,0,0.09955709609089158,1718830.0,0.09965337954939346,0.09955709609089158,5.384383154249208e-06,0.09936452917388805,3.0420243809317563e-06,0.0991719622568843,1.0819965407368743e-06,0.09897939533988054,2.3604779349306524e-06,0.098786828422877,1.9449008337104673e-06,0.09974966300789534,0.00010075251241982172,0.09994222992489887,0.0007783509759593338,0.0,0.0,0.0,0.0,0.0,0.0,1.0,1.0,1.0,1.0,1.0
64,14:02:57,0,0.09955709609089158,5585323.0,0.09965337954939346,0.09955709609089158,6.01606034810389e-06,0.09936452917388805,3.0586474649805635e-06,0.0991719622568843,1.0986196247856817e-06,0.09897939533988054,2.393724103028267e-06,0.098786828422877,1.9449008337104673e-06,0.09974966300789534,8.517668266608917e-05,0.09994222992489887,0.0007794314764225063,0.0,0.0,0.0,0.0,0.0,0.0,1.0,1.0,1.0,1.0,1.0
64,14:03:00,0,0.09974966300789534,1553248.0,0.09965337954939346,0.09955709609089158,4.686213624199297e-06,0.09936452917388805,3.0586474649805635e-06,0.0991719622568843,1.1152427088344893e-06,0.09897939533988054,2.7261857840044155e-06,0.098786828422877,1.9449008337104673e-06,0.09974966300789534,8.323178183237871e-05,0.09994222992489887,0.000779115637825579,0.0,0.0,0.0,0.0,0.0,0.0,1.0,1.0,1.0,1.0,1.0
64,14:03:03,0,0.09955709609089158,1621729.0,0.09965337954939346,0.09955709609089158,2.209374100926993e-06,0.09936452917388805,3.0586474649805635e-06,0.0991719622568843,1.1983581290785262e-06,0.09897939533988054,2.7261857840044155e-06,0.098786828422877,1.9449008337104673e-06,0.09974966300789534,8.176895043608366e-05,0.09994222992489887,0.0007787166838084075,0.0,0.0,0.0,0.0,0.0,0.0,1.0,1.0,1.0,1.0,1.0
64,14:03:06,0,0.09974966300789534,1821218.0,0.09965337954939346,0.09955709609089158,1.2799774717581707e-06,0.09936452917388805,3.0586474649805635e-06,0.0991719622568843,1.1983581290785262e-06,0.09897939533988054,2.7261857840044155e-06,0.098786828422877,1.9449008337104673e-06,0.09974966300789534,7.80620026931996e-05,0.09994222992489887,0.0007789826531531884,0.0,0.0,0.0,0.0,0.0,0.0,1.0,1.0,1.0,1.0,1.0
64,14:03:09,0,0.09955709609089158,365464.0,0.09965337954939346,0.09955709609089158,1.8119161613200078e-06,0.09936452917388805,3.0586474649805635e-06,0.0991719622568843,1.1983581290785262e-06,0.09897939533988054,2.7261857840044155e-06,0.098786828422877,1.9449008337104673e-06,0.09974966300789534,7.797888727295557e-05,0.09994222992489887,0.0007595336448160838,0.0,0.0,0.0,0.0,0.0,0.0,1.0,1.0,1.0,1.0,1.0
64,14:03:12,0,0.09974966300789534,1433444.0,0.09965337954939346,0.09955709609089158,3.108516717126986e-06,0.09936452917388805,3.0586474649805635e-06,0.0991719622568843,1.1983581290785262e-06,0.09897939533988054,2.709562699955608e-06,0.098786828422877,1.8784084975152373e-06,0.09974966300789534,7.477063205153573e-05,0.09994222992489887,0.0007615782841540871,0.0,0.0,0.0,0.0,0.0,0.0,1.0,1.0,1.0,1.0,1.0
64,14:03:15,0,0.09974966300789534,2524099.0,0.09965337954939346,0.09955709609089158,6.150541098058742e-07,0.09936452917388805,3.075270549029371e-06,0.0991719622568843,1.43108130576183e-06,0.09897939533988054,2.709562699955608e-06,0.098786828422877,1.8784084975152373e-06,0.09974966300789534,7.118004589699334e-05,0.09994222992489887,0.0007618941227510145,0.0,0.0,0.0,0.0,0.0,0.0,1.0,1.0,1.0,1.0,1.0
64,14:03:18,0,0.09974966300789534,1222038.0,0.09965337954939346,0.09955709609089158,1.662308404880741e-07,0.09936452917388805,2.709562699955608e-06,0.0991719622568843,2.611320273227156e-06,0.09897939533988054,2.709562699955608e-06,0.098786828422877,1.8784084975152373e-06,0.09974966300789534,7.274261579758122e-05,0.09994222992489887,0.0007619107458350633,0.0,0.0,0.0,0.0,0.0,0.0,1.0,1.0,1.0,1.0,1.0
64,14:03:21,0,0.09974966300789534,3049632.0,0.09965337954939346,0.09955709609089158,1.662308404880741e-08,0.09936452917388805,2.493462607321112e-06,0.0991719622568843,2.5614510210807337e-06,0.09897939533988054,2.709562699955608e-06,0.098786828422877,1.8784084975152373e-06,0.09974966300789534,6.800503684367112e-05,0.09994222992489887,0.0007614785456497942,0.0,0.0,0.0,0.0,0.0,0.0,1.0,1.0,1.0,1.0,1.0
64,14:03:24,0,0.09955709609089158,559580.0,0.0994608126323897,0.09936452917388805,3.324616809761482e-06,0.0991719622568843,2.5780741051295413e-06,0.09897939533988054,2.7428088680532227e-06,0.098786828422877,1.2301082196117483e-06,0.09859426150587325,1.1554539491485542e-05,0.09955709609089158,3.524093818347171e-06,0.09974966300789534,6.878632179396507e-05,0.09994222992489887,0.000762193338263893,0.0,0.0,0.0,0.0,1.0,1.0,1.0,1.0,1.0
64,14:03:27,0,0.09955709609089158,519608.0,0.0994608126323897,0.09936452917388805,3.474224566200749e-06,0.0991719622568843,2.528204852983119e-06,0.09897939533988054,2.7428088680532227e-06,0.098786828422877,1.2301082196117483e-06,0.09859426150587325,1.1554539491485542e-05,0.09955709609089158,2.177624010393771e-06,0.09974966300789534,6.97670837528447e-05,0.09994222992489887,0.0007616115303221847,0.0,0.0,0.0,0.0,1.0,1.0,1.0,1.0,1.0
64,14:03:30,0,0.09955709609089158,2164128.0,0.0994608126323897,0.09936452917388805,2.0113931699056968e-06,0.0991719622568843,2.611320273227156e-06,0.09897939533988054,2.7428088680532227e-06,0.098786828422877,1.2301082196117483e-06,0.09859426150587325,1.157116257553435e-05,0.09955709609089158,3.4908476502495563e-07,0.09974966300789534,6.810477534796396e-05,0.09994222992489887,0.0007595336448160838,0.0,0.0,0.0,0.0,1.0,1.0,1.0,1.0,1.0
64,14:03:33,0,0.09955709609089158,508150.0,0.0994608126323897,0.09936452917388805,1.2633543877093633e-06,0.0991719622568843,2.594697189178349e-06,0.09897939533988054,2.7428088680532227e-06,0.098786828422877,1.2301082196117483e-06,0.09859426150587325,1.1554539491485542e-05,0.09955709609089158,1.8285392453688152e-06,0.09974966300789534,6.833749852464727e-05,0.09994222992489887,0.0007609466069602325,0.0,0.0,0.0,0.0,1.0,1.0,1.0,1.0,1.0
64,14:03:36,0,0.09955709609089158,1084734.0,0.0994608126323897,0.09936452917388805,3.324616809761482e-08,0.0991719622568843,1.8799045750796302e-06,0.09897939533988054,2.7594319521020303e-06,0.098786828422877,1.2301082196117483e-06,0.09859426150587325,1.1587785659583158e-05,0.09955709609089158,8.976465386356002e-07,0.09974966300789534,6.847048319703772e-05,0.09994222992489887,0.0007610463454645253,0.0,0.0,0.0,0.0,1.0,1.0,1.0,1.0,1.0
64,14:03:39,0,0.09955709609089158,873690.0,0.09965337954939346,0.09955709609089158,2.1610009263449634e-07,0.09936452917388805,4.1557710122018525e-07,0.0991719622568843,1.8466584069820152e-06,0.09897939533988054,2.7594319521020303e-06,0.098786828422877,1.1802389674653262e-06,0.09974966300789534,6.760608282649974e-05,0.09994222992489887,0.0007619439920031609,0.0,0.0,0.0,0.0,0.0,0.0,1.0,1.0,1.0,1.0,1.0
64,14:03:42,0,0.09955709609089158,468251.0,0.09965337954939346,0.09955709609089158,1.8784084975152373e-06,0.09936452917388805,4.654463533666075e-07,0.0991719622568843,2.1791200879581634e-06,0.09897939533988054,2.7594319521020303e-06,0.098786828422877,1.1968620515141336e-06,0.09974966300789534,6.948449132401498e-05,0.09994222992489887,0.0007630411155503822,0.0,0.0,0.0,0.0,0.0,0.0,1.0,1.0,1.0,1.0,1.0
64,14:03:45,0,0.09936452917388805,1650209.0,0.09965337954939346,0.09955709609089158,8.311542024403705e-08,0.09936452917388805,8.311542024403705e-08,0.0991719622568843,2.278858592251008e-06,0.09897939533988054,1.9615239177592744e-06,0.098786828422877,1.1968620515141336e-06,0.09974966300789534,6.883619104611148e-05,0.09994222992489887,0.0007641216160135546,0.0,0.0,0.0,0.0,0.0,0.0,1.0,1.0,1.0,1.0,1.0
64,14:03:48,0,0.09936452917388805,199840.0,0.0994608126323897,0.09936452917388805,8.311542024403705e-08,0.0991719622568843,2.2622355082022005e-06,0.09897939533988054,1.978147001808082e-06,0.098786828422877,1.1802389674653262e-06,0.09859426150587325,1.1754016500071232e-05,0.09955709609089158,1.3797159760510151e-06,0.09974966300789534,6.901904497064836e-05,0.09994222992489887,0.0007643377161061891,0.0,0.0,0.0,0.0,1.0,1.0,1.0,1.0,1.0
64,14:03:51,0,0.09955709609089158,525320.0,0.09965337954939346,0.09955709609089158,2.8259242882972596e-07,0.09936452917388805,3.4908476502495563e-07,0.0991719622568843,2.2954816762998153e-06,0.09897939533988054,1.978147001808082e-06,0.098786828422877,1.1802389674653262e-06,0.09974966300789534,6.965072216450306e-05,0.09994222992489887,0.0007651356241405319,0.0,0.0,0.0,0.0,0.0,0.0,1.0,1.0,1.0,1.0,1.0
64,14:03:54,0,0.09974966300789534,736650.0,0.0994608126323897,0.09936452917388805,7.480387821963335e-07,0.0991719622568843,2.32872784439743e-06,0.09897939533988054,1.9615239177592744e-06,0.098786828422877,1.1802389674653262e-06,0.09859426150587325,1.177063958412004e-05,0.09955709609089158,1.3132236398557854e-06,0.09974966300789534,6.847048319703772e-05,0.09994222992489887,0.0007651522472245807,0.0,0.0,0.0,0.0,1.0,1.0,1.0,1.0,1.0
64,14:03:57,0,0.09936452917388805,1913000.0,0.0994608126323897,0.09936452917388805,6.150541098058742e-07,0.0991719622568843,2.32872784439743e-06,0.09897939533988054,1.9615239177592744e-06,0.098786828422877,1.1968620515141336e-06,0.09859426150587325,1.177063958412004e-05,0.09955709609089158,2.1610009263449634e-07,0.09974966300789534,6.620974376639991e-05,0.09994222992489887,0.0007649361471319462,0.0,0.0,0.0,0.0,1.0,1.0,1.0,1.0,1.0
64,14:04:00,0,0.09974966300789534,422557.0,0.09965337954939346,0.09955709609089158,3.9895401717137787e-07,0.09936452917388805,5.153156055130298e-07,0.0991719622568843,2.32872784439743e-06,0.09897939533988054,1.9615239177592744e-06,0.098786828422877,1.1968620515141336e-06,0.09974966300789534,6.577754358113093e-05,0.09994222992489887,0.0007646369316190677,0.0,0.0,0.0,0.0,0.0,0.0,1.0,1.0,1.0,1.0,1.0
64,14:04:03,0,0.09955709609089158,862228.0,0.0994608126323897,0.09936452917388805,1.1303697153189038e-06,0.0991719622568843,2.39522018059266e-06,0.09897939533988054,1.9615239177592744e-06,0.098786828422877,1.1968620515141336e-06,0.09859426150587325,1.4247479107392344e-05,0.09955709609089158,2.4934626073211115e-07,0.09974966300789534,6.627623610259514e-05,0.09994222992489887,0.000764786539375507,0.0,0.0,0.0,0.0,1.0,1.0,1.0,1.0,1.0
64,14:04:06,0,0.09974966300789534,1067364.0,0.09965337954939346,0.09955709609089158,1.3313428014689856e-06,0.09936452917388805,1.3797159760510151e-06,0.0991719622568843,2.312104760348623e-06,0.09897939533988054,1.9615239177592744e-06,0.098786828422877,1.1968620515141336e-06,0.09974966300789534,6.607675909400946e-05,0.09994222992489887,0.0007643543391902379,0.0,0.0,0.0,0.0,0.0,0.0,1.0,1.0,1.0,1.0,1.0
64,14:04:09,0,0.09955709609089158,1753039.0,0.0994608126323897,0.09936452917388805,1.148488876932104e-06,0.0991719622568843,2.3453509284462376e-06,0.09897939533988054,1.9615239177592744e-06,0.098786828422877,1.213485135562941e-06,0.09859426150587325,1.497889480553987e-05,0.09955709609089158,1.662308404880741e-08,0.09974966300789534,6.574429741303331e-05,0.09994222992489887,0.0007631741002227726,0.0,0.0,0.0,0.0,1.0,1.0,1.0,1.0,1.0
64,14:04:12,0,0.09936452917388805,354013.0,0.0994608126323897,0.09936452917388805,1.4809505579082522e-06,0.0991719622568843,2.3453509284462376e-06,0.09897939533988054,1.9615239177592744e-06,0.098786828422877,1.213485135562941e-06,0.09859426150587325,1.4945648637442255e-05,0.09955709609089158,8.145311183915631e-07,0.09974966300789534,6.827100618845204e-05,0.09994222992489887,0.0007651023779724343,0.0,0.0,0.0,0.0,1.0,1.0,1.0,1.0,1.0
64,14:04:15,0,0.09955709609089158,1016255.0,0.09936452917388805,0.0991719622568843,2.0642545771809044e-06,0.09897939533988054,1.9449008337104673e-06,0.098786828422877,1.213485135562941e-06,0.09859426150587325,1.477941779695418e-05,0.09840169458886971,1.0805004631724817e-06,0.09955709609089158,3.324616809761482e-07,0.09974966300789534,6.82045138522568e-05,0.09994222992489887,0.0007650192625521903,0.0,0.0,0.0,0.0,1.0,1.0,1.0,1.0,1.0
64,14:04:18,0,0.09936452917388805,605182.0,0.09926824571538617,0.0991719622568843,6.981695300499113e-07,0.09897939533988054,1.9282777496616597e-06,0.098786828422877,2.8591704563948745e-06,0.09859426150587325,1.477941779695418e-05,0.09840169458886971,1.0805004631724817e-06,0.09936452917388805,2.3272317668330374e-07,0.09955709609089158,1.329846723904593e-07,0.09974966300789534,6.833749852464727e-05,0.09994222992489887,0.0007633070848951631,0.0,0.0,1.0,1.0,1.0,1.0,1.0
64,14:04:21,0,0.09955709609089158,901818.0,0.0994608126323897,0.09936452917388805,1.662308404880741e-08,0.0991719622568843,4.322001852689927e-07,0.09897939533988054,5.651848576594519e-07,0.098786828422877,2.8591704563948745e-06,0.09859426150587325,1.477941779695418e-05,0.09955709609089158,1.895031581564045e-06,0.09974966300789534,6.862009095347699e-05,0.09994222992489887,0.000763223969474919,0.0,0.0,0.0,0.0,1.0,1.0,1.0,1.0,1.0
64,14:04:24,0,0.09936452917388805,873596.0,0.0994608126323897,0.09936452917388805,8.976465386356002e-07,0.0991719622568843,5.153156055130298e-07,0.09897939533988054,5.818079417082594e-07,0.098786828422877,2.8591704563948745e-06,0.09859426150587325,1.4829287049100603e-05,0.09955709609089158,7.480387821963335e-07,0.09974966300789534,6.918527581113644e-05,0.09994222992489887,0.0007636395465761393,0.0,0.0,0.0,0.0,1.0,1.0,1.0,1.0,1.0
64,14:04:27,0,0.09955709609089158,565288.0,0.09965337954939346,0.09955709609089158,4.820694374154149e-07,0.09936452917388805,1.5958160686855115e-06,0.0991719622568843,8.976465386356002e-07,0.09897939533988054,6.649233619522964e-07,0.098786828422877,2.8591704563948745e-06,0.09974966300789534,6.948449132401498e-05,0.09994222992489887,0.0007625424230289179,0.0,0.0,0.0,0.0,0.0,0.0,1.0,1.0,1.0,1.0,1.0
64,14:04:30,0,0.09955709609089158,525315.0,0.09965337954939346,0.09955709609089158,1.4295852281974373e-06,0.09936452917388805,2.493462607321112e-06,0.0991719622568843,1.0306312110260596e-06,0.09897939533988054,7.480387821963335e-07,0.098786828422877,2.8591704563948745e-06,0.09974966300789534,6.946786823996617e-05,0.09994222992489887,0.0007627917692896501,0.0,0.0,0.0,0.0,0.0,0.0,1.0,1.0,1.0,1.0,1.0
64,14:04:33,0,0.09955709609089158,411129.0,0.09965337954939346,0.09955709609089158,2.094508590149734e-06,0.09936452917388805,2.676316531857993e-06,0.0991719622568843,1.0805004631724817e-06,0.09897939533988054,9.30892706733215e-07,0.098786828422877,2.8591704563948745e-06,0.09974966300789534,6.965072216450306e-05,0.09994222992489887,0.0007631036183464057,0.0,0.0,0.0,0.0,0.0,0.0,1.0,1.0,1.0,1.0,1.0
64,14:04:36,0,0.09974966300789534,1684589.0,0.09965337954939346,0.09955709609089158,3.8731785833721265e-06,0.09936452917388805,2.992155128785334e-06,0.0991719622568843,1.0805004631724817e-06,0.09897939533988054,9.30892706733215e-07,0.098786828422877,2.8924166244924893e-06,0.09974966300789534,6.828762927250084e-05,0.09994222992489887,0.0007649654037598722,0.0,0.0,0.0,0.0,0.0,0.0,1.0,1.0,1.0,1.0,1.0
64,14:04:39,0,0.09955709609089158,1399029.0,0.09965337954939346,0.09955709609089158,2.426970271125882e-06,0.09936452917388805,3.108516717126986e-06,0.0991719622568843,1.0805004631724817e-06,0.09897939533988054,9.30892706733215e-07,0.098786828422877,3.075270549029371e-06,0.09974966300789534,6.845386011298892e-05,0.09994222992489887,0.0007646828113310424,0.0,0.0,0.0,0.0,0.0,0.0,1.0,1.0,1.0,1.0,1.0
64,14:04:42,0,0.09955709609089158,3340710.0,0.0994608126323897,0.09936452917388805,3.1750090533222154e-06,0.0991719622568843,1.2301082196117483e-06,0.09897939533988054,9.30892706733215e-07,0.098786828422877,7.280910813377646e-06,0.09859426150587325,1.4829287049100603e-05,0.09955709609089158,3.440978398103134e-06,0.09974966300789534,6.271889611615036e-05,0.09994222992489887,0.0007643171034819686,0.0,0.0,0.0,0.0,1.0,1.0,1.0,1.0,1.0
64,14:04:45,0,0.09955709609089158,759377.0,0.0994608126323897,0.09936452917388805,2.2773625146866152e-06,0.0991719622568843,1.3132236398557854e-06,0.09897939533988054,9.30892706733215e-07,0.098786828422877,7.280910813377646e-06,0.09859426150587325,1.4862533217198219e-05,0.09955709609089158,2.6596934478091856e-06,0.09974966300789534,6.273551920019917e-05,0.09994222992489887,0.0007644168419862615,0.0,0.0,0.0,0.0,1.0,1.0,1.0,1.0,1.0
64,14:04:48,0,0.09955709609089158,468206.0,0.0994608126323897,0.09936452917388805,2.0778855061009263e-06,0.0991719622568843,1.3298467239045928e-06,0.09897939533988054,1.2633543877093633e-06,0.098786828422877,7.4138954857681055e-06,0.09859426150587325,1.4862533217198219e-05,0.09955709609089158,2.0778855061009263e-06,0.09974966300789534,6.330070405785862e-05,0.09994222992489887,0.0007648157960034328,0.0,0.0,0.0,0.0,1.0,1.0,1.0,1.0,1.0
64,14:04:51,0,0.09955709609089158,645229.0,0.0994608126323897,0.09936452917388805,1.895031581564045e-06,0.0991719622568843,1.3797159760510151e-06,0.09897939533988054,1.2633543877093633e-06,0.098786828422877,7.4138954857681055e-06,0.09859426150587325,1.4862533217198219e-05,0.09955709609089158,4.820694374154149e-07,0.09974966300789534,6.434795835293348e-05,0.09994222992489887,0.0007654640962813363,0.0,0.0,0.0,0.0,1.0,1.0,1.0,1.0,1.0
64,14:04:54,0,0.09974966300789534,1279015.0,0.09965337954939346,0.09955709609089158,5.651848576594519e-07,0.09936452917388805,3.324616809761482e-07,0.0991719622568843,1.3797159760510151e-06,0.09897939533988054,1.895031581564045e-06,0.098786828422877,7.4138954857681055e-06,0.09974966300789534,6.338381947810266e-05,0.09994222992489887,0.0007651316346003602,0.0,0.0,0.0,0.0,0.0,0.0,1.0,1.0,1.0,1.0,1.0
64,14:04:57,0,0.09955709609089158,856377.0,0.0994608126323897,0.09936452917388805,1.662308404880741e-08,0.0991719622568843,8.810234545867927e-07,0.09897939533988054,1.9449008337104673e-06,0.098786828422877,3.2581244735662525e-06,0.09859426150587325,1.4879156301247025e-05,0.09955709609089158,1.662308404880741e-08,0.09974966300789534,6.378277349527404e-05,0.09994222992489887,0.0007659627888028006,0.0,0.0,0.0,0.0,1.0,1.0,1.0,1.0,1.0
64,14:05:00,0,0.09936452917388805,393921.0,0.09926824571538617,0.0991719622568843,8.145311183915631e-07,0.09897939533988054,1.9449008337104673e-06,0.098786828422877,3.2581244735662525e-06,0.09859426150587325,1.4895779385295833e-05,0.09840169458886971,1.0805004631724817e-06,0.09936452917388805,1.7786699932223928e-06,0.09955709609089158,2.659693447809186e-07,0.09974966300789534,6.45973046136656e-05,0.09994222992489887,0.0007663783659040208,0.0,0.0,1.0,1.0,1.0,1.0,1.0
64,14:05:03,0,0.09955709609089158,1067657.0,0.09965337954939346,0.09955709609089158,2.3604779349306524e-06,0.09936452917388805,1.662308404880741e-08,0.0991719622568843,7.812849502939483e-07,0.09897939533988054,1.9615239177592744e-06,0.098786828422877,3.2581244735662525e-06,0.09974966300789534,6.496301246273936e-05,0.09994222992489887,0.0007670765354340707,0.0,0.0,0.0,0.0,0.0,0.0,1.0,1.0,1.0,1.0,1.0
64,14:05:06,0,0.09955709609089158,307827.0,0.09965337954939346,0.09955709609089158,3.7250669044972527e-06,0.09936452917388805,9.973850429284447e-08,0.0991719622568843,9.641388748308298e-07,0.09897939533988054,1.9615239177592744e-06,0.098786828422877,3.2581244735662525e-06,0.09974966300789534,6.501288171488579e-05,0.09994222992489887,0.0007666609583328504,0.0,0.0,0.0,0.0,0.0,0.0,1.0,1.0,1.0,1.0,1.0
64,14:05:09,0,0.09955709609089158,262675.0,0.09965337954939346,0.09955709609089158,4.755698115523312e-06,0.09936452917388805,2.659693447809186e-07,0.0991719622568843,8.311542024403705e-07,0.09897939533988054,1.9615239177592744e-06,0.098786828422877,1.5958160686855115e-06,0.09974966300789534,6.497963554678817e-05,0.09994222992489887,0.0007677747049641205,0.0,0.0,0.0,0.0,0.0,0.0,1.0,1.0,1.0,1.0,1.0
64,14:05:12,0,0.09955709609089158,85658.0,0.09965337954939346,0.09955709609089158,5.470490729622031e-06,0.09936452917388805,5.319386895618372e-07,0.0991719622568843,1.803604619295604e-05,0.09897939533988054,1.9615239177592744e-06,0.098786828422877,1.5958160686855115e-06,0.09974966300789534,6.544508190015477e-05,0.09994222992489887,0.0007679409358046087,0.0,0.0,0.0,0.0,0.0,0.0,1.0,1.0,1.0,1.0,1.0
64,14:05:15,0,0.09974966300789534,445430.0,0.09965337954939346,0.09955709609089158,5.420621477475608e-06,0.09936452917388805,6.649233619522964e-07,0.0991719622568843,1.803604619295604e-05,0.09897939533988054,1.9615239177592744e-06,0.098786828422877,1.5958160686855115e-06,0.09974966300789534,7.332442373928948e-05,0.09994222992489887,0.0007681570358972432,0.0,0.0,0.0,0.0,0.0,0.0,1.0,1.0,1.0,1.0,1.0
64,14:05:18,0,0.09974966300789534,712050.0,0.09965337954939346,0.09955709609089158,4.677735851334405e-06,0.09936452917388805,2.227493262540193e-06,0.0991719622568843,1.881733114324999e-05,0.09897939533988054,1.8784084975152373e-06,0.098786828422877,1.5958160686855115e-06,0.09974966300789534,7.279248504972765e-05,0.09994222992489887,0.0007683232667377312,0.0,0.0,0.0,0.0,0.0,0.0,1.0,1.0,1.0,1.0,1.0
64,14:05:21,0,0.09974966300789534,3953562.0,0.09965337954939346,0.09955709609089158,1.2316042971761412e-06,0.09936452917388805,2.177624010393771e-06,0.0991719622568843,1.8850577311347603e-05,0.09897939533988054,1.8784084975152373e-06,0.098786828422877,1.5459468165390891e-06,0.09974966300789534,6.850372936513534e-05,0.09994222992489887,0.000767392374030998,0.0,0.0,0.0,0.0,0.0,0.0,1.0,1.0,1.0,1.0,1.0
64,14:05:24,0,0.09974966300789534,4192232.0,0.09965337954939346,0.09955709609089158,1.662308404880741e-08,0.09936452917388805,2.111131674198541e-06,0.0991719622568843,1.8850577311347603e-05,0.09897939533988054,1.8784084975152373e-06,0.098786828422877,1.5293237324902818e-06,0.09974966300789534,5.8712732860387776e-05,0.09994222992489887,0.0007672095201064611,0.0,0.0,0.0,0.0,0.0,0.0,1.0,1.0,1.0,1.0,1.0
64,14:05:27,0,0.09955709609089158,599115.0,0.09965337954939346,0.09955709609089158,3.474224566200749e-08,0.09936452917388805,2.111131674198541e-06,0.0991719622568843,1.8833954227298795e-05,0.09897939533988054,1.8784084975152373e-06,0.098786828422877,1.3963390600998225e-06,0.09974966300789534,5.093312952554591e-05,0.09994222992489887,0.0007673757509469492,0.0,0.0,0.0,0.0,0.0,0.0,1.0,1.0,1.0,1.0,1.0
64,14:05:30,0,0.09974966300789534,385664.0,0.09965337954939346,0.09955709609089158,2.433619504745405e-07,0.09936452917388805,2.408851109512682e-06,0.0991719622568843,1.8833954227298795e-05,0.09897939533988054,1.5459468165390891e-06,0.098786828422877,1.4129621441486299e-06,0.09974966300789534,5.113260653413159e-05,0.09994222992489887,0.0007668105660892897,0.0,0.0,0.0,0.0,0.0,0.0,1.0,1.0,1.0,1.0,1.0
64,14:05:33,0,0.09955709609089158,517523.0,0.0994608126323897,0.09936452917388805,2.009897092341304e-06,0.0991719622568843,1.9332646748763018e-05,0.09897939533988054,1.5459468165390891e-06,0.098786828422877,1.4129621441486299e-06,0.09859426150587325,1.477941779695418e-05,0.09955709609089158,1.3737316657934444e-06,0.09974966300789534,5.111598345008279e-05,0.09994222992489887,0.0007672760124426564,0.0,0.0,0.0,0.0,1.0,1.0,1.0,1.0,1.0
64,14:05:36,0,0.09955709609089158,1415444.0,0.0994608126323897,0.09936452917388805,4.4217403569827715e-06,0.0991719622568843,1.9332646748763018e-05,0.09897939533988054,1.5459468165390891e-06,0.098786828422877,1.4295852281974373e-06,0.09859426150587325,1.477941779695418e-05,0.09955709609089158,4.9869252146422234e-08,0.09974966300789534,5.134870662676609e-05,0.09994222992489887,0.000768256774401536,0.0,0.0,0.0,0.0,1.0,1.0,1.0,1.0,1.0
64,14:05:39,0,0.09955709609089158,890772.0,0.0994608126323897,0.09936452917388805,2.9751995830555503e-06,0.0991719622568843,1.9332646748763018e-05,0.09897939533988054,1.5459468165390891e-06,0.098786828422877,1.4462083122462446e-06,0.09859426150587325,1.4746171628856566e-05,0.09955709609089158,1.8285392453688153e-07,0.09974966300789534,5.29278996114028e-05,0.09994222992489887,0.0007680739204769991,0.0,0.0,0.0,0.0,1.0,1.0,1.0,1.0,1.0
64,14:05:42,0,0.09955709609089158,360642.0,0.09965337954939346,0.09955709609089158,1.5293237324902818e-06,0.09936452917388805,2.7398167129244374e-06,0.0991719622568843,1.9183038992323753e-05,0.09897939533988054,1.5459468165390891e-06,0.098786828422877,1.4462083122462446e-06,0.09974966300789534,5.623589333711547e-05,0.09994222992489887,0.0007684562514101217,0.0,0.0,0.0,0.0,0.0,0.0,1.0,1.0,1.0,1.0,1.0
64,14:05:45,0,0.09955709609089158,769366.0,0.09965337954939346,0.09955709609089158,3.7568169950304746e-08,0.09936452917388805,2.889424469363704e-06,0.0991719622568843,1.944900833710467e-05,0.09897939533988054,1.5127006484414744e-06,0.098786828422877,1.4462083122462446e-06,0.09974966300789534,5.828053267511878e-05,0.09994222992489887,0.0007680739204769991,0.0,0.0,0.0,0.0,0.0,0.0,1.0,1.0,1.0,1.0,1.0
64,14:05:48,0,0.09955709609089158,114208.0,0.09965337954939346,0.09955709609089158,8.022300361954457e-07,0.09936452917388805,3.5377247472671933e-06,0.0991719622568843,1.944900833710467e-05,0.09897939533988054,1.5127006484414744e-06,0.098786828422877,1.4462083122462446e-06,0.09974966300789534,5.9809856407609064e-05,0.09994222992489887,0.0007738255075578865,0.0,0.0,0.0,0.0,0.0,0.0,1.0,1.0,1.0,1.0,1.0
64,14:05:51,0,0.09955709609089158,542458.0,0.09965337954939346,0.09955709609089158,8.66494879128135e-06,0.09936452917388805,3.6374632515600375e-06,0.0991719622568843,1.944900833710467e-05,0.09897939533988054,1.5127006484414744e-06,0.098786828422877,1.6124391527343189e-06,0.09974966300789534,5.977661023951145e-05,0.09994222992489887,0.0007739917383983746,0.0,0.0,0.0,0.0,0.0,0.0,1.0,1.0,1.0,1.0,1.0
64,14:05:54,0,0.09974966300789534,308350.0,0.09965337954939346,0.09955709609089158,8.914295052013463e-06,0.09936452917388805,3.820317176096919e-06,0.0991719622568843,1.9232908244470174e-05,0.09897939533988054,1.5127006484414744e-06,0.098786828422877,1.6124391527343189e-06,0.09974966300789534,6.310122704927293e-05,0.09994222992489887,0.0007742577077431555,0.0,0.0,0.0,0.0,0.0,0.0,1.0,1.0,1.0,1.0,1.0
64,14:05:57,0,0.09974966300789534,925135.0,0.09965337954939346,0.09955709609089158,8.166256269817129e-06,0.09936452917388805,3.853563344194534e-06,0.0991719622568843,1.9232908244470174e-05,0.09897939533988054,1.5127006484414744e-06,0.098786828422877,1.6124391527343189e-06,0.09974966300789534,6.133918014009935e-05,0.09994222992489887,0.0007748228926008149,0.0,0.0,0.0,0.0,0.0,0.0,1.0,1.0,1.0,1.0,1.0
64,14:06:00,0,0.09955709609089158,148471.0,0.09965337954939346,0.09955709609089158,8.365733278402817e-06,0.09936452917388805,3.936678764438571e-06,0.0991719622568843,1.9232908244470174e-05,0.09897939533988054,1.5127006484414744e-06,0.098786828422877,1.6124391527343189e-06,0.09974966300789534,6.130593397200173e-05,0.09994222992489887,0.0007747564002646197,0.0,0.0,0.0,0.0,0.0,0.0,1.0,1.0,1.0,1.0,1.0
64,14:06:03,0,0.09974966300789534,1062239.0,0.09965337954939346,0.09955709609089158,8.498717950793277e-06,0.09936452917388805,3.920055680389764e-06,0.0991719622568843,1.9216285160421366e-05,0.09897939533988054,1.5127006484414744e-06,0.098786828422877,7.646618662451409e-07,0.09974966300789534,5.942752547448649e-05,0.09994222992489887,0.0007740083614824234,0.0,0.0,0.0,0.0,0.0,0.0,1.0,1.0,1.0,1.0,1.0
64,14:06:06,0,0.09955709609089158,1272957.0,0.09965337954939346,0.09955709609089158,7.53607515352684e-06,0.09936452917388805,3.920055680389764e-06,0.0991719622568843,1.9216285160421366e-05,0.09897939533988054,1.5127006484414744e-06,0.098786828422877,7.646618662451409e-07,0.09974966300789534,5.799794024628906e-05,0.09994222992489887,0.0007755210621308648,0.0,0.0,0.0,0.0,0.0,0.0,1.0,1.0,1.0,1.0,1.0
64,14:06:09,0,0.09955709609089158,479680.0,0.09965337954939346,0.09955709609089158,7.170367304453077e-06,0.09936452917388805,3.953301848487378e-06,0.0991719622568843,1.8800708059201182e-05,0.09897939533988054,1.5459468165390891e-06,0.098786828422877,7.646618662451409e-07,0.09974966300789534,5.759898622911768e-05,0.09994222992489887,0.0007755709313830112,0.0,0.0,0.0,0.0,0.0,0.0,1.0,1.0,1.0,1.0,1.0
64,14:06:12,0,0.09955709609089158,17098694.0,0.09965337954939346,0.09955709609089158,8.74956028908978e-06,0.09936452917388805,3.953301848487378e-06,0.0991719622568843,1.8800708059201182e-05,0.09897939533988054,1.5459468165390891e-06,0.098786828422877,7.646618662451409e-07,0.09974966300789534,9.525027159966646e-06,0.09994222992489887,0.0007755210621308648,0.0,0.0,0.0,0.0,0.0,0.0,1.0,1.0,1.0,1.0,1.0
64,14:06:15,0,0.09955709609089158,354034.0,0.09965337954939346,0.09955709609089158,8.732937205040973e-06,0.09936452917388805,3.9865480165849935e-06,0.0991719622568843,1.8800708059201182e-05,0.09897939533988054,1.4628313962950522e-06,0.098786828422877,4.75420203795892e-06,0.09974966300789534,9.009711554453616e-06,0.09994222992489887,0.000775504439046816,0.0,0.0,0.0,0.0,0.0,0.0,1.0,1.0,1.0,1.0,1.0
64,14:06:18,0,0.09974966300789534,879489.0,0.09965337954939346,0.09955709609089158,8.699691036943358e-06,0.09936452917388805,3.9865480165849935e-06,0.0991719622568843,1.8800708059201182e-05,0.09897939533988054,1.4628313962950522e-06,0.098786828422877,4.75420203795892e-06,0.09974966300789534,6.898579880255076e-06,0.09994222992489887,0.0007758202776437434,0.0,0.0,0.0,0.0,0.0,0.0,1.0,1.0,1.0,1.0,1.0
64,14:06:21,0,0.09974966300789534,1656163.0,0.09965337954939346,0.09955709609089158,8.633198700748128e-06,0.09936452917388805,3.9865480165849935e-06,0.0991719622568843,1.8833954227298795e-05,0.09897939533988054,1.4628313962950522e-06,0.098786828422877,4.75420203795892e-06,0.09974966300789534,2.6596934478091856e-06,0.09994222992489887,0.0007752717158701327,0.0,0.0,0.0,0.0,0.0,0.0,1.0,1.0,1.0,1.0,1.0
64,14:06:24,0,0.09955709609089158,1781676.0,0.09965337954939346,0.09955709609089158,6.172982261524632e-06,0.09936452917388805,3.953301848487378e-06,0.0991719622568843,1.8850577311347603e-05,0.09897939533988054,1.4628313962950522e-06,0.098786828422877,4.720955869861305e-06,0.09974966300789534,5.651848576594519e-07,0.09994222992489887,0.0007752550927860839,0.0,0.0,0.0,0.0,0.0,0.0,1.0,1.0,1.0,1.0,1.0
64,14:06:27,0,0.09974966300789534,799536.0,0.099845946466397,0.09974966300789534,8.228426604159668e-06,0.09955709609089158,6.355836186061513e-06,0.09936452917388805,3.953301848487378e-06,0.0991719622568843,1.8850577311347603e-05,0.09897939533988054,1.4628313962950522e-06,0.09994222992489887,0.000775853523811841,0.0,0.0,0.0,0.0,0.0,0.0,0.0,0.0,1.0,1.0,1.0,1.0,1.0
64,14:06:30,0,0.09974966300789534,673949.0,0.099845946466397,0.09974966300789534,8.776988377770313e-06,0.09955709609089158,7.802044498307758e-06,0.09936452917388805,4.053040352780223e-06,0.0991719622568843,1.886720039539641e-05,0.09897939533988054,1.4628313962950522e-06,0.09994222992489887,0.0007754047005425231,0.0,0.0,0.0,0.0,0.0,0.0,0.0,0.0,1.0,1.0,1.0,1.0,1.0
64,14:06:33,0,0.09974966300789534,154211.0,0.099845946466397,0.09974966300789534,1.0755135379578395e-05,0.09955709609089158,7.602567489722069e-06,0.09936452917388805,4.053040352780223e-06,0.0991719622568843,1.888382347944522e-05,0.09897939533988054,1.4628313962950522e-06,0.09994222992489887,0.0007753382082063279,0.0,0.0,0.0,0.0,0.0,0.0,0.0,0.0,1.0,1.0,1.0,1.0,1.0
64,14:06:36,0,0.09994222992489887,468347.0,0.099845946466397,0.09974966300789534,1.0422673698602247e-05,0.09955709609089158,9.830060752262263e-06,0.09936452917388805,4.053040352780223e-06,0.0991719622568843,1.8900446563494027e-05,0.09897939533988054,1.5293237324902818e-06,0.09994222992489887,0.0007750057465253518,0.0,0.0,0.0,0.0,0.0,0.0,0.0,0.0,1.0,1.0,1.0,1.0,1.0
64,14:06:39,0,0.09994222992489887,891035.0,0.099845946466397,0.09974966300789534,1.2650166961142439e-05,0.09955709609089158,9.78019150011584e-06,0.09936452917388805,4.053040352780223e-06,0.0991719622568843,1.8900446563494027e-05,0.09897939533988054,1.5293237324902818e-06,0.09994222992489887,0.0007733600612045198,0.0,0.0,0.0,0.0,0.0,0.0,0.0,0.0,1.0,1.0,1.0,1.0,1.0
64,14:06:42,0,0.09994222992489887,1462254.0,0.099845946466397,0.09974966300789534,1.59249145187575e-05,0.09955709609089158,9.647206827725381e-06,0.09936452917388805,4.06966343682903e-06,0.0991719622568843,1.8900446563494027e-05,0.09897939533988054,1.5293237324902818e-06,0.09994222992489887,0.0007739418691462281,0.0,0.0,0.0,0.0,0.0,0.0,0.0,0.0,1.0,1.0,1.0,1.0,1.0
64,14:06:45,0,0.09994222992489887,2147540.0,0.099845946466397,0.09974966300789534,1.3481321163582811e-05,0.09955709609089158,9.165137390309966e-06,0.09936452917388805,4.06966343682903e-06,0.0991719622568843,1.8734215723005953e-05,0.09897939533988054,1.5293237324902818e-06,0.09994222992489887,0.0007708167293450524,0.0,0.0,0.0,0.0,0.0,0.0,0.0,0.0,1.0,1.0,1.0,1.0,1.0
64,14:06:48,0,0.09994222992489887,2593237.0,0.099845946466397,0.09974966300789534,1.334833649119235e-05,0.09955709609089158,9.165137390309966e-06,0.09936452917388805,4.053040352780223e-06,0.0991719622568843,1.8734215723005953e-05,0.09897939533988054,1.5293237324902818e-06,0.09994222992489887,0.0007631867337666498,0.0,0.0,0.0,0.0,0.0,0.0,0.0,0.0,1.0,1.0,1.0,1.0,1.0
64,14:06:51,0,0.09994222992489887,571133.0,0.099845946466397,0.09974966300789534,1.3082367146411432e-05,0.09955709609089158,8.383852440016018e-06,0.09936452917388805,4.036417268731416e-06,0.0991719622568843,1.8734215723005953e-05,0.09897939533988054,1.5293237324902818e-06,0.09994222992489887,0.0007643004803979198,0.0,0.0,0.0,0.0,0.0,0.0,0.0,0.0,1.0,1.0,1.0,1.0,1.0
64,14:06:54,0,0.09994222992489887,5117912.0,0.099845946466397,0.09974966300789534,1.2700036213288861e-05,0.09955709609089158,8.68306795289455e-06,0.09936452917388805,4.1195326889754526e-06,0.0991719622568843,1.8734215723005953e-05,0.09897939533988054,1.4462083122462446e-06,0.09994222992489887,0.000750386959049068,0.0,0.0,0.0,0.0,0.0,0.0,0.0,0.0,1.0,1.0,1.0,1.0,1.0
64,14:06:57,0,0.09974966300789534,1245096.0,0.099845946466397,0.09974966300789534,1.0954612388164084e-05,0.09955709609089158,8.5667063645529e-06,0.09936452917388805,4.319009697561141e-06,0.0991719622568843,1.8700969554908337e-05,0.09897939533988054,1.4462083122462446e-06,0.09994222992489887,0.0007498217741914086,0.0,0.0,0.0,0.0,0.0,0.0,0.0,0.0,1.0,1.0,1.0,1.0,1.0
64,14:07:00,0,0.09994222992489887,4718017.0,0.099845946466397,0.09974966300789534,9.691258000454721e-06,0.09955709609089158,8.599952532650514e-06,0.09936452917388805,4.352255865658756e-06,0.0991719622568843,1.8700969554908337e-05,0.09897939533988054,1.4462083122462446e-06,0.09994222992489887,0.0007367394070449971,0.0,0.0,0.0,0.0,0.0,0.0,0.0,0.0,1.0,1.0,1.0,1.0,1.0
64,14:07:03,0,0.09994222992489887,1319387.0,0.099845946466397,0.09974966300789534,8.511019032989395e-06,0.09955709609089158,8.649821784796936e-06,0.09936452917388805,4.352255865658756e-06,0.0991719622568843,1.8750838807054758e-05,0.09897939533988054,1.4462083122462446e-06,0.09994222992489887,0.0007345451599505545,0.0,0.0,0.0,0.0,0.0,0.0,0.0,0.0,1.0,1.0,1.0,1.0,1.0
64,14:07:06,0,0.09994222992489887,599163.0,0.099845946466397,0.09974966300789534,7.648114740015802e-06,0.09955709609089158,8.699691036943358e-06,0.09936452917388805,4.3855020337563715e-06,0.0991719622568843,1.8750838807054758e-05,0.09897939533988054,1.4462083122462446e-06,0.09994222992489887,0.0007352931987327509,0.0,0.0,0.0,0.0,0.0,0.0,0.0,0.0,1.0,1.0,1.0,1.0,1.0
64,14:07:09,0,0.09994222992489887,1662162.0,0.099845946466397,0.09974966300789534,7.415391563332498e-06,0.09955709609089158,1.7194086985883945e-05,0.09936452917388805,4.3855020337563715e-06,0.0991719622568843,1.8734215723005953e-05,0.09897939533988054,5.601979324448097e-06,0.09994222992489887,0.0007294584962316195,0.0,0.0,0.0,0.0,0.0,0.0,0.0,0.0,1.0,1.0,1.0,1.0,1.0
64,14:07:12,0,0.09994222992489887,1130915.0,0.099845946466397,0.09974966300789534,6.617483528989742e-06,0.09955709609089158,1.7110971565639908e-05,0.09936452917388805,4.252517361365912e-06,0.0991719622568843,1.8734215723005953e-05,0.09897939533988054,5.601979324448097e-06,0.09994222992489887,0.0007284943573567887,0.0,0.0,0.0,0.0,0.0,0.0,0.0,0.0,1.0,1.0,1.0,1.0,1.0
64,14:07:15,0,0.09994222992489887,2204817.0,0.099845946466397,0.09974966300789534,6.368137268257631e-06,0.09955709609089158,1.7110971565639908e-05,0.09936452917388805,4.202648109219489e-06,0.0991719622568843,1.8734215723005953e-05,0.09897939533988054,5.58535624039929e-06,0.09994222992489887,0.0007227760164439989,0.0,0.0,0.0,0.0,0.0,0.0,0.0,0.0,1.0,1.0,1.0,1.0,1.0
64,14:07:18,0,0.09974966300789534,1827830.0,0.099845946466397,0.09974966300789534,1.363242499758647e-05,0.09955709609089158,1.7110971565639908e-05,0.09936452917388805,4.1195326889754526e-06,0.0991719622568843,1.8750838807054758e-05,0.09897939533988054,5.552110072301675e-06,0.09994222992489887,0.0007184706376753577,0.0,0.0,0.0,0.0,0.0,0.0,0.0,0.0,1.0,1.0,1.0,1.0,1.0
64,14:07:21,0,0.09974966300789534,845338.0,0.099845946466397,0.09974966300789534,1.4679679292661337e-05,0.09955709609089158,1.6977986893249448e-05,0.09936452917388805,4.1195326889754526e-06,0.0991719622568843,1.8750838807054758e-05,0.09897939533988054,5.552110072301675e-06,0.09994222992489887,0.0007165756060937938,0.0,0.0,0.0,0.0,0.0,0.0,0.0,0.0,1.0,1.0,1.0,1.0,1.0
64,14:07:24,0,0.09994222992489887,1107994.0,0.099845946466397,0.09974966300789534,1.3615801913537662e-05,0.09955709609089158,1.6977986893249448e-05,0.09936452917388805,4.102909604926645e-06,0.0991719622568843,1.886720039539641e-05,0.09897939533988054,5.552110072301675e-06,0.09994222992489887,0.0007136000740490572,0.0,0.0,0.0,0.0,0.0,0.0,0.0,0.0,1.0,1.0,1.0,1.0,1.0
64,14:07:27,0,0.09974966300789534,588291.0,0.099845946466397,0.09974966300789534,1.3449571073049588e-05,0.09955709609089158,1.716084081778633e-05,0.09936452917388805,4.102909604926645e-06,0.0991719622568843,1.886720039539641e-05,0.09897939533988054,5.552110072301675e-06,0.09994222992489887,0.0007124697043337383,0.0,0.0,0.0,0.0,0.0,0.0,0.0,0.0,1.0,1.0,1.0,1.0,1.0
64,14:07:30,0,0.09974966300789534,616829.0,0.099845946466397,0.09974966300789534,1.318360172826867e-05,0.09955709609089158,1.760966408710413e-05,0.09936452917388805,4.102909604926645e-06,0.0991719622568843,1.886720039539641e-05,0.09897939533988054,5.552110072301675e-06,0.09994222992489887,0.0007125694428380311,0.0,0.0,0.0,0.0,0.0,0.0,0.0,0.0,1.0,1.0,1.0,1.0,1.0
64,14:07:33,0,0.09994222992489887,439819.0,0.099845946466397,0.09974966300789534,1.401475593070904e-05,0.09955709609089158,1.7642910255201744e-05,0.09936452917388805,4.102909604926645e-06,0.0991719622568843,1.888382347944522e-05,0.09897939533988054,1.3963390600998225e-06,0.09994222992489887,0.0007123865889134943,0.0,0.0,0.0,0.0,0.0,0.0,0.0,0.0,1.0,1.0,1.0,1.0,1.0
64,14:07:36,0,0.09994222992489887,319869.0,0.099845946466397,0.09974966300789534,1.5776802839882627e-05,0.09955709609089158,1.772602567544578e-05,0.09936452917388805,4.036417268731416e-06,0.0991719622568843,1.886720039539641e-05,0.09897939533988054,1.3963390600998225e-06,0.09994222992489887,0.0007138327972257406,0.0,0.0,0.0,0.0,0.0,0.0,0.0,0.0,1.0,1.0,1.0,1.0,1.0
64,14:07:39,0,0.09974966300789534,1605012.0,0.099845946466397,0.09974966300789534,1.5012140973637484e-05,0.09955709609089158,1.7759271843543397e-05,0.09936452917388805,4.036417268731416e-06,0.0991719622568843,1.8917069647542835e-05,0.09897939533988054,1.3963390600998225e-06,0.09994222992489887,0.0007116385501312979,0.0,0.0,0.0,0.0,0.0,0.0,0.0,0.0,1.0,1.0,1.0,1.0,1.0
64,14:07:42,0,0.09974966300789534,713961.0,0.099845946466397,0.09974966300789534,1.4762794712905374e-05,0.09955709609089158,1.792550268403147e-05,0.09936452917388805,4.036417268731416e-06,0.0991719622568843,1.8917069647542835e-05,0.09897939533988054,1.3963390600998225e-06,0.09994222992489887,0.0007105746727521742,0.0,0.0,0.0,0.0,0.0,0.0,0.0,0.0,1.0,1.0,1.0,1.0,1.0
64,14:07:45,0,0.09974966300789534,885324.0,0.099845946466397,0.09974966300789534,1.4413709947880417e-05,0.09955709609089158,1.794212576808028e-05,0.09936452917388805,1.6789314889295486e-06,0.0991719622568843,1.8917069647542835e-05,0.09897939533988054,1.3963390600998225e-06,0.09994222992489887,0.0007117881578877373,0.0,0.0,0.0,0.0,0.0,0.0,0.0,0.0,1.0,1.0,1.0,1.0,1.0
64,14:07:48,0,0.09994222992489887,354122.0,0.099845946466397,0.09974966300789534,1.542771807485767e-05,0.09955709609089158,1.792550268403147e-05,0.09936452917388805,1.6789314889295486e-06,0.0991719622568843,1.8917069647542835e-05,0.09897939533988054,1.3963390600998225e-06,0.09994222992489887,0.000711721665551542,0.0,0.0,0.0,0.0,0.0,0.0,0.0,0.0,1.0,1.0,1.0,1.0,1.0
64,14:07:51,0,0.09974966300789534,6523093.0,0.099845946466397,0.09974966300789534,1.5444341158906477e-05,0.09955709609089158,1.769277950734817e-05,0.09936452917388805,1.7121776570271633e-06,0.0991719622568843,1.8900446563494027e-05,0.09897939533988054,1.3963390600998225e-06,0.09994222992489887,0.0006929209574923408,0.0,0.0,0.0,0.0,0.0,0.0,0.0,0.0,1.0,1.0,1.0,1.0,1.0
64,14:07:54,0,0.09994222992489887,1427791.0,0.099845946466397,0.09974966300789534,1.2119724349144995e-05,0.09955709609089158,1.772602567544578e-05,0.09936452917388805,1.7121776570271633e-06,0.0991719622568843,1.8900446563494027e-05,0.09897939533988054,1.3298467239045928e-06,0.09994222992489887,0.0006927879728199503,0.0,0.0,0.0,0.0,0.0,0.0,0.0,0.0,1.0,1.0,1.0,1.0,1.0
64,14:07:57,0,0.09974966300789534,931018.0,0.099845946466397,0.09974966300789534,1.2901009299438944e-05,0.09955709609089158,1.7709402591396976e-05,0.09936452917388805,1.3797159760510151e-06,0.0991719622568843,1.8900446563494027e-05,0.09897939533988054,1.3298467239045928e-06,0.09994222992489887,0.0006913085183396064,0.0,0.0,0.0,0.0,0.0,0.0,0.0,0.0,1.0,1.0,1.0,1.0,1.0
64,14:08:00,0,0.09974966300789534,2838407.0,0.099845946466397,0.09974966300789534,7.830968664552683e-06,0.09955709609089158,1.830783361715404e-05,0.09936452917388805,1.3797159760510151e-06,0.0991719622568843,1.893369273159164e-05,0.09897939533988054,1.3298467239045928e-06,0.09994222992489887,0.0006910093028267279,0.0,0.0,0.0,0.0,0.0,0.0,0.0,0.0,1.0,1.0,1.0,1.0,1.0
64,14:08:03,0,0.09994222992489887,982335.0,0.099845946466397,0.09974966300789534,6.4180065204040535e-06,0.09955709609089158,1.8241341280958812e-05,0.09936452917388805,1.3797159760510151e-06,0.0991719622568843,1.8950315815640447e-05,0.09897939533988054,1.3298467239045928e-06,0.09994222992489887,0.000704906201091531,0.0,0.0,0.0,0.0,0.0,0.0,0.0,0.0,1.0,1.0,1.0,1.0,1.0
64,14:08:06,0,0.09974966300789534,450680.0,0.099845946466397,0.09974966300789534,6.253271757480372e-06,0.09955709609089158,1.9521318752716982e-05,0.09936452917388805,1.3797159760510151e-06,0.0991719622568843,1.8950315815640447e-05,0.09897939533988054,1.3298467239045928e-06,0.09994222992489887,0.0007048563318393845,0.0,0.0,0.0,0.0,0.0,0.0,0.0,0.0,1.0,1.0,1.0,1.0,1.0
64,14:08:09,0,0.09974966300789534,1205125.0,0.099845946466397,0.09974966300789534,4.6075864366484385e-06,0.09955709609089158,1.7825764179738626e-05,0.09936452917388805,1.3797159760510151e-06,0.0991719622568843,1.8950315815640447e-05,0.09897939533988054,1.3298467239045928e-06,0.09994222992489887,0.0007032937619387966,0.0,0.0,0.0,0.0,0.0,0.0,0.0,0.0,1.0,1.0,1.0,1.0,1.0
64,14:08:12,0,0.09974966300789534,628245.0,0.099845946466397,0.09974966300789534,4.009155410891371e-06,0.09955709609089158,1.780914109568982e-05,0.09936452917388805,1.3464698079534002e-06,0.0991719622568843,1.8950315815640447e-05,0.09897939533988054,1.3298467239045928e-06,0.09994222992489887,0.0007055212552013368,0.0,0.0,0.0,0.0,0.0,0.0,0.0,0.0,1.0,1.0,1.0,1.0,1.0
64,14:08:15,0,0.09974966300789534,902438.0,0.099845946466397,0.09974966300789534,5.30575596669835e-06,0.09955709609089158,1.7792518011641013e-05,0.09936452917388805,1.3464698079534002e-06,0.0991719622568843,1.8950315815640447e-05,0.09897939533988054,1.3298467239045928e-06,0.09994222992489887,0.0007044573778222131,0.0,0.0,0.0,0.0,0.0,0.0,0.0,0.0,1.0,1.0,1.0,1.0,1.0
64,14:08:18,0,0.09994222992489887,811038.0,0.099845946466397,0.09974966300789534,6.0870409169922975e-06,0.09955709609089158,1.780914109568982e-05,0.09936452917388805,1.3464698079534002e-06,0.0991719622568843,1.8950315815640447e-05,0.09897939533988054,1.3298467239045928e-06,0.09994222992489887,0.0007042412777295787,0.0,0.0,0.0,0.0,0.0,0.0,0.0,0.0,1.0,1.0,1.0,1.0,1.0
64,14:08:21,0,0.09994222992489887,679692.0,0.099845946466397,0.09974966300789534,6.103664001041105e-06,0.09955709609089158,1.774264875949459e-05,0.09936452917388805,1.3464698079534002e-06,0.0991719622568843,1.9149792824226137e-05,0.09897939533988054,1.3298467239045928e-06,0.09994222992489887,0.0007039088160486025,0.0,0.0,0.0,0.0,0.0,0.0,0.0,0.0,1.0,1.0,1.0,1.0,1.0
64,14:08:24,0,0.09974966300789534,1730616.0,0.099845946466397,0.09974966300789534,4.358240175916327e-06,0.09955709609089158,1.774264875949459e-05,0.09936452917388805,1.3464698079534002e-06,0.0991719622568843,1.9149792824226137e-05,0.09897939533988054,1.3298467239045928e-06,0.09994222992489887,0.0007339134827566998,0.0,0.0,0.0,0.0,0.0,0.0,0.0,0.0,1.0,1.0,1.0,1.0,1.0
64,14:08:27,0,0.09994222992489887,942355.0,0.099845946466397,0.09974966300789534,3.4107243851343043e-06,0.09955709609089158,1.6761886800614953e-05,0.09936452917388805,1.3464698079534002e-06,0.0991719622568843,1.9149792824226137e-05,0.09897939533988054,1.3298467239045928e-06,0.09994222992489887,0.0007349274908836772,0.0,0.0,0.0,0.0,0.0,0.0,0.0,0.0,1.0,1.0,1.0,1.0,1.0
64,14:08:30,0,0.09994222992489887,593988.0,0.099845946466397,0.09974966300789534,2.579570182693934e-06,0.09955709609089158,1.6861625304907798e-05,0.09936452917388805,1.3132236398557854e-06,0.0991719622568843,1.9149792824226137e-05,0.09897939533988054,1.3298467239045928e-06,0.09994222992489887,0.0007344620445303105,0.0,0.0,0.0,0.0,0.0,0.0,0.0,0.0,1.0,1.0,1.0,1.0,1.0
64,14:08:33,0,0.09974966300789534,1210799.0,0.099845946466397,0.09974966300789534,5.18307760641815e-07,0.09955709609089158,1.6977986893249448e-05,0.09936452917388805,1.3132236398557854e-06,0.0991719622568843,1.9149792824226137e-05,0.09897939533988054,1.3298467239045928e-06,0.09994222992489887,0.0007349607370517748,0.0,0.0,0.0,0.0,0.0,0.0,0.0,0.0,1.0,1.0,1.0,1.0,1.0
64,14:08:36,0,0.09974966300789534,508337.0,0.099845946466397,0.09974966300789534,8.673925256667707e-07,0.09955709609089158,1.6977986893249448e-05,0.09936452917388805,1.3132236398557854e-06,0.0991719622568843,1.9149792824226137e-05,0.09897939533988054,1.3298467239045928e-06,0.09994222992489887,0.0007335145287395285,0.0,0.0,0.0,0.0,0.0,0.0,0.0,0.0,1.0,1.0,1.0,1.0,1.0
64,14:08:39,0,0.09994222992489887,1439353.0,0.099845946466397,0.09974966300789534,4.3519234039777804e-07,0.09955709609089158,1.7343694742323214e-05,0.09936452917388805,1.3132236398557854e-06,0.0991719622568843,1.9149792824226137e-05,0.09897939533988054,1.3298467239045928e-06,0.09994222992489887,0.0007303062735181087,0.0,0.0,0.0,0.0,0.0,0.0,0.0,0.0,1.0,1.0,1.0,1.0,1.0
64,14:08:42,0,0.09974966300789534,737760.0,0.099845946466397,0.09974966300789534,1.1636158834165187e-07,0.09955709609089158,1.749330249876248e-05,0.09936452917388805,1.3132236398557854e-06,0.0991719622568843,1.919966207637256e-05,0.09897939533988054,1.3298467239045928e-06,0.09994222992489887,0.0007300871812703453,0.0,0.0,0.0,0.0,0.0,0.0,0.0,0.0,1.0,1.0,1.0,1.0,1.0
64,14:08:45,0,0.09974966300789534,611106.0,0.09965337954939346,0.09955709609089158,1.7443433246616055e-05,0.09936452917388805,1.296600555806978e-06,0.0991719622568843,1.9282777496616598e-05,0.09897939533988054,1.3298467239045928e-06,0.098786828422877,8.145311183915631e-07,0.09974966300789534,9.408665571624995e-06,0.09994222992489887,0.0007301536736065407,0.0,0.0,0.0,0.0,0.0,0.0,1.0,1.0,1.0,1.0,1.0
64,14:08:48,0,0.09974966300789534,5431326.0,0.09965337954939346,0.09955709609089158,1.6745263716566145e-05,0.09936452917388805,1.2633543877093633e-06,0.0991719622568843,1.9282777496616598e-05,0.09897939533988054,1.3298467239045928e-06,0.098786828422877,8.145311183915631e-07,0.09974966300789534,1.014008126977252e-06,0.09994222992489887,0.0007259646564262411,0.0,0.0,0.0,0.0,0.0,0.0,1.0,1.0,1.0,1.0,1.0
64,14:08:51,0,0.09974966300789534,422604.0,0.09965337954939346,0.09955709609089158,1.7991995020226702e-05,0.09936452917388805,1.2633543877093633e-06,0.0991719622568843,1.9282777496616598e-05,0.09897939533988054,1.3298467239045928e-06,0.098786828422877,8.145311183915631e-07,0.09974966300789534,8.644003705379854e-07,0.09994222992489887,0.0007259979025943387,0.0,0.0,0.0,0.0,0.0,0.0,1.0,1.0,1.0,1.0,1.0
64,14:08:54,0,0.09974966300789534,342653.0,0.09965337954939346,0.09955709609089158,1.875665688647184e-05,0.09936452917388805,1.2633543877093633e-06,0.0991719622568843,1.9282777496616598e-05,0.09897939533988054,1.3298467239045928e-06,0.098786828422877,7.314156981475261e-07,0.09974966300789534,2.37710101897946e-06,0.09994222992489887,0.0007262971181072172,0.0,0.0,0.0,0.0,0.0,0.0,1.0,1.0,1.0,1.0,1.0
64,14:08:57,0,0.09974966300789534,1027980.0,0.09965337954939346,0.09955709609089158,1.8972756979106338e-05,0.09936452917388805,1.2633543877093633e-06,0.0991719622568843,1.9282777496616598e-05,0.09897939533988054,1.3298467239045928e-06,0.098786828422877,7.314156981475261e-07,0.09974966300789534,6.150541098058742e-07,0.09994222992489887,0.000726064394930534,0.0,0.0,0.0,0.0,0.0,0.0,1.0,1.0,1.0,1.0,1.0
64,14:09:00,0,0.09974966300789534,896626.0,0.09965337954939346,0.09955709609089158,1.8390949037398078e-05,0.09936452917388805,1.2633543877093633e-06,0.0991719622568843,1.9282777496616598e-05,0.09897939533988054,1.3298467239045928e-06,0.098786828422877,7.314156981475261e-07,0.09974966300789534,1.014008126977252e-06,0.09994222992489887,0.0007266295797881935,0.0,0.0,0.0,0.0,0.0,0.0,1.0,1.0,1.0,1.0,1.0
64,14:09:03,0,0.09974966300789534,708128.0,0.099845946466397,0.09974966300789534,1.047254295074867e-06,0.09955709609089158,1.7825764179738626e-05,0.09936452917388805,1.2633543877093633e-06,0.0991719622568843,1.926615441256779e-05,0.09897939533988054,1.3132236398557854e-06,0.09994222992489887,0.0007260311487624364,0.0,0.0,0.0,0.0,0.0,0.0,0.0,0.0,1.0,1.0,1.0,1.0,1.0
64,14:09:06,0,0.09974966300789534,644884.0,0.099845946466397,0.09974966300789534,5.334347671262298e-07,0.09955709609089158,1.7792518011641013e-05,0.09936452917388805,1.2633543877093633e-06,0.0991719622568843,1.926615441256779e-05,0.09897939533988054,1.3132236398557854e-06,0.09994222992489887,0.0007256820639974114,0.0,0.0,0.0,0.0,0.0,0.0,0.0,0.0,1.0,1.0,1.0,1.0,1.0
64,14:09:09,0,0.09994222992489887,5340591.0,0.099845946466397,0.09974966300789534,2.3272317668330374e-07,0.09955709609089158,1.7910375677547057e-05,0.09936452917388805,1.2633543877093633e-06,0.0991719622568843,1.926615441256779e-05,0.09897939533988054,1.4628313962950522e-06,0.09994222992489887,0.0007134308510534403,0.0,0.0,0.0,0.0,0.0,0.0,0.0,0.0,1.0,1.0,1.0,1.0,1.0
64,14:09:12,0,0.09974966300789534,365516.0,0.09965337954939346,0.09955709609089158,1.7228829231545952e-05,0.09936452917388805,1.2633543877093633e-06,0.0991719622568843,1.926615441256779e-05,0.09897939533988054,1.4295852281974373e-06,0.098786828422877,8.311542024403705e-07,0.09974966300789534,9.807619588796372e-07,0.09994222992489887,0.0007146110900209056,0.0,0.0,0.0,0.0,0.0,0.0,1.0,1.0,1.0,1.0,1.0
64,14:09:15,0,0.09974966300789534,873783.0,0.09965337954939346,0.09955709609089158,1.8292706610669628e-05,0.09936452917388805,1.2633543877093633e-06,0.0991719622568843,1.926615441256779e-05,0.09897939533988054,1.4295852281974373e-06,0.098786828422877,8.311542024403705e-07,0.09974966300789534,1.662308404880741e-07,0.09994222992489887,0.0007139627897430022,0.0,0.0,0.0,0.0,0.0,0.0,1.0,1.0,1.0,1.0,1.0
64,14:09:18,0,0.09974966300789534,251297.0,0.099845946466397,0.09974966300789534,5.651848576594519e-07,0.09955709609089158,1.8242837358523204e-05,0.09936452917388805,1.296600555806978e-06,0.0991719622568843,1.9432385253055863e-05,0.09897939533988054,1.4295852281974373e-06,0.09994222992489887,0.0007149435517018819,0.0,0.0,0.0,0.0,0.0,0.0,0.0,0.0,1.0,1.0,1.0,1.0,1.0
64,14:09:21,0,0.09974966300789534,485433.0,0.099845946466397,0.09974966300789534,1.329846723904593e-07,0.09955709609089158,1.8192968106376783e-05,0.09936452917388805,1.296600555806978e-06,0.0991719622568843,1.9432385253055863e-05,0.09897939533988054,1.4295852281974373e-06,0.09994222992489887,0.0007163232676779328,0.0,0.0,0.0,0.0,0.0,0.0,0.0,0.0,1.0,1.0,1.0,1.0,1.0
64,14:09:24,0,0.09974966300789534,428325.0,0.09965337954939346,0.09955709609089158,1.8309329694718436e-05,0.09936452917388805,1.2799774717581707e-06,0.0991719622568843,2.028016253954504e-05,0.09897939533988054,1.4295852281974373e-06,0.098786828422877,8.311542024403705e-07,0.09974966300789534,2.69127730750192e-06,0.09994222992489887,0.0007162900215098352,0.0,0.0,0.0,0.0,0.0,0.0,1.0,1.0,1.0,1.0,1.0
64,14:09:27,0,0.09974966300789534,1090240.0,0.099845946466397,0.09974966300789534,4.573010421826919e-06,0.09955709609089158,1.8492183619255317e-05,0.09936452917388805,1.2799774717581707e-06,0.0991719622568843,2.1194432162229448e-05,0.09897939533988054,1.4295852281974373e-06,0.09994222992489887,0.000717254160384666,0.0,0.0,0.0,0.0,0.0,0.0,0.0,0.0,1.0,1.0,1.0,1.0,1.0
64,14:09:30,0,0.09974966300789534,194185.0,0.099845946466397,0.09974966300789534,4.7558643463638e-06,0.09955709609089158,1.84589374511577e-05,0.09936452917388805,1.2799774717581707e-06,0.0991719622568843,2.1194432162229448e-05,0.09897939533988054,1.3963390600998225e-06,0.09994222992489887,0.000717171044964422,0.0,0.0,0.0,0.0,0.0,0.0,0.0,0.0,1.0,1.0,1.0,1.0,1.0
64,14:09:33,0,0.09994222992489887,668205.0,0.099845946466397,0.09974966300789534,3.2764098660199405e-06,0.09955709609089158,1.8542052871401738e-05,0.09936452917388805,1.2799774717581707e-06,0.0991719622568843,2.1194432162229448e-05,0.09897939533988054,1.3963390600998225e-06,0.09994222992489887,0.0007165227446865185,0.0,0.0,0.0,0.0,0.0,0.0,0.0,0.0,1.0,1.0,1.0,1.0,1.0
64,14:09:36,0,0.09974966300789534,1622480.0,0.09965337954939346,0.09955709609089158,1.8259460442572012e-05,0.09936452917388805,1.296600555806978e-06,0.0991719622568843,2.1194432162229448e-05,0.09897939533988054,1.3797159760510151e-06,0.098786828422877,8.311542024403705e-07,0.09974966300789534,3.165035202892931e-07,0.09994222992489887,0.0007164728754343721,0.0,0.0,0.0,0.0,0.0,0.0,1.0,1.0,1.0,1.0,1.0
64,14:09:39,0,0.09974966300789534,513998.0,0.09965337954939346,0.09955709609089158,1.8409068199011277e-05,0.09936452917388805,1.3132236398557854e-06,0.0991719622568843,2.0363277959789078e-05,0.09897939533988054,1.3797159760510151e-06,0.098786828422877,8.311542024403705e-07,0.09974966300789534,1.662308404880741e-08,0.09994222992489887,0.0007162574402650995,0.0,0.0,0.0,0.0,0.0,0.0,1.0,1.0,1.0,1.0,1.0
64,14:09:42,0,0.09974966300789534,1689216.0,0.09965337954939346,0.09955709609089158,1.681657674713553e-05,0.09936452917388805,1.3132236398557854e-06,0.0991719622568843,2.0363277959789078e-05,0.09897939533988054,1.3797159760510151e-06,0.098786828422877,8.311542024403705e-07,0.09974966300789534,7.314156981475261e-07,0.09994222992489887,0.0007161410786767579,0.0,0.0,0.0,0.0,0.0,0.0,1.0,1.0,1.0,1.0,1.0
64,14:09:45,0,0.09974966300789534,399742.0,0.09965337954939346,0.09955709609089158,1.641762272996415e-05,0.09936452917388805,1.5127006484414744e-06,0.0991719622568843,2.0363277959789078e-05,0.09897939533988054,1.3797159760510151e-06,0.098786828422877,8.311542024403705e-07,0.09974966300789534,2.2607394306378077e-06,0.09994222992489887,0.0007167727558706126,0.0,0.0,0.0,0.0,0.0,0.0,1.0,1.0,1.0,1.0,1.0
64,14:09:48,0,0.09974966300789534,1153543.0,0.09965337954939346,0.09955709609089158,1.5121022174157174e-05,0.09936452917388805,1.5127006484414744e-06,0.0991719622568843,2.047963954813073e-05,0.09897939533988054,1.3797159760510151e-06,0.098786828422877,8.311542024403705e-07,0.09974966300789534,8.47777286489178e-07,0.09994222992489887,0.0007169389867111007,0.0,0.0,0.0,0.0,0.0,0.0,1.0,1.0,1.0,1.0,1.0
64,14:09:51,0,0.09994222992489887,1045078.0,0.09965337954939346,0.09955709609089158,1.5071152922010751e-05,0.09936452917388805,1.5127006484414744e-06,0.0991719622568843,2.049626263217954e-05,0.09897939533988054,1.3797159760510151e-06,0.098786828422877,8.311542024403705e-07,0.09974966300789534,1.1636158834165187e-07,0.09994222992489887,0.0007175374177368578,0.0,0.0,0.0,0.0,0.0,0.0,1.0,1.0,1.0,1.0,1.0
64,14:09:54,0,0.09974966300789534,679600.0,0.09965337954939346,0.09955709609089158,1.4988037501766715e-05,0.09936452917388805,1.5127006484414744e-06,0.0991719622568843,2.049626263217954e-05,0.09897939533988054,1.3797159760510151e-06,0.098786828422877,8.311542024403705e-07,0.09974966300789534,3.4908476502495563e-07,0.09994222992489887,0.000717603910073053,0.0,0.0,0.0,0.0,0.0,0.0,1.0,1.0,1.0,1.0,1.0
64,14:09:57,0,0.09974966300789534,365496.0,0.09965337954939346,0.09955709609089158,1.4838429745327448e-05,0.09936452917388805,1.5127006484414744e-06,0.0991719622568843,2.049626263217954e-05,0.09897939533988054,1.3797159760510151e-06,0.098786828422877,8.311542024403705e-07,0.09974966300789534,2.4934626073211115e-07,0.09994222992489887,0.000717603910073053,0.0,0.0,0.0,0.0,0.0,0.0,1.0,1.0,1.0,1.0,1.0
64,14:10:00,0,0.09974966300789534,582563.0,0.099845946466397,0.09974966300789534,5.153156055130298e-07,0.09955709609089158,1.4705445072936989e-05,0.09936452917388805,1.496077564392667e-06,0.0991719622568843,2.049626263217954e-05,0.09897939533988054,1.3797159760510151e-06,0.09994222992489887,0.0007169389867111007,0.0,0.0,0.0,0.0,0.0,0.0,0.0,0.0,1.0,1.0,1.0,1.0,1.0
64,14:10:03,0,0.09994222992489887,296975.0,0.099845946466397,0.09974966300789534,8.976465386356002e-07,0.09955709609089158,1.4771937409132217e-05,0.09936452917388805,1.579192984636704e-06,0.0991719622568843,2.0446393380033114e-05,0.09897939533988054,1.3797159760510151e-06,0.09994222992489887,0.0007171218406356375,0.0,0.0,0.0,0.0,0.0,0.0,0.0,0.0,1.0,1.0,1.0,1.0,1.0
64,14:10:06,0,0.09974966300789534,382128.0,0.099845946466397,0.09974966300789534,6.331732714190743e-07,0.09955709609089158,1.4738691241034603e-05,0.09936452917388805,1.4295852281974373e-06,0.0991719622568843,2.047963954813073e-05,0.09897939533988054,1.3797159760510151e-06,0.09994222992489887,0.0007169556097951495,0.0,0.0,0.0,0.0,0.0,0.0,0.0,0.0,1.0,1.0,1.0,1.0,1.0
64,14:10:09,0,0.09974966300789534,474051.0,0.099845946466397,0.09974966300789534,2.0331527869255857e-05,0.09955709609089158,1.4439475728156069e-05,0.09936452917388805,1.4295852281974373e-06,0.0991719622568843,2.0463016464081922e-05,0.09897939533988054,1.3797159760510151e-06,0.09994222992489887,0.0007239539281796974,0.0,0.0,0.0,0.0,0.0,0.0,0.0,0.0,1.0,1.0,1.0,1.0,1.0
64,14:10:12,0,0.09994222992489887,662503.0,0.099845946466397,0.09974966300789534,1.9350765910376218e-05,0.09955709609089158,1.4472721896253685e-05,0.09936452917388805,1.4462083122462446e-06,0.0991719622568843,2.047963954813073e-05,0.09897939533988054,1.3797159760510151e-06,0.09994222992489887,0.000724419374533064,0.0,0.0,0.0,0.0,0.0,0.0,0.0,0.0,1.0,1.0,1.0,1.0,1.0
64,14:10:15,0,0.09974966300789534,177050.0,0.099845946466397,0.09974966300789534,1.9251027406083373e-05,0.09955709609089158,1.4472721896253685e-05,0.09936452917388805,1.4462083122462446e-06,0.0991719622568843,2.047963954813073e-05,0.09897939533988054,1.3797159760510151e-06,0.09994222992489887,0.0007241866513563808,0.0,0.0,0.0,0.0,0.0,0.0,0.0,0.0,1.0,1.0,1.0,1.0,1.0
64,14:10:18,0,0.09994222992489887,222739.0,0.099845946466397,0.09974966300789534,1.8868696472960802e-05,0.09955709609089158,1.4472721896253685e-05,0.09936452917388805,1.4628313962950522e-06,0.0991719622568843,2.047963954813073e-05,0.09897939533988054,1.3797159760510151e-06,0.09994222992489887,0.0007246687207937961,0.0,0.0,0.0,0.0,0.0,0.0,0.0,0.0,1.0,1.0,1.0,1.0,1.0
64,14:10:21,0,0.09994222992489887,302713.0,0.099845946466397,0.09974966300789534,1.9649981423254752e-05,0.09955709609089158,1.4489344980302491e-05,0.09936452917388805,1.579192984636704e-06,0.0991719622568843,2.047963954813073e-05,0.09897939533988054,1.3797159760510151e-06,0.09994222992489887,0.0007242697667766248,0.0,0.0,0.0,0.0,0.0,0.0,0.0,0.0,1.0,1.0,1.0,1.0,1.0
64,14:10:24,0,0.09974966300789534,325547.0,0.099845946466397,0.09974966300789534,1.9400635162522642e-05,0.09955709609089158,1.4489344980302491e-05,0.09936452917388805,1.7288007410759707e-06,0.0991719622568843,2.0446393380033114e-05,0.09897939533988054,1.3797159760510151e-06,0.09994222992489887,0.000724154402573326,0.0,0.0,0.0,0.0,0.0,0.0,0.0,0.0,1.0,1.0,1.0,1.0,1.0
64,14:10:27,0,0.09974966300789534,365554.0,0.099845946466397,0.09974966300789534,2.0963205063110538e-05,0.09955709609089158,8.909973050160772e-06,0.09936452917388805,1.7288007410759707e-06,0.0991719622568843,2.0413147211935502e-05,0.09897939533988054,1.3797159760510151e-06,0.09994222992489887,0.0007239549255647404,0.0,0.0,0.0,0.0,0.0,0.0,0.0,0.0,1.0,1.0,1.0,1.0,1.0
64,14:10:30,0,0.09994222992489887,336979.0,0.099845946466397,0.09974966300789534,2.1312289828135492e-05,0.09955709609089158,8.909973050160772e-06,0.09936452917388805,1.7288007410759707e-06,0.0991719622568843,2.0413147211935502e-05,0.09897939533988054,1.3797159760510151e-06,0.09994222992489887,0.0007227913096813239,0.0,0.0,0.0,0.0,0.0,0.0,0.0,0.0,1.0,1.0,1.0,1.0,1.0
64,14:10:33,0,0.09994222992489887,622534.0,0.099845946466397,0.09974966300789534,2.101307431525696e-05,0.09955709609089158,9.342173235429765e-06,0.09936452917388805,1.7288007410759707e-06,0.0991719622568843,2.034665487574027e-05,0.09897939533988054,1.3797159760510151e-06,0.09994222992489887,0.0007299059896542134,0.0,0.0,0.0,0.0,0.0,0.0,0.0,0.0,1.0,1.0,1.0,1.0,1.0
64,14:10:36,0,0.09994222992489887,742468.0,0.099845946466397,0.09974966300789534,1.9633358339205944e-05,0.09955709609089158,9.358796319478573e-06,0.09936452917388805,1.496077564392667e-06,0.0991719622568843,2.0363277959789078e-05,0.09897939533988054,1.0539035286943898e-05,0.09994222992489887,0.0007303215667554335,0.0,0.0,0.0,0.0,0.0,0.0,0.0,0.0,1.0,1.0,1.0,1.0,1.0
64,14:10:39,0,0.09974966300789534,32266771.0,0.099845946466397,0.09974966300789534,1.4962271721491062e-05,0.09955709609089158,9.358796319478573e-06,0.09936452917388805,1.3797159760510151e-06,0.0991719622568843,2.0363277959789078e-05,0.09897939533988054,1.0539035286943898e-05,0.09994222992489887,0.0006413880670943139,0.0,0.0,0.0,0.0,0.0,0.0,0.0,0.0,1.0,1.0,1.0,1.0,1.0
64,14:10:42,0,0.09994222992489887,2878833.0,0.099845946466397,0.09974966300789534,1.7638588253349057e-05,0.09955709609089158,9.50840407591784e-06,0.09936452917388805,1.3797159760510151e-06,0.0991719622568843,2.0379901043837886e-05,0.09897939533988054,1.058890453909032e-05,0.09994222992489887,0.000632577832548446,0.0,0.0,0.0,0.0,0.0,0.0,0.0,0.0,1.0,1.0,1.0,1.0,1.0
64,14:10:45,0,0.09974966300789534,936716.0,0.099845946466397,0.09974966300789534,1.6957041807347952e-05,0.09955709609089158,9.425288655673801e-06,0.09936452917388805,1.3797159760510151e-06,0.0991719622568843,2.054613188432596e-05,0.09897939533988054,1.058890453909032e-05,0.09994222992489887,0.0006316635629257615,0.0,0.0,0.0,0.0,0.0,0.0,0.0,0.0,1.0,1.0,1.0,1.0,1.0
64,14:10:48,0,0.09974966300789534,1050875.0,0.099845946466397,0.09974966300789534,1.5211617982223173e-05,0.09955709609089158,9.491780991869032e-06,0.09936452917388805,1.296600555806978e-06,0.0991719622568843,2.0562754968374767e-05,0.09897939533988054,1.058890453909032e-05,0.09994222992489887,0.0006309820164797605,0.0,0.0,0.0,0.0,0.0,0.0,0.0,0.0,1.0,1.0,1.0,1.0,1.0
64,14:10:51,0,0.09994222992489887,285569.0,0.099845946466397,0.09974966300789534,1.843649628769181e-05,0.09955709609089158,9.491780991869032e-06,0.09936452917388805,1.3464698079534002e-06,0.0991719622568843,2.052950880027715e-05,0.09897939533988054,1.058890453909032e-05,0.09994222992489887,0.0006310983780681022,0.0,0.0,0.0,0.0,0.0,0.0,0.0,0.0,1.0,1.0,1.0,1.0,1.0
64,14:10:54,0,0.09994222992489887,1296491.0,0.099845946466397,0.09974966300789534,1.6691072462567034e-05,0.09955709609089158,9.458534823771417e-06,0.09936452917388805,1.3464698079534002e-06,0.0991719622568843,2.052950880027715e-05,0.09897939533988054,1.058890453909032e-05,0.09994222992489887,0.0006314973320852735,0.0,0.0,0.0,0.0,0.0,0.0,0.0,0.0,1.0,1.0,1.0,1.0,1.0
64,14:10:57,0,0.09994222992489887,199901.0,0.099845946466397,0.09974966300789534,1.6957041807347952e-05,0.09955709609089158,9.458534823771417e-06,0.09936452917388805,1.5127006484414744e-06,0.0991719622568843,2.0512885716228347e-05,0.09897939533988054,1.058890453909032e-05,0.09994222992489887,0.0006322952401196163,0.0,0.0,0.0,0.0,0.0,0.0,0.0,0.0,1.0,1.0,1.0,1.0,1.0
64,14:11:00,0,0.09994222992489887,519768.0,0.099845946466397,0.09974966300789534,1.6691072462567034e-05,0.09955709609089158,9.009711554453616e-06,0.09936452917388805,1.5293237324902818e-06,0.0991719622568843,2.052950880027715e-05,0.09897939533988054,1.058890453909032e-05,0.09994222992489887,0.0006317799245141033,0.0,0.0,0.0,0.0,0.0,0.0,0.0,0.0,1.0,1.0,1.0,1.0,1.0
64,14:11:03,0,0.09994222992489887,422639.0,0.099845946466397,0.09974966300789534,1.6275495361346847e-05,0.09955709609089158,9.142696226844075e-06,0.09936452917388805,1.5293237324902818e-06,0.0991719622568843,2.052950880027715e-05,0.09897939533988054,1.058890453909032e-05,0.09994222992489887,0.0006320458938588842,0.0,0.0,0.0,0.0,0.0,0.0,0.0,0.0,1.0,1.0,1.0,1.0,1.0
64,14:11:06,0,0.09994222992489887,1221833.0,0.099845946466397,0.09974966300789534,1.6692568540131426e-05,0.09955709609089158,9.142696226844075e-06,0.09936452917388805,1.5293237324902818e-06,0.0991719622568843,2.052950880027715e-05,0.09897939533988054,1.058890453909032e-05,0.09994222992489887,0.000629552431251563,0.0,0.0,0.0,0.0,0.0,0.0,0.0,0.0,1.0,1.0,1.0,1.0,1.0
64,14:11:09,0,0.09974966300789534,1302215.0,0.099845946466397,0.09974966300789534,1.4947144715006647e-05,0.09955709609089158,9.175942394941691e-06,0.09936452917388805,1.5293237324902818e-06,0.0991719622568843,2.052950880027715e-05,0.09897939533988054,1.058890453909032e-05,0.09994222992489887,0.0006279067459307312,0.0,0.0,0.0,0.0,0.0,0.0,0.0,0.0,1.0,1.0,1.0,1.0,1.0
64,14:11:12,0,0.09994222992489887,399802.0,0.099845946466397,0.09974966300789534,1.4381959857347196e-05,0.09955709609089158,9.142696226844075e-06,0.09936452917388805,1.5625699005878965e-06,0.0991719622568843,2.052950880027715e-05,0.09897939533988054,1.058890453909032e-05,0.09994222992489887,0.000627657399669999,0.0,0.0,0.0,0.0,0.0,0.0,0.0,0.0,1.0,1.0,1.0,1.0,1.0
64,14:11:15,0,0.09994222992489887,1267961.0,0.099845946466397,0.09974966300789534,1.3301459394174714e-05,0.09955709609089158,9.175942394941691e-06,0.09936452917388805,1.579192984636704e-06,0.0991719622568843,2.052950880027715e-05,0.09897939533988054,1.058890453909032e-05,0.09994222992489887,0.0006275077919135597,0.0,0.0,0.0,0.0,0.0,0.0,0.0,0.0,1.0,1.0,1.0,1.0,1.0
64,14:11:18,0,0.09974966300789534,930992.0,0.099845946466397,0.09974966300789534,1.2403812855539114e-05,0.09955709609089158,9.325550151380957e-06,0.09936452917388805,1.579192984636704e-06,0.0991719622568843,2.052950880027715e-05,0.09897939533988054,1.058890453909032e-05,0.09994222992489887,0.0006257457450043861,0.0,0.0,0.0,0.0,0.0,0.0,0.0,0.0,1.0,1.0,1.0,1.0,1.0
64,14:11:21,0,0.09974966300789534,685350.0,0.099845946466397,0.09974966300789534,1.107396613163452e-05,0.09955709609089158,9.358796319478573e-06,0.09936452917388805,1.579192984636704e-06,0.0991719622568843,2.052950880027715e-05,0.09897939533988054,1.058890453909032e-05,0.09994222992489887,0.0006256460065000933,0.0,0.0,0.0,0.0,0.0,0.0,0.0,0.0,1.0,1.0,1.0,1.0,1.0
64,14:11:24,0,0.09974966300789534,279860.0,0.099845946466397,0.09974966300789534,1.1489543232854705e-05,0.09955709609089158,8.594134453233431e-06,0.09936452917388805,1.579192984636704e-06,0.0991719622568843,2.052950880027715e-05,0.09897939533988054,1.058890453909032e-05,0.09994222992489887,0.000624465767532628,0.0,0.0,0.0,0.0,0.0,0.0,0.0,0.0,1.0,1.0,1.0,1.0,1.0
64,14:11:27,0,0.09974966300789534,776735.0,0.099845946466397,0.09974966300789534,1.1107212299732136e-05,0.09955709609089158,8.461149780842972e-06,0.09936452917388805,1.8119161613200078e-06,0.0991719622568843,2.0596001136472383e-05,0.09897939533988054,1.058890453909032e-05,0.09994222992489887,0.000624033567347359,0.0,0.0,0.0,0.0,0.0,0.0,0.0,0.0,1.0,1.0,1.0,1.0,1.0
64,14:11:30,0,0.09974966300789534,439771.0,0.099845946466397,0.09974966300789534,1.0641765946365529e-05,0.09955709609089158,8.41128052869655e-06,0.09936452917388805,1.8119161613200078e-06,0.0991719622568843,2.0596001136472383e-05,0.09897939533988054,1.058890453909032e-05,0.09994222992489887,0.0006242829136080911,0.0,0.0,0.0,0.0,0.0,0.0,0.0,0.0,1.0,1.0,1.0,1.0,1.0
64,14:11:33,0,0.09994222992489887,713937.0,0.099845946466397,0.09974966300789534,9.777365575827543e-06,0.09955709609089158,8.378034360598936e-06,0.09936452917388805,1.895031581564045e-06,0.0991719622568843,2.0596001136472383e-05,0.09897939533988054,1.058890453909032e-05,0.09994222992489887,0.0006236346133301876,0.0,0.0,0.0,0.0,0.0,0.0,0.0,0.0,1.0,1.0,1.0,1.0,1.0
64,14:11:36,0,0.09974966300789534,131366.0,0.099845946466397,0.09974966300789534,1.0076581088706077e-05,0.09955709609089158,8.378034360598936e-06,0.09936452917388805,1.895031581564045e-06,0.0991719622568843,2.0579378052423575e-05,0.09897939533988054,1.058890453909032e-05,0.09994222992489887,0.0006237842210866269,0.0,0.0,0.0,0.0,0.0,0.0,0.0,0.0,1.0,1.0,1.0,1.0,1.0
64,14:11:39,0,0.09974966300789534,1290794.0,0.099845946466397,0.09974966300789534,8.680242028606254e-06,0.09955709609089158,8.494395948940587e-06,0.09936452917388805,1.895031581564045e-06,0.0991719622568843,2.0579378052423575e-05,0.09897939533988054,1.058890453909032e-05,0.09994222992489887,0.0006220387972615021,0.0,0.0,0.0,0.0,0.0,0.0,0.0,0.0,1.0,1.0,1.0,1.0,1.0
64,14:11:42,0,0.09994222992489887,725390.0,0.099845946466397,0.09974966300789534,8.264664927386068e-06,0.09955709609089158,8.511019032989395e-06,0.09936452917388805,1.895031581564045e-06,0.0991719622568843,2.0579378052423575e-05,0.09897939533988054,1.058890453909032e-05,0.09994222992489887,0.0006209749198823784,0.0,0.0,0.0,0.0,0.0,0.0,0.0,0.0,1.0,1.0,1.0,1.0,1.0
64,14:11:45,0,0.09974966300789534,279864.0,0.099845946466397,0.09974966300789534,9.21218071816809e-06,0.09955709609089158,8.976465386356002e-06,0.09936452917388805,1.895031581564045e-06,0.0991719622568843,2.0579378052423575e-05,0.09897939533988054,1.058890453909032e-05,0.09994222992489887,0.0006209582967983296,0.0,0.0,0.0,0.0,0.0,0.0,0.0,0.0,1.0,1.0,1.0,1.0,1.0
64,14:11:48,0,0.09994222992489887,748259.0,0.099845946466397,0.09974966300789534,9.062572961728823e-06,0.09955709609089158,8.976465386356002e-06,0.09936452917388805,1.895031581564045e-06,0.0991719622568843,2.0579378052423575e-05,0.09897939533988054,1.058890453909032e-05,0.09994222992489887,0.0006191297575529608,0.0,0.0,0.0,0.0,0.0,0.0,0.0,0.0,1.0,1.0,1.0,1.0,1.0
64,14:11:51,0,0.09994222992489887,211318.0,0.099845946466397,0.09974966300789534,9.21218071816809e-06,0.09955709609089158,8.976465386356002e-06,0.09936452917388805,1.895031581564045e-06,0.0991719622568843,2.0579378052423575e-05,0.09897939533988054,1.058890453909032e-05,0.09994222992489887,0.0006194954654020346,0.0,0.0,0.0,0.0,0.0,0.0,0.0,0.0,1.0,1.0,1.0,1.0,1.0
64,14:11:54,0,0.09994222992489887,788238.0,0.099845946466397,0.09974966300789534,1.0226188845145344e-05,0.09955709609089158,9.009711554453616e-06,0.09936452917388805,1.895031581564045e-06,0.0991719622568843,2.047963954813073e-05,0.09897939533988054,1.0605527623139128e-05,0.09994222992489887,0.0006183152264345693,0.0,0.0,0.0,0.0,0.0,0.0,0.0,0.0,1.0,1.0,1.0,1.0,1.0
64,14:11:57,0,0.09994222992489887,611167.0,0.099845946466397,0.09974966300789534,1.0126450340852499e-05,0.09955709609089158,8.959842302307194e-06,0.09936452917388805,1.895031581564045e-06,0.0991719622568843,2.047963954813073e-05,0.09897939533988054,1.0605527623139128e-05,0.09994222992489887,0.0006175006953161777,0.0,0.0,0.0,0.0,0.0,0.0,0.0,0.0,1.0,1.0,1.0,1.0,1.0
64,14:12:00,0,0.09994222992489887,3341493.0,0.099845946466397,0.09974966300789534,9.72749632368112e-06,0.09955709609089158,8.959842302307194e-06,0.09936452917388805,2.177624010393771e-06,0.0991719622568843,2.047963954813073e-05,0.09897939533988054,1.0605527623139128e-05,0.09994222992489887,0.0006079922912402598,0.0,0.0,0.0,0.0,0.0,0.0,0.0,0.0,1.0,1.0,1.0,1.0,1.0
64,14:12:03,0,0.09994222992489887,1159420.0,0.099845946466397,0.09974966300789534,8.497388104069373e-06,0.09955709609089158,9.076203890648847e-06,0.09936452917388805,2.177624010393771e-06,0.0991719622568843,2.0413147211935502e-05,0.09897939533988054,1.0605527623139128e-05,0.09994222992489887,0.0006067788061046969,0.0,0.0,0.0,0.0,0.0,0.0,0.0,0.0,1.0,1.0,1.0,1.0,1.0
64,14:12:06,0,0.09994222992489887,325033.0,0.099845946466397,0.09974966300789534,8.731607358317068e-06,0.09955709609089158,8.92659613420958e-06,0.09936452917388805,2.3438548508818448e-06,0.0991719622568843,2.0413147211935502e-05,0.09897939533988054,1.0605527623139128e-05,0.09994222992489887,0.0006101865383347024,0.0,0.0,0.0,0.0,0.0,0.0,0.0,0.0,1.0,1.0,1.0,1.0,1.0
64,14:12:09,0,0.09994222992489887,1604872.0,0.099845946466397,0.09974966300789534,5.539975220946046e-06,0.09955709609089158,8.843480713965543e-06,0.09936452917388805,2.3604779349306524e-06,0.0991719622568843,2.0413147211935502e-05,0.09897939533988054,1.0605527623139128e-05,0.09994222992489887,0.0006088566916107978,0.0,0.0,0.0,0.0,0.0,0.0,0.0,0.0,1.0,1.0,1.0,1.0,1.0
64,14:12:12,0,0.09994222992489887,805366.0,0.099845946466397,0.09974966300789534,5.6397137252388905e-06,0.09955709609089158,8.760365293721506e-06,0.09936452917388805,2.3604779349306524e-06,0.0991719622568843,2.0413147211935502e-05,0.09897939533988054,1.0605527623139128e-05,0.09994222992489887,0.0006077429449795278,0.0,0.0,0.0,0.0,0.0,0.0,0.0,0.0,1.0,1.0,1.0,1.0,1.0
64,14:12:15,0,0.09994222992489887,1393607.0,0.099845946466397,0.09974966300789534,3.7613052277236528e-06,0.09955709609089158,8.776988377770313e-06,0.09936452917388805,2.37710101897946e-06,0.0991719622568843,2.0413147211935502e-05,0.09897939533988054,1.0605527623139128e-05,0.09994222992489887,0.000605648436389378,0.0,0.0,0.0,0.0,0.0,0.0,0.0,0.0,1.0,1.0,1.0,1.0,1.0
64,14:12:18,0,0.09994222992489887,656847.0,0.099845946466397,0.09974966300789534,3.2626127062594306e-06,0.09955709609089158,1.2184720607775832e-05,0.09936452917388805,2.37710101897946e-06,0.0991719622568843,2.0413147211935502e-05,0.09897939533988054,1.0605527623139128e-05,0.09994222992489887,0.0006057315518096221,0.0,0.0,0.0,0.0,0.0,0.0,0.0,0.0,1.0,1.0,1.0,1.0,1.0
64,14:12:21,0,0.09994222992489887,993791.0,0.099845946466397,0.09974966300789534,1.8496505621108007e-06,0.09955709609089158,1.2267836028019868e-05,0.09936452917388805,2.8591704563948745e-06,0.0991719622568843,2.0413147211935502e-05,0.09897939533988054,1.0605527623139128e-05,0.09994222992489887,0.0006042188511611805,0.0,0.0,0.0,0.0,0.0,0.0,0.0,0.0,1.0,1.0,1.0,1.0,1.0
64,14:12:24,0,0.09994222992489887,919607.0,0.099845946466397,0.09974966300789534,1.7000428056715338e-06,0.09955709609089158,1.2267836028019868e-05,0.09936452917388805,2.8591704563948745e-06,0.0991719622568843,2.0413147211935502e-05,0.09897939533988054,1.0605527623139128e-05,0.09994222992489887,0.0006045513128421567,0.0,0.0,0.0,0.0,0.0,0.0,0.0,0.0,1.0,1.0,1.0,1.0,1.0
64,14:12:27,0,0.09994222992489887,1188050.0,0.099845946466397,0.09974966300789534,1.2844657044513485e-06,0.09955709609089158,1.2267836028019868e-05,0.09936452917388805,2.8591704563948745e-06,0.0991719622568843,2.0396524127886694e-05,0.09897939533988054,1.0605527623139128e-05,0.09994222992489887,0.0006020910964029332,0.0,0.0,0.0,0.0,0.0,0.0,0.0,0.0,1.0,1.0,1.0,1.0,1.0
64,14:12:30,0,0.09974966300789534,1023862.0,0.09965337954939346,0.09955709609089158,1.2251212943971062e-05,0.09936452917388805,2.875793540443682e-06,0.0991719622568843,2.0396524127886694e-05,0.09897939533988054,1.0605527623139128e-05,0.098786828422877,7.147926140987186e-07,0.09974966300789534,1.1187335564847387e-07,0.09994222992489887,0.0006012765652845416,0.0,0.0,0.0,0.0,0.0,0.0,1.0,1.0,1.0,1.0,1.0
64,14:12:33,0,0.09994222992489887,582573.0,0.099845946466397,0.09974966300789534,1.662308404880741e-08,0.09955709609089158,1.534310657704924e-05,0.09936452917388805,2.875793540443682e-06,0.0991719622568843,2.0396524127886694e-05,0.09897939533988054,1.0605527623139128e-05,0.09994222992489887,0.0006002913150929688,0.0,0.0,0.0,0.0,0.0,0.0,0.0,0.0,1.0,1.0,1.0,1.0,1.0
64,14:12:36,0,0.09974966300789534,85665.0,0.09965337954939346,0.09955709609089158,1.4312475366023181e-05,0.09936452917388805,2.8924166244924893e-06,0.0991719622568843,2.0396524127886694e-05,0.09897939533988054,1.0605527623139128e-05,0.098786828422877,7.147926140987186e-07,0.09974966300789534,5.818079417082594e-07,0.09994222992489887,0.0006006902691101402,0.0,0.0,0.0,0.0,0.0,0.0,1.0,1.0,1.0,1.0,1.0
64,14:12:39,0,0.09974966300789534,319816.0,0.09965337954939346,0.09955709609089158,1.5426221997293277e-05,0.09936452917388805,2.8924166244924893e-06,0.0991719622568843,2.0396524127886694e-05,0.09897939533988054,1.0605527623139128e-05,0.098786828422877,7.314156981475261e-07,0.09974966300789534,4.9869252146422234e-08,0.09994222992489887,0.0006003245612610664,0.0,0.0,0.0,0.0,0.0,0.0,1.0,1.0,1.0,1.0,1.0
64,14:12:42,0,0.09974966300789534,1450584.0,0.09965337954939346,0.09955709609089158,1.5326483493000433e-05,0.09936452917388805,2.8924166244924893e-06,0.0991719622568843,2.0396524127886694e-05,0.09897939533988054,1.0605527623139128e-05,0.098786828422877,7.314156981475261e-07,0.09974966300789534,3.8233093312257044e-07,0.09994222992489887,0.0006042808552646827,0.0,0.0,0.0,0.0,0.0,0.0,1.0,1.0,1.0,1.0,1.0
64,14:12:45,0,0.09994222992489887,1393645.0,0.099845946466397,0.09974966300789534,9.807619588796372e-07,0.09955709609089158,1.5027267980121899e-05,0.09936452917388805,2.8924166244924893e-06,0.0991719622568843,2.0396524127886694e-05,0.09897939533988054,1.0605527623139128e-05,0.09994222992489887,0.0006009229922868235,0.0,0.0,0.0,0.0,0.0,0.0,0.0,0.0,1.0,1.0,1.0,1.0,1.0
64,14:12:48,0,0.09974966300789534,656749.0,0.09965337954939346,0.09955709609089158,1.3996636769095839e-05,0.09936452917388805,2.8924166244924893e-06,0.0991719622568843,2.0413147211935502e-05,0.09897939533988054,1.0605527623139128e-05,0.098786828422877,7.314156981475261e-07,0.09974966300789534,2.1610009263449634e-07,0.09994222992489887,0.000599759376403407,0.0,0.0,0.0,0.0,0.0,0.0,1.0,1.0,1.0,1.0,1.0
64,14:12:51,0,0.09994222992489887,622570.0,0.099845946466397,0.09974966300789534,4.654463533666075e-07,0.09955709609089158,1.516025265251236e-05,0.09936452917388805,2.8924166244924893e-06,0.0991719622568843,2.0413147211935502e-05,0.09897939533988054,1.0605527623139128e-05,0.09994222992489887,0.0005981635603347215,0.0,0.0,0.0,0.0,0.0,0.0,0.0,0.0,1.0,1.0,1.0,1.0,1.0
64,14:12:54,0,0.09994222992489887,359804.0,0.099845946466397,0.09974966300789534,3.4908476502495563e-07,0.09955709609089158,2.0762231976960457e-05,0.09936452917388805,2.8924166244924893e-06,0.0991719622568843,2.0413147211935502e-05,0.09897939533988054,1.0605527623139128e-05,0.09994222992489887,0.0005978310986537453,0.0,0.0,0.0,0.0,0.0,0.0,0.0,0.0,1.0,1.0,1.0,1.0,1.0
64,14:12:57,0,0.09994222992489887,856669.0,0.099845946466397,0.09974966300789534,7.646618662451409e-07,0.09955709609089158,2.074560889291165e-05,0.09936452917388805,2.8924166244924893e-06,0.0991719622568843,2.0429770295984306e-05,0.09897939533988054,1.0605527623139128e-05,0.09994222992489887,0.0005976316216451597,0.0,0.0,0.0,0.0,0.0,0.0,0.0,0.0,1.0,1.0,1.0,1.0,1.0
64,14:13:00,0,0.09994222992489887,462630.0,0.099845946466397,0.09974966300789534,2.3272317668330374e-07,0.09955709609089158,2.0828724313155685e-05,0.09936452917388805,2.9589089606877192e-06,0.0991719622568843,2.0429770295984306e-05,0.09897939533988054,1.0605527623139128e-05,0.09994222992489887,0.0005969500751991585,0.0,0.0,0.0,0.0,0.0,0.0,0.0,0.0,1.0,1.0,1.0,1.0,1.0
64,14:13:03,0,0.09974966300789534,1045190.0,0.09965337954939346,0.09955709609089158,2.0778855061009265e-05,0.09936452917388805,2.9589089606877192e-06,0.0991719622568843,2.0429770295984306e-05,0.09897939533988054,1.0605527623139128e-05,0.098786828422877,7.314156981475261e-07,0.09974966300789534,1.662308404880741e-08,0.09994222992489887,0.0005958529516519373,0.0,0.0,0.0,0.0,0.0,0.0,1.0,1.0,1.0,1.0,1.0
64,14:13:06,0,0.09974966300789534,627751.0,0.099845946466397,0.09974966300789534,1.3978351376642151e-06,0.09955709609089158,2.1842732440132937e-05,0.09936452917388805,2.9755320447365264e-06,0.0991719622568843,2.0429770295984306e-05,0.09897939533988054,1.0605527623139128e-05,0.09994222992489887,0.0005958529516519373,0.0,0.0,0.0,0.0,0.0,0.0,0.0,0.0,1.0,1.0,1.0,1.0,1.0
64,14:13:09,0,0.09994222992489887,228463.0,0.099845946466397,0.09974966300789534,1.3313428014689856e-06,0.09955709609089158,2.0895216649350914e-05,0.09936452917388805,2.8093012042484526e-06,0.0991719622568843,2.0429770295984306e-05,0.09897939533988054,1.0605527623139128e-05,0.09994222992489887,0.000596301774921255,0.0,0.0,0.0,0.0,0.0,0.0,0.0,0.0,1.0,1.0,1.0,1.0,1.0
64,14:13:12,0,0.09994222992489887,616843.0,0.099845946466397,0.09974966300789534,1.347965885517793e-06,0.09955709609089158,2.111131674198541e-05,0.09936452917388805,2.8093012042484526e-06,0.0991719622568843,2.0429770295984306e-05,0.09897939533988054,1.0605527623139128e-05,0.09994222992489887,0.0005957532131476444,0.0,0.0,0.0,0.0,0.0,0.0,0.0,0.0,1.0,1.0,1.0,1.0,1.0
64,14:13:15,0,0.09994222992489887,639656.0,0.099845946466397,0.09974966300789534,2.009730861500816e-07,0.09955709609089158,2.1161185994131835e-05,0.09936452917388805,2.8093012042484526e-06,0.0991719622568843,2.0429770295984306e-05,0.09897939533988054,1.0622150707187936e-05,0.09994222992489887,0.0005951215359537897,0.0,0.0,0.0,0.0,0.0,0.0,0.0,0.0,1.0,1.0,1.0,1.0,1.0
64,14:13:18,0,0.09974966300789534,977107.0,0.09965337954939346,0.09955709609089158,2.1044824405790183e-05,0.09936452917388805,2.8093012042484526e-06,0.0991719622568843,2.0446393380033114e-05,0.09897939533988054,1.0622150707187936e-05,0.098786828422877,7.147926140987186e-07,0.09974966300789534,5.304426119974444e-07,0.09994222992489887,0.000595271143710229,0.0,0.0,0.0,0.0,0.0,0.0,1.0,1.0,1.0,1.0,1.0
64,14:13:21,0,0.09994222992489887,330729.0,0.099845946466397,0.09974966300789534,8.65896448102378e-07,0.09955709609089158,2.3521663929062485e-05,0.09936452917388805,2.8093012042484526e-06,0.0991719622568843,3.4243553140543267e-06,0.09897939533988054,1.0638773791236742e-05,0.09994222992489887,0.0005957698362316932,0.0,0.0,0.0,0.0,0.0,0.0,0.0,0.0,1.0,1.0,1.0,1.0,1.0
64,14:13:24,0,0.09994222992489887,194201.0,0.099845946466397,0.09974966300789534,1.597312146249904e-06,0.09955709609089158,2.1427155338912753e-05,0.09936452917388805,2.8093012042484526e-06,0.0991719622568843,3.4243553140543267e-06,0.09897939533988054,1.0638773791236742e-05,0.09994222992489887,0.0005960025594083765,0.0,0.0,0.0,0.0,0.0,0.0,0.0,0.0,1.0,1.0,1.0,1.0,1.0
64,14:13:27,0,0.09994222992489887,651058.0,0.099845946466397,0.09974966300789534,2.012889247470089e-06,0.09955709609089158,2.1427155338912753e-05,0.09936452917388805,2.8093012042484526e-06,0.0991719622568843,3.4243553140543267e-06,0.09897939533988054,1.0638773791236742e-05,0.09994222992489887,0.0005955703592231076,0.0,0.0,0.0,0.0,0.0,0.0,0.0,0.0,1.0,1.0,1.0,1.0,1.0
64,14:13:30,0,0.09974966300789534,1251255.0,0.09965337954939346,0.09955709609089158,2.1393909170815137e-05,0.09936452917388805,2.8259242882972598e-06,0.0991719622568843,3.4243553140543267e-06,0.09897939533988054,1.0638773791236742e-05,0.098786828422877,7.147926140987186e-07,0.09974966300789534,6.880460718641875e-06,0.09994222992489887,0.0005956534746433516,0.0,0.0,0.0,0.0,0.0,0.0,1.0,1.0,1.0,1.0,1.0
64,14:13:33,0,0.09974966300789534,1896052.0,0.09965337954939346,0.09955709609089158,2.1493647675107982e-05,0.09936452917388805,2.8259242882972598e-06,0.0991719622568843,3.407732230005519e-06,0.09897939533988054,1.0638773791236742e-05,0.098786828422877,7.147926140987186e-07,0.09974966300789534,1.6275661592187336e-06,0.09994222992489887,0.0006036824242389256,0.0,0.0,0.0,0.0,0.0,0.0,1.0,1.0,1.0,1.0,1.0
64,14:13:36,0,0.09994222992489887,948036.0,0.09974966300789534,0.09955709609089158,2.1460401507010366e-05,0.09936452917388805,2.3604779349306524e-06,0.0991719622568843,3.407732230005519e-06,0.09897939533988054,1.065539687528555e-05,0.098786828422877,7.147926140987186e-07,0.09994222992489887,0.000604129751430679,0.0,0.0,0.0,0.0,0.0,0.0,0.0,0.0,1.0,1.0,1.0,1.0,1.0
64,14:13:39,0,0.09974966300789534,599594.0,0.099845946466397,0.09974966300789534,5.818079417082594e-07,0.09955709609089158,2.0446393380033114e-05,0.09936452917388805,2.3604779349306524e-06,0.0991719622568843,3.407732230005519e-06,0.09897939533988054,1.065539687528555e-05,0.09994222992489887,0.000604295982271167,0.0,0.0,0.0,0.0,0.0,0.0,0.0,0.0,1.0,1.0,1.0,1.0,1.0
64,14:13:42,0,0.09974966300789534,325550.0,0.099845946466397,0.09974966300789534,3.6570784907376306e-07,0.09955709609089158,1.893369273159164e-05,0.09936452917388805,2.3604779349306524e-06,0.0991719622568843,3.407732230005519e-06,0.09897939533988054,1.0672019959334358e-05,0.09994222992489887,0.0006058253060036572,0.0,0.0,0.0,0.0,0.0,0.0,0.0,0.0,1.0,1.0,1.0,1.0,1.0
64,14:13:45,0,0.09994222992489887,336962.0,0.099845946466397,0.09974966300789534,2.4934626073211115e-07,0.09955709609089158,1.9432385253055863e-05,0.09936452917388805,2.3604779349306524e-06,0.0991719622568843,2.493462607321112e-06,0.09897939533988054,1.0672019959334358e-05,0.09994222992489887,0.0006060746522643894,0.0,0.0,0.0,0.0,0.0,0.0,0.0,0.0,1.0,1.0,1.0,1.0,1.0
64,14:13:48,0,0.09974966300789534,228449.0,0.099845946466397,0.09974966300789534,4.654463533666075e-07,0.09955709609089158,1.946563142115348e-05,0.09936452917388805,2.3604779349306524e-06,0.0991719622568843,2.293985598735423e-06,0.09897939533988054,1.0672019959334358e-05,0.09994222992489887,0.0006082356531907344,0.0,0.0,0.0,0.0,0.0,0.0,0.0,0.0,1.0,1.0,1.0,1.0,1.0
64,14:13:51,0,0.09994222992489887,805349.0,0.099845946466397,0.09974966300789534,1.1636158834165187e-07,0.09955709609089158,1.964848534569036e-05,0.09936452917388805,2.3604779349306524e-06,0.0991719622568843,2.37710101897946e-06,0.09897939533988054,1.0672019959334358e-05,0.09994222992489887,0.0006082855224428808,0.0,0.0,0.0,0.0,0.0,0.0,0.0,0.0,1.0,1.0,1.0,1.0,1.0
64,14:13:54,0,0.09974966300789534,468335.0,0.09965337954939346,0.09955709609089158,1.964848534569036e-05,0.09936452917388805,2.3604779349306524e-06,0.0991719622568843,2.6929396159068003e-06,0.09897939533988054,1.0672019959334358e-05,0.098786828422877,7.147926140987186e-07,0.09974966300789534,5.485617736106445e-07,0.09994222992489887,0.0006080694223502463,0.0,0.0,0.0,0.0,0.0,0.0,1.0,1.0,1.0,1.0,1.0
64,14:13:57,0,0.09994222992489887,1839197.0,0.099845946466397,0.09974966300789534,4.654463533666075e-07,0.09955709609089158,2.17596170198889e-05,0.09936452917388805,2.3604779349306524e-06,0.0991719622568843,2.676316531857993e-06,0.09897939533988054,1.065539687528555e-05,0.09994222992489887,0.0006035479434889707,0.0,0.0,0.0,0.0,0.0,0.0,0.0,0.0,1.0,1.0,1.0,1.0,1.0
64,14:14:00,0,0.09974966300789534,365535.0,0.099845946466397,0.09974966300789534,4.322001852689927e-07,0.09955709609089158,1.9831339270227242e-05,0.09936452917388805,2.3438548508818448e-06,0.0991719622568843,2.676316531857993e-06,0.09897939533988054,1.065539687528555e-05,0.09994222992489887,0.0006020684890086269,0.0,0.0,0.0,0.0,0.0,0.0,0.0,0.0,1.0,1.0,1.0,1.0,1.0
64,14:14:03,0,0.09974966300789534,702499.0,0.099845946466397,0.09974966300789534,3.1750090533222154e-06,0.09955709609089158,2.0263539455496233e-05,0.09936452917388805,2.3604779349306524e-06,0.0991719622568843,2.676316531857993e-06,0.09897939533988054,1.065539687528555e-05,0.09994222992489887,0.0006013703194785769,0.0,0.0,0.0,0.0,0.0,0.0,0.0,0.0,1.0,1.0,1.0,1.0,1.0
64,14:14:06,0,0.09974966300789534,1661669.0,0.099845946466397,0.09974966300789534,4.606090359084045e-06,0.09955709609089158,2.028016253954504e-05,0.09936452917388805,2.3604779349306524e-06,0.0991719622568843,2.6596934478091856e-06,0.09897939533988054,1.065539687528555e-05,0.09994222992489887,0.000600589034528283,0.0,0.0,0.0,0.0,0.0,0.0,0.0,0.0,1.0,1.0,1.0,1.0,1.0
64,14:14:09,0,0.09974966300789534,1445033.0,0.099845946466397,0.09974966300789534,3.409228307569912e-06,0.09955709609089158,2.0396524127886694e-05,0.09936452917388805,2.3604779349306524e-06,0.0991719622568843,2.6596934478091856e-06,0.09897939533988054,1.065539687528555e-05,0.09994222992489887,0.0005981620642571571,0.0,0.0,0.0,0.0,0.0,0.0,0.0,0.0,1.0,1.0,1.0,1.0,1.0
64,14:14:12,0,0.09974966300789534,2090441.0,0.099845946466397,0.09974966300789534,2.6279433572759637e-06,0.09955709609089158,2.072898580886284e-05,0.09936452917388805,2.194247094442578e-06,0.0991719622568843,2.6596934478091856e-06,0.09897939533988054,1.065539687528555e-05,0.09994222992489887,0.0005935907161437351,0.0,0.0,0.0,0.0,0.0,0.0,0.0,0.0,1.0,1.0,1.0,1.0,1.0
64,14:14:15,0,0.09994222992489887,879620.0,0.099845946466397,0.09974966300789534,5.570229233914875e-06,0.09955709609089158,2.072898580886284e-05,0.09936452917388805,2.111131674198541e-06,0.0991719622568843,2.493462607321112e-06,0.09897939533988054,1.065539687528555e-05,0.09994222992489887,0.0005924271002603186,0.0,0.0,0.0,0.0,0.0,0.0,0.0,0.0,1.0,1.0,1.0,1.0,1.0
64,14:14:18,0,0.09994222992489887,308406.0,0.099845946466397,0.09974966300789534,5.0549136284018455e-06,0.09955709609089158,2.0778855061009265e-05,0.09936452917388805,2.111131674198541e-06,0.0991719622568843,2.493462607321112e-06,0.09897939533988054,1.0638773791236742e-05,0.09994222992489887,0.0005926930696050994,0.0,0.0,0.0,0.0,0.0,0.0,0.0,0.0,1.0,1.0,1.0,1.0,1.0
64,14:14:21,0,0.09994222992489887,1002719.0,0.099845946466397,0.09974966300789534,3.250145393222825e-06,0.09955709609089158,2.0778855061009265e-05,0.09936452917388805,2.111131674198541e-06,0.0991719622568843,2.493462607321112e-06,0.09897939533988054,1.0489166034797477e-05,0.09994222992489887,0.0005945714781026147,0.0,0.0,0.0,0.0,0.0,0.0,0.0,0.0,1.0,1.0,1.0,1.0,1.0
64,14:14:24,0,0.09974966300789534,553975.0,0.099845946466397,0.09974966300789534,7.538901077815137e-06,0.09955709609089158,2.08619704812533e-05,0.09936452917388805,2.094508590149734e-06,0.0991719622568843,2.493462607321112e-06,0.09897939533988054,1.0489166034797477e-05,0.09994222992489887,0.0005942722625897362,0.0,0.0,0.0,0.0,0.0,0.0,0.0,0.0,1.0,1.0,1.0,1.0,1.0
64,14:14:27,0,0.09994222992489887,908107.0,0.099845946466397,0.09974966300789534,6.824108463716418e-06,0.09955709609089158,2.3288940752379183e-05,0.09936452917388805,2.094508590149734e-06,0.0991719622568843,2.493462607321112e-06,0.09897939533988054,1.0505789118846283e-05,0.09994222992489887,0.0005944883626823707,0.0,0.0,0.0,0.0,0.0,0.0,0.0,0.0,1.0,1.0,1.0,1.0,1.0
64,14:14:30,0,0.09994222992489887,599675.0,0.099845946466397,0.09974966300789534,6.4417775305938475e-06,0.09955709609089158,2.3604779349306522e-05,0.09936452917388805,1.994770085856889e-06,0.0991719622568843,2.493462607321112e-06,0.09897939533988054,1.0505789118846283e-05,0.09994222992489887,0.0005974306485590096,0.0,0.0,0.0,0.0,0.0,0.0,0.0,0.0,1.0,1.0,1.0,1.0,1.0
64,14:14:33,0,0.09994222992489887,2096266.0,0.099845946466397,0.09974966300789534,7.971101263084129e-06,0.09955709609089158,2.3488417760964873e-05,0.09936452917388805,1.994770085856889e-06,0.0991719622568843,2.493462607321112e-06,0.09897939533988054,1.0505789118846283e-05,0.09994222992489887,0.0005922774925038793,0.0,0.0,0.0,0.0,0.0,0.0,0.0,0.0,1.0,1.0,1.0,1.0,1.0
64,14:14:36,0,0.09994222992489887,822483.0,0.099845946466397,0.09974966300789534,7.854739674742478e-06,0.09955709609089158,2.3870748694087443e-05,0.09936452917388805,1.994770085856889e-06,0.0991719622568843,2.493462607321112e-06,0.09897939533988054,1.0505789118846283e-05,0.09994222992489887,0.00059031596858612,0.0,0.0,0.0,0.0,0.0,0.0,0.0,0.0,1.0,1.0,1.0,1.0,1.0
64,14:14:39,0,0.09974966300789534,434075.0,0.099845946466397,0.09974966300789534,8.253693691913855e-06,0.09955709609089158,2.4469179719844508e-05,0.09936452917388805,1.994770085856889e-06,0.0991719622568843,2.7760550361508374e-06,0.09897939533988054,1.0505789118846283e-05,0.09994222992489887,0.0005899502607370462,0.0,0.0,0.0,0.0,0.0,0.0,0.0,0.0,1.0,1.0,1.0,1.0,1.0
64,14:14:42,0,0.09994222992489887,359840.0,0.099845946466397,0.09974966300789534,9.400686491281567e-06,0.09955709609089158,2.463541056033258e-05,0.09936452917388805,2.0113931699056968e-06,0.0991719622568843,2.7760550361508374e-06,0.09897939533988054,1.0505789118846283e-05,0.09994222992489887,0.0005982119335093035,0.0,0.0,0.0,0.0,0.0,0.0,0.0,0.0,1.0,1.0,1.0,1.0,1.0
64,14:14:45,0,0.09974966300789534,793928.0,0.099845946466397,0.09974966300789534,9.816263592501752e-06,0.09955709609089158,2.463541056033258e-05,0.09936452917388805,2.028016253954504e-06,0.0991719622568843,2.7760550361508374e-06,0.09897939533988054,1.0489166034797477e-05,0.09994222992489887,0.0005975636332314,0.0,0.0,0.0,0.0,0.0,0.0,0.0,0.0,1.0,1.0,1.0,1.0,1.0
64,14:14:48,0,0.09994222992489887,1165115.0,0.099845946466397,0.09974966300789534,7.788247338547247e-06,0.09955709609089158,2.465203364438139e-05,0.09936452917388805,2.028016253954504e-06,0.0991719622568843,2.8591704563948745e-06,0.09897939533988054,1.0522412202895091e-05,0.09994222992489887,0.0005964997558522764,0.0,0.0,0.0,0.0,0.0,0.0,0.0,0.0,1.0,1.0,1.0,1.0,1.0
64,14:14:51,0,0.09974966300789534,685402.0,0.099845946466397,0.09974966300789534,7.588770329961559e-06,0.09955709609089158,2.4768395232723042e-05,0.09936452917388805,2.028016253954504e-06,0.0991719622568843,2.8591704563948745e-06,0.09897939533988054,1.0522412202895091e-05,0.09994222992489887,0.000594970432119786,0.0,0.0,0.0,0.0,0.0,0.0,0.0,0.0,1.0,1.0,1.0,1.0,1.0
64,14:14:54,0,0.09994222992489887,1250765.0,0.099845946466397,0.09974966300789534,4.978946134298796e-06,0.09955709609089158,2.4768395232723042e-05,0.09936452917388805,2.028016253954504e-06,0.0991719622568843,2.8591704563948745e-06,0.09897939533988054,1.0522412202895091e-05,0.09994222992489887,0.0005947875781952492,0.0,0.0,0.0,0.0,0.0,0.0,0.0,0.0,1.0,1.0,1.0,1.0,1.0
64,14:14:57,0,0.09994222992489887,1107974.0,0.099845946466397,0.09974966300789534,2.934306796295484e-06,0.09955709609089158,2.440268738364928e-05,0.09936452917388805,2.028016253954504e-06,0.0991719622568843,2.875793540443682e-06,0.09897939533988054,1.0522412202895091e-05,0.09994222992489887,0.0005950701706240789,0.0,0.0,0.0,0.0,0.0,0.0,0.0,0.0,1.0,1.0,1.0,1.0,1.0
64,14:15:00,0,0.09974966300789534,1207995.0,0.09965337954939346,0.09955709609089158,2.4419310467698087e-05,0.09936452917388805,2.028016253954504e-06,0.0991719622568843,2.8425473723460674e-06,0.09897939533988054,1.0522412202895091e-05,0.098786828422877,7.147926140987186e-07,0.09974966300789534,6.562793582469166e-07,0.09994222992489887,0.000596699232860862,0.0,0.0,0.0,0.0,0.0,0.0,1.0,1.0,1.0,1.0,1.0
64,14:15:03,0,0.09994222992489887,314104.0,0.09965337954939346,0.09955709609089158,2.5981880368285983e-05,0.09936452917388805,2.0113931699056968e-06,0.0991719622568843,2.8425473723460674e-06,0.09897939533988054,1.0522412202895091e-05,0.098786828422877,7.480387821963335e-07,0.09974966300789534,2.1610009263449634e-07,0.09994222992489887,0.0005956599576461306,0.0,0.0,0.0,0.0,0.0,0.0,1.0,1.0,1.0,1.0,1.0
64,14:15:06,0,0.09955709609089158,850483.0,0.09965337954939346,0.09955709609089158,2.4005229444042292e-05,0.09936452917388805,2.1277547582473486e-06,0.0991719622568843,2.8425473723460674e-06,0.09897939533988054,1.0522412202895091e-05,0.098786828422877,7.480387821963335e-07,0.09974966300789534,7.646618662451409e-07,0.09994222992489887,0.0005943134878381771,0.0,0.0,0.0,0.0,0.0,0.0,1.0,1.0,1.0,1.0,1.0
64,14:15:09,0,0.09974966300789534,314105.0,0.09965337954939346,0.09955709609089158,2.4038475612139908e-05,0.09936452917388805,2.1277547582473486e-06,0.0991719622568843,2.8425473723460674e-06,0.09897939533988054,1.0522412202895091e-05,0.098786828422877,7.480387821963335e-07,0.09974966300789534,6.815464460011039e-07,0.09994222992489887,0.0005935155798038345,0.0,0.0,0.0,0.0,0.0,0.0,1.0,1.0,1.0,1.0,1.0
64,14:15:12,0,0.09974966300789534,582519.0,0.099845946466397,0.09974966300789534,9.973850429284447e-08,0.09955709609089158,2.3755883183310182e-05,0.09936452917388805,2.1277547582473486e-06,0.0991719622568843,2.8425473723460674e-06,0.09897939533988054,1.0555658370992706e-05,0.09994222992489887,0.0005933659720473952,0.0,0.0,0.0,0.0,0.0,0.0,0.0,0.0,1.0,1.0,1.0,1.0,1.0
64,14:15:15,0,0.09974966300789534,239885.0,0.09965337954939346,0.09955709609089158,2.1694620761258063e-05,0.09936452917388805,2.1610009263449634e-06,0.0991719622568843,2.8425473723460674e-06,0.09897939533988054,1.0555658370992706e-05,0.098786828422877,7.480387821963335e-07,0.09974966300789534,4.322001852689927e-07,0.09994222992489887,0.000585436760956114,0.0,0.0,0.0,0.0,0.0,0.0,1.0,1.0,1.0,1.0,1.0
64,14:15:18,0,0.09994222992489887,1239338.0,0.09965337954939346,0.09955709609089158,2.4138214116432753e-05,0.09936452917388805,2.1610009263449634e-06,0.0991719622568843,2.8259242882972598e-06,0.09897939533988054,1.0555658370992706e-05,0.098786828422877,7.812849502939483e-07,0.09974966300789534,1.662308404880741e-08,0.09994222992489887,0.0005834752370383547,0.0,0.0,0.0,0.0,0.0,0.0,1.0,1.0,1.0,1.0,1.0
64,14:15:21,0,0.09994222992489887,816784.0,0.099845946466397,0.09974966300789534,9.30892706733215e-07,0.09955709609089158,2.4454052713360095e-05,0.09936452917388805,2.177624010393771e-06,0.0991719622568843,2.8259242882972598e-06,0.09897939533988054,1.0555658370992706e-05,0.09994222992489887,0.000582328244238987,0.0,0.0,0.0,0.0,0.0,0.0,0.0,0.0,1.0,1.0,1.0,1.0,1.0
64,14:15:24,0,0.09974966300789534,582551.0,0.099845946466397,0.09974966300789534,6.150541098058742e-07,0.09955709609089158,2.460366046979936e-05,0.09936452917388805,2.177624010393771e-06,0.0991719622568843,2.8259242882972598e-06,0.09897939533988054,1.0555658370992706e-05,0.09994222992489887,0.0005826274597518655,0.0,0.0,0.0,0.0,0.0,0.0,0.0,0.0,1.0,1.0,1.0,1.0,1.0
64,14:15:27,0,0.09974966300789534,262732.0,0.099845946466397,0.09974966300789534,5.651848576594519e-07,0.09955709609089158,2.473664514218982e-05,0.09936452917388805,2.0446393380033115e-06,0.0991719622568843,2.8425473723460674e-06,0.09897939533988054,1.0555658370992706e-05,0.09994222992489887,0.000582162013398499,0.0,0.0,0.0,0.0,0.0,0.0,0.0,0.0,1.0,1.0,1.0,1.0,1.0
64,14:15:30,0,0.09974966300789534,462590.0,0.09965337954939346,0.09955709609089158,2.478651439433624e-05,0.09936452917388805,2.0446393380033115e-06,0.0991719622568843,2.8425473723460674e-06,0.09897939533988054,1.0555658370992706e-05,0.098786828422877,7.812849502939483e-07,0.09974966300789534,4.986925214642223e-07,0.09994222992489887,0.0005816466977929859,0.0,0.0,0.0,0.0,0.0,0.0,1.0,1.0,1.0,1.0,1.0
64,14:15:33,0,0.09974966300789534,131353.0,0.09965337954939346,0.09955709609089158,2.486962981458028e-05,0.09936452917388805,2.0446393380033115e-06,0.0991719622568843,2.8425473723460674e-06,0.09897939533988054,1.0555658370992706e-05,0.098786828422877,7.812849502939483e-07,0.09974966300789534,4.820694374154149e-07,0.09994222992489887,0.0005808487897586432,0.0,0.0,0.0,0.0,0.0,0.0,1.0,1.0,1.0,1.0,1.0
64,14:15:36,0,0.09955709609089158,354081.0,0.09965337954939346,0.09955709609089158,2.7828538775268e-05,0.09936452917388805,2.0446393380033115e-06,0.0991719622568843,2.8425473723460674e-06,0.09897939533988054,1.0572281455041514e-05,0.098786828422877,7.812849502939483e-07,0.09974966300789534,7.663241746500216e-06,0.09994222992489887,0.0005806825589181551,0.0,0.0,0.0,0.0,0.0,0.0,1.0,1.0,1.0,1.0,1.0
64,14:15:39,0,0.09974966300789534,919374.0,0.09965337954939346,0.09955709609089158,2.62659688746801e-05,0.09936452917388805,2.0446393380033115e-06,0.0991719622568843,2.8425473723460674e-06,0.09897939533988054,1.0572281455041514e-05,0.098786828422877,7.812849502939483e-07,0.09974966300789534,6.815464460011038e-06,0.09994222992489887,0.0005811480052715217,0.0,0.0,0.0,0.0,0.0,0.0,1.0,1.0,1.0,1.0,1.0
64,14:15:42,0,0.09955709609089158,239853.0,0.09965337954939346,0.09955709609089158,2.641557663111937e-05,0.09936452917388805,2.0446393380033115e-06,0.0991719622568843,2.8425473723460674e-06,0.09897939533988054,1.0572281455041514e-05,0.098786828422877,7.812849502939483e-07,0.09974966300789534,6.782218291913424e-06,0.09994222992489887,0.0005803833434052766,0.0,0.0,0.0,0.0,0.0,0.0,1.0,1.0,1.0,1.0,1.0
64,14:15:45,0,0.09974966300789534,251272.0,0.09965337954939346,0.09955709609089158,2.628259195872891e-05,0.09936452917388805,2.0446393380033115e-06,0.0991719622568843,2.8425473723460674e-06,0.09897939533988054,1.0572281455041514e-05,0.098786828422877,7.812849502939483e-07,0.09974966300789534,7.314156981475261e-06,0.09994222992489887,0.0005788041504206398,0.0,0.0,0.0,0.0,0.0,0.0,1.0,1.0,1.0,1.0,1.0
64,14:15:48,0,0.09974966300789534,1067950.0,0.09965337954939346,0.09955709609089158,2.646544588326579e-05,0.09936452917388805,2.0446393380033115e-06,0.0991719622568843,2.8425473723460674e-06,0.09897939533988054,1.0572281455041514e-05,0.098786828422877,7.812849502939483e-07,0.09974966300789534,4.720955869861305e-06,0.09994222992489887,0.0005787376580844446,0.0,0.0,0.0,0.0,0.0,0.0,1.0,1.0,1.0,1.0,1.0
64,14:15:51,0,0.09974966300789534,211307.0,0.09965337954939346,0.09955709609089158,2.6581807471607443e-05,0.09936452917388805,2.0446393380033115e-06,0.0991719622568843,2.8425473723460674e-06,0.09897939533988054,1.0572281455041514e-05,0.098786828422877,7.812849502939483e-07,0.09974966300789534,4.7043327858124975e-06,0.09994222992489887,0.0005785880503280054,0.0,0.0,0.0,0.0,0.0,0.0,1.0,1.0,1.0,1.0,1.0
64,14:15:54,0,0.09974966300789534,182752.0,0.09965337954939346,0.09955709609089158,2.8360477464829836e-05,0.09936452917388805,2.177624010393771e-06,0.0991719622568843,3.0254012968829487e-06,0.09897939533988054,1.0572281455041514e-05,0.098786828422877,7.812849502939483e-07,0.09974966300789534,4.770825122007727e-06,0.09994222992489887,0.0005780394885543948,0.0,0.0,0.0,0.0,0.0,0.0,1.0,1.0,1.0,1.0,1.0
64,14:15:57,0,0.09974966300789534,296952.0,0.09965337954939346,0.09955709609089158,2.992304736541773e-05,0.09936452917388805,2.177624010393771e-06,0.0991719622568843,3.0254012968829487e-06,0.09897939533988054,1.0572281455041514e-05,0.098786828422877,7.812849502939483e-07,0.09974966300789534,4.504855777226808e-06,0.09994222992489887,0.0005779729962181995,0.0,0.0,0.0,0.0,0.0,0.0,1.0,1.0,1.0,1.0,1.0
64,14:16:00,0,0.09955709609089158,256987.0,0.09965337954939346,0.09955709609089158,3.0105901289954613e-05,0.09936452917388805,2.194247094442578e-06,0.0991719622568843,3.0254012968829487e-06,0.09897939533988054,1.0572281455041514e-05,0.098786828422877,7.812849502939483e-07,0.09974966300789534,5.58535624039929e-06,0.09994222992489887,0.0005772083343519544,0.0,0.0,0.0,0.0,0.0,0.0,1.0,1.0,1.0,1.0,1.0
64,14:16:03,0,0.09974966300789534,131345.0,0.09965337954939346,0.09955709609089158,3.0305378298540302e-05,0.09936452917388805,2.194247094442578e-06,0.0991719622568843,3.0254012968829487e-06,0.09897939533988054,1.0572281455041514e-05,0.098786828422877,7.812849502939483e-07,0.09974966300789534,5.9178179213754385e-06,0.09994222992489887,0.0005767595110826365,0.0,0.0,0.0,0.0,0.0,0.0,1.0,1.0,1.0,1.0,1.0
64,14:16:06,0,0.09955709609089158,250750.0,0.09965337954939346,0.09955709609089158,3.0074151199421392e-05,0.09936452917388805,2.194247094442578e-06,0.0991719622568843,3.0254012968829487e-06,0.09897939533988054,1.0572281455041514e-05,0.098786828422877,7.812849502939483e-07,0.09974966300789534,5.784833248984979e-06,0.09994222992489887,0.00057629406472927,0.0,0.0,0.0,0.0,0.0,0.0,1.0,1.0,1.0,1.0,1.0
64,14:16:09,0,0.09955709609089158,205568.0,0.09965337954939346,0.09955709609089158,2.9774935686542858e-05,0.09936452917388805,2.194247094442578e-06,0.0991719622568843,3.0254012968829487e-06,0.09897939533988054,1.0572281455041514e-05,0.098786828422877,1.014008126977252e-06,0.09974966300789534,7.364026233621683e-06,0.09994222992489887,0.0005757621260397081,0.0,0.0,0.0,0.0,0.0,0.0,1.0,1.0,1.0,1.0,1.0
64,14:16:12,0,0.09955709609089158,251260.0,0.09965337954939346,0.09955709609089158,3.0439859048495155e-05,0.09936452917388805,2.194247094442578e-06,0.0991719622568843,3.0254012968829487e-06,0.09897939533988054,1.0539035286943898e-05,0.098786828422877,1.014008126977252e-06,0.09974966300789534,7.995703427476365e-06,0.09994222992489887,0.0005768093803347829,0.0,0.0,0.0,0.0,0.0,0.0,1.0,1.0,1.0,1.0,1.0
64,14:16:15,0,0.09955709609089158,765268.0,0.09965337954939346,0.09955709609089158,3.0456482132543963e-05,0.09936452917388805,2.194247094442578e-06,0.0991719622568843,3.008778212834141e-06,0.09897939533988054,1.0539035286943898e-05,0.098786828422877,1.014008126977252e-06,0.09974966300789534,7.330780065524068e-06,0.09994222992489887,0.0005770254804274175,0.0,0.0,0.0,0.0,0.0,0.0,1.0,1.0,1.0,1.0,1.0
64,14:16:18,0,0.09974966300789534,468288.0,0.09965337954939346,0.09955709609089158,3.080556689756892e-05,0.09936452917388805,2.194247094442578e-06,0.0991719622568843,3.008778212834141e-06,0.09897939533988054,1.058890453909032e-05,0.098786828422877,9.807619588796372e-07,0.09974966300789534,7.1479261409871866e-06,0.09994222992489887,0.0005789870043451768,0.0,0.0,0.0,0.0,0.0,0.0,1.0,1.0,1.0,1.0,1.0
64,14:16:21,0,0.09974966300789534,479704.0,0.09965337954939346,0.09955709609089158,3.0223758955860657e-05,0.09936452917388805,2.194247094442578e-06,0.0991719622568843,3.125139801175793e-06,0.09897939533988054,1.058890453909032e-05,0.098786828422877,1.014008126977252e-06,0.09974966300789534,6.649233619522964e-06,0.09994222992489887,0.0005791698582697137,0.0,0.0,0.0,0.0,0.0,0.0,1.0,1.0,1.0,1.0,1.0
64,14:16:24,0,0.09974966300789534,525380.0,0.09965337954939346,0.09955709609089158,2.969182026629882e-05,0.09936452917388805,2.2108701784913857e-06,0.0991719622568843,3.0918936330781783e-06,0.09897939533988054,1.058890453909032e-05,0.098786828422877,1.014008126977252e-06,0.09974966300789534,6.283525770449201e-06,0.09994222992489887,0.000579136612101616,0.0,0.0,0.0,0.0,0.0,0.0,1.0,1.0,1.0,1.0,1.0
64,14:16:27,0,0.09974966300789534,468283.0,0.09965337954939346,0.09955709609089158,3.0190512787763044e-05,0.09936452917388805,2.2441163465890005e-06,0.0991719622568843,3.0918936330781783e-06,0.09897939533988054,1.058890453909032e-05,0.098786828422877,1.014008126977252e-06,0.09974966300789534,5.552110072301675e-06,0.09994222992489887,0.0005792197275218601,0.0,0.0,0.0,0.0,0.0,0.0,1.0,1.0,1.0,1.0,1.0
64,14:16:30,0,0.09955709609089158,468254.0,0.09965337954939346,0.09955709609089158,3.0306874376104694e-05,0.09936452917388805,2.2773625146866152e-06,0.0991719622568843,3.0918936330781783e-06,0.09897939533988054,1.058890453909032e-05,0.098786828422877,1.014008126977252e-06,0.09974966300789534,6.067425677814705e-06,0.09994222992489887,0.0005790036274292256,0.0,0.0,0.0,0.0,0.0,0.0,1.0,1.0,1.0,1.0,1.0
64,14:16:33,0,0.09974966300789534,553943.0,0.09965337954939346,0.09955709609089158,3.0173889703714236e-05,0.09936452917388805,2.2773625146866152e-06,0.0991719622568843,3.0918936330781783e-06,0.09897939533988054,1.058890453909032e-05,0.098786828422877,1.3630928920022078e-06,0.09974966300789534,6.881956796206268e-06,0.09994222992489887,0.0005796851738752266,0.0,0.0,0.0,0.0,0.0,0.0,1.0,1.0,1.0,1.0,1.0
64,14:16:36,0,0.09974966300789534,1084992.0,0.09965337954939346,0.09955709609089158,2.930948933317625e-05,0.09936452917388805,2.2441163465890005e-06,0.0991719622568843,3.0918936330781783e-06,0.09897939533988054,1.058890453909032e-05,0.098786828422877,1.3630928920022078e-06,0.09974966300789534,6.699102871669386e-06,0.09994222992489887,0.0005795521892028362,0.0,0.0,0.0,0.0,0.0,0.0,1.0,1.0,1.0,1.0,1.0
64,14:16:39,0,0.09974966300789534,428265.0,0.09965337954939346,0.09955709609089158,2.8378596626443035e-05,0.09936452917388805,1.8451623294176226e-06,0.0991719622568843,3.0918936330781783e-06,0.09897939533988054,1.058890453909032e-05,0.098786828422877,1.3797159760510151e-06,0.09974966300789534,8.99308847040481e-06,0.09994222992489887,0.0005792695967740065,0.0,0.0,0.0,0.0,0.0,0.0,1.0,1.0,1.0,1.0,1.0
64,14:16:42,0,0.09974966300789534,873733.0,0.09965337954939346,0.09955709609089158,2.8694435223370377e-05,0.09936452917388805,1.8451623294176226e-06,0.0991719622568843,3.125139801175793e-06,0.09897939533988054,1.058890453909032e-05,0.098786828422877,1.3797159760510151e-06,0.09974966300789534,8.594134453233431e-06,0.09994222992489887,0.0005788373965887375,0.0,0.0,0.0,0.0,0.0,0.0,1.0,1.0,1.0,1.0,1.0
64,14:16:45,0,0.09955709609089158,565360.0,0.09965337954939346,0.09955709609089158,2.834535045834542e-05,0.09936452917388805,1.7620469091735855e-06,0.0991719622568843,3.125139801175793e-06,0.09897939533988054,1.0605527623139128e-05,0.098786828422877,1.3797159760510151e-06,0.09974966300789534,8.228426604159668e-06,0.09994222992489887,0.0005786877888322982,0.0,0.0,0.0,0.0,0.0,0.0,1.0,1.0,1.0,1.0,1.0
64,14:16:48,0,0.09974966300789534,434002.0,0.09965337954939346,0.09955709609089158,2.796301952522285e-05,0.09936452917388805,1.7952930772712004e-06,0.0991719622568843,3.20825522141983e-06,0.09897939533988054,1.0605527623139128e-05,0.098786828422877,1.3797159760510151e-06,0.09974966300789534,8.195180436062054e-06,0.09994222992489887,0.0005789537581770792,0.0,0.0,0.0,0.0,0.0,0.0,1.0,1.0,1.0,1.0,1.0
64,14:16:51,0,0.09974966300789534,296952.0,0.09965337954939346,0.09955709609089158,2.5303326077413665e-05,0.09936452917388805,1.86178541346643e-06,0.0991719622568843,3.307993725712675e-06,0.09897939533988054,1.0555658370992706e-05,0.098786828422877,1.3797159760510151e-06,0.09974966300789534,8.21180352011086e-06,0.09994222992489887,0.000578787527336591,0.0,0.0,0.0,0.0,0.0,0.0,1.0,1.0,1.0,1.0,1.0
64,14:16:54,0,0.09955709609089158,542529.0,0.09965337954939346,0.09955709609089158,2.5901757103170733e-05,0.09936452917388805,1.9449008337104673e-06,0.0991719622568843,3.307993725712675e-06,0.09897939533988054,1.0555658370992706e-05,0.098786828422877,1.4295852281974373e-06,0.09974966300789534,9.159319310892883e-06,0.09994222992489887,0.0005785548041599077,0.0,0.0,0.0,0.0,0.0,0.0,1.0,1.0,1.0,1.0,1.0
64,14:16:57,0,0.09955709609089158,936471.0,0.09965337954939346,0.09955709609089158,2.3956856269460263e-05,0.09936452917388805,1.9449008337104673e-06,0.0991719622568843,3.307993725712675e-06,0.09897939533988054,1.072188921148078e-05,0.098786828422877,1.4295852281974373e-06,0.09974966300789534,1.1320320237237847e-05,0.09994222992489887,0.0005777070268734186,0.0,0.0,0.0,0.0,0.0,0.0,1.0,1.0,1.0,1.0,1.0
64,14:17:00,0,0.09955709609089158,605340.0,0.09965337954939346,0.09955709609089158,2.4355810286631642e-05,0.09936452917388805,1.9449008337104673e-06,0.0991719622568843,3.307993725712675e-06,0.09897939533988054,1.0705266127431973e-05,0.098786828422877,1.4295852281974373e-06,0.09974966300789534,1.2882890137825743e-05,0.09994222992489887,0.0005794524506985433,0.0,0.0,0.0,0.0,0.0,0.0,1.0,1.0,1.0,1.0,1.0
64,14:17:03,0,0.09974966300789534,713777.0,0.09965337954939346,0.09955709609089158,2.3192194403215125e-05,0.09936452917388805,1.9449008337104673e-06,0.0991719622568843,3.307993725712675e-06,0.09897939533988054,1.0705266127431973e-05,0.098786828422877,1.5958160686855115e-06,0.09974966300789534,1.354781349977804e-05,0.09994222992489887,0.0005791864813537625,0.0,0.0,0.0,0.0,0.0,0.0,1.0,1.0,1.0,1.0,1.0
64,14:17:06,0,0.09974966300789534,867431.0,0.09965337954939346,0.09955709609089158,2.0966197218239324e-05,0.09936452917388805,1.911654665612852e-06,0.0991719622568843,3.307993725712675e-06,0.09897939533988054,1.0705266127431973e-05,0.098786828422877,1.6290622367831262e-06,0.09974966300789534,1.3597682751924462e-05,0.09994222992489887,0.0005785880503280054,0.0,0.0,0.0,0.0,0.0,0.0,1.0,1.0,1.0,1.0,1.0
64,14:17:09,0,0.09955709609089158,382600.0,0.09965337954939346,0.09955709609089158,2.04675046967751e-05,0.09936452917388805,1.911654665612852e-06,0.0991719622568843,3.2913706416638672e-06,0.09897939533988054,1.072188921148078e-05,0.098786828422877,1.6290622367831262e-06,0.09974966300789534,1.393014443290061e-05,0.09994222992489887,0.0005786545426642006,0.0,0.0,0.0,0.0,0.0,0.0,1.0,1.0,1.0,1.0,1.0
64,14:17:12,0,0.09974966300789534,919320.0,0.09965337954939346,0.09955709609089158,1.8904934796187205e-05,0.09936452917388805,1.9615239177592744e-06,0.0991719622568843,3.2913706416638672e-06,0.09897939533988054,1.072188921148078e-05,0.098786828422877,1.6290622367831262e-06,0.09974966300789534,1.4312475366023181e-05,0.09994222992489887,0.0005784051964034685,0.0,0.0,0.0,0.0,0.0,0.0,1.0,1.0,1.0,1.0,1.0
64,14:17:15,0,0.09974966300789534,5402593.0,0.099845946466397,0.09974966300789534,1.8119161613200078e-06,0.09955709609089158,1.8921557880236013e-05,0.09936452917388805,1.9615239177592744e-06,0.0991719622568843,3.2913706416638672e-06,0.09897939533988054,1.072188921148078e-05,0.09994222992489887,0.0005783054578991757,0.0,0.0,0.0,0.0,0.0,0.0,0.0,0.0,1.0,1.0,1.0,1.0,1.0
64,14:17:18,0,0.09974966300789534,708164.0,0.099845946466397,0.09974966300789534,1.2666790045191247e-05,0.09955709609089158,1.662757228150059e-05,0.09936452917388805,1.9615239177592744e-06,0.0991719622568843,3.108516717126986e-06,0.09897939533988054,1.072188921148078e-05,0.09994222992489887,0.0005781392270586876,0.0,0.0,0.0,0.0,0.0,0.0,0.0,0.0,1.0,1.0,1.0,1.0,1.0
64,14:17:21,0,0.09974966300789534,771019.0,0.099845946466397,0.09974966300789534,1.386365209670538e-05,0.09955709609089158,1.6710687701744625e-05,0.09936452917388805,1.9615239177592744e-06,0.0991719622568843,3.108516717126986e-06,0.09897939533988054,1.072188921148078e-05,0.09994222992489887,0.0005780561116384436,0.0,0.0,0.0,0.0,0.0,0.0,0.0,0.0,1.0,1.0,1.0,1.0,1.0
64,14:17:24,0,0.09974966300789534,182766.0,0.099845946466397,0.09974966300789534,1.4013259853144647e-05,0.09955709609089158,1.7126264802964812e-05,0.09936452917388805,1.9615239177592744e-06,0.0991719622568843,3.108516717126986e-06,0.09897939533988054,1.072188921148078e-05,0.09994222992489887,0.0005762774416452212,0.0,0.0,0.0,0.0,0.0,0.0,0.0,0.0,1.0,1.0,1.0,1.0,1.0
64,14:17:27,0,0.09974966300789534,628227.0,0.099845946466397,0.09974966300789534,1.4728052467243366e-05,0.09955709609089158,1.8439488442820597e-05,0.09936452917388805,1.9615239177592744e-06,0.0991719622568843,3.108516717126986e-06,0.09897939533988054,1.072188921148078e-05,0.09994222992489887,0.0005745818870722428,0.0,0.0,0.0,0.0,0.0,0.0,0.0,0.0,1.0,1.0,1.0,1.0,1.0
64,14:17:30,0,0.09994222992489887,816699.0,0.099845946466397,0.09974966300789534,1.2949382474020973e-05,0.09955709609089158,1.8439488442820597e-05,0.09936452917388805,1.9615239177592744e-06,0.0991719622568843,3.108516717126986e-06,0.09897939533988054,1.072188921148078e-05,0.09994222992489887,0.0005738338482900464,0.0,0.0,0.0,0.0,0.0,0.0,0.0,0.0,1.0,1.0,1.0,1.0,1.0
64,14:17:33,0,0.09974966300789534,685335.0,0.099845946466397,0.09974966300789534,1.1719274254409224e-05,0.09955709609089158,1.8456111526869406e-05,0.09936452917388805,1.978147001808082e-06,0.0991719622568843,3.125139801175793e-06,0.09897939533988054,1.072188921148078e-05,0.09994222992489887,0.0005735346327771679,0.0,0.0,0.0,0.0,0.0,0.0,0.0,0.0,1.0,1.0,1.0,1.0,1.0
64,14:17:36,0,0.09994222992489887,314152.0,0.099845946466397,0.09974966300789534,1.1868882010848491e-05,0.09955709609089158,1.835637302257656e-05,0.09936452917388805,1.978147001808082e-06,0.0991719622568843,3.125139801175793e-06,0.09897939533988054,1.072188921148078e-05,0.09994222992489887,0.0005725704939023371,0.0,0.0,0.0,0.0,0.0,0.0,0.0,0.0,1.0,1.0,1.0,1.0,1.0
64,14:17:39,0,0.09974966300789534,1256572.0,0.099845946466397,0.09974966300789534,1.1519797245823535e-05,0.09955709609089158,1.860571928330867e-05,0.09936452917388805,1.9449008337104673e-06,0.0991719622568843,3.125139801175793e-06,0.09897939533988054,1.072188921148078e-05,0.09994222992489887,0.0005704926083962362,0.0,0.0,0.0,0.0,0.0,0.0,0.0,0.0,1.0,1.0,1.0,1.0,1.0
64,14:17:42,0,0.09974966300789534,845348.0,0.099845946466397,0.09974966300789534,1.148655107772592e-05,0.09955709609089158,1.817351909803968e-05,0.09936452917388805,1.9449008337104673e-06,0.0991719622568843,3.125139801175793e-06,0.09897939533988054,1.072188921148078e-05,0.09994222992489887,0.0005684812152263305,0.0,0.0,0.0,0.0,0.0,0.0,0.0,0.0,1.0,1.0,1.0,1.0,1.0
64,14:17:45,0,0.09994222992489887,519776.0,0.099845946466397,0.09974966300789534,1.2234589859922254e-05,0.09955709609089158,3.281845614503901e-05,0.09936452917388805,1.9449008337104673e-06,0.0991719622568843,3.125139801175793e-06,0.09897939533988054,1.072188921148078e-05,0.09994222992489887,0.0005672677300907676,0.0,0.0,0.0,0.0,0.0,0.0,0.0,0.0,1.0,1.0,1.0,1.0,1.0
64,14:17:48,0,0.09974966300789534,399789.0,0.099845946466397,0.09974966300789534,1.2350951448263907e-05,0.09955709609089158,3.418154903704122e-05,0.09936452917388805,1.9449008337104673e-06,0.0991719622568843,3.125139801175793e-06,0.09897939533988054,1.072188921148078e-05,0.09994222992489887,0.0005672012377545724,0.0,0.0,0.0,0.0,0.0,0.0,0.0,0.0,1.0,1.0,1.0,1.0,1.0
64,14:17:51,0,0.09994222992489887,725307.0,0.099845946466397,0.09974966300789534,1.5193498820609974e-05,0.09955709609089158,3.408181053274837e-05,0.09936452917388805,1.9449008337104673e-06,0.0991719622568843,3.125139801175793e-06,0.09897939533988054,1.072188921148078e-05,0.09994222992489887,0.0005675503225195973,0.0,0.0,0.0,0.0,0.0,0.0,0.0,0.0,1.0,1.0,1.0,1.0,1.0
64,14:17:54,0,0.09974966300789534,525442.0,0.099845946466397,0.09974966300789534,1.4661560131048136e-05,0.09955709609089158,3.3998695112504336e-05,0.09936452917388805,1.9449008337104673e-06,0.0991719622568843,3.125139801175793e-06,0.09897939533988054,1.0555658370992706e-05,0.09994222992489887,0.0005676999302760365,0.0,0.0,0.0,0.0,0.0,0.0,0.0,0.0,1.0,1.0,1.0,1.0,1.0
64,14:17:57,0,0.09994222992489887,1153731.0,0.099845946466397,0.09974966300789534,1.3531190415729232e-05,0.09955709609089158,3.4015318196553144e-05,0.09936452917388805,1.9449008337104673e-06,0.0991719622568843,3.125139801175793e-06,0.09897939533988054,1.0555658370992706e-05,0.09994222992489887,0.0005655555524337404,0.0,0.0,0.0,0.0,0.0,0.0,0.0,0.0,1.0,1.0,1.0,1.0,1.0
64,14:18:00,0,0.09974966300789534,999582.0,0.099845946466397,0.09974966300789534,1.5193498820609974e-05,0.09955709609089158,3.4231418289187634e-05,0.09936452917388805,1.9449008337104673e-06,0.0991719622568843,3.125139801175793e-06,0.09897939533988054,1.0555658370992706e-05,0.09994222992489887,0.0005632116975828585,0.0,0.0,0.0,0.0,0.0,0.0,0.0,0.0,1.0,1.0,1.0,1.0,1.0
64,14:18:03,0,0.09994222992489887,188474.0,0.099845946466397,0.09974966300789534,1.516025265251236e-05,0.09955709609089158,3.4231418289187634e-05,0.09936452917388805,1.911654665612852e-06,0.0991719622568843,3.125139801175793e-06,0.09897939533988054,9.95722734523564e-06,0.09994222992489887,0.000563859997860762,0.0,0.0,0.0,0.0,0.0,0.0,0.0,0.0,1.0,1.0,1.0,1.0,1.0
64,14:18:06,0,0.09974966300789534,319318.0,0.099845946466397,0.09974966300789534,1.4962271721491062e-05,0.09955709609089158,3.4115056700845985e-05,0.09936452917388805,1.911654665612852e-06,0.0991719622568843,3.125139801175793e-06,0.09897939533988054,9.95722734523564e-06,0.09994222992489887,0.0005637436362724204,0.0,0.0,0.0,0.0,0.0,0.0,0.0,0.0,1.0,1.0,1.0,1.0,1.0
64,14:18:09,0,0.09994222992489887,576886.0,0.099845946466397,0.09974966300789534,1.4829287049100603e-05,0.09955709609089158,3.398207202845553e-05,0.09936452917388805,1.8784084975152373e-06,0.0991719622568843,3.125139801175793e-06,0.09897939533988054,9.95722734523564e-06,0.09994222992489887,0.000562048081699442,0.0,0.0,0.0,0.0,0.0,0.0,0.0,0.0,1.0,1.0,1.0,1.0,1.0
64,14:18:12,0,0.09974966300789534,496923.0,0.099845946466397,0.09974966300789534,1.497889480553987e-05,0.09955709609089158,3.378259501986984e-05,0.09936452917388805,1.8784084975152373e-06,0.0991719622568843,3.125139801175793e-06,0.09897939533988054,9.95722734523564e-06,0.09994222992489887,0.000562314051044223,0.0,0.0,0.0,0.0,0.0,0.0,0.0,0.0,1.0,1.0,1.0,1.0,1.0
64,14:18:15,0,0.09974966300789534,788238.0,0.099845946466397,0.09974966300789534,1.5843295176077856e-05,0.09955709609089158,3.36994795996258e-05,0.09936452917388805,1.8784084975152373e-06,0.0991719622568843,3.125139801175793e-06,0.09897939533988054,9.95722734523564e-06,0.09994222992489887,0.0005616989969344171,0.0,0.0,0.0,0.0,0.0,0.0,0.0,0.0,1.0,1.0,1.0,1.0,1.0
64,14:18:18,0,0.09974966300789534,742457.0,0.099845946466397,0.09974966300789534,1.4247479107392344e-05,0.09955709609089158,3.308442548981993e-05,0.09936452917388805,1.7952930772712004e-06,0.0991719622568843,3.158385969273408e-06,0.09897939533988054,9.790996504747564e-06,0.09994222992489887,0.0005612501736650992,0.0,0.0,0.0,0.0,0.0,0.0,0.0,0.0,1.0,1.0,1.0,1.0,1.0
64,14:18:21,0,0.09994222992489887,588283.0,0.099845946466397,0.09974966300789534,1.5394471906760056e-05,0.09955709609089158,3.308442548981993e-05,0.09936452917388805,1.7952930772712004e-06,0.0991719622568843,3.158385969273408e-06,0.09897939533988054,9.790996504747564e-06,0.09994222992489887,0.0005602029193700244,0.0,0.0,0.0,0.0,0.0,0.0,0.0,0.0,1.0,1.0,1.0,1.0,1.0
64,14:18:24,0,0.09974966300789534,382653.0,0.099845946466397,0.09974966300789534,1.4912402469344641e-05,0.09955709609089158,3.316754091006396e-05,0.09936452917388805,1.7952930772712004e-06,0.0991719622568843,3.158385969273408e-06,0.09897939533988054,9.790996504747564e-06,0.09994222992489887,0.0005598704576890482,0.0,0.0,0.0,0.0,0.0,0.0,0.0,0.0,1.0,1.0,1.0,1.0,1.0
64,14:18:27,0,0.09974966300789534,394094.0,0.099845946466397,0.09974966300789534,1.5577325831296938e-05,0.09955709609089158,3.345013333889369e-05,0.09936452917388805,2.875793540443682e-06,0.0991719622568843,3.125139801175793e-06,0.09897939533988054,9.790996504747564e-06,0.09994222992489887,0.0005599369500252435,0.0,0.0,0.0,0.0,0.0,0.0,0.0,0.0,1.0,1.0,1.0,1.0,1.0
64,14:18:30,0,0.09974966300789534,1302131.0,0.099845946466397,0.09974966300789534,1.298412471968298e-05,0.09955709609089158,3.336701791864965e-05,0.09936452917388805,2.9256627925901045e-06,0.0991719622568843,3.125139801175793e-06,0.09897939533988054,9.790996504747564e-06,0.09994222992489887,0.0005607182349755374,0.0,0.0,0.0,0.0,0.0,0.0,0.0,0.0,1.0,1.0,1.0,1.0,1.0
64,14:18:33,0,0.09974966300789534,257024.0,0.099845946466397,0.09974966300789534,1.453007153622207e-05,0.09955709609089158,3.338364100269846e-05,0.09936452917388805,2.9755320447365264e-06,0.0991719622568843,3.125139801175793e-06,0.09897939533988054,9.807619588796372e-06,0.09994222992489887,0.0005601862962859755,0.0,0.0,0.0,0.0,0.0,0.0,0.0,0.0,1.0,1.0,1.0,1.0,1.0
64,14:18:36,0,0.09974966300789534,245599.0,0.099845946466397,0.09974966300789534,1.5012140973637484e-05,0.09955709609089158,3.336701791864965e-05,0.09936452917388805,2.9755320447365264e-06,0.0991719622568843,3.3744860619079043e-06,0.09897939533988054,9.807619588796372e-06,0.09994222992489887,0.0005597707191847554,0.0,0.0,0.0,0.0,0.0,0.0,0.0,0.0,1.0,1.0,1.0,1.0,1.0
64,14:18:39,0,0.09994222992489887,611152.0,0.099845946466397,0.09974966300789534,1.4579940788368492e-05,0.09955709609089158,3.310104857386873e-05,0.09936452917388805,2.9755320447365264e-06,0.0991719622568843,3.3744860619079043e-06,0.09897939533988054,9.807619588796372e-06,0.09994222992489887,0.0005591057958228031,0.0,0.0,0.0,0.0,0.0,0.0,0.0,0.0,1.0,1.0,1.0,1.0,1.0
64,14:18:42,0,0.09994222992489887,6791514.0,0.099845946466397,0.09974966300789534,1.5444341158906477e-05,0.09955709609089158,3.394882586035791e-05,0.09936452917388805,2.9755320447365264e-06,0.0991719622568843,3.3744860619079043e-06,0.09897939533988054,9.807619588796372e-06,0.09994222992489887,0.0005440619047586324,0.0,0.0,0.0,0.0,0.0,0.0,0.0,0.0,1.0,1.0,1.0,1.0,1.0
64,14:18:45,0,0.09974966300789534,559708.0,0.099845946466397,0.09974966300789534,1.4762794712905374e-05,0.09955709609089158,3.428128754133406e-05,0.09936452917388805,2.9755320447365264e-06,0.0991719622568843,3.3744860619079043e-06,0.09897939533988054,9.807619588796372e-06,0.09994222992489887,0.000543829181581949,0.0,0.0,0.0,0.0,0.0,0.0,0.0,0.0,1.0,1.0,1.0,1.0,1.0
64,14:18:48,0,0.09994222992489887,462609.0,0.099845946466397,0.09974966300789534,1.3649048081635278e-05,0.09955709609089158,3.4198172121090025e-05,0.09936452917388805,2.992155128785334e-06,0.0991719622568843,3.3744860619079043e-06,0.09897939533988054,9.807619588796372e-06,0.09994222992489887,0.0005433969813966801,0.0,0.0,0.0,0.0,0.0,0.0,0.0,0.0,1.0,1.0,1.0,1.0,1.0
64,14:18:51,0,0.09974966300789534,1365019.0,0.099845946466397,0.09974966300789534,1.4031379014757847e-05,0.09955709609089158,3.406518744869956e-05,0.09936452917388805,2.992155128785334e-06,0.0991719622568843,3.3744860619079043e-06,0.09897939533988054,9.807619588796372e-06,0.09994222992489887,0.0005431808813040456,0.0,0.0,0.0,0.0,0.0,0.0,0.0,0.0,1.0,1.0,1.0,1.0,1.0
64,14:18:54,0,0.09994222992489887,993746.0,0.099845946466397,0.09974966300789534,1.2169593601291417e-05,0.09955709609089158,3.468024155850544e-05,0.09936452917388805,2.992155128785334e-06,0.0991719622568843,3.357862977859097e-06,0.09897939533988054,9.807619588796372e-06,0.09994222992489887,0.0005435964584052658,0.0,0.0,0.0,0.0,0.0,0.0,0.0,0.0,1.0,1.0,1.0,1.0,1.0
64,14:18:57,0,0.09994222992489887,262728.0,0.099845946466397,0.09974966300789534,1.1820508836266462e-05,0.09955709609089158,3.4879718567091126e-05,0.09936452917388805,2.992155128785334e-06,0.0991719622568843,3.357862977859097e-06,0.09897939533988054,9.807619588796372e-06,0.09994222992489887,0.0005447766973727311,0.0,0.0,0.0,0.0,0.0,0.0,0.0,0.0,1.0,1.0,1.0,1.0,1.0
64,14:19:00,0,0.09974966300789534,1685003.0,0.099845946466397,0.09974966300789534,1.2103101265096188e-05,0.09955709609089158,3.4879718567091126e-05,0.09936452917388805,2.992155128785334e-06,0.0991719622568843,3.357862977859097e-06,0.09897939533988054,9.807619588796372e-06,0.09994222992489887,0.0005388090101992092,0.0,0.0,0.0,0.0,0.0,0.0,0.0,0.0,1.0,1.0,1.0,1.0,1.0
64,14:19:03,0,0.09974966300789534,222760.0,0.099845946466397,0.09974966300789534,1.4430333031929225e-05,0.09955709609089158,3.4696864642554245e-05,0.09936452917388805,2.992155128785334e-06,0.0991719622568843,3.307993725712675e-06,0.09897939533988054,9.807619588796372e-06,0.09994222992489887,0.0005390251102918437,0.0,0.0,0.0,0.0,0.0,0.0,0.0,0.0,1.0,1.0,1.0,1.0,1.0
64,14:19:06,0,0.09974966300789534,8589304.0,0.099845946466397,0.09974966300789534,3.339577585405409e-07,0.09955709609089158,3.32687754919212e-05,0.09936452917388805,3.2248783054686377e-06,0.0991719622568843,3.307993725712675e-06,0.09897939533988054,9.807619588796372e-06,0.09994222992489887,0.000530464222006708,0.0,0.0,0.0,0.0,0.0,0.0,0.0,0.0,1.0,1.0,1.0,1.0,1.0
64,14:19:09,0,0.09994222992489887,519746.0,0.099845946466397,0.09974966300789534,8.991426161999928e-07,0.09955709609089158,3.3235529323823586e-05,0.09936452917388805,3.2248783054686377e-06,0.0991719622568843,3.2913706416638672e-06,0.09897939533988054,9.807619588796372e-06,0.09994222992489887,0.0005295000831318771,0.0,0.0,0.0,0.0,0.0,0.0,0.0,0.0,1.0,1.0,1.0,1.0,1.0
64,14:19:12,0,0.09994222992489887,314126.0,0.099845946466397,0.09974966300789534,2.079381583665319e-06,0.09955709609089158,3.340176016431166e-05,0.09936452917388805,3.20825522141983e-06,0.0991719622568843,3.2913706416638672e-06,0.09897939533988054,9.807619588796372e-06,0.09994222992489887,0.0005295000831318771,0.0,0.0,0.0,0.0,0.0,0.0,0.0,0.0,1.0,1.0,1.0,1.0,1.0
64,14:19:15,0,0.09974966300789534,536845.0,0.099845946466397,0.09974966300789534,2.611320273227156e-06,0.09955709609089158,3.341838324836047e-05,0.09936452917388805,3.20825522141983e-06,0.0991719622568843,3.2913706416638672e-06,0.09897939533988054,9.807619588796372e-06,0.09994222992489887,0.0005295000831318771,0.0,0.0,0.0,0.0,0.0,0.0,0.0,0.0,1.0,1.0,1.0,1.0,1.0
64,14:19:18,0,0.09994222992489887,491183.0,0.099845946466397,0.09974966300789534,2.6611895253735784e-06,0.09955709609089158,3.356799100479973e-05,0.09936452917388805,3.20825522141983e-06,0.0991719622568843,3.2913706416638672e-06,0.09897939533988054,9.807619588796372e-06,0.09994222992489887,0.0005295665754680724,0.0,0.0,0.0,0.0,0.0,0.0,0.0,0.0,1.0,1.0,1.0,1.0,1.0
64,14:19:21,0,0.09994222992489887,171344.0,0.099845946466397,0.09974966300789534,3.575459148057986e-06,0.09955709609089158,3.35014986686045e-05,0.09936452917388805,3.20825522141983e-06,0.0991719622568843,3.2913706416638672e-06,0.09897939533988054,9.82424267284518e-06,0.09994222992489887,0.0005312122607889042,0.0,0.0,0.0,0.0,0.0,0.0,0.0,0.0,1.0,1.0,1.0,1.0,1.0
64,14:19:24,0,0.09955709609089158,13792563.0,0.0994608126323897,0.09936452917388805,3.2415013895174453e-06,0.0991719622568843,3.2913706416638672e-06,0.09897939533988054,9.82424267284518e-06,0.098786828422877,1.5127006484414744e-06,0.09859426150587325,3.524093818347171e-06,0.09955709609089158,1.1312839849415884e-05,0.09994222992489887,0.000531145768452709,0.0,0.0,0.0,0.0,0.0,0.0,1.0,1.0,1.0,1.0,1.0
64,14:19:27,0,0.09955709609089158,1330386.0,0.0994608126323897,0.09936452917388805,2.510085691369919e-06,0.0991719622568843,3.2913706416638672e-06,0.09897939533988054,1.0472542950748669e-05,0.098786828422877,1.5293237324902818e-06,0.09859426150587325,3.524093818347171e-06,0.09955709609089158,8.287438552532934e-06,0.09974966300789534,1.047254295074867e-06,0.09994222992489887,0.0005307800606036353,0.0,0.0,0.0,0.0,1.0,1.0,1.0,1.0,1.0
64,14:19:30,0,0.09955709609089158,222686.0,0.0994608126323897,0.09936452917388805,3.0918936330781783e-06,0.0991719622568843,3.2913706416638672e-06,0.09897939533988054,1.0472542950748669e-05,0.098786828422877,1.5293237324902818e-06,0.09859426150587325,3.524093818347171e-06,0.09955709609089158,7.93835378750798e-06,0.09974966300789534,1.2301082196117483e-06,0.09994222992489887,0.0005310958992005626,0.0,0.0,0.0,0.0,1.0,1.0,1.0,1.0,1.0
64,14:19:33,0,0.09955709609089158,1433209.0,0.0994608126323897,0.09936452917388805,3.108516717126986e-06,0.0991719622568843,3.2913706416638672e-06,0.09897939533988054,1.0522412202895091e-05,0.098786828422877,1.5127006484414744e-06,0.09859426150587325,3.524093818347171e-06,0.09955709609089158,3.832452027452548e-06,0.09974966300789534,1.8285392453688152e-06,0.09994222992489887,0.000526308450994506,0.0,0.0,0.0,0.0,1.0,1.0,1.0,1.0,1.0
64,14:19:36,0,0.09955709609089158,1187679.0,0.0994608126323897,0.09936452917388805,3.0918936330781783e-06,0.0991719622568843,3.27474755761506e-06,0.09897939533988054,1.0522412202895091e-05,0.098786828422877,1.5127006484414744e-06,0.09859426150587325,3.524093818347171e-06,0.09955709609089158,4.579659655446442e-07,0.09974966300789534,1.895031581564045e-06,0.09994222992489887,0.0005239313499755266,0.0,0.0,0.0,0.0,1.0,1.0,1.0,1.0,1.0
64,14:19:39,0,0.09974966300789534,277234.0,0.09965337954939346,0.09955709609089158,1.0713577669456377e-06,0.09936452917388805,3.906424751469742e-06,0.0991719622568843,3.27474755761506e-06,0.09897939533988054,1.0522412202895091e-05,0.098786828422877,1.5127006484414744e-06,0.09974966300789534,3.075270549029371e-06,0.09994222992489887,0.0005454083745665858,0.0,0.0,0.0,0.0,0.0,0.0,1.0,1.0,1.0,1.0,1.0
64,14:19:42,0,0.09955709609089158,222690.0,0.09965337954939346,0.09955709609089158,1.9856273896300454e-06,0.09936452917388805,3.673701574786438e-06,0.0991719622568843,3.2581244735662525e-06,0.09897939533988054,9.874111924991603e-06,0.098786828422877,1.5127006484414744e-06,0.09974966300789534,3.391109145956712e-06,0.09994222992489887,0.0005449096820451215,0.0,0.0,0.0,0.0,0.0,0.0,1.0,1.0,1.0,1.0,1.0
64,14:19:45,0,0.09974966300789534,388348.0,0.09965337954939346,0.09955709609089158,2.384581406801423e-06,0.09936452917388805,3.690324658835245e-06,0.0991719622568843,3.2581244735662525e-06,0.09897939533988054,9.874111924991603e-06,0.098786828422877,1.5127006484414744e-06,0.09974966300789534,2.8591704563948745e-06,0.09994222992489887,0.0005445439741960478,0.0,0.0,0.0,0.0,0.0,0.0,1.0,1.0,1.0,1.0,1.0
64,14:19:48,0,0.09974966300789534,1273545.0,0.099845946466397,0.09974966300789534,1.6789314889295486e-06,0.09955709609089158,3.564820374266749e-06,0.09936452917388805,4.322001852689927e-06,0.0991719622568843,3.191632137371023e-06,0.09897939533988054,9.874111924991603e-06,0.09994222992489887,0.0005441948894310229,0.0,0.0,0.0,0.0,0.0,0.0,0.0,0.0,1.0,1.0,1.0,1.0,1.0
64,14:19:51,0,0.09955709609089158,1753363.0,0.09965337954939346,0.09955709609089158,3.5814434583155566e-06,0.09936452917388805,4.322001852689927e-06,0.0991719622568843,3.6570784907376304e-06,0.09897939533988054,9.874111924991603e-06,0.098786828422877,1.5127006484414744e-06,0.09974966300789534,2.7428088680532227e-06,0.09994222992489887,0.0005427486811187766,0.0,0.0,0.0,0.0,0.0,0.0,1.0,1.0,1.0,1.0,1.0
64,14:19:54,0,0.09994222992489887,1130762.0,0.099845946466397,0.09974966300789534,1.1802389674653262e-06,0.09955709609089158,3.348720281632253e-06,0.09936452917388805,4.322001852689927e-06,0.0991719622568843,4.7043327858124975e-06,0.09897939533988054,9.874111924991603e-06,0.09994222992489887,0.0005428151734549718,0.0,0.0,0.0,0.0,0.0,0.0,0.0,0.0,1.0,1.0,1.0,1.0,1.0
64,14:19:57,0,0.09974966300789534,405498.0,0.099845946466397,0.09974966300789534,7.812849502939483e-07,0.09955709609089158,4.163251400023816e-06,0.09936452917388805,4.355248020787542e-06,0.0991719622568843,4.7043327858124975e-06,0.09897939533988054,9.874111924991603e-06,0.09994222992489887,0.0005413190958905792,0.0,0.0,0.0,0.0,0.0,0.0,0.0,0.0,1.0,1.0,1.0,1.0,1.0
64,14:20:00,0,0.09974966300789534,896589.0,0.099845946466397,0.09974966300789534,1.1469927993677114e-06,0.09955709609089158,3.7310512147548233e-06,0.09936452917388805,4.2721326005435044e-06,0.0991719622568843,4.720955869861305e-06,0.09897939533988054,9.874111924991603e-06,0.09994222992489887,0.0005420338885046779,0.0,0.0,0.0,0.0,0.0,0.0,0.0,0.0,1.0,1.0,1.0,1.0,1.0
64,14:20:03,0,0.09994222992489887,1627806.0,0.09965337954939346,0.09955709609089158,3.980397475486934e-06,0.09936452917388805,4.371871104836349e-06,0.0991719622568843,4.720955869861305e-06,0.09897939533988054,9.82424267284518e-06,0.098786828422877,1.9615239177592744e-06,0.09974966300789534,1.662308404880741e-07,0.09994222992489887,0.0005391913411323319,0.0,0.0,0.0,0.0,0.0,0.0,1.0,1.0,1.0,1.0,1.0
64,14:20:06,0,0.09974966300789534,702025.0,0.099845946466397,0.09974966300789534,1.6970506505427486e-06,0.09955709609089158,5.1273902748546456e-06,0.09936452917388805,4.039409423860201e-06,0.0991719622568843,4.4217403569827715e-06,0.09897939533988054,9.82424267284518e-06,0.09994222992489887,0.0005376952635679391,0.0,0.0,0.0,0.0,0.0,0.0,0.0,0.0,1.0,1.0,1.0,1.0,1.0
64,14:20:09,0,0.09974966300789534,542609.0,0.099845946466397,0.09974966300789534,1.9297738272260525e-06,0.09955709609089158,8.56836867295778e-06,0.09936452917388805,4.039409423860201e-06,0.0991719622568843,4.4217403569827715e-06,0.09897939533988054,9.82424267284518e-06,0.09994222992489887,0.0005373794249710118,0.0,0.0,0.0,0.0,0.0,0.0,0.0,0.0,1.0,1.0,1.0,1.0,1.0
64,14:20:12,0,0.09974966300789534,456899.0,0.099845946466397,0.09974966300789534,2.411843264641467e-06,0.09955709609089158,9.98133081710641e-06,0.09936452917388805,2.9256627925901045e-06,0.0991719622568843,4.62121736556846e-06,0.09897939533988054,9.807619588796372e-06,0.09994222992489887,0.0005381773330053546,0.0,0.0,0.0,0.0,0.0,0.0,0.0,0.0,1.0,1.0,1.0,1.0,1.0
64,14:20:15,0,0.09994222992489887,839531.0,0.099845946466397,0.09974966300789534,2.727681861568808e-06,0.09955709609089158,1.0413531002375403e-05,0.09936452917388805,2.9422858766389116e-06,0.0991719622568843,5.3692561477647935e-06,0.09897939533988054,9.807619588796372e-06,0.09994222992489887,0.0005394739335611616,0.0,0.0,0.0,0.0,0.0,0.0,0.0,0.0,1.0,1.0,1.0,1.0,1.0
64,14:20:18,0,0.09994222992489887,788139.0,0.099845946466397,0.09974966300789534,1.065373456688067e-06,0.09955709609089158,1.0480023338570632e-05,0.09936452917388805,2.9422858766389116e-06,0.0991719622568843,5.385879231813601e-06,0.09897939533988054,9.82424267284518e-06,0.09994222992489887,0.0005394573104771127,0.0,0.0,0.0,0.0,0.0,0.0,0.0,0.0,1.0,1.0,1.0,1.0,1.0
64,14:20:21,0,0.09994222992489887,388382.0,0.099845946466397,0.09974966300789534,1.6139352302987115e-06,0.09955709609089158,9.997953901155216e-06,0.09936452917388805,2.9422858766389116e-06,0.0991719622568843,5.435748483960023e-06,0.09897939533988054,9.82424267284518e-06,0.09994222992489887,0.0005388422563673068,0.0,0.0,0.0,0.0,0.0,0.0,0.0,0.0,1.0,1.0,1.0,1.0,1.0
64,14:20:24,0,0.09974966300789534,268424.0,0.099845946466397,0.09974966300789534,1.796789154835593e-06,0.09955709609089158,1.011431548949687e-05,0.09936452917388805,3.7734400790792822e-06,0.0991719622568843,5.3692561477647935e-06,0.09897939533988054,9.82424267284518e-06,0.09994222992489887,0.0005387923871151604,0.0,0.0,0.0,0.0,0.0,0.0,0.0,0.0,1.0,1.0,1.0,1.0,1.0
64,14:20:27,0,0.09994222992489887,776804.0,0.099845946466397,0.09974966300789534,1.6471813983963262e-06,0.09955709609089158,1.0313792498082559e-05,0.09936452917388805,3.856555499323319e-06,0.0991719622568843,5.3692561477647935e-06,0.09897939533988054,9.82424267284518e-06,0.09994222992489887,0.0005375622788955487,0.0,0.0,0.0,0.0,0.0,0.0,0.0,0.0,1.0,1.0,1.0,1.0,1.0
64,14:20:30,0,0.09994222992489887,873905.0,0.099845946466397,0.09974966300789534,2.32872784439743e-06,0.09955709609089158,1.0779238851449166e-05,0.09936452917388805,3.856555499323319e-06,0.0991719622568843,5.3692561477647935e-06,0.09897939533988054,9.82424267284518e-06,0.09994222992489887,0.0005350854393722764,0.0,0.0,0.0,0.0,0.0,0.0,0.0,0.0,1.0,1.0,1.0,1.0,1.0
64,14:20:33,0,0.09974966300789534,1199436.0,0.099845946466397,0.09974966300789534,2.312104760348623e-06,0.09955709609089158,1.069612343120513e-05,0.09936452917388805,3.8898016674209345e-06,0.0991719622568843,5.3692561477647935e-06,0.09897939533988054,9.807619588796372e-06,0.09994222992489887,0.0005335624324117246,0.0,0.0,0.0,0.0,0.0,0.0,0.0,0.0,1.0,1.0,1.0,1.0,1.0
64,14:20:36,0,0.09994222992489887,217048.0,0.099845946466397,0.09974966300789534,3.010274290398534e-06,0.09955709609089158,1.0712746515253936e-05,0.09936452917388805,3.8898016674209345e-06,0.0991719622568843,5.3692561477647935e-06,0.09897939533988054,9.807619588796372e-06,0.09994222992489887,0.0005339780095129449,0.0,0.0,0.0,0.0,0.0,0.0,0.0,0.0,1.0,1.0,1.0,1.0,1.0
64,14:20:39,0,0.09994222992489887,479764.0,0.099845946466397,0.09974966300789534,2.9437819542033045e-06,0.09955709609089158,1.081248501954678e-05,0.09936452917388805,3.923047835518549e-06,0.0991719622568843,5.385879231813601e-06,0.09897939533988054,9.807619588796372e-06,0.09994222992489887,0.0005133653852924236,0.0,0.0,0.0,0.0,0.0,0.0,0.0,0.0,1.0,1.0,1.0,1.0,1.0
64,14:20:42,0,0.09994222992489887,285580.0,0.099845946466397,0.09974966300789534,4.522974938840009e-06,0.09955709609089158,1.112832361647412e-05,0.09936452917388805,3.923047835518549e-06,0.0991719622568843,5.419125399911216e-06,0.09897939533988054,9.807619588796372e-06,0.09994222992489887,0.000514894709024914,0.0,0.0,0.0,0.0,0.0,0.0,0.0,0.0,1.0,1.0,1.0,1.0,1.0
64,14:20:45,0,0.09994222992489887,2079059.0,0.099845946466397,0.09974966300789534,2.6279433572759637e-06,0.09955709609089158,2.1900082080101322e-05,0.09936452917388805,3.923047835518549e-06,0.0991719622568843,5.119909887032683e-06,0.09897939533988054,9.807619588796372e-06,0.09994222992489887,0.0005112043843660787,0.0,0.0,0.0,0.0,0.0,0.0,0.0,0.0,1.0,1.0,1.0,1.0,1.0
64,14:20:48,0,0.09994222992489887,616867.0,0.099845946466397,0.09974966300789534,3.126635878740186e-06,0.09955709609089158,2.2714613198492888e-05,0.09936452917388805,3.923047835518549e-06,0.0991719622568843,5.119909887032683e-06,0.09897939533988054,9.807619588796372e-06,0.09994222992489887,0.0005105893302562728,0.0,0.0,0.0,0.0,0.0,0.0,0.0,0.0,1.0,1.0,1.0,1.0,1.0
64,14:20:51,0,0.09974966300789534,394091.0,0.099845946466397,0.09974966300789534,3.3094898032770672e-06,0.09955709609089158,2.705323813523162e-05,0.09936452917388805,3.839932415274512e-06,0.0991719622568843,5.119909887032683e-06,0.09897939533988054,9.807619588796372e-06,0.09994222992489887,0.0005119191769801774,0.0,0.0,0.0,0.0,0.0,0.0,0.0,0.0,1.0,1.0,1.0,1.0,1.0
64,14:20:54,0,0.09994222992489887,656773.0,0.099845946466397,0.09974966300789534,1.7801660707867857e-06,0.09955709609089158,2.7086484303329236e-05,0.09936452917388805,3.839932415274512e-06,0.0991719622568843,5.119909887032683e-06,0.09897939533988054,9.774373420698758e-06,0.09994222992489887,0.0005121519001568607,0.0,0.0,0.0,0.0,0.0,0.0,0.0,0.0,1.0,1.0,1.0,1.0,1.0
64,14:20:57,0,0.09974966300789534,296998.0,0.099845946466397,0.09974966300789534,1.8134122388844004e-06,0.09955709609089158,2.720284589167089e-05,0.09936452917388805,3.839932415274512e-06,0.0991719622568843,5.119909887032683e-06,0.09897939533988054,9.774373420698758e-06,0.09994222992489887,0.0005109051688532002,0.0,0.0,0.0,0.0,0.0,0.0,0.0,0.0,1.0,1.0,1.0,1.0,1.0
64,14:21:00,0,0.09994222992489887,1242669.0,0.099845946466397,0.09974966300789534,2.3859112535253277e-06,0.09955709609089158,2.7285961311914925e-05,0.09936452917388805,3.839932415274512e-06,0.0991719622568843,5.119909887032683e-06,0.09897939533988054,9.774373420698758e-06,0.09994222992489887,0.0005080127522287077,0.0,0.0,0.0,0.0,0.0,0.0,0.0,0.0,1.0,1.0,1.0,1.0,1.0
64,14:21:03,0,0.09994222992489887,1028151.0,0.099845946466397,0.09974966300789534,2.9178499430871646e-06,0.09955709609089158,2.8349838691038597e-05,0.09936452917388805,3.839932415274512e-06,0.0991719622568843,5.13653297108149e-06,0.09897939533988054,9.774373420698758e-06,0.09994222992489887,0.0005061010975630948,0.0,0.0,0.0,0.0,0.0,0.0,0.0,0.0,1.0,1.0,1.0,1.0,1.0
64,14:21:06,0,0.09994222992489887,1381755.0,0.099845946466397,0.09974966300789534,3.1686922813836688e-06,0.09955709609089158,2.846620027938025e-05,0.09936452917388805,3.839932415274512e-06,0.0991719622568843,5.13653297108149e-06,0.09897939533988054,9.774373420698758e-06,0.09994222992489887,0.0005044387891582141,0.0,0.0,0.0,0.0,0.0,0.0,0.0,0.0,1.0,1.0,1.0,1.0,1.0
64,14:21:09,0,0.09994222992489887,1336579.0,0.099845946466397,0.09974966300789534,3.384792374018165e-06,0.09955709609089158,2.8549315699624287e-05,0.09936452917388805,3.839932415274512e-06,0.0991719622568843,5.13653297108149e-06,0.09897939533988054,9.741127252601143e-06,0.09994222992489887,0.0005016627341220632,0.0,0.0,0.0,0.0,0.0,0.0,0.0,0.0,1.0,1.0,1.0,1.0,1.0
64,14:21:12,0,0.09974966300789534,13011789.0,0.099845946466397,0.09974966300789534,3.7006309709455057e-06,0.09955709609089158,2.8549315699624287e-05,0.09936452917388805,3.856555499323319e-06,0.0991719622568843,5.119909887032683e-06,0.09897939533988054,9.741127252601143e-06,0.09994222992489887,0.00046713658855269025,0.0,0.0,0.0,0.0,0.0,0.0,0.0,0.0,1.0,1.0,1.0,1.0,1.0
64,14:21:15,0,0.09994222992489887,748217.0,0.099845946466397,0.09974966300789534,7.989386655537817e-06,0.09955709609089158,3.253885587133807e-05,0.09936452917388805,3.7734400790792822e-06,0.0991719622568843,5.13653297108149e-06,0.09897939533988054,9.741127252601143e-06,0.09994222992489887,0.00046597297266927373,0.0,0.0,0.0,0.0,0.0,0.0,0.0,0.0,1.0,1.0,1.0,1.0,1.0
64,14:21:18,0,0.09974966300789534,3815564.0,0.099845946466397,0.09974966300789534,1.5503020645598767e-05,0.09955709609089158,3.32868946535344e-05,0.09936452917388805,3.7401939109816675e-06,0.0991719622568843,5.13653297108149e-06,0.09897939533988054,9.741127252601143e-06,0.09994222992489887,0.00045423707533081566,0.0,0.0,0.0,0.0,0.0,0.0,0.0,0.0,1.0,1.0,1.0,1.0,1.0
64,14:21:21,0,0.09994222992489887,656790.0,0.099845946466397,0.09974966300789534,1.7880121664578228e-05,0.09955709609089158,3.340325624187605e-05,0.09936452917388805,3.7401939109816675e-06,0.0991719622568843,5.169779139179105e-06,0.09897939533988054,9.741127252601143e-06,0.09994222992489887,0.0004540043521541324,0.0,0.0,0.0,0.0,0.0,0.0,0.0,0.0,1.0,1.0,1.0,1.0,1.0
64,14:21:24,0,0.09994222992489887,1045216.0,0.099845946466397,0.09974966300789534,1.8661406614872174e-05,0.09955709609089158,3.341987932592486e-05,0.09936452917388805,3.7568169950304747e-06,0.0991719622568843,5.203025307276719e-06,0.09897939533988054,9.741127252601143e-06,0.09994222992489887,0.0004531399517835944,0.0,0.0,0.0,0.0,0.0,0.0,0.0,0.0,1.0,1.0,1.0,1.0,1.0
64,14:21:27,0,0.09994222992489887,1256598.0,0.099845946466397,0.09974966300789534,1.8927375959653095e-05,0.09955709609089158,3.3453125494022475e-05,0.09936452917388805,3.7568169950304747e-06,0.0991719622568843,5.203025307276719e-06,0.09897939533988054,9.741127252601143e-06,0.09994222992489887,0.00045048025833578523,0.0,0.0,0.0,0.0,0.0,0.0,0.0,0.0,1.0,1.0,1.0,1.0,1.0
64,14:21:30,0,0.09994222992489887,839635.0,0.099845946466397,0.09974966300789534,3.2458566375382324e-05,0.09955709609089158,3.386870259524266e-05,0.09936452917388805,3.7568169950304747e-06,0.0991719622568843,5.169779139179105e-06,0.09897939533988054,9.741127252601143e-06,0.09994222992489887,0.0004499649427302722,0.0,0.0,0.0,0.0,0.0,0.0,0.0,0.0,1.0,1.0,1.0,1.0,1.0
64,14:21:33,0,0.09994222992489887,19112340.0,0.099845946466397,0.09974966300789534,3.422061328455591e-05,0.09955709609089158,3.401831035168193e-05,0.09936452917388805,3.5739630704935933e-06,0.0991719622568843,5.169779139179105e-06,0.09897939533988054,9.741127252601143e-06,0.09994222992489887,0.000395258373125647,0.0,0.0,0.0,0.0,0.0,0.0,0.0,0.0,1.0,1.0,1.0,1.0,1.0
64,14:21:36,0,0.09994222992489887,60175898.0,0.099845946466397,0.09974966300789534,3.435359795694637e-05,0.09955709609089158,3.509881081485441e-05,0.09936452917388805,3.5739630704935933e-06,0.0991719622568843,5.169779139179105e-06,0.09897939533988054,9.741127252601143e-06,0.09994222992489887,0.0002205331366886323,0.0,0.0,0.0,0.0,0.0,0.0,0.0,0.0,1.0,1.0,1.0,1.0,1.0
64,14:21:39,0,0.09994222992489887,38161755.0,0.099845946466397,0.09974966300789534,3.2441943291333516e-05,0.09955709609089158,3.4832841470073486e-05,0.09936452917388805,3.5739630704935933e-06,0.0991719622568843,5.169779139179105e-06,0.09897939533988054,9.741127252601143e-06,0.09994222992489887,0.00011093714355484504,0.0,0.0,0.0,0.0,0.0,0.0,0.0,0.0,1.0,1.0,1.0,1.0,1.0
64,14:21:42,0,0.09994222992489887,38525573.0,0.09994222992489887,0.09994222992489887,1.6262695586629265e-05,0.09974966300789534,2.183641566819439e-05,0.09955709609089158,3.5381403243684136e-05,0.09936452917388805,3.5739630704935933e-06,0.0991719622568843,5.169779139179105e-06,0.0,0.0,0.0,0.0,0.0,0.0,0.0,0.0,0.0,0.0,1.0,1.0,1.0,1.0,1.0
64,14:21:45,0,0.09994222992489887,571200.0,0.09994222992489887,0.09994222992489887,0.00024830432582393194,0.09974966300789534,1.393014443290061e-05,0.09955709609089158,3.516530315104964e-05,0.09936452917388805,3.440978398103134e-06,0.0991719622568843,5.13653297108149e-06,0.0,0.0,0.0,0.0,0.0,0.0,0.0,0.0,0.0,0.0,1.0,1.0,1.0,1.0,1.0
64,14:21:48,0,0.09994222992489887,17136.0,0.09994222992489887,0.09994222992489887,0.00037449015683842896,0.09974966300789534,2.8525212227753518e-05,0.09955709609089158,3.361935633451055e-05,0.09936452917388805,3.440978398103134e-06,0.0991719622568843,5.186402223227912e-06,0.0,0.0,0.0,0.0,0.0,0.0,0.0,0.0,0.0,0.0,1.0,1.0,1.0,1.0,1.0
64,14:21:51,0,0.09994222992489887,2747472.0,0.09994222992489887,0.09994222992489887,0.0003529632629952234,0.09974966300789534,3.9263724523283105e-05,0.09955709609089158,3.348637166212009e-05,0.09936452917388805,3.20825522141983e-06,0.0991719622568843,5.186402223227912e-06,0.0,0.0,0.0,0.0,0.0,0.0,0.0,0.0,0.0,0.0,1.0,1.0,1.0,1.0,1.0
64,14:21:54,0,0.09994222992489887,165648.0,0.09994222992489887,0.09994222992489887,0.0004365939988447735,0.09974966300789534,3.869853966562365e-05,0.09955709609089158,3.4134671940023576e-05,0.09936452917388805,3.20825522141983e-06,0.0991719622568843,5.186402223227912e-06,0.0,0.0,0.0,0.0,0.0,0.0,0.0,0.0,0.0,0.0,1.0,1.0,1.0,1.0,1.0
64,14:21:57,0,0.09994222992489887,947564.0,0.09994222992489887,0.09994222992489887,0.0008364641141780811,0.09974966300789534,3.864867041347723e-05,0.09955709609089158,3.411804885597477e-05,0.09936452917388805,3.7069477428840527e-06,0.0991719622568843,5.203025307276719e-06,0.0,0.0,0.0,0.0,0.0,0.0,0.0,0.0,0.0,0.0,1.0,1.0,1.0,1.0,1.0
64,14:22:00,0,0.09994222992489887,171360.0,0.09994222992489887,0.09994222992489887,0.0010497382825242802,0.09974966300789534,3.853230882513558e-05,0.09955709609089158,3.388532567929147e-05,0.09936452917388805,3.7069477428840527e-06,0.0991719622568843,4.471609609129194e-06,0.0,0.0,0.0,0.0,0.0,0.0,0.0,0.0,0.0,0.0,1.0,1.0,1.0,1.0,1.0
64,14:22:03,0,0.09994222992489887,565488.0,0.09994222992489887,0.09994222992489887,0.00112278011383474,0.09974966300789534,3.8981132094453375e-05,0.09955709609089158,3.330351773758321e-05,0.09936452917388805,3.6570784907376304e-06,0.0991719622568843,4.471609609129194e-06,0.0,0.0,0.0,0.0,0.0,0.0,0.0,0.0,0.0,0.0,1.0,1.0,1.0,1.0,1.0
64,14:22:06,0,0.09994222992489887,371280.0,0.09994222992489887,0.09994222992489887,0.001129761809135239,0.09974966300789534,3.9180609103039065e-05,0.09955709609089158,3.386870259524266e-05,0.09936452917388805,3.6570784907376304e-06,0.0991719622568843,3.5573399864447857e-06,0.0,0.0,0.0,0.0,0.0,0.0,0.0,0.0,0.0,0.0,1.0,1.0,1.0,1.0,1.0
64,14:22:09,0,0.09994222992489887,51408.0,0.09994222992489887,0.09994222992489887,0.0011829058088392763,0.09974966300789534,3.8981132094453375e-05,0.09955709609089158,3.3569487082364124e-05,0.09936452917388805,3.7568169950304747e-06,0.0991719622568843,3.5573399864447857e-06,0.0,0.0,0.0,0.0,0.0,0.0,0.0,0.0,0.0,0.0,1.0,1.0,1.0,1.0,1.0
64,14:22:12,0,0.09994222992489887,91392.0,0.09994222992489887,0.09994222992489887,0.0011871945645238685,0.09974966300789534,4.1225248441042376e-05,0.09955709609089158,3.370247175475459e-05,0.09936452917388805,3.7568169950304747e-06,0.0991719622568843,3.5739630704935933e-06,0.0,0.0,0.0,0.0,0.0,0.0,0.0,0.0,0.0,0.0,1.0,1.0,1.0,1.0,1.0
64,14:22:15,0,0.09994222992489887,57120.0,0.09994222992489887,0.09994222992489887,0.001364978448425864,0.09974966300789534,4.1208625356993574e-05,0.09955709609089158,3.370247175475459e-05,0.09936452917388805,3.7568169950304747e-06,0.0991719622568843,3.5739630704935933e-06,0.0,0.0,0.0,0.0,0.0,0.0,0.0,0.0,0.0,0.0,1.0,1.0,1.0,1.0,1.0
64,14:22:18,0,0.09994222992489887,411264.0,0.09994222992489887,0.09994222992489887,0.0014334489316229016,0.09974966300789534,4.1125509936749534e-05,0.09955709609089158,3.351961783021771e-05,0.09936452917388805,3.7568169950304747e-06,0.0991719622568843,3.590586154542401e-06,0.0,0.0,0.0,0.0,0.0,0.0,0.0,0.0,0.0,0.0,1.0,1.0,1.0,1.0,1.0
64,14:22:21,0,0.09994222992489887,28560.0,0.09994222992489887,0.09994222992489887,0.0014515182239839552,0.09974966300789534,4.097590218031027e-05,0.09955709609089158,3.3569487082364124e-05,0.09936452917388805,3.7568169950304747e-06,0.0991719622568843,2.4602164392234966e-06,0.0,0.0,0.0,0.0,0.0,0.0,0.0,0.0,0.0,0.0,1.0,1.0,1.0,1.0,1.0
64,14:22:24,0,0.09994222992489887,131376.0,0.09994222992489887,0.09994222992489887,0.0014520169165054195,0.09974966300789534,4.077642517172458e-05,0.09955709609089158,2.8565938783673095e-05,0.09936452917388805,3.191632137371023e-06,0.0991719622568843,2.3604779349306524e-06,0.0,0.0,0.0,0.0,0.0,0.0,0.0,0.0,0.0,0.0,1.0,1.0,1.0,1.0,1.0
64,14:22:27,0,0.09994222992489887,114240.0,0.09994222992489887,0.09994222992489887,0.0014548428407937168,0.09974966300789534,4.0660063583382924e-05,0.09955709609089158,2.4127575342641518e-05,0.09936452917388805,3.0918936330781783e-06,0.0991719622568843,2.3604779349306524e-06,0.0,0.0,0.0,0.0,0.0,0.0,0.0,0.0,0.0,0.0,1.0,1.0,1.0,1.0,1.0
64,14:22:30,0,0.09994222992489887,68544.0,0.09994222992489887,0.09994222992489887,0.0014896515787919194,0.09974966300789534,4.067668666743173e-05,0.09955709609089158,2.3379536560445184e-05,0.09936452917388805,3.0918936330781783e-06,0.0991719622568843,2.3604779349306524e-06,0.0,0.0,0.0,0.0,0.0,0.0,0.0,0.0,0.0,0.0,1.0,1.0,1.0,1.0,1.0
64,14:22:33,0,0.09994222992489887,131376.0,0.09994222992489887,0.09994222992489887,0.0014959351045623686,0.09974966300789534,4.0610194331236506e-05,0.09955709609089158,2.346265198068922e-05,0.09936452917388805,3.0918936330781783e-06,0.0991719622568843,2.3604779349306524e-06,0.0,0.0,0.0,0.0,0.0,0.0,0.0,0.0,0.0,0.0,1.0,1.0,1.0,1.0,1.0
64,14:22:36,0,0.09994222992489887,262752.0,0.09994222992489887,0.09994222992489887,0.0016175495874634438,0.09974966300789534,4.041071732265082e-05,0.09955709609089158,2.3429405812591605e-05,0.09936452917388805,3.0420243809317563e-06,0.0991719622568843,2.37710101897946e-06,0.0,0.0,0.0,0.0,0.0,0.0,0.0,0.0,0.0,0.0,1.0,1.0,1.0,1.0,1.0
64,14:22:39,0,0.09994222992489887,57120.0,0.09994222992489887,0.09994222992489887,0.0016180150338168102,0.09974966300789534,4.0527078910992466e-05,0.09955709609089158,2.3412782728542797e-05,0.09936452917388805,3.0420243809317563e-06,0.0991719622568843,2.37710101897946e-06,0.0,0.0,0.0,0.0,0.0,0.0,0.0,0.0,0.0,0.0,1.0,1.0,1.0,1.0,1.0
64,14:22:42,0,0.09994222992489887,262752.0,0.09994222992489887,0.09994222992489887,0.0016188129418511531,0.09974966300789534,4.05935712471877e-05,0.09955709609089158,2.3628882821177294e-05,0.09936452917388805,3.0420243809317563e-06,0.0991719622568843,2.3438548508818448e-06,0.0,0.0,0.0,0.0,0.0,0.0,0.0,0.0,0.0,0.0,1.0,1.0,1.0,1.0,1.0
64,14:22:45,0,0.09994222992489887,62832.0,0.09994222992489887,0.09994222992489887,0.0016239660979062835,0.09974966300789534,4.114213302079834e-05,0.09955709609089158,2.3612259737128486e-05,0.09936452917388805,3.0420243809317563e-06,0.0991719622568843,2.3272317668330376e-06,0.0,0.0,0.0,0.0,0.0,0.0,0.0,0.0,0.0,0.0,1.0,1.0,1.0,1.0,1.0
64,14:22:48,0,0.09994222992489887,342720.0,0.09994222992489887,0.09994222992489887,0.0016186799571787625,0.09974966300789534,4.1108886852700726e-05,0.09955709609089158,2.3545767400933258e-05,0.09936452917388805,3.0420243809317563e-06,0.0991719622568843,2.3272317668330376e-06,0.0,0.0,0.0,0.0,0.0,0.0,0.0,0.0,0.0,0.0,1.0,1.0,1.0,1.0,1.0
64,14:22:51,0,0.09994222992489887,137088.0,0.09994222992489887,0.09994222992489887,0.0016189293034394947,0.09974966300789534,3.923047835518549e-05,0.09955709609089158,2.3545767400933258e-05,0.09936452917388805,3.0420243809317563e-06,0.0991719622568843,2.3272317668330376e-06,0.0,0.0,0.0,0.0,0.0,0.0,0.0,0.0,0.0,0.0,1.0,1.0,1.0,1.0,1.0
64,14:22:54,0,0.09994222992489887,97104.0,0.09994222992489887,0.09994222992489887,0.0016202923963314969,0.09974966300789534,3.919723218708787e-05,0.09955709609089158,2.3263174972103532e-05,0.09936452917388805,3.0420243809317563e-06,0.0991719622568843,2.3272317668330376e-06,0.0,0.0,0.0,0.0,0.0,0.0,0.0,0.0,0.0,0.0,1.0,1.0,1.0,1.0,1.0
64,14:22:57,0,0.09994222992489887,359856.0,0.09994222992489887,0.09994222992489887,0.001614773532427293,0.09974966300789534,3.931359377542953e-05,0.09955709609089158,2.3412782728542797e-05,0.09936452917388805,3.0420243809317563e-06,0.0991719622568843,2.3272317668330376e-06,0.0,0.0,0.0,0.0,0.0,0.0,0.0,0.0,0.0,0.0,1.0,1.0,1.0,1.0,1.0
64,14:23:00,0,0.09994222992489887,1051008.0,0.09994222992489887,0.09994222992489887,0.0016187963187671043,0.09974966300789534,3.9180609103039065e-05,0.09955709609089158,2.339615964449399e-05,0.09936452917388805,3.108516717126986e-06,0.0991719622568843,2.3272317668330376e-06,0.0,0.0,0.0,0.0,0.0,0.0,0.0,0.0,0.0,0.0,1.0,1.0,1.0,1.0,1.0
64,14:23:03,0,0.09994222992489887,142800.0,0.09994222992489887,0.09994222992489887,0.0016191287804480804,0.09974966300789534,3.9163986018990257e-05,0.09955709609089158,2.3412782728542797e-05,0.09936452917388805,3.108516717126986e-06,0.0991719622568843,2.3272317668330376e-06,0.0,0.0,0.0,0.0,0.0,0.0,0.0,0.0,0.0,0.0,1.0,1.0,1.0,1.0,1.0
64,14:23:06,0,0.09994222992489887,0.0,0.09994222992489887,0.09994222992489887,0.0016221375586609145,0.09974966300789534,3.9163986018990257e-05,0.09955709609089158,2.3246551888054724e-05,0.09936452917388805,3.108516717126986e-06,0.0991719622568843,2.3272317668330376e-06,0.0,0.0,0.0,0.0,0.0,0.0,0.0,0.0,0.0,0.0,1.0,1.0,1.0,1.0,1.0
64,14:23:09,0,0.09994222992489887,1142400.0,0.09994222992489887,0.09994222992489887,0.0016210404351136934,0.09974966300789534,3.9263724523283105e-05,0.09955709609089158,2.3246551888054724e-05,0.09936452917388805,3.108516717126986e-06,0.0991719622568843,2.3272317668330376e-06,0.0,0.0,0.0,0.0,0.0,0.0,0.0,0.0,0.0,0.0,1.0,1.0,1.0,1.0,1.0
64,14:23:12,0,0.09994222992489887,171360.0,0.09994222992489887,0.09994222992489887,0.0016214726352989622,0.09974966300789534,3.9147362934941455e-05,0.09955709609089158,2.3246551888054724e-05,0.09936452917388805,3.108516717126986e-06,0.0991719622568843,2.3272317668330376e-06,0.0,0.0,0.0,0.0,0.0,0.0,0.0,0.0,0.0,0.0,1.0,1.0,1.0,1.0,1.0
64,14:23:15,0,0.09994222992489887,39984.0,0.09994222992489887,0.09994222992489887,0.0016208575811891563,0.09974966300789534,3.8864770506111726e-05,0.09955709609089158,2.339615964449399e-05,0.09936452917388805,3.108516717126986e-06,0.0991719622568843,2.37710101897946e-06,0.0,0.0,0.0,0.0,0.0,0.0,0.0,0.0,0.0,0.0,1.0,1.0,1.0,1.0,1.0
64,14:23:18,0,0.09994222992489887,22848.0,0.09994222992489887,0.09994222992489887,0.0016210903043658398,0.09974966300789534,3.8864770506111726e-05,0.09955709609089158,2.3213305719957108e-05,0.09936452917388805,3.0918936330781783e-06,0.0991719622568843,2.37710101897946e-06,0.0,0.0,0.0,0.0,0.0,0.0,0.0,0.0,0.0,0.0,1.0,1.0,1.0,1.0,1.0
64,14:23:21,0,0.09994222992489887,114240.0,0.09994222992489887,0.09994222992489887,0.0016236835054774536,0.09974966300789534,3.8981132094453375e-05,0.09955709609089158,2.2864220954932153e-05,0.09936452917388805,3.075270549029371e-06,0.0991719622568843,2.37710101897946e-06,0.0,0.0,0.0,0.0,0.0,0.0,0.0,0.0,0.0,0.0,1.0,1.0,1.0,1.0,1.0
64,14:23:24,0,0.09994222992489887,68544.0,0.09994222992489887,0.09994222992489887,0.0016241489518308203,0.09974966300789534,3.899775517850218e-05,0.09955709609089158,2.2764482450639308e-05,0.09936452917388805,3.075270549029371e-06,0.0991719622568843,2.37710101897946e-06,0.0,0.0,0.0,0.0,0.0,0.0,0.0,0.0,0.0,0.0,1.0,1.0,1.0,1.0,1.0
64,14:23:27,0,0.09994222992489887,428400.0,0.09994222992489887,0.09994222992489887,0.0015022186303328179,0.09974966300789534,3.911411676684384e-05,0.09955709609089158,2.293071329112738e-05,0.09936452917388805,3.075270549029371e-06,0.0991719622568843,2.31060868278423e-06,0.0,0.0,0.0,0.0,0.0,0.0,0.0,0.0,0.0,0.0,1.0,1.0,1.0,1.0,1.0
64,14:23:30,0,0.09994222992489887,28560.0,0.09994222992489887,0.09994222992489887,0.0015044959928475045,0.09974966300789534,3.911411676684384e-05,0.09955709609089158,2.293071329112738e-05,0.09936452917388805,3.075270549029371e-06,0.0991719622568843,2.31060868278423e-06,0.0,0.0,0.0,0.0,0.0,0.0,0.0,0.0,0.0,0.0,1.0,1.0,1.0,1.0,1.0
64,14:23:33,0,0.09994222992489887,159936.0,0.09994222992489887,0.09994222992489887,0.001508236186758486,0.09974966300789534,3.908087059874622e-05,0.09955709609089158,2.2797728618736924e-05,0.09936452917388805,3.075270549029371e-06,0.0991719622568843,2.3604779349306524e-06,0.0,0.0,0.0,0.0,0.0,0.0,0.0,0.0,0.0,0.0,1.0,1.0,1.0,1.0,1.0
64,14:23:36,0,0.09994222992489887,262752.0,0.09994222992489887,0.09994222992489887,0.0015083359252627791,0.09974966300789534,3.911411676684384e-05,0.09955709609089158,2.27478593665905e-05,0.09936452917388805,3.075270549029371e-06,0.0991719622568843,2.3604779349306524e-06,0.0,0.0,0.0,0.0,0.0,0.0,0.0,0.0,0.0,0.0,1.0,1.0,1.0,1.0,1.0
64,14:23:39,0,0.09994222992489887,68544.0,0.09994222992489887,0.09994222992489887,0.0015071556862953136,0.09974966300789534,3.90310013465998e-05,0.09955709609089158,2.2814351702785732e-05,0.09936452917388805,3.075270549029371e-06,0.0991719622568843,2.3604779349306524e-06,0.0,0.0,0.0,0.0,0.0,0.0,0.0,0.0,0.0,0.0,1.0,1.0,1.0,1.0,1.0
64,14:23:42,0,0.09994222992489887,262752.0,0.09994222992489887,0.09994222992489887,0.0015071723093793626,0.09974966300789534,3.90310013465998e-05,0.09955709609089158,2.2814351702785732e-05,0.09936452917388805,3.075270549029371e-06,0.0991719622568843,2.3604779349306524e-06,0.0,0.0,0.0,0.0,0.0,0.0,0.0,0.0,0.0,0.0,1.0,1.0,1.0,1.0,1.0
64,14:23:45,0,0.09994222992489887,62832.0,0.09994222992489887,0.09994222992489887,0.0015084522868511207,0.09974966300789534,3.899775517850218e-05,0.09955709609089158,2.2814351702785732e-05,0.09936452917388805,3.075270549029371e-06,0.0991719622568843,2.3604779349306524e-06,0.0,0.0,0.0,0.0,0.0,0.0,0.0,0.0,0.0,0.0,1.0,1.0,1.0,1.0,1.0
64,14:23:48,0,0.09994222992489887,108528.0,0.09994222992489887,0.09994222992489887,0.0015078372327413149,0.09974966300789534,3.913073985089265e-05,0.09955709609089158,2.2830974786834537e-05,0.09936452917388805,3.075270549029371e-06,0.0991719622568843,2.3604779349306524e-06,0.0,0.0,0.0,0.0,0.0,0.0,0.0,0.0,0.0,0.0,1.0,1.0,1.0,1.0,1.0
64,14:23:51,0,0.09994222992489887,34272.0,0.09994222992489887,0.09994222992489887,0.0015067733553621912,0.09974966300789534,3.913073985089265e-05,0.09955709609089158,2.2814351702785732e-05,0.09936452917388805,3.075270549029371e-06,0.0991719622568843,2.3604779349306524e-06,0.0,0.0,0.0,0.0,0.0,0.0,0.0,0.0,0.0,0.0,1.0,1.0,1.0,1.0,1.0
64,14:23:54,0,0.09994222992489887,11424.0,0.09994222992489887,0.09994222992489887,0.0015426459707395175,0.09974966300789534,3.9163986018990257e-05,0.09955709609089158,2.3811736745714176e-05,0.09936452917388805,3.075270549029371e-06,0.0991719622568843,2.3604779349306524e-06,0.0,0.0,0.0,0.0,0.0,0.0,0.0,0.0,0.0,0.0,1.0,1.0,1.0,1.0,1.0
64,14:23:57,0,0.09994222992489887,79968.0,0.09994222992489887,0.09994222992489887,0.0015433108941014697,0.09974966300789534,3.904762443064861e-05,0.09955709609089158,2.3811736745714176e-05,0.09936452917388805,3.075270549029371e-06,0.0991719622568843,2.3604779349306524e-06,0.0,0.0,0.0,0.0,0.0,0.0,0.0,0.0,0.0,0.0,1.0,1.0,1.0,1.0,1.0
64,14:24:00,0,0.09994222992489887,102816.0,0.09994222992489887,0.09994222992489887,0.001544158671387959,0.09974966300789534,3.9263724523283105e-05,0.09955709609089158,2.3795113661665368e-05,0.09936452917388805,3.075270549029371e-06,0.0991719622568843,2.3604779349306524e-06,0.0,0.0,0.0,0.0,0.0,0.0,0.0,0.0,0.0,0.0,1.0,1.0,1.0,1.0,1.0
64,14:24:03,0,0.09994222992489887,39984.0,0.09994222992489887,0.09994222992489887,0.0015477160113744038,0.09974966300789534,3.931359377542953e-05,0.09955709609089158,2.377849057761656e-05,0.09936452917388805,3.075270549029371e-06,0.0991719622568843,2.3438548508818448e-06,0.0,0.0,0.0,0.0,0.0,0.0,0.0,0.0,0.0,0.0,1.0,1.0,1.0,1.0,1.0
64,14:24:06,0,0.09994222992489887,234192.0,0.09994222992489887,0.09994222992489887,0.0015446074946572769,0.09974966300789534,3.931359377542953e-05,0.09955709609089158,2.372862132547014e-05,0.09936452917388805,3.075270549029371e-06,0.0991719622568843,2.3438548508818448e-06,0.0,0.0,0.0,0.0,0.0,0.0,0.0,0.0,0.0,0.0,1.0,1.0,1.0,1.0,1.0
64,14:24:09,0,0.09994222992489887,108528.0,0.09994222992489887,0.09994222992489887,0.001555030168355879,0.09974966300789534,3.929697069138072e-05,0.09955709609089158,2.3745244409518947e-05,0.09936452917388805,3.075270549029371e-06,0.0991719622568843,2.3438548508818448e-06,0.0,0.0,0.0,0.0,0.0,0.0,0.0,0.0,0.0,0.0,1.0,1.0,1.0,1.0,1.0
64,14:24:12,0,0.09994222992489887,331296.0,0.09994222992489887,0.09994222992489887,0.001564339095423211,0.09974966300789534,3.929697069138072e-05,0.09955709609089158,2.3761867493567752e-05,0.09936452917388805,3.075270549029371e-06,0.0991719622568843,2.3438548508818448e-06,0.0,0.0,0.0,0.0,0.0,0.0,0.0,0.0,0.0,0.0,1.0,1.0,1.0,1.0,1.0
64,14:24:15,0,0.09994222992489887,74256.0,0.09994222992489887,0.09994222992489887,0.001564006633742235,0.09974966300789534,3.929697069138072e-05,0.09955709609089158,2.3894852165958213e-05,0.09936452917388805,3.075270549029371e-06,0.0991719622568843,2.3272317668330376e-06,0.0,0.0,0.0,0.0,0.0,0.0,0.0,0.0,0.0,0.0,1.0,1.0,1.0,1.0,1.0
64,14:24:18,0,0.09994222992489887,34272.0,0.09994222992489887,0.09994222992489887,0.0015645053262636993,0.09974966300789534,3.929697069138072e-05,0.09955709609089158,2.391147525000702e-05,0.09936452917388805,3.075270549029371e-06,0.0991719622568843,2.3272317668330376e-06,0.0,0.0,0.0,0.0,0.0,0.0,0.0,0.0,0.0,0.0,1.0,1.0,1.0,1.0,1.0
64,14:24:21,0,0.09994222992489887,79968.0,0.09994222992489887,0.09994222992489887,0.0015661343885004823,0.09974966300789534,3.929697069138072e-05,0.09955709609089158,2.4908860292935464e-05,0.09936452917388805,3.075270549029371e-06,0.0991719622568843,2.3272317668330376e-06,0.0,0.0,0.0,0.0,0.0,0.0,0.0,0.0,0.0,0.0,1.0,1.0,1.0,1.0,1.0
64,14:24:24,0,0.09994222992489887,268464.0,0.09994222992489887,0.09994222992489887,0.001565901665323799,0.09974966300789534,3.929697069138072e-05,0.09955709609089158,2.474262945244739e-05,0.09936452917388805,3.075270549029371e-06,0.0991719622568843,2.3272317668330376e-06,0.0,0.0,0.0,0.0,0.0,0.0,0.0,0.0,0.0,0.0,1.0,1.0,1.0,1.0,1.0
64,14:24:27,0,0.09994222992489887,114240.0,0.09994222992489887,0.09994222992489887,0.0015655359574747252,0.09974966300789534,3.929697069138072e-05,0.09955709609089158,2.3828359829762984e-05,0.09936452917388805,3.075270549029371e-06,0.0991719622568843,2.028016253954504e-06,0.0,0.0,0.0,0.0,0.0,0.0,0.0,0.0,0.0,0.0,1.0,1.0,1.0,1.0,1.0
64,14:24:30,0,0.09994222992489887,79968.0,0.09994222992489887,0.09994222992489887,0.0015666330810219465,0.09974966300789534,3.931359377542953e-05,0.09955709609089158,2.3894852165958213e-05,0.09936452917388805,3.0586474649805635e-06,0.0991719622568843,2.028016253954504e-06,0.0,0.0,0.0,0.0,0.0,0.0,0.0,0.0,0.0,0.0,1.0,1.0,1.0,1.0,1.0
64,14:24:33,0,0.09994222992489887,45696.0,0.09994222992489887,0.09994222992489887,0.001562527179261891,0.09974966300789534,3.9263724523283105e-05,0.09955709609089158,2.3894852165958213e-05,0.09936452917388805,3.0586474649805635e-06,0.0991719622568843,2.028016253954504e-06,0.0,0.0,0.0,0.0,0.0,0.0,0.0,0.0,0.0,0.0,1.0,1.0,1.0,1.0,1.0
64,14:24:36,0,0.09994222992489887,479808.0,0.09994222992489887,0.09994222992489887,0.0015610643478655962,0.09974966300789534,3.923047835518549e-05,0.09955709609089158,2.3894852165958213e-05,0.09936452917388805,3.0586474649805635e-06,0.0991719622568843,2.028016253954504e-06,0.0,0.0,0.0,0.0,0.0,0.0,0.0,0.0,0.0,0.0,1.0,1.0,1.0,1.0,1.0
64,14:24:39,0,0.09994222992489887,234192.0,0.09994222992489887,0.09994222992489887,0.0015608648708570103,0.09974966300789534,3.919723218708787e-05,0.09955709609089158,2.3894852165958213e-05,0.09936452917388805,3.0586474649805635e-06,0.0991719622568843,2.028016253954504e-06,0.0,0.0,0.0,0.0,0.0,0.0,0.0,0.0,0.0,0.0,1.0,1.0,1.0,1.0,1.0
64,14:24:42,0,0.09994222992489887,279888.0,0.09994222992489887,0.09994222992489887,0.001560399424503644,0.09974966300789534,3.961280928830806e-05,0.09955709609089158,2.411095225859271e-05,0.09936452917388805,3.0586474649805635e-06,0.0991719622568843,2.028016253954504e-06,0.0,0.0,0.0,0.0,0.0,0.0,0.0,0.0,0.0,0.0,1.0,1.0,1.0,1.0,1.0
64,14:24:45,0,0.09994222992489887,182784.0,0.09994222992489887,0.09994222992489887,0.0015599838474024237,0.09974966300789534,3.962943237235687e-05,0.09955709609089158,2.411095225859271e-05,0.09936452917388805,3.0586474649805635e-06,0.0991719622568843,2.028016253954504e-06,0.0,0.0,0.0,0.0,0.0,0.0,0.0,0.0,0.0,0.0,1.0,1.0,1.0,1.0,1.0
64,14:24:48,0,0.09994222992489887,0.0,0.09994222992489887,0.09994222992489887,0.0015607817554367663,0.09974966300789534,3.962943237235687e-05,0.09955709609089158,2.1434635726734715e-05,0.09936452917388805,3.0586474649805635e-06,0.0991719622568843,2.028016253954504e-06,0.0,0.0,0.0,0.0,0.0,0.0,0.0,0.0,0.0,0.0,1.0,1.0,1.0,1.0,1.0
64,14:24:51,0,0.09994222992489887,605472.0,0.09994222992489887,0.09994222992489887,0.0015682122740065833,0.09974966300789534,3.951307078401522e-05,0.09955709609089158,2.1434635726734715e-05,0.09936452917388805,3.0586474649805635e-06,0.0991719622568843,2.028016253954504e-06,0.0,0.0,0.0,0.0,0.0,0.0,0.0,0.0,0.0,0.0,1.0,1.0,1.0,1.0,1.0
64,14:24:54,0,0.09994222992489887,28560.0,0.09994222992489887,0.09994222992489887,0.0015692595283016582,0.09974966300789534,3.951307078401522e-05,0.09955709609089158,2.141801264268591e-05,0.09936452917388805,3.0586474649805635e-06,0.0991719622568843,2.028016253954504e-06,0.0,0.0,0.0,0.0,0.0,0.0,0.0,0.0,0.0,0.0,1.0,1.0,1.0,1.0,1.0
64,14:24:57,0,0.09994222992489887,114240.0,0.09994222992489887,0.09994222992489887,0.001574013730339617,0.09974966300789534,3.951307078401522e-05,0.09955709609089158,2.2581628526102427e-05,0.09936452917388805,3.0586474649805635e-06,0.0991719622568843,2.028016253954504e-06,0.0,0.0,0.0,0.0,0.0,0.0,0.0,0.0,0.0,0.0,1.0,1.0,1.0,1.0,1.0
64,14:25:00,0,0.09994222992489887,45696.0,0.09994222992489887,0.09994222992489887,0.0015728667375402494,0.09974966300789534,3.951307078401522e-05,0.09955709609089158,2.256500544205362e-05,0.09936452917388805,3.0586474649805635e-06,0.0991719622568843,2.028016253954504e-06,0.0,0.0,0.0,0.0,0.0,0.0,0.0,0.0,0.0,0.0,1.0,1.0,1.0,1.0,1.0
64,14:25:03,0,0.09994222992489887,11424.0,0.09994222992489887,0.09994222992489887,0.0015729166067923958,0.09974966300789534,3.9529693868064026e-05,0.09955709609089158,2.256500544205362e-05,0.09936452917388805,3.0586474649805635e-06,0.0991719622568843,2.028016253954504e-06,0.0,0.0,0.0,0.0,0.0,0.0,0.0,0.0,0.0,0.0,1.0,1.0,1.0,1.0,1.0
64,14:25:06,0,0.09994222992489887,74256.0,0.09994222992489887,0.09994222992489887,0.001740693394097009,0.09974966300789534,3.949644769996641e-05,0.09955709609089158,2.2581628526102427e-05,0.09936452917388805,3.0586474649805635e-06,0.0991719622568843,2.028016253954504e-06,0.0,0.0,0.0,0.0,0.0,0.0,0.0,0.0,0.0,0.0,1.0,1.0,1.0,1.0,1.0
64,14:25:09,0,0.09994222992489887,91392.0,0.09994222992489887,0.09994222992489887,0.0017429707566116955,0.09974966300789534,3.949644769996641e-05,0.09955709609089158,2.2581628526102427e-05,0.09936452917388805,3.0586474649805635e-06,0.0991719622568843,2.028016253954504e-06,0.0,0.0,0.0,0.0,0.0,0.0,0.0,0.0,0.0,0.0,1.0,1.0,1.0,1.0,1.0
64,14:25:12,0,0.09994222992489887,91392.0,0.09994222992489887,0.09994222992489887,0.001742405571754036,0.09974966300789534,3.949644769996641e-05,0.09955709609089158,2.256500544205362e-05,0.09936452917388805,2.493462607321112e-06,0.0991719622568843,2.061262422052119e-06,0.0,0.0,0.0,0.0,0.0,0.0,0.0,0.0,0.0,0.0,1.0,1.0,1.0,1.0,1.0
64,14:25:15,0,0.09994222992489887,28560.0,0.09994222992489887,0.09994222992489887,0.0017429541335276467,0.09974966300789534,3.951307078401522e-05,0.09955709609089158,2.2598251610151235e-05,0.09936452917388805,3.823309331225704e-06,0.0991719622568843,2.061262422052119e-06,0.0,0.0,0.0,0.0,0.0,0.0,0.0,0.0,0.0,0.0,1.0,1.0,1.0,1.0,1.0
64,14:25:18,0,0.09994222992489887,285600.0,0.09994222992489887,0.09994222992489887,0.0017416575329718398,0.09974966300789534,3.941333227972237e-05,0.09955709609089158,2.2664743946346464e-05,0.09936452917388805,3.7401939109816675e-06,0.0991719622568843,2.061262422052119e-06,0.0,0.0,0.0,0.0,0.0,0.0,0.0,0.0,0.0,0.0,1.0,1.0,1.0,1.0,1.0
64,14:25:21,0,0.09994222992489887,57120.0,0.09994222992489887,0.09994222992489887,0.0017415411713834982,0.09974966300789534,3.941333227972237e-05,0.09955709609089158,2.2648120862297656e-05,0.09936452917388805,2.4103471870770747e-06,0.0991719622568843,2.061262422052119e-06,0.0,0.0,0.0,0.0,0.0,0.0,0.0,0.0,0.0,0.0,1.0,1.0,1.0,1.0,1.0
64,14:25:24,0,0.09994222992489887,68544.0,0.09994222992489887,0.09994222992489887,0.001743120364368135,0.09974966300789534,3.9446578447819986e-05,0.09955709609089158,2.2648120862297656e-05,0.09936452917388805,2.4103471870770747e-06,0.0991719622568843,2.0446393380033115e-06,0.0,0.0,0.0,0.0,0.0,0.0,0.0,0.0,0.0,0.0,1.0,1.0,1.0,1.0,1.0
64,14:25:27,0,0.09994222992489887,5712.0,0.09994222992489887,0.09994222992489887,0.0017429707566116955,0.09974966300789534,3.9446578447819986e-05,0.09955709609089158,2.2648120862297656e-05,0.09936452917388805,2.4103471870770747e-06,0.0991719622568843,2.0446393380033115e-06,0.0,0.0,0.0,0.0,0.0,0.0,0.0,0.0,0.0,0.0,1.0,1.0,1.0,1.0,1.0
64,14:25:30,0,0.09994222992489887,0.0,0.09994222992489887,0.09994222992489887,0.001743718795393892,0.09974966300789534,3.957956312021044e-05,0.09955709609089158,2.2648120862297656e-05,0.09936452917388805,2.4103471870770747e-06,0.0991719622568843,2.0446393380033115e-06,0.0,0.0,0.0,0.0,0.0,0.0,0.0,0.0,0.0,0.0,1.0,1.0,1.0,1.0,1.0
64,14:25:33,0,0.09994222992489887,11424.0,0.09994222992489887,0.09994222992489887,0.0017464117350097987,0.09974966300789534,3.957956312021044e-05,0.09955709609089158,2.2814351702785732e-05,0.09936452917388805,2.4103471870770747e-06,0.0991719622568843,2.0778855061009263e-06,0.0,0.0,0.0,0.0,0.0,0.0,0.0,0.0,0.0,0.0,1.0,1.0,1.0,1.0,1.0
64,14:25:36,0,0.09994222992489887,68544.0,0.09994222992489887,0.09994222992489887,0.0017468938044472142,0.09974966300789534,3.957956312021044e-05,0.09955709609089158,2.2797728618736924e-05,0.09936452917388805,2.4103471870770747e-06,0.0991719622568843,2.0778855061009263e-06,0.0,0.0,0.0,0.0,0.0,0.0,0.0,0.0,0.0,0.0,1.0,1.0,1.0,1.0,1.0
64,14:25:39,0,0.09994222992489887,5712.0,0.09994222992489887,0.09994222992489887,0.0017471265276238974,0.09974966300789534,3.954631695211283e-05,0.09955709609089158,2.2797728618736924e-05,0.09936452917388805,2.4103471870770747e-06,0.0991719622568843,2.0778855061009263e-06,0.0,0.0,0.0,0.0,0.0,0.0,0.0,0.0,0.0,0.0,1.0,1.0,1.0,1.0,1.0
64,14:25:42,0,0.09994222992489887,891072.0,0.09994222992489887,0.09994222992489887,0.0017457135654797488,0.09974966300789534,3.9562940036161635e-05,0.09955709609089158,2.288084403898096e-05,0.09936452917388805,2.4103471870770747e-06,0.0991719622568843,2.0778855061009263e-06,0.0,0.0,0.0,0.0,0.0,0.0,0.0,0.0,0.0,0.0,1.0,1.0,1.0,1.0,1.0
64,14:25:45,0,0.09994222992489887,17136.0,0.09994222992489887,0.09994222992489887,0.0017459795348245299,0.09974966300789534,3.959618620425925e-05,0.09955709609089158,2.1900082080101322e-05,0.09936452917388805,2.4103471870770747e-06,0.0991719622568843,2.0778855061009263e-06,0.0,0.0,0.0,0.0,0.0,0.0,0.0,0.0,0.0,0.0,1.0,1.0,1.0,1.0,1.0
64,14:25:48,0,0.09994222992489887,17136.0,0.09994222992489887,0.09994222992489887,0.001748556112852095,0.09974966300789534,3.9463201531868794e-05,0.09955709609089158,2.1900082080101322e-05,0.09936452917388805,2.4103471870770747e-06,0.0991719622568843,2.0778855061009263e-06,0.0,0.0,0.0,0.0,0.0,0.0,0.0,0.0,0.0,0.0,1.0,1.0,1.0,1.0,1.0
64,14:25:51,0,0.09994222992489887,17136.0,0.09994222992489887,0.09994222992489887,0.001748722343692583,0.09974966300789534,3.9446578447819986e-05,0.09955709609089158,2.1900082080101322e-05,0.09936452917388805,2.393724103028267e-06,0.0991719622568843,2.0778855061009263e-06,0.0,0.0,0.0,0.0,0.0,0.0,0.0,0.0,0.0,0.0,1.0,1.0,1.0,1.0,1.0
64,14:25:54,0,0.09994222992489887,57120.0,0.09994222992489887,0.09994222992489887,0.001749154543877852,0.09974966300789534,3.941333227972237e-05,0.09955709609089158,2.1900082080101322e-05,0.09936452917388805,2.37710101897946e-06,0.0991719622568843,2.0446393380033115e-06,0.0,0.0,0.0,0.0,0.0,0.0,0.0,0.0,0.0,0.0,1.0,1.0,1.0,1.0,1.0
64,14:25:57,0,0.09994222992489887,0.0,0.09994222992489887,0.09994222992489887,0.001750268290509122,0.09974966300789534,3.941333227972237e-05,0.09955709609089158,2.1900082080101322e-05,0.09936452917388805,2.37710101897946e-06,0.0991719622568843,2.0446393380033115e-06,0.0,0.0,0.0,0.0,0.0,0.0,0.0,0.0,0.0,0.0,1.0,1.0,1.0,1.0,1.0
64,14:26:00,0,0.09994222992489887,39984.0,0.09994222992489887,0.09994222992489887,0.0017514983987287338,0.09974966300789534,3.9463201531868794e-05,0.09955709609089158,2.1900082080101322e-05,0.09936452917388805,2.37710101897946e-06,0.0991719622568843,2.0446393380033115e-06,0.0,0.0,0.0,0.0,0.0,0.0,0.0,0.0,0.0,0.0,1.0,1.0,1.0,1.0,1.0
64,14:26:03,0,0.09994222992489887,542640.0,0.09994222992489887,0.09994222992489887,0.0017505508829379517,0.09974966300789534,3.942995536377118e-05,0.09955709609089158,2.1900082080101322e-05,0.09936452917388805,2.37710101897946e-06,0.0991719622568843,2.0113931699056968e-06,0.0,0.0,0.0,0.0,0.0,0.0,0.0,0.0,0.0,0.0,1.0,1.0,1.0,1.0,1.0
64,14:26:06,0,0.09994222992489887,268464.0,0.09994222992489887,0.09994222992489887,0.0017494205132226328,0.09974966300789534,3.942995536377118e-05,0.09955709609089158,2.1900082080101322e-05,0.09936452917388805,2.3604779349306524e-06,0.0991719622568843,2.0113931699056968e-06,0.0,0.0,0.0,0.0,0.0,0.0,0.0,0.0,0.0,0.0,1.0,1.0,1.0,1.0,1.0
64,14:26:09,0,0.09994222992489887,234192.0,0.09994222992489887,0.09994222992489887,0.001749669859483365,0.09974966300789534,3.9463201531868794e-05,0.09955709609089158,2.1900082080101322e-05,0.09936452917388805,2.293985598735423e-06,0.0991719622568843,2.0113931699056968e-06,0.0,0.0,0.0,0.0,0.0,0.0,0.0,0.0,0.0,0.0,1.0,1.0,1.0,1.0,1.0
64,14:26:12,0,0.09994222992489887,0.0,0.09994222992489887,0.09994222992489887,0.0017517144988213682,0.09974966300789534,3.94798246159176e-05,0.09955709609089158,2.191670516415013e-05,0.09936452917388805,2.293985598735423e-06,0.0991719622568843,2.0113931699056968e-06,0.0,0.0,0.0,0.0,0.0,0.0,0.0,0.0,0.0,0.0,1.0,1.0,1.0,1.0,1.0
64,14:26:15,0,0.09994222992489887,605472.0,0.09994222992489887,0.09994222992489887,0.0017536593996550789,0.09974966300789534,3.941333227972237e-05,0.09955709609089158,2.2199297592979856e-05,0.09936452917388805,2.293985598735423e-06,0.0991719622568843,2.0113931699056968e-06,0.0,0.0,0.0,0.0,0.0,0.0,0.0,0.0,0.0,0.0,1.0,1.0,1.0,1.0,1.0
64,14:26:18,0,0.09994222992489887,119952.0,0.09994222992489887,0.09994222992489887,0.0017537923843274693,0.09974966300789534,3.941333227972237e-05,0.09955709609089158,2.2199297592979856e-05,0.09936452917388805,2.293985598735423e-06,0.0991719622568843,2.0113931699056968e-06,0.0,0.0,0.0,0.0,0.0,0.0,0.0,0.0,0.0,0.0,1.0,1.0,1.0,1.0,1.0
64,14:26:21,0,0.09994222992489887,108528.0,0.09994222992489887,0.09994222992489887,0.0017536261534869813,0.09974966300789534,3.941333227972237e-05,0.09955709609089158,2.2199297592979856e-05,0.09936452917388805,2.293985598735423e-06,0.0991719622568843,2.0113931699056968e-06,0.0,0.0,0.0,0.0,0.0,0.0,0.0,0.0,0.0,0.0,1.0,1.0,1.0,1.0,1.0
64,14:26:24,0,0.09994222992489887,0.0,0.09994222992489887,0.09994222992489887,0.0017527949992845408,0.09974966300789534,3.939670919567356e-05,0.09955709609089158,2.2199297592979856e-05,0.09936452917388805,2.293985598735423e-06,0.0991719622568843,2.0113931699056968e-06,0.0,0.0,0.0,0.0,0.0,0.0,0.0,0.0,0.0,0.0,1.0,1.0,1.0,1.0,1.0
64,14:26:27,0,0.09994222992489887,22848.0,0.09994222992489887,0.09994222992489887,0.0017527949992845408,0.09974966300789534,3.939670919567356e-05,0.09955709609089158,2.2182674508931048e-05,0.09936452917388805,2.293985598735423e-06,0.0991719622568843,2.0113931699056968e-06,0.0,0.0,0.0,0.0,0.0,0.0,0.0,0.0,0.0,0.0,1.0,1.0,1.0,1.0,1.0
64,14:26:30,0,0.09994222992489887,0.0,0.09994222992489887,0.09994222992489887,0.0017535929073188837,0.09974966300789534,3.94798246159176e-05,0.09955709609089158,2.2215920677028664e-05,0.09936452917388805,2.293985598735423e-06,0.0991719622568843,2.0113931699056968e-06,0.0,0.0,0.0,0.0,0.0,0.0,0.0,0.0,0.0,0.0,1.0,1.0,1.0,1.0,1.0
64,14:26:33,0,0.09994222992489887,79968.0,0.09994222992489887,0.09994222992489887,0.001756751293288157,0.09974966300789534,3.942995536377118e-05,0.09955709609089158,2.2199297592979856e-05,0.09936452917388805,2.293985598735423e-06,0.0991719622568843,2.0113931699056968e-06,0.0,0.0,0.0,0.0,0.0,0.0,0.0,0.0,0.0,0.0,1.0,1.0,1.0,1.0,1.0
64,14:26:36,0,0.09994222992489887,0.0,0.09994222992489887,0.09994222992489887,0.0017553882003961548,0.09974966300789534,3.942995536377118e-05,0.09955709609089158,2.371199824142133e-05,0.09936452917388805,2.293985598735423e-06,0.0991719622568843,2.0113931699056968e-06,0.0,0.0,0.0,0.0,0.0,0.0,0.0,0.0,0.0,0.0,1.0,1.0,1.0,1.0,1.0
64,14:26:39,0,0.09994222992489887,542640.0,0.09994222992489887,0.09994222992489887,0.0017531773302176634,0.09974966300789534,3.9463201531868794e-05,0.09955709609089158,1.2890370525647707e-05,0.09936452917388805,2.293985598735423e-06,0.0991719622568843,2.0113931699056968e-06,0.0,0.0,0.0,0.0,0.0,0.0,0.0,0.0,0.0,0.0,1.0,1.0,1.0,1.0,1.0
64,14:26:42,0,0.09994222992489887,182784.0,0.09994222992489887,0.09994222992489887,0.0017535929073188837,0.09974966300789534,3.9463201531868794e-05,0.09955709609089158,1.2142331743451374e-05,0.09936452917388805,2.3272317668330376e-06,0.0991719622568843,2.0113931699056968e-06,0.0,0.0,0.0,0.0,0.0,0.0,0.0,0.0,0.0,0.0,1.0,1.0,1.0,1.0,1.0
64,14:26:45,0,0.09994222992489887,11424.0,0.09994222992489887,0.09994222992489887,0.0017542412075967871,0.09974966300789534,3.9463201531868794e-05,0.09955709609089158,1.2142331743451374e-05,0.09936452917388805,2.3272317668330376e-06,0.0991719622568843,2.0113931699056968e-06,0.0,0.0,0.0,0.0,0.0,0.0,0.0,0.0,0.0,0.0,1.0,1.0,1.0,1.0,1.0
64,14:26:48,0,0.09994222992489887,57120.0,0.09994222992489887,0.09994222992489887,0.0017550723617992274,0.09974966300789534,3.9463201531868794e-05,0.09955709609089158,1.2142331743451374e-05,0.09936452917388805,2.3272317668330376e-06,0.0991719622568843,2.0113931699056968e-06,0.0,0.0,0.0,0.0,0.0,0.0,0.0,0.0,0.0,0.0,1.0,1.0,1.0,1.0,1.0
64,14:26:51,0,0.09994222992489887,405552.0,0.09994222992489887,0.09994222992489887,0.0017538588766636645,0.09974966300789534,3.9463201531868794e-05,0.09955709609089158,1.2142331743451374e-05,0.09936452917388805,2.3272317668330376e-06,0.0991719622568843,2.0113931699056968e-06,0.0,0.0,0.0,0.0,0.0,0.0,0.0,0.0,0.0,0.0,1.0,1.0,1.0,1.0,1.0
64,14:26:54,0,0.09994222992489887,0.0,0.09994222992489887,0.09994222992489887,0.0017971620106108077,0.09974966300789534,3.9463201531868794e-05,0.09955709609089158,1.2142331743451374e-05,0.09936452917388805,2.3272317668330376e-06,0.0991719622568843,2.0113931699056968e-06,0.0,0.0,0.0,0.0,0.0,0.0,0.0,0.0,0.0,0.0,1.0,1.0,1.0,1.0,1.0
64,14:26:57,0,0.09994222992489887,1494145.0,0.09994222992489887,0.09994222992489887,0.0017944760526902015,0.09974966300789534,3.961280928830806e-05,0.09955709609089158,1.0779238851449166e-05,0.09936452917388805,2.3272317668330376e-06,0.0991719622568843,2.0113931699056968e-06,0.0,0.0,0.0,0.0,0.0,0.0,0.0,0.0,0.0,0.0,1.0,1.0,1.0,1.0,1.0
64,14:27:00,0,0.09994222992489887,17136.0,0.09994222992489887,0.09994222992489887,0.001762410123560052,0.09974966300789534,3.961280928830806e-05,0.09955709609089158,1.0613008010961091e-05,0.09936452917388805,2.3272317668330376e-06,0.0991719622568843,2.0113931699056968e-06,0.0,0.0,0.0,0.0,0.0,0.0,0.0,0.0,0.0,0.0,1.0,1.0,1.0,1.0,1.0
64,14:27:03,0,0.09994222992489887,57120.0,0.09994222992489887,0.09994222992489887,0.0017621940234674176,0.09974966300789534,3.961280928830806e-05,0.09955709609089158,1.0613008010961091e-05,0.09936452917388805,2.3272317668330376e-06,0.0991719622568843,1.978147001808082e-06,0.0,0.0,0.0,0.0,0.0,0.0,0.0,0.0,0.0,0.0,1.0,1.0,1.0,1.0,1.0
64,14:27:06,0,0.09994222992489887,348432.0,0.09994222992489887,0.09994222992489887,0.0017612132615085379,0.09974966300789534,3.961280928830806e-05,0.09955709609089158,1.0613008010961091e-05,0.09936452917388805,2.3272317668330376e-06,0.0991719622568843,1.978147001808082e-06,0.0,0.0,0.0,0.0,0.0,0.0,0.0,0.0,0.0,0.0,1.0,1.0,1.0,1.0,1.0
64,14:27:09,0,0.09994222992489887,102816.0,0.09994222992489887,0.09994222992489887,0.0017615955924416603,0.09974966300789534,3.961280928830806e-05,0.09955709609089158,1.0613008010961091e-05,0.09936452917388805,2.3272317668330376e-06,0.0991719622568843,2.6430703637603784e-06,0.0,0.0,0.0,0.0,0.0,0.0,0.0,0.0,0.0,0.0,1.0,1.0,1.0,1.0,1.0
64,14:27:12,0,0.09994222992489887,468384.0,0.09994222992489887,0.09994222992489887,0.0017606148304827808,0.09974966300789534,3.959618620425925e-05,0.09955709609089158,1.0613008010961091e-05,0.09936452917388805,2.3272317668330376e-06,0.0991719622568843,2.6430703637603784e-06,0.0,0.0,0.0,0.0,0.0,0.0,0.0,0.0,0.0,0.0,1.0,1.0,1.0,1.0,1.0
64,14:27:15,0,0.09994222992489887,68544.0,0.09994222992489887,0.09994222992489887,0.0017625098620643448,0.09974966300789534,3.949644769996641e-05,0.09955709609089158,1.0646254179058707e-05,0.09936452917388805,2.3272317668330376e-06,0.0991719622568843,2.6430703637603784e-06,0.0,0.0,0.0,0.0,0.0,0.0,0.0,0.0,0.0,0.0,1.0,1.0,1.0,1.0,1.0
64,14:27:18,0,0.09994222992489887,5712.0,0.09994222992489887,0.09994222992489887,0.0017656350018655205,0.09974966300789534,3.949644769996641e-05,0.09955709609089158,1.0646254179058707e-05,0.09936452917388805,2.3272317668330376e-06,0.0991719622568843,2.6430703637603784e-06,0.0,0.0,0.0,0.0,0.0,0.0,0.0,0.0,0.0,0.0,1.0,1.0,1.0,1.0,1.0
64,14:27:21,0,0.09994222992489887,5712.0,0.09994222992489887,0.09994222992489887,0.0017638895780403958,0.09974966300789534,3.949644769996641e-05,0.09955709609089158,1.0646254179058707e-05,0.09936452917388805,2.3272317668330376e-06,0.0991719622568843,2.6430703637603784e-06,0.0,0.0,0.0,0.0,0.0,0.0,0.0,0.0,0.0,0.0,1.0,1.0,1.0,1.0,1.0
64,14:27:24,0,0.09994222992489887,17136.0,0.09994222992489887,0.09994222992489887,0.0017644381398140064,0.09974966300789534,3.933021685947834e-05,0.09955709609089158,1.0646254179058707e-05,0.09936452917388805,2.3272317668330376e-06,0.0991719622568843,2.6430703637603784e-06,0.0,0.0,0.0,0.0,0.0,0.0,0.0,0.0,0.0,0.0,1.0,1.0,1.0,1.0,1.0
64,14:27:27,0,0.09994222992489887,5712.0,0.09994222992489887,0.09994222992489887,0.00176438827056186,0.09974966300789534,3.9463201531868794e-05,0.09955709609089158,1.0646254179058707e-05,0.09936452917388805,2.3272317668330376e-06,0.0991719622568843,2.6430703637603784e-06,0.0,0.0,0.0,0.0,0.0,0.0,0.0,0.0,0.0,0.0,1.0,1.0,1.0,1.0,1.0
64,14:27:30,0,0.09994222992489887,5712.0,0.09994222992489887,0.09994222992489887,0.0017651030631759587,0.09974966300789534,3.9463201531868794e-05,0.09955709609089158,1.0629631095009899e-05,0.09936452917388805,2.3272317668330376e-06,0.0991719622568843,2.6430703637603784e-06,0.0,0.0,0.0,0.0,0.0,0.0,0.0,0.0,0.0,0.0,1.0,1.0,1.0,1.0,1.0
64,14:27:33,0,0.09994222992489887,3358656.0,0.09994222992489887,0.09994222992489887,0.0017554450513436017,0.09974966300789534,3.959618620425925e-05,0.09955709609089158,1.0646254179058707e-05,0.09936452917388805,2.3272317668330376e-06,0.0991719622568843,2.6430703637603784e-06,0.0,0.0,0.0,0.0,0.0,0.0,0.0,0.0,0.0,0.0,1.0,1.0,1.0,1.0,1.0
64,14:27:36,0,0.09994222992489887,171360.0,0.09994222992489887,0.09994222992489887,0.0017548632434018934,0.09974966300789534,3.951307078401522e-05,0.09955709609089158,1.0613008010961091e-05,0.09936452917388805,2.3272317668330376e-06,0.0991719622568843,2.6430703637603784e-06,0.0,0.0,0.0,0.0,0.0,0.0,0.0,0.0,0.0,0.0,1.0,1.0,1.0,1.0,1.0
64,14:27:39,0,0.09994222992489887,1622208.0,0.09994222992489887,0.09994222992489887,0.0017501755337001297,0.09974966300789534,3.951307078401522e-05,0.09955709609089158,1.0613008010961091e-05,0.09936452917388805,2.3272317668330376e-06,0.0991719622568843,2.6430703637603784e-06,0.0,0.0,0.0,0.0,0.0,0.0,0.0,0.0,0.0,0.0,1.0,1.0,1.0,1.0,1.0
64,14:27:42,0,0.09994222992489887,0.0,0.09994222992489887,0.09994222992489887,0.0017503583876246666,0.09974966300789534,3.94798246159176e-05,0.09955709609089158,1.0613008010961091e-05,0.09936452917388805,2.3272317668330376e-06,0.0991719622568843,2.6430703637603784e-06,0.0,0.0,0.0,0.0,0.0,0.0,0.0,0.0,0.0,0.0,1.0,1.0,1.0,1.0,1.0
64,14:27:45,0,0.09994222992489887,102816.0,0.09994222992489887,0.09994222992489887,0.001749809825851056,0.09974966300789534,3.934683994352714e-05,0.09955709609089158,1.0596384926912285e-05,0.09936452917388805,2.3272317668330376e-06,0.0991719622568843,2.6430703637603784e-06,0.0,0.0,0.0,0.0,0.0,0.0,0.0,0.0,0.0,0.0,1.0,1.0,1.0,1.0,1.0
64,14:27:48,0,0.09994222992489887,97104.0,0.09994222992489887,0.09994222992489887,0.0017495937257584215,0.09974966300789534,3.934683994352714e-05,0.09955709609089158,1.0596384926912285e-05,0.09936452917388805,2.3272317668330376e-06,0.0991719622568843,2.6430703637603784e-06,0.0,0.0,0.0,0.0,0.0,0.0,0.0,0.0,0.0,0.0,1.0,1.0,1.0,1.0,1.0
64,14:27:51,0,0.09994222992489887,11424.0,0.09994222992489887,0.09994222992489887,0.0017494108718338847,0.09974966300789534,3.934683994352714e-05,0.09955709609089158,1.0596384926912285e-05,0.09936452917388805,2.3272317668330376e-06,0.0991719622568843,2.6430703637603784e-06,0.0,0.0,0.0,0.0,0.0,0.0,0.0,0.0,0.0,0.0,1.0,1.0,1.0,1.0,1.0
64,14:27:54,0,0.09994222992489887,34272.0,0.09994222992489887,0.09994222992489887,0.0017513391495835463,0.09974966300789534,3.9363463027575946e-05,0.09955709609089158,1.0596384926912285e-05,0.09936452917388805,2.3272317668330376e-06,0.0991719622568843,2.626447279711571e-06,0.0,0.0,0.0,0.0,0.0,0.0,0.0,0.0,0.0,0.0,1.0,1.0,1.0,1.0,1.0
64,14:27:57,0,0.09994222992489887,39984.0,0.09994222992489887,0.09994222992489887,0.001752319911542426,0.09974966300789534,3.9380086111624754e-05,0.09955709609089158,1.0596384926912285e-05,0.09936452917388805,2.3272317668330376e-06,0.0991719622568843,2.626447279711571e-06,0.0,0.0,0.0,0.0,0.0,0.0,0.0,0.0,0.0,0.0,1.0,1.0,1.0,1.0,1.0
64,14:28:00,0,0.09994222992489887,0.0,0.09994222992489887,0.09994222992489887,0.0017424956688695808,0.09974966300789534,3.942995536377118e-05,0.09955709609089158,1.0579761842863477e-05,0.09936452917388805,2.3272317668330376e-06,0.0991719622568843,2.626447279711571e-06,0.0,0.0,0.0,0.0,0.0,0.0,0.0,0.0,0.0,0.0,1.0,1.0,1.0,1.0,1.0
64,14:28:03,0,0.09994222992489887,1570800.0,0.09994222992489887,0.09994222992489887,0.0017381237977647443,0.09974966300789534,3.942995536377118e-05,0.09955709609089158,1.0546515674765862e-05,0.09936452917388805,2.3272317668330376e-06,0.0991719622568843,2.626447279711571e-06,0.0,0.0,0.0,0.0,0.0,0.0,0.0,0.0,0.0,0.0,1.0,1.0,1.0,1.0,1.0
64,14:28:06,0,0.09994222992489887,79968.0,0.09994222992489887,0.09994222992489887,0.0017374090051506456,0.09974966300789534,3.9446578447819986e-05,0.09955709609089158,1.0546515674765862e-05,0.09936452917388805,2.3272317668330376e-06,0.0991719622568843,2.626447279711571e-06,0.0,0.0,0.0,0.0,0.0,0.0,0.0,0.0,0.0,0.0,1.0,1.0,1.0,1.0,1.0
64,14:28:09,0,0.09994222992489887,137088.0,0.09994222992489887,0.09994222992489887,0.0017372427743101576,0.09974966300789534,3.9446578447819986e-05,0.09955709609089158,1.0546515674765862e-05,0.09936452917388805,2.3272317668330376e-06,0.0991719622568843,2.626447279711571e-06,0.0,0.0,0.0,0.0,0.0,0.0,0.0,0.0,0.0,0.0,1.0,1.0,1.0,1.0,1.0
64,14:28:12,0,0.09994222992489887,125664.0,0.09994222992489887,0.09994222992489887,0.001736943558797279,0.09974966300789534,3.9446578447819986e-05,0.09955709609089158,1.0546515674765862e-05,0.09936452917388805,2.3272317668330376e-06,0.0991719622568843,2.626447279711571e-06,0.0,0.0,0.0,0.0,0.0,0.0,0.0,0.0,0.0,0.0,1.0,1.0,1.0,1.0,1.0
64,14:28:15,0,0.09994222992489887,22848.0,0.09994222992489887,0.09994222992489887,0.0017371430358058648,0.09974966300789534,3.9446578447819986e-05,0.09955709609089158,1.0579761842863477e-05,0.09936452917388805,2.3272317668330376e-06,0.0991719622568843,2.626447279711571e-06,0.0,0.0,0.0,0.0,0.0,0.0,0.0,0.0,0.0,0.0,1.0,1.0,1.0,1.0,1.0
64,14:28:18,0,0.09994222992489887,51408.0,0.09994222992489887,0.09994222992489887,0.001738057305428549,0.09974966300789534,3.974579396069852e-05,0.09955709609089158,1.0563138758814669e-05,0.09936452917388805,2.3272317668330376e-06,0.0991719622568843,2.626447279711571e-06,0.0,0.0,0.0,0.0,0.0,0.0,0.0,0.0,0.0,0.0,1.0,1.0,1.0,1.0,1.0
64,14:28:21,0,0.09994222992489887,17136.0,0.09994222992489887,0.09994222992489887,0.0017380739285125979,0.09974966300789534,3.974579396069852e-05,0.09955709609089158,1.0563138758814669e-05,0.09936452917388805,2.3272317668330376e-06,0.0991719622568843,2.626447279711571e-06,0.0,0.0,0.0,0.0,0.0,0.0,0.0,0.0,0.0,0.0,1.0,1.0,1.0,1.0,1.0
64,14:28:24,0,0.09994222992489887,479808.0,0.09994222992489887,0.09994222992489887,0.0017368271972089374,0.09974966300789534,3.974579396069852e-05,0.09955709609089158,1.0563138758814669e-05,0.09936452917388805,2.3272317668330376e-06,0.0991719622568843,2.6929396159068003e-06,0.0,0.0,0.0,0.0,0.0,0.0,0.0,0.0,0.0,0.0,1.0,1.0,1.0,1.0,1.0
64,14:28:27,0,0.09994222992489887,39984.0,0.09994222992489887,0.09994222992489887,0.0017374422513187432,0.09974966300789534,3.974579396069852e-05,0.09955709609089158,1.0563138758814669e-05,0.09936452917388805,2.3272317668330376e-06,0.0991719622568843,2.6929396159068003e-06,0.0,0.0,0.0,0.0,0.0,0.0,0.0,0.0,0.0,0.0,1.0,1.0,1.0,1.0,1.0
64,14:28:30,0,0.09994222992489887,291312.0,0.09994222992489887,0.09994222992489887,0.0017371430358058648,0.09974966300789534,3.974579396069852e-05,0.09955709609089158,1.0563138758814669e-05,0.09936452917388805,2.3272317668330376e-06,0.0991719622568843,2.6929396159068003e-06,0.0,0.0,0.0,0.0,0.0,0.0,0.0,0.0,0.0,0.0,1.0,1.0,1.0,1.0,1.0
64,14:28:33,0,0.09994222992489887,85680.0,0.09994222992489887,0.09994222992489887,0.0017369768049653766,0.09974966300789534,3.982890938094256e-05,0.09955709609089158,1.1743377726279995e-05,0.09936452917388805,2.3272317668330376e-06,0.0991719622568843,2.6929396159068003e-06,0.0,0.0,0.0,0.0,0.0,0.0,0.0,0.0,0.0,0.0,1.0,1.0,1.0,1.0,1.0
64,14:28:36,0,0.09994222992489887,51408.0,0.09994222992489887,0.09994222992489887,0.0017370931665537184,0.09974966300789534,3.982890938094256e-05,0.09955709609089158,1.126130828886458e-05,0.09936452917388805,2.3272317668330376e-06,0.0991719622568843,2.6929396159068003e-06,0.0,0.0,0.0,0.0,0.0,0.0,0.0,0.0,0.0,0.0,1.0,1.0,1.0,1.0,1.0
64,14:28:39,0,0.09994222992489887,119952.0,0.09994222992489887,0.09994222992489887,0.0017368105741248886,0.09974966300789534,3.982890938094256e-05,0.09955709609089158,1.069612343120513e-05,0.09936452917388805,2.3272317668330376e-06,0.0991719622568843,2.7261857840044155e-06,0.0,0.0,0.0,0.0,0.0,0.0,0.0,0.0,0.0,0.0,1.0,1.0,1.0,1.0,1.0
64,14:28:42,0,0.09994222992489887,5712.0,0.09994222992489887,0.09994222992489887,0.0017367939510408398,0.09974966300789534,3.982890938094256e-05,0.09955709609089158,1.069612343120513e-05,0.09936452917388805,2.3272317668330376e-06,0.0991719622568843,2.7261857840044155e-06,0.0,0.0,0.0,0.0,0.0,0.0,0.0,0.0,0.0,0.0,1.0,1.0,1.0,1.0,1.0
64,14:28:45,0,0.09994222992489887,451248.0,0.09994222992489887,0.09994222992489887,0.00173581318908196,0.09974966300789534,3.982890938094256e-05,0.09955709609089158,1.069612343120513e-05,0.09936452917388805,2.3272317668330376e-06,0.0991719622568843,2.7261857840044155e-06,0.0,0.0,0.0,0.0,0.0,0.0,0.0,0.0,0.0,0.0,1.0,1.0,1.0,1.0,1.0
64,14:28:48,0,0.09994222992489887,559776.0,0.09994222992489887,0.09994222992489887,0.0017370765434696694,0.09974966300789534,3.982890938094256e-05,0.09955709609089158,1.069612343120513e-05,0.09936452917388805,2.3272317668330376e-06,0.0991719622568843,2.7261857840044155e-06,0.0,0.0,0.0,0.0,0.0,0.0,0.0,0.0,0.0,0.0,1.0,1.0,1.0,1.0,1.0
64,14:28:51,0,0.09994222992489887,456960.0,0.09994222992489887,0.09994222992489887,0.0017332033648862974,0.09974966300789534,4.0227863398113936e-05,0.09955709609089158,1.069612343120513e-05,0.09936452917388805,2.3272317668330376e-06,0.0991719622568843,2.7261857840044155e-06,0.0,0.0,0.0,0.0,0.0,0.0,0.0,0.0,0.0,0.0,1.0,1.0,1.0,1.0,1.0
64,14:28:54,0,0.09994222992489887,125664.0,0.09994222992489887,0.09994222992489887,0.0017418972378438237,0.09974966300789534,4.0227863398113936e-05,0.09955709609089158,1.069612343120513e-05,0.09936452917388805,2.3272317668330376e-06,0.0991719622568843,2.7261857840044155e-06,0.0,0.0,0.0,0.0,0.0,0.0,0.0,0.0,0.0,0.0,1.0,1.0,1.0,1.0,1.0
64,14:28:57,0,0.09994222992489887,75170.0,0.09994222992489887,0.09994222992489887,0.0017416784780577414,0.09974966300789534,4.027773265026036e-05,0.09955709609089158,1.069612343120513e-05,0.09936452917388805,2.3272317668330376e-06,0.0991719622568843,2.7261857840044155e-06,0.0,0.0,0.0,0.0,0.0,0.0,0.0,0.0,0.0,0.0,1.0,1.0,1.0,1.0,1.0
64,14:29:00,0,0.09994222992489887,5712.0,0.09994222992489887,0.09994222992489887,0.001742227039831352,0.09974966300789534,4.027773265026036e-05,0.09955709609089158,1.069612343120513e-05,0.09936452917388805,2.3272317668330376e-06,0.0991719622568843,2.7261857840044155e-06,0.0,0.0,0.0,0.0,0.0,0.0,0.0,0.0,0.0,0.0,1.0,1.0,1.0,1.0,1.0
64,14:29:03,0,0.09994222992489887,119952.0,0.09994222992489887,0.09994222992489887,0.001742227039831352,0.09974966300789534,4.031097881835797e-05,0.09955709609089158,1.0662877263107513e-05,0.09936452917388805,2.3272317668330376e-06,0.0991719622568843,2.7261857840044155e-06,0.0,0.0,0.0,0.0,0.0,0.0,0.0,0.0,0.0,0.0,1.0,1.0,1.0,1.0,1.0
64,14:29:06,0,0.09994222992489887,679728.0,0.09994222992489887,0.09994222992489887,0.0017388026845172977,0.09974966300789534,4.03774711545532e-05,0.09955709609089158,1.0480023338570632e-05,0.09936452917388805,2.3272317668330376e-06,0.0991719622568843,2.7261857840044155e-06,0.0,0.0,0.0,0.0,0.0,0.0,0.0,0.0,0.0,0.0,1.0,1.0,1.0,1.0,1.0
64,14:29:09,0,0.09994222992489887,11424.0,0.09994222992489887,0.09994222992489887,0.0017388857999375417,0.09974966300789534,4.0344224986455585e-05,0.09955709609089158,1.0480023338570632e-05,0.09936452917388805,2.3272317668330376e-06,0.0991719622568843,2.7261857840044155e-06,0.0,0.0,0.0,0.0,0.0,0.0,0.0,0.0,0.0,0.0,1.0,1.0,1.0,1.0,1.0
64,14:29:12,0,0.09994222992489887,51408.0,0.09994222992489887,0.09994222992489887,0.0017393678693749571,0.09974966300789534,4.067668666743173e-05,0.09955709609089158,1.0480023338570632e-05,0.09936452917388805,2.3438548508818448e-06,0.0991719622568843,2.7261857840044155e-06,0.0,0.0,0.0,0.0,0.0,0.0,0.0,0.0,0.0,0.0,1.0,1.0,1.0,1.0,1.0
64,14:29:15,0,0.09994222992489887,114240.0,0.09994222992489887,0.09994222992489887,0.001739384492459006,0.09974966300789534,4.069330975148054e-05,0.09955709609089158,1.0446777170473018e-05,0.09936452917388805,2.3438548508818448e-06,0.0991719622568843,2.7261857840044155e-06,0.0,0.0,0.0,0.0,0.0,0.0,0.0,0.0,0.0,0.0,1.0,1.0,1.0,1.0,1.0
64,14:29:18,0,0.09994222992489887,62832.0,0.09994222992489887,0.09994222992489887,0.0017414956241332046,0.09974966300789534,4.069330975148054e-05,0.09955709609089158,1.0446777170473018e-05,0.09936452917388805,2.3438548508818448e-06,0.0991719622568843,2.8093012042484526e-06,0.0,0.0,0.0,0.0,0.0,0.0,0.0,0.0,0.0,0.0,1.0,1.0,1.0,1.0,1.0
64,14:29:21,0,0.09994222992489887,57120.0,0.09994222992489887,0.09994222992489887,0.0016683540543184518,0.09974966300789534,4.069330975148054e-05,0.09955709609089158,1.0446777170473018e-05,0.09936452917388805,2.3438548508818448e-06,0.0991719622568843,2.8093012042484526e-06,0.0,0.0,0.0,0.0,0.0,0.0,0.0,0.0,0.0,0.0,1.0,1.0,1.0,1.0,1.0
64,14:29:24,0,0.09994222992489887,468384.0,0.09994222992489887,0.09994222992489887,0.0016669078460062057,0.09974966300789534,4.069330975148054e-05,0.09955709609089158,1.0446777170473018e-05,0.09936452917388805,2.3438548508818448e-06,0.0991719622568843,2.8093012042484526e-06,0.0,0.0,0.0,0.0,0.0,0.0,0.0,0.0,0.0,0.0,1.0,1.0,1.0,1.0,1.0
64,14:29:27,0,0.09994222992489887,194208.0,0.09994222992489887,0.09994222992489887,0.0016667582382497662,0.09974966300789534,4.069330975148054e-05,0.09955709609089158,1.0446777170473018e-05,0.09936452917388805,2.3438548508818448e-06,0.0991719622568843,2.8093012042484526e-06,0.0,0.0,0.0,0.0,0.0,0.0,0.0,0.0,0.0,0.0,1.0,1.0,1.0,1.0,1.0
64,14:29:30,0,0.09994222992489887,28560.0,0.09994222992489887,0.09994222992489887,0.0016667083689976198,0.09974966300789534,4.069330975148054e-05,0.09955709609089158,1.0446777170473018e-05,0.09936452917388805,2.3438548508818448e-06,0.0991719622568843,2.8093012042484526e-06,0.0,0.0,0.0,0.0,0.0,0.0,0.0,0.0,0.0,0.0,1.0,1.0,1.0,1.0,1.0
64,14:29:33,0,0.09994222992489887,22848.0,0.09994222992489887,0.09994222992489887,0.0016668912229221569,0.09974966300789534,4.070993283552935e-05,0.09955709609089158,1.0446777170473018e-05,0.09936452917388805,2.3438548508818448e-06,0.0991719622568843,2.8093012042484526e-06,0.0,0.0,0.0,0.0,0.0,0.0,0.0,0.0,0.0,0.0,1.0,1.0,1.0,1.0,1.0
64,14:29:36,0,0.09994222992489887,39984.0,0.09994222992489887,0.09994222992489887,0.0016709805015981635,0.09974966300789534,4.0726555919578156e-05,0.09955709609089158,1.0463400254521824e-05,0.09936452917388805,2.3438548508818448e-06,0.0991719622568843,2.8093012042484526e-06,0.0,0.0,0.0,0.0,0.0,0.0,0.0,0.0,0.0,0.0,1.0,1.0,1.0,1.0,1.0
64,14:29:39,0,0.09994222992489887,559776.0,0.09994222992489887,0.09994222992489887,0.0016696839010423565,0.09974966300789534,4.0743179003626964e-05,0.09955709609089158,1.0463400254521824e-05,0.09936452917388805,2.3438548508818448e-06,0.0991719622568843,2.8093012042484526e-06,0.0,0.0,0.0,0.0,0.0,0.0,0.0,0.0,0.0,0.0,1.0,1.0,1.0,1.0,1.0
64,14:29:42,0,0.09994222992489887,342720.0,0.09994222992489887,0.09994222992489887,0.0016691353392687459,0.09974966300789534,4.0826294423871004e-05,0.09955709609089158,1.0463400254521824e-05,0.09936452917388805,2.3438548508818448e-06,0.0991719622568843,2.8093012042484526e-06,0.0,0.0,0.0,0.0,0.0,0.0,0.0,0.0,0.0,0.0,1.0,1.0,1.0,1.0,1.0
64,14:29:45,0,0.09994222992489887,17136.0,0.09994222992489887,0.09994222992489887,0.0016706812860852848,0.09974966300789534,4.0826294423871004e-05,0.09955709609089158,1.043015408642421e-05,0.09936452917388805,2.3438548508818448e-06,0.0991719622568843,2.7594319521020303e-06,0.0,0.0,0.0,0.0,0.0,0.0,0.0,0.0,0.0,0.0,1.0,1.0,1.0,1.0,1.0
64,14:29:48,0,0.09994222992489887,582624.0,0.09994222992489887,0.09994222992489887,0.0016691353392687459,0.09974966300789534,4.115875610484715e-05,0.09955709609089158,1.043015408642421e-05,0.09936452917388805,2.3438548508818448e-06,0.0991719622568843,2.7594319521020303e-06,0.0,0.0,0.0,0.0,0.0,0.0,0.0,0.0,0.0,0.0,1.0,1.0,1.0,1.0,1.0
64,14:29:51,0,0.09994222992489887,28560.0,0.09994222992489887,0.09994222992489887,0.001669284947025185,0.09974966300789534,4.115875610484715e-05,0.09955709609089158,1.043015408642421e-05,0.09936452917388805,2.3438548508818448e-06,0.0991719622568843,2.7594319521020303e-06,0.0,0.0,0.0,0.0,0.0,0.0,0.0,0.0,0.0,0.0,1.0,1.0,1.0,1.0,1.0
64,14:29:54,0,0.09994222992489887,314160.0,0.09994222992489887,0.09994222992489887,0.0016697503933785517,0.09974966300789534,4.115875610484715e-05,0.09955709609089158,1.043015408642421e-05,0.09936452917388805,2.3438548508818448e-06,0.0991719622568843,2.7594319521020303e-06,0.0,0.0,0.0,0.0,0.0,0.0,0.0,0.0,0.0,0.0,1.0,1.0,1.0,1.0,1.0
64,14:29:57,0,0.09994222992489887,34272.0,0.09994222992489887,0.09994222992489887,0.0016697670164626005,0.09974966300789534,4.115875610484715e-05,0.09955709609089158,9.78185380852072e-06,0.09936452917388805,2.3438548508818448e-06,0.0991719622568843,2.7594319521020303e-06,0.0,0.0,0.0,0.0,0.0,0.0,0.0,0.0,0.0,0.0,1.0,1.0,1.0,1.0,1.0
64,14:30:00,0,0.09994222992489887,0.0,0.09994222992489887,0.09994222992489887,0.0016697005241264053,0.09974966300789534,4.097590218031027e-05,0.09955709609089158,9.78185380852072e-06,0.09936452917388805,2.3438548508818448e-06,0.0991719622568843,2.7594319521020303e-06,0.0,0.0,0.0,0.0,0.0,0.0,0.0,0.0,0.0,0.0,1.0,1.0,1.0,1.0,1.0
64,14:30:03,0,0.09994222992489887,39984.0,0.09994222992489887,0.09994222992489887,0.0016712464709429443,0.09974966300789534,4.097590218031027e-05,0.09955709609089158,9.78185380852072e-06,0.09936452917388805,2.3604779349306524e-06,0.0991719622568843,2.7594319521020303e-06,0.0,0.0,0.0,0.0,0.0,0.0,0.0,0.0,0.0,0.0,1.0,1.0,1.0,1.0,1.0
64,14:30:06,0,0.09994222992489887,114240.0,0.09994222992489887,0.09994222992489887,0.0016711633555227003,0.09974966300789534,4.097590218031027e-05,0.09955709609089158,9.78185380852072e-06,0.09936452917388805,2.3604779349306524e-06,0.0991719622568843,2.7594319521020303e-06,0.0,0.0,0.0,0.0,0.0,0.0,0.0,0.0,0.0,0.0,1.0,1.0,1.0,1.0,1.0
64,14:30:09,0,0.09994222992489887,262752.0,0.09994222992489887,0.09994222992489887,0.0016702490859000158,0.09974966300789534,4.099252526435908e-05,0.09955709609089158,9.748607640423106e-06,0.09936452917388805,2.3604779349306524e-06,0.0991719622568843,2.7594319521020303e-06,0.0,0.0,0.0,0.0,0.0,0.0,0.0,0.0,0.0,0.0,1.0,1.0,1.0,1.0,1.0
64,14:30:12,0,0.09994222992489887,137088.0,0.09994222992489887,0.09994222992489887,0.001664879829752251,0.09974966300789534,4.099252526435908e-05,0.09955709609089158,9.731984556374298e-06,0.09936452917388805,2.3604779349306524e-06,0.0991719622568843,2.7594319521020303e-06,0.0,0.0,0.0,0.0,0.0,0.0,0.0,0.0,0.0,0.0,1.0,1.0,1.0,1.0,1.0
64,14:30:15,0,0.09994222992489887,1153824.0,0.09994222992489887,0.09994222992489887,0.0016618211822872705,0.09974966300789534,4.102577143245669e-05,0.09955709609089158,9.731984556374298e-06,0.09936452917388805,2.7760550361508374e-06,0.0991719622568843,2.7594319521020303e-06,0.0,0.0,0.0,0.0,0.0,0.0,0.0,0.0,0.0,0.0,1.0,1.0,1.0,1.0,1.0
64,14:30:18,0,0.09994222992489887,354144.0,0.09994222992489887,0.09994222992489887,0.001660823797244342,0.09974966300789534,4.1391479281530456e-05,0.09955709609089158,9.731984556374298e-06,0.09936452917388805,2.7760550361508374e-06,0.0991719622568843,2.7594319521020303e-06,0.0,0.0,0.0,0.0,0.0,0.0,0.0,0.0,0.0,0.0,1.0,1.0,1.0,1.0,1.0
64,14:30:21,0,0.09994222992489887,171360.0,0.09994222992489887,0.09994222992489887,0.001660408220143122,0.09974966300789534,4.1424725449628065e-05,0.09955709609089158,9.731984556374298e-06,0.09936452917388805,2.7760550361508374e-06,0.0991719622568843,2.7594319521020303e-06,0.0,0.0,0.0,0.0,0.0,0.0,0.0,0.0,0.0,0.0,1.0,1.0,1.0,1.0,1.0
64,14:30:24,0,0.09994222992489887,39984.0,0.09994222992489887,0.09994222992489887,0.0016603583508909756,0.09974966300789534,4.1424725449628065e-05,0.09955709609089158,9.731984556374298e-06,0.09936452917388805,2.7760550361508374e-06,0.0991719622568843,2.7594319521020303e-06,0.0,0.0,0.0,0.0,0.0,0.0,0.0,0.0,0.0,0.0,1.0,1.0,1.0,1.0,1.0
64,14:30:27,0,0.09994222992489887,102816.0,0.09994222992489887,0.09994222992489887,0.0016601090046302433,0.09974966300789534,4.144134853367687e-05,0.09955709609089158,9.731984556374298e-06,0.09936452917388805,2.7760550361508374e-06,0.0991719622568843,2.7594319521020303e-06,0.0,0.0,0.0,0.0,0.0,0.0,0.0,0.0,0.0,0.0,1.0,1.0,1.0,1.0,1.0
64,14:30:30,0,0.09994222992489887,34272.0,0.09994222992489887,0.09994222992489887,0.0016600923815461945,0.09974966300789534,4.152446395392091e-05,0.09955709609089158,9.731984556374298e-06,0.09936452917388805,2.7760550361508374e-06,0.0991719622568843,2.7594319521020303e-06,0.0,0.0,0.0,0.0,0.0,0.0,0.0,0.0,0.0,0.0,1.0,1.0,1.0,1.0,1.0
64,14:30:33,0,0.09994222992489887,11424.0,0.09994222992489887,0.09994222992489887,0.0016605412048155124,0.09974966300789534,4.154108703796972e-05,0.09955709609089158,9.731984556374298e-06,0.09936452917388805,2.7760550361508374e-06,0.0991719622568843,2.7594319521020303e-06,0.0,0.0,0.0,0.0,0.0,0.0,0.0,0.0,0.0,0.0,1.0,1.0,1.0,1.0,1.0
64,14:30:36,0,0.09994222992489887,1148112.0,0.09994222992489887,0.09994222992489887,0.00165736619576219,0.09974966300789534,4.1507840869872105e-05,0.09955709609089158,9.731984556374298e-06,0.09936452917388805,2.7760550361508374e-06,0.0991719622568843,2.7594319521020303e-06,0.0,0.0,0.0,0.0,0.0,0.0,0.0,0.0,0.0,0.0,1.0,1.0,1.0,1.0,1.0
64,14:30:39,0,0.09994222992489887,211344.0,0.09994222992489887,0.09994222992489887,0.0016568508801566772,0.09974966300789534,4.1507840869872105e-05,0.09955709609089158,9.731984556374298e-06,0.09936452917388805,2.7760550361508374e-06,0.0991719622568843,2.7594319521020303e-06,0.0,0.0,0.0,0.0,0.0,0.0,0.0,0.0,0.0,0.0,1.0,1.0,1.0,1.0,1.0
64,14:30:42,0,0.09994222992489887,491232.0,0.09994222992489887,0.09994222992489887,0.0016554379180125285,0.09974966300789534,4.1507840869872105e-05,0.09955709609089158,9.515884463739803e-06,0.09936452917388805,2.7760550361508374e-06,0.0991719622568843,2.7594319521020303e-06,0.0,0.0,0.0,0.0,0.0,0.0,0.0,0.0,0.0,0.0,1.0,1.0,1.0,1.0,1.0
64,14:30:45,0,0.09994222992489887,154224.0,0.09994222992489887,0.09994222992489887,0.0016558368720297,0.09974966300789534,4.154108703796972e-05,0.09955709609089158,9.532507547788609e-06,0.09936452917388805,2.7760550361508374e-06,0.0991719622568843,2.7594319521020303e-06,0.0,0.0,0.0,0.0,0.0,0.0,0.0,0.0,0.0,0.0,1.0,1.0,1.0,1.0,1.0
64,14:30:48,0,0.09994222992489887,11424.0,0.09994222992489887,0.09994222992489887,0.001655753756609456,0.09974966300789534,4.3369626283338535e-05,0.09955709609089158,9.549130631837417e-06,0.09936452917388805,2.7760550361508374e-06,0.0991719622568843,2.7594319521020303e-06,0.0,0.0,0.0,0.0,0.0,0.0,0.0,0.0,0.0,0.0,1.0,1.0,1.0,1.0,1.0
64,14:30:51,0,0.09994222992489887,445536.0,0.09994222992489887,0.09994222992489887,0.0016047375116636658,0.09974966300789534,4.3369626283338535e-05,0.09955709609089158,9.549130631837417e-06,0.09936452917388805,2.7760550361508374e-06,0.0991719622568843,2.7594319521020303e-06,0.0,0.0,0.0,0.0,0.0,0.0,0.0,0.0,0.0,0.0,1.0,1.0,1.0,1.0,1.0
64,14:30:54,0,0.09994222992489887,2861712.0,0.09994222992489887,0.09994222992489887,0.0015966753158999942,0.09974966300789534,4.3369626283338535e-05,0.09955709609089158,9.549130631837417e-06,0.09936452917388805,2.7760550361508374e-06,0.0991719622568843,2.7594319521020303e-06,0.0,0.0,0.0,0.0,0.0,0.0,0.0,0.0,0.0,0.0,1.0,1.0,1.0,1.0,1.0
64,14:30:57,0,0.09994222992489887,639744.0,0.09994222992489887,0.09994222992489887,0.0015949132689908206,0.09974966300789534,4.3369626283338535e-05,0.09955709609089158,9.549130631837417e-06,0.09936452917388805,2.7760550361508374e-06,0.0991719622568843,2.7594319521020303e-06,0.0,0.0,0.0,0.0,0.0,0.0,0.0,0.0,0.0,0.0,1.0,1.0,1.0,1.0,1.0
64,14:31:00,0,0.09994222992489887,11424.0,0.09994222992489887,0.09994222992489887,0.0015945641842257958,0.09974966300789534,4.3369626283338535e-05,0.09955709609089158,9.549130631837417e-06,0.09936452917388805,2.7760550361508374e-06,0.0991719622568843,2.8425473723460674e-06,0.0,0.0,0.0,0.0,0.0,0.0,0.0,0.0,0.0,0.0,1.0,1.0,1.0,1.0,1.0
64,14:31:03,0,0.09994222992489887,57120.0,0.09994222992489887,0.09994222992489887,0.0015933673221742817,0.09974966300789534,4.3369626283338535e-05,0.09955709609089158,9.549130631837417e-06,0.09936452917388805,2.7760550361508374e-06,0.0991719622568843,2.7261857840044155e-06,0.0,0.0,0.0,0.0,0.0,0.0,0.0,0.0,0.0,0.0,1.0,1.0,1.0,1.0,1.0
64,14:31:06,0,0.09994222992489887,28560.0,0.09994222992489887,0.09994222992489887,0.0015940488686202827,0.09974966300789534,4.3369626283338535e-05,0.09955709609089158,9.549130631837417e-06,0.09936452917388805,2.7760550361508374e-06,0.0991719622568843,2.7261857840044155e-06,0.0,0.0,0.0,0.0,0.0,0.0,0.0,0.0,0.0,0.0,1.0,1.0,1.0,1.0,1.0
64,14:31:09,0,0.09994222992489887,285600.0,0.09994222992489887,0.09994222992489887,0.0015942317225448195,0.09974966300789534,4.3369626283338535e-05,0.09955709609089158,8.05305306744475e-06,0.09936452917388805,2.3604779349306524e-06,0.0991719622568843,2.7261857840044155e-06,0.0,0.0,0.0,0.0,0.0,0.0,0.0,0.0,0.0,0.0,1.0,1.0,1.0,1.0,1.0
64,14:31:12,0,0.09994222992489887,114240.0,0.09994222992489887,0.09994222992489887,0.001594281591796966,0.09974966300789534,4.3369626283338535e-05,0.09955709609089158,8.202660823884017e-06,0.09936452917388805,2.3604779349306524e-06,0.0991719622568843,2.7261857840044155e-06,0.0,0.0,0.0,0.0,0.0,0.0,0.0,0.0,0.0,0.0,1.0,1.0,1.0,1.0,1.0
64,14:31:15,0,0.09994222992489887,234192.0,0.09994222992489887,0.09994222992489887,0.0015937662761914529,0.09974966300789534,4.3369626283338535e-05,0.09955709609089158,8.202660823884017e-06,0.09936452917388805,2.3604779349306524e-06,0.0991719622568843,2.7261857840044155e-06,0.0,0.0,0.0,0.0,0.0,0.0,0.0,0.0,0.0,0.0,1.0,1.0,1.0,1.0,1.0
64,14:31:18,0,0.09994222992489887,674016.0,0.09994222992489887,0.09994222992489887,0.0015919876061982305,0.09974966300789534,4.3369626283338535e-05,0.09955709609089158,8.202660823884017e-06,0.09936452917388805,2.3604779349306524e-06,0.0991719622568843,2.7261857840044155e-06,0.0,0.0,0.0,0.0,0.0,0.0,0.0,0.0,0.0,0.0,1.0,1.0,1.0,1.0,1.0
64,14:31:21,0,0.09994222992489887,5712.0,0.09994222992489887,0.09994222992489887,0.0015934005683423793,0.09974966300789534,4.3369626283338535e-05,0.09955709609089158,8.202660823884017e-06,0.09936452917388805,2.3604779349306524e-06,0.0991719622568843,2.7261857840044155e-06,0.0,0.0,0.0,0.0,0.0,0.0,0.0,0.0,0.0,0.0,1.0,1.0,1.0,1.0,1.0
64,14:31:24,0,0.09994222992489887,5712.0,0.09994222992489887,0.09994222992489887,0.0015936997838552577,0.09974966300789534,4.3369626283338535e-05,0.09955709609089158,8.202660823884017e-06,0.09936452917388805,2.3604779349306524e-06,0.0991719622568843,2.7261857840044155e-06,0.0,0.0,0.0,0.0,0.0,0.0,0.0,0.0,0.0,0.0,1.0,1.0,1.0,1.0,1.0
64,14:31:27,0,0.09994222992489887,394128.0,0.09994222992489887,0.09994222992489887,0.001592652529560183,0.09974966300789534,4.3369626283338535e-05,0.09955709609089158,8.202660823884017e-06,0.09936452917388805,2.3604779349306524e-06,0.0991719622568843,2.7261857840044155e-06,0.0,0.0,0.0,0.0,0.0,0.0,0.0,0.0,0.0,0.0,1.0,1.0,1.0,1.0,1.0
64,14:31:30,0,0.09994222992489887,28560.0,0.09994222992489887,0.09994222992489887,0.0015927522680644758,0.09974966300789534,4.3369626283338535e-05,0.09955709609089158,8.202660823884017e-06,0.09936452917388805,2.3604779349306524e-06,0.0991719622568843,2.7261857840044155e-06,0.0,0.0,0.0,0.0,0.0,0.0,0.0,0.0,0.0,0.0,1.0,1.0,1.0,1.0,1.0
64,14:31:33,0,0.09994222992489887,5712.0,0.09994222992489887,0.09994222992489887,0.001592818760400671,0.09974966300789534,4.3369626283338535e-05,0.09955709609089158,8.202660823884017e-06,0.09936452917388805,2.3604779349306524e-06,0.0991719622568843,2.7261857840044155e-06,0.0,0.0,0.0,0.0,0.0,0.0,0.0,0.0,0.0,0.0,1.0,1.0,1.0,1.0,1.0
64,14:31:36,0,0.09994222992489887,74256.0,0.09994222992489887,0.09994222992489887,0.0015928021373166222,0.09974966300789534,4.3369626283338535e-05,0.09955709609089158,8.202660823884017e-06,0.09936452917388805,2.3604779349306524e-06,0.0991719622568843,2.7261857840044155e-06,0.0,0.0,0.0,0.0,0.0,0.0,0.0,0.0,0.0,0.0,1.0,1.0,1.0,1.0,1.0
64,14:31:39,0,0.09994222992489887,514080.0,0.09994222992489887,0.09994222992489887,0.0015918213753577425,0.09974966300789534,4.333638011524092e-05,0.09955709609089158,8.202660823884017e-06,0.09936452917388805,2.3604779349306524e-06,0.0991719622568843,2.7261857840044155e-06,0.0,0.0,0.0,0.0,0.0,0.0,0.0,0.0,0.0,0.0,1.0,1.0,1.0,1.0,1.0
64,14:31:42,0,0.09994222992489887,291312.0,0.09994222992489887,0.09994222992489887,0.00159213721395467,0.09974966300789534,4.333638011524092e-05,0.09955709609089158,8.202660823884017e-06,0.09936452917388805,2.3604779349306524e-06,0.0991719622568843,2.7261857840044155e-06,0.0,0.0,0.0,0.0,0.0,0.0,0.0,0.0,0.0,0.0,1.0,1.0,1.0,1.0,1.0
64,14:31:45,0,0.09994222992489887,91392.0,0.09994222992489887,0.09994222992489887,0.001593500306846672,0.09974966300789534,4.33031339471433e-05,0.09955709609089158,8.202660823884017e-06,0.09936452917388805,2.3604779349306524e-06,0.0991719622568843,2.7261857840044155e-06,0.0,0.0,0.0,0.0,0.0,0.0,0.0,0.0,0.0,0.0,1.0,1.0,1.0,1.0,1.0
64,14:31:48,0,0.09994222992489887,199920.0,0.09994222992489887,0.09994222992489887,0.0015879481967743705,0.09974966300789534,4.33031339471433e-05,0.09955709609089158,8.202660823884017e-06,0.09936452917388805,2.3604779349306524e-06,0.0991719622568843,2.7261857840044155e-06,0.0,0.0,0.0,0.0,0.0,0.0,0.0,0.0,0.0,0.0,1.0,1.0,1.0,1.0,1.0
64,14:31:51,0,0.09994222992489887,114240.0,0.09994222992489887,0.09994222992489887,0.0015893112896663726,0.09974966300789534,4.33031339471433e-05,0.09955709609089158,8.202660823884017e-06,0.09936452917388805,2.3604779349306524e-06,0.0991719622568843,2.7261857840044155e-06,0.0,0.0,0.0,0.0,0.0,0.0,0.0,0.0,0.0,0.0,1.0,1.0,1.0,1.0,1.0
64,14:31:54,0,0.09994222992489887,0.0,0.09994222992489887,0.09994222992489887,0.0015893112896663726,0.09974966300789534,4.33031339471433e-05,0.09955709609089158,8.25253007603044e-06,0.09936452917388805,2.3604779349306524e-06,0.0991719622568843,2.709562699955608e-06,0.0,0.0,0.0,0.0,0.0,0.0,0.0,0.0,0.0,0.0,1.0,1.0,1.0,1.0,1.0
64,14:31:57,0,0.09994222992489887,342720.0,0.09994222992489887,0.09994222992489887,0.0015916385214332057,0.09974966300789534,4.33031339471433e-05,0.09955709609089158,8.25253007603044e-06,0.09936452917388805,2.3604779349306524e-06,0.0991719622568843,2.709562699955608e-06,0.0,0.0,0.0,0.0,0.0,0.0,0.0,0.0,0.0,0.0,1.0,1.0,1.0,1.0,1.0
64,14:32:00,0,0.09994222992489887,439824.0,0.09994222992489887,0.09994222992489887,0.0015907076287264724,0.09974966300789534,4.33031339471433e-05,0.09955709609089158,8.25253007603044e-06,0.09936452917388805,2.3604779349306524e-06,0.0991719622568843,2.709562699955608e-06,0.0,0.0,0.0,0.0,0.0,0.0,0.0,0.0,0.0,0.0,1.0,1.0,1.0,1.0,1.0
64,14:32:03,0,0.09994222992489887,536928.0,0.09994222992489887,0.09994222992489887,0.001589194928078031,0.09974966300789534,4.33031339471433e-05,0.09955709609089158,8.25253007603044e-06,0.09936452917388805,2.3604779349306524e-06,0.0991719622568843,2.709562699955608e-06,0.0,0.0,0.0,0.0,0.0,0.0,0.0,0.0,0.0,0.0,1.0,1.0,1.0,1.0,1.0
64,14:32:06,0,0.09994222992489887,62832.0,0.09994222992489887,0.09994222992489887,0.0015902920516252523,0.09974966300789534,4.33031339471433e-05,0.09955709609089158,8.751222597494661e-06,0.09936452917388805,2.3604779349306524e-06,0.0991719622568843,2.709562699955608e-06,0.0,0.0,0.0,0.0,0.0,0.0,0.0,0.0,0.0,0.0,1.0,1.0,1.0,1.0,1.0
64,14:32:09,0,0.09994222992489887,62832.0,0.09994222992489887,0.09994222992489887,0.0015910400904074486,0.09974966300789534,4.33031339471433e-05,0.09955709609089158,8.751222597494661e-06,0.09936452917388805,2.3604779349306524e-06,0.0991719622568843,2.709562699955608e-06,0.0,0.0,0.0,0.0,0.0,0.0,0.0,0.0,0.0,0.0,1.0,1.0,1.0,1.0,1.0
64,14:32:12,0,0.09994222992489887,102816.0,0.09994222992489887,0.09994222992489887,0.001590823990314814,0.09974966300789534,4.33031339471433e-05,0.09955709609089158,8.751222597494661e-06,0.09936452917388805,2.3604779349306524e-06,0.0991719622568843,2.709562699955608e-06,0.0,0.0,0.0,0.0,0.0,0.0,0.0,0.0,0.0,0.0,1.0,1.0,1.0,1.0,1.0
64,14:32:15,0,0.09994222992489887,45696.0,0.09994222992489887,0.09994222992489887,0.0015905580209700332,0.09974966300789534,4.33031339471433e-05,0.09955709609089158,8.834338017738698e-06,0.09936452917388805,2.3604779349306524e-06,0.0991719622568843,2.709562699955608e-06,0.0,0.0,0.0,0.0,0.0,0.0,0.0,0.0,0.0,0.0,1.0,1.0,1.0,1.0,1.0
64,14:32:18,0,0.09994222992489887,5712.0,0.09994222992489887,0.09994222992489887,0.0015909569749872046,0.09974966300789534,4.33031339471433e-05,0.09955709609089158,9.000568858226773e-06,0.09936452917388805,2.3604779349306524e-06,0.0991719622568843,2.709562699955608e-06,0.0,0.0,0.0,0.0,0.0,0.0,0.0,0.0,0.0,0.0,1.0,1.0,1.0,1.0,1.0
64,14:32:21,0,0.09994222992489887,62832.0,0.09994222992489887,0.09994222992489887,0.0015911896981638878,0.09974966300789534,4.33031339471433e-05,0.09955709609089158,9.000568858226773e-06,0.09936452917388805,2.3604779349306524e-06,0.0991719622568843,2.709562699955608e-06,0.0,0.0,0.0,0.0,0.0,0.0,0.0,0.0,0.0,0.0,1.0,1.0,1.0,1.0,1.0
64,14:32:24,0,0.09994222992489887,91392.0,0.09994222992489887,0.09994222992489887,0.0015908572364829116,0.09974966300789534,4.33031339471433e-05,0.09955709609089158,8.900830353933928e-06,0.09936452917388805,2.3604779349306524e-06,0.0991719622568843,2.709562699955608e-06,0.0,0.0,0.0,0.0,0.0,0.0,0.0,0.0,0.0,0.0,1.0,1.0,1.0,1.0,1.0
64,14:32:27,0,0.09994222992489887,239904.0,0.09994222992489887,0.09994222992489887,0.00159032529779335,0.09974966300789534,4.335300319928973e-05,0.09955709609089158,9.01719194227558e-06,0.09936452917388805,2.3604779349306524e-06,0.0991719622568843,2.709562699955608e-06,0.0,0.0,0.0,0.0,0.0,0.0,0.0,0.0,0.0,0.0,1.0,1.0,1.0,1.0,1.0
64,14:32:30,0,0.09994222992489887,11424.0,0.09994222992489887,0.09994222992489887,0.0015920873447025235,0.09974966300789534,4.335300319928973e-05,0.09955709609089158,9.033815026324387e-06,0.09936452917388805,2.3604779349306524e-06,0.0991719622568843,2.709562699955608e-06,0.0,0.0,0.0,0.0,0.0,0.0,0.0,0.0,0.0,0.0,1.0,1.0,1.0,1.0,1.0
64,14:32:33,0,0.09994222992489887,285600.0,0.09994222992489887,0.09994222992489887,0.001591173075079839,0.09974966300789534,4.333638011524092e-05,0.09955709609089158,9.000568858226773e-06,0.09936452917388805,2.3604779349306524e-06,0.0991719622568843,2.709562699955608e-06,0.0,0.0,0.0,0.0,0.0,0.0,0.0,0.0,0.0,0.0,1.0,1.0,1.0,1.0,1.0
64,14:32:36,0,0.09994222992489887,514080.0,0.09994222992489887,0.09994222992489887,0.0015936997838552577,0.09974966300789534,4.322001852689927e-05,0.09955709609089158,9.000568858226773e-06,0.09936452917388805,2.3604779349306524e-06,0.0991719622568843,2.709562699955608e-06,0.0,0.0,0.0,0.0,0.0,0.0,0.0,0.0,0.0,0.0,1.0,1.0,1.0,1.0,1.0
64,14:32:39,0,0.09994222992489887,97104.0,0.09994222992489887,0.09994222992489887,0.001593583422266916,0.09974966300789534,4.322001852689927e-05,0.09955709609089158,9.482638295642187e-06,0.09936452917388805,2.3604779349306524e-06,0.0991719622568843,2.709562699955608e-06,0.0,0.0,0.0,0.0,0.0,0.0,0.0,0.0,0.0,0.0,1.0,1.0,1.0,1.0,1.0
64,14:32:42,0,0.09994222992489887,11424.0,0.09994222992489887,0.09994222992489887,0.0015939325070319411,0.09974966300789534,4.313690310665523e-05,0.09955709609089158,9.482638295642187e-06,0.09936452917388805,2.3604779349306524e-06,0.0991719622568843,2.709562699955608e-06,0.0,0.0,0.0,0.0,0.0,0.0,0.0,0.0,0.0,0.0,1.0,1.0,1.0,1.0,1.0
64,14:32:45,0,0.09994222992489887,1219398.0,0.09994222992489887,0.09994222992489887,0.0015910653574952027,0.09974966300789534,4.313690310665523e-05,0.09955709609089158,9.515884463739803e-06,0.09936452917388805,2.3604779349306524e-06,0.0991719622568843,2.709562699955608e-06,0.0,0.0,0.0,0.0,0.0,0.0,0.0,0.0,0.0,0.0,1.0,1.0,1.0,1.0,1.0
64,14:32:48,0,0.09994222992489887,5712.0,0.09994222992489887,0.09994222992489887,0.0015902009571246648,0.09974966300789534,4.313690310665523e-05,0.09955709609089158,1.0513269506668246e-05,0.09936452917388805,2.3604779349306524e-06,0.0991719622568843,2.709562699955608e-06,0.0,0.0,0.0,0.0,0.0,0.0,0.0,0.0,0.0,0.0,1.0,1.0,1.0,1.0,1.0
64,14:32:51,0,0.09994222992489887,28560.0,0.09994222992489887,0.09994222992489887,0.0015916305423528622,0.09974966300789534,4.3103656938557613e-05,0.09955709609089158,1.0513269506668246e-05,0.09936452917388805,2.3604779349306524e-06,0.0991719622568843,2.6929396159068003e-06,0.0,0.0,0.0,0.0,0.0,0.0,0.0,0.0,0.0,0.0,1.0,1.0,1.0,1.0,1.0
64,14:32:54,0,0.09994222992489887,308448.0,0.09994222992489887,0.09994222992489887,0.001582504469210067,0.09974966300789534,4.3103656938557613e-05,0.09955709609089158,1.0513269506668246e-05,0.09936452917388805,2.3604779349306524e-06,0.0991719622568843,2.6929396159068003e-06,0.0,0.0,0.0,0.0,0.0,0.0,0.0,0.0,0.0,0.0,1.0,1.0,1.0,1.0,1.0
64,14:32:57,0,0.09994222992489887,97104.0,0.09994222992489887,0.09994222992489887,0.0015820888921088468,0.09974966300789534,4.3103656938557613e-05,0.09955709609089158,1.0513269506668246e-05,0.09936452917388805,2.3604779349306524e-06,0.0991719622568843,2.6929396159068003e-06,0.0,0.0,0.0,0.0,0.0,0.0,0.0,0.0,0.0,0.0,1.0,1.0,1.0,1.0,1.0
64,14:33:00,0,0.09994222992489887,114240.0,0.09994222992489887,0.09994222992489887,0.0015778333825923522,0.09974966300789534,4.431714207412056e-05,0.09955709609089158,1.0513269506668246e-05,0.09936452917388805,2.3604779349306524e-06,0.0991719622568843,2.6929396159068003e-06,0.0,0.0,0.0,0.0,0.0,0.0,0.0,0.0,0.0,0.0,1.0,1.0,1.0,1.0,1.0
64,14:33:03,0,0.09994222992489887,74256.0,0.09994222992489887,0.09994222992489887,0.0015782323366095234,0.09974966300789534,4.431714207412056e-05,0.09955709609089158,1.0513269506668246e-05,0.09936452917388805,2.3604779349306524e-06,0.0991719622568843,2.6929396159068003e-06,0.0,0.0,0.0,0.0,0.0,0.0,0.0,0.0,0.0,0.0,1.0,1.0,1.0,1.0,1.0
64,14:33:06,0,0.09994222992489887,753984.0,0.09994222992489887,0.09994222992489887,0.0015762375665236666,0.09974966300789534,4.431714207412056e-05,0.09955709609089158,1.0513269506668246e-05,0.09936452917388805,2.3604779349306524e-06,0.0991719622568843,2.6929396159068003e-06,0.0,0.0,0.0,0.0,0.0,0.0,0.0,0.0,0.0,0.0,1.0,1.0,1.0,1.0,1.0
64,14:33:09,0,0.09994222992489887,68544.0,0.09994222992489887,0.09994222992489887,0.0015761378280193738,0.09974966300789534,4.431714207412056e-05,0.09955709609089158,1.0513269506668246e-05,0.09936452917388805,2.3272317668330376e-06,0.0991719622568843,2.6929396159068003e-06,0.0,0.0,0.0,0.0,0.0,0.0,0.0,0.0,0.0,0.0,1.0,1.0,1.0,1.0,1.0
64,14:33:12,0,0.09994222992489887,74256.0,0.09994222992489887,0.09994222992489887,0.0015760879587672274,0.09974966300789534,4.431714207412056e-05,0.09955709609089158,1.0513269506668246e-05,0.09936452917388805,2.3272317668330376e-06,0.0991719622568843,2.6430703637603784e-06,0.0,0.0,0.0,0.0,0.0,0.0,0.0,0.0,0.0,0.0,1.0,1.0,1.0,1.0,1.0
64,14:33:15,0,0.09994222992489887,491232.0,0.09994222992489887,0.09994222992489887,0.0015743092887740048,0.09974966300789534,4.4333765158169366e-05,0.09955709609089158,1.0513269506668246e-05,0.09936452917388805,2.3272317668330376e-06,0.0991719622568843,2.6430703637603784e-06,0.0,0.0,0.0,0.0,0.0,0.0,0.0,0.0,0.0,0.0,1.0,1.0,1.0,1.0,1.0
64,14:33:18,0,0.09994222992489887,85680.0,0.09994222992489887,0.09994222992489887,0.0015825543384622135,0.09974966300789534,4.4333765158169366e-05,0.09955709609089158,1.0513269506668246e-05,0.09936452917388805,2.3272317668330376e-06,0.0991719622568843,2.6430703637603784e-06,0.0,0.0,0.0,0.0,0.0,0.0,0.0,0.0,0.0,0.0,1.0,1.0,1.0,1.0,1.0
64,14:33:21,0,0.09994222992489887,394128.0,0.09994222992489887,0.09994222992489887,0.0015817564304278706,0.09974966300789534,4.4333765158169366e-05,0.09955709609089158,1.0513269506668246e-05,0.09936452917388805,2.3272317668330376e-06,0.0991719622568843,2.6430703637603784e-06,0.0,0.0,0.0,0.0,0.0,0.0,0.0,0.0,0.0,0.0,1.0,1.0,1.0,1.0,1.0
64,14:33:24,0,0.09994222992489887,62832.0,0.09994222992489887,0.09994222992489887,0.001581989153604554,0.09974966300789534,4.4333765158169366e-05,0.09955709609089158,1.0513269506668246e-05,0.09936452917388805,2.3272317668330376e-06,0.0991719622568843,2.6430703637603784e-06,0.0,0.0,0.0,0.0,0.0,0.0,0.0,0.0,0.0,0.0,1.0,1.0,1.0,1.0,1.0
64,14:33:27,0,0.09994222992489887,165648.0,0.09994222992489887,0.09994222992489887,0.0015817564304278706,0.09974966300789534,4.4333765158169366e-05,0.09955709609089158,1.0513269506668246e-05,0.09936452917388805,2.3272317668330376e-06,0.0991719622568843,2.6430703637603784e-06,0.0,0.0,0.0,0.0,0.0,0.0,0.0,0.0,0.0,0.0,1.0,1.0,1.0,1.0,1.0
64,14:33:30,0,0.09994222992489887,102816.0,0.09994222992489887,0.09994222992489887,0.0015816899380916754,0.09974966300789534,4.4333765158169366e-05,0.09955709609089158,1.0513269506668246e-05,0.09936452917388805,2.3272317668330376e-06,0.0991719622568843,2.6430703637603784e-06,0.0,0.0,0.0,0.0,0.0,0.0,0.0,0.0,0.0,0.0,1.0,1.0,1.0,1.0,1.0
64,14:33:33,0,0.09994222992489887,793968.0,0.09994222992489887,0.09994222992489887,0.00157939595249294,0.09974966300789534,4.4333765158169366e-05,0.09955709609089158,1.0513269506668246e-05,0.09936452917388805,2.3272317668330376e-06,0.0991719622568843,2.6430703637603784e-06,0.0,0.0,0.0,0.0,0.0,0.0,0.0,0.0,0.0,0.0,1.0,1.0,1.0,1.0,1.0
64,14:33:36,0,0.09994222992489887,171360.0,0.09994222992489887,0.09994222992489887,0.0015795954295015258,0.09974966300789534,4.4333765158169366e-05,0.09955709609089158,1.0513269506668246e-05,0.09936452917388805,2.3272317668330376e-06,0.0991719622568843,2.6430703637603784e-06,0.0,0.0,0.0,0.0,0.0,0.0,0.0,0.0,0.0,0.0,1.0,1.0,1.0,1.0,1.0
64,14:33:39,0,0.09994222992489887,159936.0,0.09994222992489887,0.09994222992489887,0.0015809086531413815,0.09974966300789534,4.436701132626698e-05,0.09955709609089158,1.0513269506668246e-05,0.09936452917388805,2.3272317668330376e-06,0.0991719622568843,2.6430703637603784e-06,0.0,0.0,0.0,0.0,0.0,0.0,0.0,0.0,0.0,0.0,1.0,1.0,1.0,1.0,1.0
64,14:33:42,0,0.09994222992489887,491232.0,0.09994222992489887,0.09994222992489887,0.0015805429452923076,0.09974966300789534,4.431714207412056e-05,0.09955709609089158,1.0529892590717054e-05,0.09936452917388805,2.3272317668330376e-06,0.0991719622568843,2.6430703637603784e-06,0.0,0.0,0.0,0.0,0.0,0.0,0.0,0.0,0.0,0.0,1.0,1.0,1.0,1.0,1.0
64,14:33:45,0,0.09994222992489887,51408.0,0.09994222992489887,0.09994222992489887,0.0015878737253578318,0.09974966300789534,4.431714207412056e-05,0.09955709609089158,1.0529892590717054e-05,0.09936452917388805,2.3272317668330376e-06,0.0991719622568843,2.6430703637603784e-06,0.0,0.0,0.0,0.0,0.0,0.0,0.0,0.0,0.0,0.0,1.0,1.0,1.0,1.0,1.0
64,14:33:48,0,0.09994222992489887,451248.0,0.09994222992489887,0.09994222992489887,0.00158552987050695,0.09974966300789534,4.431714207412056e-05,0.09955709609089158,1.0529892590717054e-05,0.09936452917388805,2.3272317668330376e-06,0.0991719622568843,2.6430703637603784e-06,0.0,0.0,0.0,0.0,0.0,0.0,0.0,0.0,0.0,0.0,1.0,1.0,1.0,1.0,1.0
64,14:33:51,0,0.09994222992489887,22848.0,0.09994222992489887,0.09994222992489887,0.001586128301532707,0.09974966300789534,4.431714207412056e-05,0.09955709609089158,9.698738388276684e-06,0.09936452917388805,2.3272317668330376e-06,0.0991719622568843,2.6430703637603784e-06,0.0,0.0,0.0,0.0,0.0,0.0,0.0,0.0,0.0,0.0,1.0,1.0,1.0,1.0,1.0
64,14:33:54,0,0.09994222992489887,108528.0,0.09994222992489887,0.09994222992489887,0.001585779216767682,0.09974966300789534,4.431714207412056e-05,0.09955709609089158,9.698738388276684e-06,0.09936452917388805,2.3272317668330376e-06,0.0991719622568843,2.6430703637603784e-06,0.0,0.0,0.0,0.0,0.0,0.0,0.0,0.0,0.0,0.0,1.0,1.0,1.0,1.0,1.0
64,14:33:57,0,0.09994222992489887,22848.0,0.09994222992489887,0.09994222992489887,0.0015859786937762676,0.09974966300789534,4.431714207412056e-05,0.09955709609089158,9.698738388276684e-06,0.09936452917388805,2.3272317668330376e-06,0.0991719622568843,2.6430703637603784e-06,0.0,0.0,0.0,0.0,0.0,0.0,0.0,0.0,0.0,0.0,1.0,1.0,1.0,1.0,1.0
64,14:34:00,0,0.09994222992489887,588336.0,0.09994222992489887,0.09994222992489887,0.0015847818317247535,0.09974966300789534,4.431714207412056e-05,0.09955709609089158,9.648869136130262e-06,0.09936452917388805,2.3272317668330376e-06,0.0991719622568843,2.6430703637603784e-06,0.0,0.0,0.0,0.0,0.0,0.0,0.0,0.0,0.0,0.0,1.0,1.0,1.0,1.0,1.0
64,14:34:03,0,0.09994222992489887,79968.0,0.09994222992489887,0.09994222992489887,0.001586460763213683,0.09974966300789534,4.431714207412056e-05,0.09955709609089158,9.648869136130262e-06,0.09936452917388805,2.3272317668330376e-06,0.0991719622568843,2.6430703637603784e-06,0.0,0.0,0.0,0.0,0.0,0.0,0.0,0.0,0.0,0.0,1.0,1.0,1.0,1.0,1.0
64,14:34:06,0,0.09994222992489887,74256.0,0.09994222992489887,0.09994222992489887,0.0015862779092891462,0.09974966300789534,4.431714207412056e-05,0.09955709609089158,1.087897735574201e-05,0.09936452917388805,2.293985598735423e-06,0.0991719622568843,2.6430703637603784e-06,0.0,0.0,0.0,0.0,0.0,0.0,0.0,0.0,0.0,0.0,1.0,1.0,1.0,1.0,1.0
64,14:34:09,0,0.09994222992489887,279888.0,0.09994222992489887,0.09994222992489887,0.001585862332187926,0.09974966300789534,4.431714207412056e-05,0.09955709609089158,1.0795861935497972e-05,0.09936452917388805,2.293985598735423e-06,0.0991719622568843,2.7594319521020303e-06,0.0,0.0,0.0,0.0,0.0,0.0,0.0,0.0,0.0,0.0,1.0,1.0,1.0,1.0,1.0
64,14:34:12,0,0.09994222992489887,222768.0,0.09994222992489887,0.09994222992489887,0.0015850644241535833,0.09974966300789534,4.436701132626698e-05,0.09955709609089158,1.0795861935497972e-05,0.09936452917388805,2.293985598735423e-06,0.0991719622568843,2.7594319521020303e-06,0.0,0.0,0.0,0.0,0.0,0.0,0.0,0.0,0.0,0.0,1.0,1.0,1.0,1.0,1.0
64,14:34:15,0,0.09994222992489887,28560.0,0.09994222992489887,0.09994222992489887,0.0015850644241535833,0.09974966300789534,4.436701132626698e-05,0.09955709609089158,1.0962092775986047e-05,0.09936452917388805,2.293985598735423e-06,0.0991719622568843,2.7594319521020303e-06,0.0,0.0,0.0,0.0,0.0,0.0,0.0,0.0,0.0,0.0,1.0,1.0,1.0,1.0,1.0
64,14:34:18,0,0.09994222992489887,171360.0,0.09994222992489887,0.09994222992489887,0.0015846322239683143,0.09974966300789534,4.436701132626698e-05,0.09955709609089158,1.0962092775986047e-05,0.09936452917388805,2.293985598735423e-06,0.0991719622568843,2.7594319521020303e-06,0.0,0.0,0.0,0.0,0.0,0.0,0.0,0.0,0.0,0.0,1.0,1.0,1.0,1.0,1.0
64,14:34:21,0,0.09994222992489887,11424.0,0.09994222992489887,0.09994222992489887,0.0015848317009768999,0.09974966300789534,4.436701132626698e-05,0.09955709609089158,1.094546969193724e-05,0.09936452917388805,2.293985598735423e-06,0.0991719622568843,2.7594319521020303e-06,0.0,0.0,0.0,0.0,0.0,0.0,0.0,0.0,0.0,0.0,1.0,1.0,1.0,1.0,1.0
64,14:34:24,0,0.09994222992489887,79968.0,0.09994222992489887,0.09994222992489887,0.0015865272555498783,0.09974966300789534,4.4350388242218174e-05,0.09955709609089158,1.094546969193724e-05,0.09936452917388805,2.293985598735423e-06,0.0991719622568843,2.7594319521020303e-06,0.0,0.0,0.0,0.0,0.0,0.0,0.0,0.0,0.0,0.0,1.0,1.0,1.0,1.0,1.0
64,14:34:27,0,0.09994222992489887,625464.0,0.09994222992489887,0.09994222992489887,0.0015856212974692183,0.09974966300789534,4.4350388242218174e-05,0.09955709609089158,1.094546969193724e-05,0.09936452917388805,2.37710101897946e-06,0.0991719622568843,2.7594319521020303e-06,0.0,0.0,0.0,0.0,0.0,0.0,0.0,0.0,0.0,0.0,1.0,1.0,1.0,1.0,1.0
64,14:34:30,0,0.09994222992489887,137088.0,0.09994222992489887,0.09994222992489887,0.0015844743046698505,0.09974966300789534,4.4350388242218174e-05,0.09955709609089158,1.094546969193724e-05,0.09936452917388805,2.37710101897946e-06,0.0991719622568843,2.7594319521020303e-06,0.0,0.0,0.0,0.0,0.0,0.0,0.0,0.0,0.0,0.0,1.0,1.0,1.0,1.0,1.0
64,14:34:33,0,0.09994222992489887,222768.0,0.09994222992489887,0.09994222992489887,0.001583742888971703,0.09974966300789534,4.4350388242218174e-05,0.09955709609089158,1.094546969193724e-05,0.09936452917388805,2.37710101897946e-06,0.0991719622568843,2.7594319521020303e-06,0.0,0.0,0.0,0.0,0.0,0.0,0.0,0.0,0.0,0.0,1.0,1.0,1.0,1.0,1.0
64,14:34:36,0,0.09994222992489887,85680.0,0.09994222992489887,0.09994222992489887,0.0015826956346766282,0.09974966300789534,4.4350388242218174e-05,0.09955709609089158,1.094546969193724e-05,0.09936452917388805,4.006163255762586e-06,0.0991719622568843,2.7594319521020303e-06,0.0,0.0,0.0,0.0,0.0,0.0,0.0,0.0,0.0,0.0,1.0,1.0,1.0,1.0,1.0
64,14:34:39,0,0.09994222992489887,57120.0,0.09994222992489887,0.09994222992489887,0.0015807507338429178,0.09974966300789534,4.4350388242218174e-05,0.09955709609089158,1.0962092775986047e-05,0.09936452917388805,4.006163255762586e-06,0.0991719622568843,2.6430703637603784e-06,0.0,0.0,0.0,0.0,0.0,0.0,0.0,0.0,0.0,0.0,1.0,1.0,1.0,1.0,1.0
64,14:34:42,0,0.09994222992489887,5712.0,0.09994222992489887,0.09994222992489887,0.001580983457019601,0.09974966300789534,4.4350388242218174e-05,0.09955709609089158,1.0962092775986047e-05,0.09936452917388805,4.006163255762586e-06,0.0991719622568843,3.8898016674209345e-06,0.0,0.0,0.0,0.0,0.0,0.0,0.0,0.0,0.0,0.0,1.0,1.0,1.0,1.0,1.0
64,14:34:45,0,0.09994222992489887,17136.0,0.09994222992489887,0.09994222992489887,0.001580983457019601,0.09974966300789534,4.4350388242218174e-05,0.09955709609089158,1.0962092775986047e-05,0.09936452917388805,4.006163255762586e-06,0.0991719622568843,3.8898016674209345e-06,0.0,0.0,0.0,0.0,0.0,0.0,0.0,0.0,0.0,0.0,1.0,1.0,1.0,1.0,1.0
64,14:34:48,0,0.09994222992489887,0.0,0.09994222992489887,0.09994222992489887,0.0015810665724398452,0.09974966300789534,4.4350388242218174e-05,0.09955709609089158,1.0962092775986047e-05,0.09936452917388805,2.37710101897946e-06,0.0991719622568843,3.8898016674209345e-06,0.0,0.0,0.0,0.0,0.0,0.0,0.0,0.0,0.0,0.0,1.0,1.0,1.0,1.0,1.0
64,14:34:51,0,0.09994222992489887,611184.0,0.09994222992489887,0.09994222992489887,0.0015793710178668668,0.09974966300789534,4.4350388242218174e-05,0.09955709609089158,1.0962092775986047e-05,0.09936452917388805,2.37710101897946e-06,0.0991719622568843,3.8898016674209345e-06,0.0,0.0,0.0,0.0,0.0,0.0,0.0,0.0,0.0,0.0,1.0,1.0,1.0,1.0,1.0
64,14:34:54,0,0.09994222992489887,57120.0,0.09994222992489887,0.09994222992489887,0.0015797865949680869,0.09974966300789534,4.4350388242218174e-05,0.09955709609089158,1.0845731187644395e-05,0.09936452917388805,2.37710101897946e-06,0.0991719622568843,3.8898016674209345e-06,0.0,0.0,0.0,0.0,0.0,0.0,0.0,0.0,0.0,0.0,1.0,1.0,1.0,1.0,1.0
64,14:34:57,0,0.09994222992489887,79968.0,0.09994222992489887,0.09994222992489887,0.0015798032180521357,0.09974966300789534,4.4350388242218174e-05,0.09955709609089158,1.0845731187644395e-05,0.09936452917388805,2.37710101897946e-06,0.0991719622568843,3.8898016674209345e-06,0.0,0.0,0.0,0.0,0.0,0.0,0.0,0.0,0.0,0.0,1.0,1.0,1.0,1.0,1.0
64,14:35:00,0,0.09994222992489887,102816.0,0.09994222992489887,0.09994222992489887,0.0015796203641275988,0.09974966300789534,4.428389590602294e-05,0.09955709609089158,1.0845731187644395e-05,0.09936452917388805,4.006163255762586e-06,0.0991719622568843,3.8898016674209345e-06,0.0,0.0,0.0,0.0,0.0,0.0,0.0,0.0,0.0,0.0,1.0,1.0,1.0,1.0,1.0
64,14:35:03,0,0.09994222992489887,2536128.0,0.09994222992489887,0.09994222992489887,0.0015724059456504165,0.09974966300789534,4.428389590602294e-05,0.09955709609089158,1.0845731187644395e-05,0.09936452917388805,3.989540171713778e-06,0.0991719622568843,3.8898016674209345e-06,0.0,0.0,0.0,0.0,0.0,0.0,0.0,0.0,0.0,0.0,1.0,1.0,1.0,1.0,1.0
64,14:35:06,0,0.09994222992489887,17136.0,0.09994222992489887,0.09994222992489887,0.0015750490160141768,0.09974966300789534,4.428389590602294e-05,0.09955709609089158,1.0845731187644395e-05,0.09936452917388805,3.989540171713778e-06,0.0991719622568843,3.8898016674209345e-06,0.0,0.0,0.0,0.0,0.0,0.0,0.0,0.0,0.0,0.0,1.0,1.0,1.0,1.0,1.0
64,14:35:09,0,0.09994222992489887,228480.0,0.09994222992489887,0.09994222992489887,0.0015743176003160293,0.09974966300789534,4.428389590602294e-05,0.09955709609089158,1.0829108103595588e-05,0.09936452917388805,3.989540171713778e-06,0.0991719622568843,3.8898016674209345e-06,0.0,0.0,0.0,0.0,0.0,0.0,0.0,0.0,0.0,0.0,1.0,1.0,1.0,1.0,1.0
64,14:35:12,0,0.09994222992489887,28560.0,0.09994222992489887,0.09994222992489887,0.0015751321314344208,0.09974966300789534,4.428389590602294e-05,0.09955709609089158,1.0829108103595588e-05,0.09936452917388805,3.989540171713778e-06,0.0991719622568843,3.8898016674209345e-06,0.0,0.0,0.0,0.0,0.0,0.0,0.0,0.0,0.0,0.0,1.0,1.0,1.0,1.0,1.0
64,14:35:15,0,0.09994222992489887,108528.0,0.09994222992489887,0.09994222992489887,0.0015748994082577376,0.09974966300789534,4.428389590602294e-05,0.09955709609089158,1.0829108103595588e-05,0.09936452917388805,3.989540171713778e-06,0.0991719622568843,3.8898016674209345e-06,0.0,0.0,0.0,0.0,0.0,0.0,0.0,0.0,0.0,0.0,1.0,1.0,1.0,1.0,1.0
64,14:35:18,0,0.09994222992489887,142800.0,0.09994222992489887,0.09994222992489887,0.0015747664235853471,0.09974966300789534,4.428389590602294e-05,0.09955709609089158,1.0829108103595588e-05,0.09936452917388805,3.989540171713778e-06,0.0991719622568843,3.972917087664971e-06,0.0,0.0,0.0,0.0,0.0,0.0,0.0,0.0,0.0,0.0,1.0,1.0,1.0,1.0,1.0
64,14:35:21,0,0.09994222992489887,571200.0,0.09994222992489887,0.09994222992489887,0.0015735030691976378,0.09974966300789534,4.428389590602294e-05,0.09955709609089158,1.0829108103595588e-05,0.09936452917388805,3.989540171713778e-06,0.0991719622568843,3.972917087664971e-06,0.0,0.0,0.0,0.0,0.0,0.0,0.0,0.0,0.0,0.0,1.0,1.0,1.0,1.0,1.0
64,14:35:24,0,0.09994222992489887,39984.0,0.09994222992489887,0.09994222992489887,0.0015736693000381258,0.09974966300789534,4.428389590602294e-05,0.09955709609089158,1.0829108103595588e-05,0.09936452917388805,3.989540171713778e-06,0.0991719622568843,3.972917087664971e-06,0.0,0.0,0.0,0.0,0.0,0.0,0.0,0.0,0.0,0.0,1.0,1.0,1.0,1.0,1.0
64,14:35:27,0,0.09994222992489887,571200.0,0.09994222992489887,0.09994222992489887,0.0015730708690123688,0.09974966300789534,4.4267272821974134e-05,0.09955709609089158,1.0829108103595588e-05,0.09936452917388805,3.989540171713778e-06,0.0991719622568843,3.972917087664971e-06,0.0,0.0,0.0,0.0,0.0,0.0,0.0,0.0,0.0,0.0,1.0,1.0,1.0,1.0,1.0
64,14:35:30,0,0.09994222992489887,302736.0,0.09994222992489887,0.09994222992489887,0.0015720402378013427,0.09974966300789534,4.4267272821974134e-05,0.09955709609089158,1.0829108103595588e-05,0.09936452917388805,3.989540171713778e-06,0.0991719622568843,2.7261857840044155e-06,0.0,0.0,0.0,0.0,0.0,0.0,0.0,0.0,0.0,0.0,1.0,1.0,1.0,1.0,1.0
64,14:35:33,0,0.09994222992489887,34272.0,0.09994222992489887,0.09994222992489887,0.0015727550304154413,0.09974966300789534,4.4267272821974134e-05,0.09955709609089158,1.0829108103595588e-05,0.09936452917388805,3.989540171713778e-06,0.0991719622568843,2.7261857840044155e-06,0.0,0.0,0.0,0.0,0.0,0.0,0.0,0.0,0.0,0.0,1.0,1.0,1.0,1.0,1.0
64,14:35:36,0,0.09994222992489887,34272.0,0.09994222992489887,0.09994222992489887,0.0015743176003160293,0.09974966300789534,4.4267272821974134e-05,0.09955709609089158,1.0829108103595588e-05,0.09936452917388805,2.3604779349306524e-06,0.0991719622568843,2.7261857840044155e-06,0.0,0.0,0.0,0.0,0.0,0.0,0.0,0.0,0.0,0.0,1.0,1.0,1.0,1.0,1.0
64,14:35:39,0,0.09994222992489887,496944.0,0.09994222992489887,0.09994222992489887,0.0015729877535921248,0.09974966300789534,4.393481114099799e-05,0.09955709609089158,1.0829108103595588e-05,0.09936452917388805,2.510085691369919e-06,0.0991719622568843,2.7261857840044155e-06,0.0,0.0,0.0,0.0,0.0,0.0,0.0,0.0,0.0,0.0,1.0,1.0,1.0,1.0,1.0
64,14:35:42,0,0.09994222992489887,611184.0,0.09994222992489887,0.09994222992489887,0.0015714750529436832,0.09974966300789534,4.3452741703582575e-05,0.09955709609089158,1.0662877263107513e-05,0.09936452917388805,2.510085691369919e-06,0.0991719622568843,2.7261857840044155e-06,0.0,0.0,0.0,0.0,0.0,0.0,0.0,0.0,0.0,0.0,1.0,1.0,1.0,1.0,1.0
64,14:35:45,0,0.09994222992489887,382704.0,0.09994222992489887,0.09994222992489887,0.0015704942909848035,0.09974966300789534,4.3452741703582575e-05,0.09955709609089158,1.0679500347156321e-05,0.09936452917388805,2.510085691369919e-06,0.0991719622568843,2.7261857840044155e-06,0.0,0.0,0.0,0.0,0.0,0.0,0.0,0.0,0.0,0.0,1.0,1.0,1.0,1.0,1.0
64,14:35:48,0,0.09994222992489887,119952.0,0.09994222992489887,0.09994222992489887,0.0015701452062197787,0.09974966300789534,4.3452741703582575e-05,0.09955709609089158,1.0679500347156321e-05,0.09936452917388805,2.510085691369919e-06,0.0991719622568843,2.7261857840044155e-06,0.0,0.0,0.0,0.0,0.0,0.0,0.0,0.0,0.0,0.0,1.0,1.0,1.0,1.0,1.0
64,14:35:51,0,0.09994222992489887,719712.0,0.09994222992489887,0.09994222992489887,0.0015688984749161181,0.09974966300789534,4.3452741703582575e-05,0.09955709609089158,1.069612343120513e-05,0.09936452917388805,2.510085691369919e-06,0.0991719622568843,2.7261857840044155e-06,0.0,0.0,0.0,0.0,0.0,0.0,0.0,0.0,0.0,0.0,1.0,1.0,1.0,1.0,1.0
64,14:35:54,0,0.09994222992489887,85680.0,0.09994222992489887,0.09994222992489887,0.0015684164054787027,0.09974966300789534,4.3452741703582575e-05,0.09955709609089158,1.069612343120513e-05,0.09936452917388805,2.510085691369919e-06,0.0991719622568843,2.7261857840044155e-06,0.0,0.0,0.0,0.0,0.0,0.0,0.0,0.0,0.0,0.0,1.0,1.0,1.0,1.0,1.0
64,14:35:57,0,0.09994222992489887,11424.0,0.09994222992489887,0.09994222992489887,0.001568831982579923,0.09974966300789534,4.3452741703582575e-05,0.09955709609089158,1.069612343120513e-05,0.09936452917388805,2.510085691369919e-06,0.0991719622568843,2.7428088680532227e-06,0.0,0.0,0.0,0.0,0.0,0.0,0.0,0.0,0.0,0.0,1.0,1.0,1.0,1.0,1.0
64,14:36:00,0,0.09994222992489887,194208.0,0.09994222992489887,0.09994222992489887,0.0015680673207136776,0.09974966300789534,4.3452741703582575e-05,0.09955709609089158,1.0662877263107513e-05,0.09936452917388805,2.510085691369919e-06,0.0991719622568843,2.7428088680532227e-06,0.0,0.0,0.0,0.0,0.0,0.0,0.0,0.0,0.0,0.0,1.0,1.0,1.0,1.0,1.0
64,14:36:03,0,0.09994222992489887,22848.0,0.09994222992489887,0.09994222992489887,0.0015688652287480205,0.09974966300789534,4.3485987871680184e-05,0.09955709609089158,1.0662877263107513e-05,0.09936452917388805,2.510085691369919e-06,0.0991719622568843,2.7428088680532227e-06,0.0,0.0,0.0,0.0,0.0,0.0,0.0,0.0,0.0,0.0,1.0,1.0,1.0,1.0,1.0
64,14:36:06,0,0.09994222992489887,5712.0,0.09994222992489887,0.09994222992489887,0.0015688486056639717,0.09974966300789534,4.350261095572899e-05,0.09955709609089158,1.0662877263107513e-05,0.09936452917388805,2.510085691369919e-06,0.0991719622568843,2.7428088680532227e-06,0.0,0.0,0.0,0.0,0.0,0.0,0.0,0.0,0.0,0.0,1.0,1.0,1.0,1.0,1.0
64,14:36:09,0,0.09994222992489887,354144.0,0.09994222992489887,0.09994222992489887,0.001567950959125336,0.09974966300789534,4.350261095572899e-05,0.09955709609089158,1.0662877263107513e-05,0.09936452917388805,2.510085691369919e-06,0.0991719622568843,2.7428088680532227e-06,0.0,0.0,0.0,0.0,0.0,0.0,0.0,0.0,0.0,0.0,1.0,1.0,1.0,1.0,1.0
64,14:36:12,0,0.09994222992489887,11424.0,0.09994222992489887,0.09994222992489887,0.001568300043890361,0.09974966300789534,4.350261095572899e-05,0.09955709609089158,1.0679500347156321e-05,0.09936452917388805,2.510085691369919e-06,0.0991719622568843,2.7428088680532227e-06,0.0,0.0,0.0,0.0,0.0,0.0,0.0,0.0,0.0,0.0,1.0,1.0,1.0,1.0,1.0
64,14:36:15,0,0.09994222992489887,319872.0,0.09994222992489887,0.09994222992489887,0.0015692641827651918,0.09974966300789534,4.350261095572899e-05,0.09955709609089158,1.0679500347156321e-05,0.09936452917388805,2.510085691369919e-06,0.0991719622568843,2.7428088680532227e-06,0.0,0.0,0.0,0.0,0.0,0.0,0.0,0.0,0.0,0.0,1.0,1.0,1.0,1.0,1.0
64,14:36:18,0,0.09994222992489887,45696.0,0.09994222992489887,0.09994222992489887,0.001569679759866412,0.09974966300789534,4.350261095572899e-05,0.09955709609089158,1.0679500347156321e-05,0.09936452917388805,2.510085691369919e-06,0.0991719622568843,2.7428088680532227e-06,0.0,0.0,0.0,0.0,0.0,0.0,0.0,0.0,0.0,0.0,1.0,1.0,1.0,1.0,1.0
64,14:36:21,0,0.09994222992489887,34272.0,0.09994222992489887,0.09994222992489887,0.0015696132675302168,0.09974966300789534,4.350261095572899e-05,0.09955709609089158,1.0679500347156321e-05,0.09936452917388805,2.510085691369919e-06,0.0991719622568843,2.7428088680532227e-06,0.0,0.0,0.0,0.0,0.0,0.0,0.0,0.0,0.0,0.0,1.0,1.0,1.0,1.0,1.0
64,14:36:24,0,0.09994222992489887,22848.0,0.09994222992489887,0.09994222992489887,0.0015698459907069,0.09974966300789534,4.3569103291924224e-05,0.09955709609089158,1.0679500347156321e-05,0.09936452917388805,2.510085691369919e-06,0.0991719622568843,2.7428088680532227e-06,0.0,0.0,0.0,0.0,0.0,0.0,0.0,0.0,0.0,0.0,1.0,1.0,1.0,1.0,1.0
64,14:36:27,0,0.09994222992489887,239904.0,0.09994222992489887,0.09994222992489887,0.001569330675101387,0.09974966300789534,4.3485987871680184e-05,0.09955709609089158,1.0679500347156321e-05,0.09936452917388805,2.510085691369919e-06,0.0991719622568843,2.7428088680532227e-06,0.0,0.0,0.0,0.0,0.0,0.0,0.0,0.0,0.0,0.0,1.0,1.0,1.0,1.0,1.0
64,14:36:30,0,0.09994222992489887,205632.0,0.09994222992489887,0.09994222992489887,0.001568549390151093,0.09974966300789534,4.3485987871680184e-05,0.09955709609089158,1.0679500347156321e-05,0.09936452917388805,2.510085691369919e-06,0.0991719622568843,2.7428088680532227e-06,0.0,0.0,0.0,0.0,0.0,0.0,0.0,0.0,0.0,0.0,1.0,1.0,1.0,1.0,1.0
64,14:36:33,0,0.09994222992489887,268464.0,0.09994222992489887,0.09994222992489887,0.001568117189965824,0.09974966300789534,4.431714207412056e-05,0.09955709609089158,1.0662877263107513e-05,0.09936452917388805,2.510085691369919e-06,0.0991719622568843,2.792678120199645e-06,0.0,0.0,0.0,0.0,0.0,0.0,0.0,0.0,0.0,0.0,1.0,1.0,1.0,1.0,1.0
64,14:36:36,0,0.09994222992489887,17136.0,0.09994222992489887,0.09994222992489887,0.001568549390151093,0.09974966300789534,4.431714207412056e-05,0.09955709609089158,1.0662877263107513e-05,0.09936452917388805,2.510085691369919e-06,0.0991719622568843,2.792678120199645e-06,0.0,0.0,0.0,0.0,0.0,0.0,0.0,0.0,0.0,0.0,1.0,1.0,1.0,1.0,1.0
64,14:36:39,0,0.09994222992489887,279888.0,0.09994222992489887,0.09994222992489887,0.001567950959125336,0.09974966300789534,4.431714207412056e-05,0.09955709609089158,1.0662877263107513e-05,0.09936452917388805,2.510085691369919e-06,0.0991719622568843,2.792678120199645e-06,0.0,0.0,0.0,0.0,0.0,0.0,0.0,0.0,0.0,0.0,1.0,1.0,1.0,1.0,1.0
64,14:36:42,0,0.09994222992489887,668304.0,0.09994222992489887,0.09994222992489887,0.0015659229428713816,0.09974966300789534,4.431714207412056e-05,0.09955709609089158,1.0646254179058707e-05,0.09936452917388805,2.510085691369919e-06,0.0991719622568843,2.792678120199645e-06,0.0,0.0,0.0,0.0,0.0,0.0,0.0,0.0,0.0,0.0,1.0,1.0,1.0,1.0,1.0
64,14:36:45,0,0.09994222992489887,79968.0,0.09994222992489887,0.09994222992489887,0.0015657234658627958,0.09974966300789534,4.431714207412056e-05,0.09955709609089158,1.0646254179058707e-05,0.09936452917388805,2.510085691369919e-06,0.0991719622568843,2.792678120199645e-06,0.0,0.0,0.0,0.0,0.0,0.0,0.0,0.0,0.0,0.0,1.0,1.0,1.0,1.0,1.0
64,14:36:48,0,0.09994222992489887,91392.0,0.09994222992489887,0.09994222992489887,0.0015659395659554304,0.09974966300789534,4.431714207412056e-05,0.09955709609089158,1.0646254179058707e-05,0.09936452917388805,2.510085691369919e-06,0.0991719622568843,2.792678120199645e-06,0.0,0.0,0.0,0.0,0.0,0.0,0.0,0.0,0.0,0.0,1.0,1.0,1.0,1.0,1.0
64,14:36:51,0,0.09994222992489887,279888.0,0.09994222992489887,0.09994222992489887,0.0015654408734339662,0.09974966300789534,4.420078048577891e-05,0.09955709609089158,1.0646254179058707e-05,0.09936452917388805,2.510085691369919e-06,0.0991719622568843,2.709562699955608e-06,0.0,0.0,0.0,0.0,0.0,0.0,0.0,0.0,0.0,0.0,1.0,1.0,1.0,1.0,1.0
64,14:36:54,0,0.09994222992489887,2593248.0,0.09994222992489887,0.09994222992489887,0.001557943862527954,0.09974966300789534,4.420078048577891e-05,0.09955709609089158,1.0646254179058707e-05,0.09936452917388805,2.510085691369919e-06,0.0991719622568843,2.709562699955608e-06,0.0,0.0,0.0,0.0,0.0,0.0,0.0,0.0,0.0,0.0,1.0,1.0,1.0,1.0,1.0
64,14:36:57,0,0.09994222992489887,19443648.0,0.09994222992489887,0.09994222992489887,0.0015017079691908386,0.09974966300789534,4.4267272821974134e-05,0.09955709609089158,1.0646254179058707e-05,0.09936452917388805,2.510085691369919e-06,0.0991719622568843,2.709562699955608e-06,0.0,0.0,0.0,0.0,0.0,0.0,0.0,0.0,0.0,0.0,1.0,1.0,1.0,1.0,1.0
64,14:37:00,0,0.09994222992489887,531216.0,0.09994222992489887,0.09994222992489887,0.001500112153122153,0.09974966300789534,4.440025749436459e-05,0.09955709609089158,1.0646254179058707e-05,0.09936452917388805,2.510085691369919e-06,0.0991719622568843,2.709562699955608e-06,0.0,0.0,0.0,0.0,0.0,0.0,0.0,0.0,0.0,0.0,1.0,1.0,1.0,1.0,1.0
64,14:37:03,0,0.09994222992489887,308448.0,0.09994222992489887,0.09994222992489887,0.0014976020674307832,0.09974966300789534,4.451661908270625e-05,0.09955709609089158,1.0646254179058707e-05,0.09936452917388805,2.510085691369919e-06,0.0991719622568843,2.709562699955608e-06,0.0,0.0,0.0,0.0,0.0,0.0,0.0,0.0,0.0,0.0,1.0,1.0,1.0,1.0,1.0
64,14:37:06,0,0.09994222992489887,131376.0,0.09994222992489887,0.09994222992489887,0.0014975355750945878,0.09974966300789534,4.451661908270625e-05,0.09955709609089158,1.0646254179058707e-05,0.09936452917388805,2.510085691369919e-06,0.0991719622568843,2.709562699955608e-06,0.0,0.0,0.0,0.0,0.0,0.0,0.0,0.0,0.0,0.0,1.0,1.0,1.0,1.0,1.0
64,14:37:09,0,0.09994222992489887,685440.0,0.09994222992489887,0.09994222992489887,0.0014938784966038502,0.09974966300789534,4.451661908270625e-05,0.09955709609089158,1.0646254179058707e-05,0.09936452917388805,2.510085691369919e-06,0.0991719622568843,2.709562699955608e-06,0.0,0.0,0.0,0.0,0.0,0.0,0.0,0.0,0.0,0.0,1.0,1.0,1.0,1.0,1.0
64,14:37:12,0,0.09994222992489887,22848.0,0.09994222992489887,0.09994222992489887,0.001494676404638193,0.09974966300789534,4.451661908270625e-05,0.09955709609089158,1.0646254179058707e-05,0.09936452917388805,2.510085691369919e-06,0.0991719622568843,2.7428088680532227e-06,0.0,0.0,0.0,0.0,0.0,0.0,0.0,0.0,0.0,0.0,1.0,1.0,1.0,1.0,1.0
64,14:37:15,0,0.09994222992489887,211344.0,0.09994222992489887,0.09994222992489887,0.001493812004267655,0.09974966300789534,4.451661908270625e-05,0.09955709609089158,1.0646254179058707e-05,0.09936452917388805,2.510085691369919e-06,0.0991719622568843,2.7428088680532227e-06,0.0,0.0,0.0,0.0,0.0,0.0,0.0,0.0,0.0,0.0,1.0,1.0,1.0,1.0,1.0
64,14:37:18,0,0.09994222992489887,125664.0,0.09994222992489887,0.09994222992489887,0.0014933465579142883,0.09974966300789534,4.451661908270625e-05,0.09955709609089158,1.069612343120513e-05,0.09936452917388805,2.510085691369919e-06,0.0991719622568843,2.7428088680532227e-06,0.0,0.0,0.0,0.0,0.0,0.0,0.0,0.0,0.0,0.0,1.0,1.0,1.0,1.0,1.0
64,14:37:21,0,0.09994222992489887,205632.0,0.09994222992489887,0.09994222992489887,0.0014447406601555755,0.09974966300789534,4.451661908270625e-05,0.09955709609089158,1.069612343120513e-05,0.09936452917388805,2.510085691369919e-06,0.0991719622568843,2.7428088680532227e-06,0.0,0.0,0.0,0.0,0.0,0.0,0.0,0.0,0.0,0.0,1.0,1.0,1.0,1.0,1.0
64,14:37:24,0,0.09994222992489887,159936.0,0.09994222992489887,0.09994222992489887,0.0014399864581176166,0.09974966300789534,4.509842702441451e-05,0.09955709609089158,1.069612343120513e-05,0.09936452917388805,2.510085691369919e-06,0.0991719622568843,2.7428088680532227e-06,0.0,0.0,0.0,0.0,0.0,0.0,0.0,0.0,0.0,0.0,1.0,1.0,1.0,1.0,1.0
64,14:37:27,0,0.09994222992489887,171360.0,0.09994222992489887,0.09994222992489887,0.0014395043886802012,0.09974966300789534,4.509842702441451e-05,0.09955709609089158,1.0662877263107513e-05,0.09936452917388805,2.510085691369919e-06,0.0991719622568843,2.7428088680532227e-06,0.0,0.0,0.0,0.0,0.0,0.0,0.0,0.0,0.0,0.0,1.0,1.0,1.0,1.0,1.0
64,14:37:30,0,0.09994222992489887,913920.0,0.09994222992489887,0.09994222992489887,0.0014413994202617652,0.09974966300789534,4.539764253729304e-05,0.09955709609089158,1.0662877263107513e-05,0.09936452917388805,2.510085691369919e-06,0.0991719622568843,2.7428088680532227e-06,0.0,0.0,0.0,0.0,0.0,0.0,0.0,0.0,0.0,0.0,1.0,1.0,1.0,1.0,1.0
64,14:37:33,0,0.09994222992489887,108528.0,0.09994222992489887,0.09994222992489887,0.0014420310974556198,0.09974966300789534,4.539764253729304e-05,0.09955709609089158,1.0662877263107513e-05,0.09936452917388805,2.510085691369919e-06,0.0991719622568843,2.7594319521020303e-06,0.0,0.0,0.0,0.0,0.0,0.0,0.0,0.0,0.0,0.0,1.0,1.0,1.0,1.0,1.0
64,14:37:36,0,0.09994222992489887,74256.0,0.09994222992489887,0.09994222992489887,0.0014480320307972395,0.09974966300789534,4.539764253729304e-05,0.09955709609089158,1.0679500347156321e-05,0.09936452917388805,2.510085691369919e-06,0.0991719622568843,2.7594319521020303e-06,0.0,0.0,0.0,0.0,0.0,0.0,0.0,0.0,0.0,0.0,1.0,1.0,1.0,1.0,1.0
64,14:37:39,0,0.09994222992489887,268464.0,0.09994222992489887,0.09994222992489887,0.0014475000921076776,0.09974966300789534,6.163839565297788e-05,0.09955709609089158,1.0679500347156321e-05,0.09936452917388805,2.510085691369919e-06,0.0991719622568843,2.792678120199645e-06,0.0,0.0,0.0,0.0,0.0,0.0,0.0,0.0,0.0,0.0,1.0,1.0,1.0,1.0,1.0
64,14:37:42,0,0.09994222992489887,399840.0,0.09994222992489887,0.09994222992489887,0.0014465359532328467,0.09974966300789534,6.163839565297788e-05,0.09955709609089158,1.0679500347156321e-05,0.09936452917388805,2.510085691369919e-06,0.0991719622568843,2.875793540443682e-06,0.0,0.0,0.0,0.0,0.0,0.0,0.0,0.0,0.0,0.0,1.0,1.0,1.0,1.0,1.0
64,14:37:45,0,0.09994222992489887,308448.0,0.09994222992489887,0.09994222992489887,0.0014455385681899182,0.09974966300789534,6.163839565297788e-05,0.09955709609089158,1.0662877263107513e-05,0.09936452917388805,2.510085691369919e-06,0.0991719622568843,2.875793540443682e-06,0.0,0.0,0.0,0.0,0.0,0.0,0.0,0.0,0.0,0.0,1.0,1.0,1.0,1.0,1.0
64,14:37:48,0,0.09994222992489887,953904.0,0.09994222992489887,0.09994222992489887,0.0014434606826838174,0.09974966300789534,6.163839565297788e-05,0.09955709609089158,1.0629631095009899e-05,0.09936452917388805,2.510085691369919e-06,0.0991719622568843,2.875793540443682e-06,0.0,0.0,0.0,0.0,0.0,0.0,0.0,0.0,0.0,0.0,1.0,1.0,1.0,1.0,1.0
64,14:37:51,0,0.09994222992489887,217056.0,0.09994222992489887,0.09994222992489887,0.0014434274365157198,0.09974966300789534,6.163839565297788e-05,0.09955709609089158,1.0629631095009899e-05,0.09936452917388805,2.510085691369919e-06,0.0991719622568843,2.875793540443682e-06,0.0,0.0,0.0,0.0,0.0,0.0,0.0,0.0,0.0,0.0,1.0,1.0,1.0,1.0,1.0
64,14:37:54,0,0.09994222992489887,188496.0,0.09994222992489887,0.09994222992489887,0.0014430284824985483,0.09974966300789534,6.163839565297788e-05,0.09955709609089158,1.0662877263107513e-05,0.09936452917388805,2.510085691369919e-06,0.0991719622568843,2.875793540443682e-06,0.0,0.0,0.0,0.0,0.0,0.0,0.0,0.0,0.0,0.0,1.0,1.0,1.0,1.0,1.0
64,14:37:57,0,0.09994222992489887,582624.0,0.09994222992489887,0.09994222992489887,0.0014417152588586926,0.09974966300789534,6.16716418210755e-05,0.09955709609089158,1.0679500347156321e-05,0.09936452917388805,2.5267087754187266e-06,0.0991719622568843,2.875793540443682e-06,0.0,0.0,0.0,0.0,0.0,0.0,0.0,0.0,0.0,0.0,1.0,1.0,1.0,1.0,1.0
64,14:38:00,0,0.09994222992489887,74256.0,0.09994222992489887,0.09994222992489887,0.0014421807052120593,0.09974966300789534,6.16716418210755e-05,0.09955709609089158,1.0679500347156321e-05,0.09936452917388805,2.5267087754187266e-06,0.0991719622568843,2.875793540443682e-06,0.0,0.0,0.0,0.0,0.0,0.0,0.0,0.0,0.0,0.0,1.0,1.0,1.0,1.0,1.0
64,14:38:03,0,0.09994222992489887,5283600.0,0.09994222992489887,0.09994222992489887,0.0014286661378803789,0.09974966300789534,6.16716418210755e-05,0.09955709609089158,1.0679500347156321e-05,0.09936452917388805,2.5267087754187266e-06,0.0991719622568843,2.875793540443682e-06,0.0,0.0,0.0,0.0,0.0,0.0,0.0,0.0,0.0,0.0,1.0,1.0,1.0,1.0,1.0
64,14:38:06,0,0.09994222992489887,119952.0,0.09994222992489887,0.09994222992489887,0.001428300430031305,0.09974966300789534,6.16716418210755e-05,0.09955709609089158,1.0679500347156321e-05,0.09936452917388805,2.5267087754187266e-06,0.0991719622568843,2.875793540443682e-06,0.0,0.0,0.0,0.0,0.0,0.0,0.0,0.0,0.0,0.0,1.0,1.0,1.0,1.0,1.0
64,14:38:09,0,0.09994222992489887,148512.0,0.09994222992489887,0.09994222992489887,0.0014279679683503288,0.09974966300789534,6.16716418210755e-05,0.09955709609089158,1.074599268335155e-05,0.09936452917388805,2.5267087754187266e-06,0.0991719622568843,2.875793540443682e-06,0.0,0.0,0.0,0.0,0.0,0.0,0.0,0.0,0.0,0.0,1.0,1.0,1.0,1.0,1.0
64,14:38:12,0,0.09994222992489887,57120.0,0.09994222992489887,0.09994222992489887,0.0014235794741614437,0.09974966300789534,6.163839565297788e-05,0.09955709609089158,1.074599268335155e-05,0.09936452917388805,2.5267087754187266e-06,0.0991719622568843,2.875793540443682e-06,0.0,0.0,0.0,0.0,0.0,0.0,0.0,0.0,0.0,0.0,1.0,1.0,1.0,1.0,1.0
64,14:38:15,0,0.09994222992489887,79968.0,0.09994222992489887,0.09994222992489887,0.0014238786896743222,0.09974966300789534,6.163839565297788e-05,0.09955709609089158,1.0662877263107513e-05,0.09936452917388805,2.5267087754187266e-06,0.0991719622568843,2.875793540443682e-06,0.0,0.0,0.0,0.0,0.0,0.0,0.0,0.0,0.0,0.0,1.0,1.0,1.0,1.0,1.0
64,14:38:18,0,0.09994222992489887,782544.0,0.09994222992489887,0.09994222992489887,0.0014198060340823643,0.09974966300789534,6.163839565297788e-05,0.09955709609089158,1.0679500347156321e-05,0.09936452917388805,2.5267087754187266e-06,0.0991719622568843,2.875793540443682e-06,0.0,0.0,0.0,0.0,0.0,0.0,0.0,0.0,0.0,0.0,1.0,1.0,1.0,1.0,1.0
64,14:38:21,0,0.09994222992489887,262752.0,0.09994222992489887,0.09994222992489887,0.0014187754028713384,0.09974966300789534,6.163839565297788e-05,0.09955709609089158,1.0679500347156321e-05,0.09936452917388805,2.5267087754187266e-06,0.0991719622568843,2.875793540443682e-06,0.0,0.0,0.0,0.0,0.0,0.0,0.0,0.0,0.0,0.0,1.0,1.0,1.0,1.0,1.0
64,14:38:24,0,0.09994222992489887,257040.0,0.09994222992489887,0.09994222992489887,0.0014203712189400238,0.09974966300789534,6.163839565297788e-05,0.09955709609089158,1.0679500347156321e-05,0.09936452917388805,2.5267087754187266e-06,0.0991719622568843,2.875793540443682e-06,0.0,0.0,0.0,0.0,0.0,0.0,0.0,0.0,0.0,0.0,1.0,1.0,1.0,1.0,1.0
64,14:38:27,0,0.09994222992489887,142800.0,0.09994222992489887,0.09994222992489887,0.0014208200422093416,0.09974966300789534,6.163839565297788e-05,0.09955709609089158,1.0679500347156321e-05,0.09936452917388805,2.5267087754187266e-06,0.0991719622568843,2.875793540443682e-06,0.0,0.0,0.0,0.0,0.0,0.0,0.0,0.0,0.0,0.0,1.0,1.0,1.0,1.0,1.0
64,14:38:30,0,0.09994222992489887,154224.0,0.09994222992489887,0.09994222992489887,0.001423995051262664,0.09974966300789534,6.163839565297788e-05,0.09955709609089158,1.0679500347156321e-05,0.09936452917388805,2.5267087754187266e-06,0.0991719622568843,2.875793540443682e-06,0.0,0.0,0.0,0.0,0.0,0.0,0.0,0.0,0.0,0.0,1.0,1.0,1.0,1.0,1.0
64,14:38:33,0,0.09994222992489887,131376.0,0.09994222992489887,0.09994222992489887,0.001423114027808077,0.09974966300789534,6.163839565297788e-05,0.09955709609089158,1.0679500347156321e-05,0.09936452917388805,2.5267087754187266e-06,0.0991719622568843,2.875793540443682e-06,0.0,0.0,0.0,0.0,0.0,0.0,0.0,0.0,0.0,0.0,1.0,1.0,1.0,1.0,1.0
64,14:38:36,0,0.09994222992489887,57120.0,0.09994222992489887,0.09994222992489887,0.0014230641585559307,0.09974966300789534,6.163839565297788e-05,0.09955709609089158,1.0862354271693203e-05,0.09936452917388805,2.5267087754187266e-06,0.0991719622568843,2.875793540443682e-06,0.0,0.0,0.0,0.0,0.0,0.0,0.0,0.0,0.0,0.0,1.0,1.0,1.0,1.0,1.0
64,14:38:39,0,0.09994222992489887,28560.0,0.09994222992489887,0.09994222992489887,0.0014230475354718819,0.09974966300789534,6.165501873702669e-05,0.09955709609089158,1.0862354271693203e-05,0.09936452917388805,2.5267087754187266e-06,0.0991719622568843,2.875793540443682e-06,0.0,0.0,0.0,0.0,0.0,0.0,0.0,0.0,0.0,0.0,1.0,1.0,1.0,1.0,1.0
64,14:38:42,0,0.09994222992489887,39984.0,0.09994222992489887,0.09994222992489887,0.001423114027808077,0.09974966300789534,6.135580322414815e-05,0.09955709609089158,1.0845731187644395e-05,0.09936452917388805,2.5267087754187266e-06,0.0991719622568843,2.875793540443682e-06,0.0,0.0,0.0,0.0,0.0,0.0,0.0,0.0,0.0,0.0,1.0,1.0,1.0,1.0,1.0
64,14:38:45,0,0.09994222992489887,62832.0,0.09994222992489887,0.09994222992489887,0.0014227150737909056,0.09974966300789534,6.138904939224576e-05,0.09955709609089158,1.0845731187644395e-05,0.09936452917388805,2.5267087754187266e-06,0.0991719622568843,2.875793540443682e-06,0.0,0.0,0.0,0.0,0.0,0.0,0.0,0.0,0.0,0.0,1.0,1.0,1.0,1.0,1.0
64,14:38:48,0,0.09994222992489887,199920.0,0.09994222992489887,0.09994222992489887,0.0014227483199590032,0.09974966300789534,6.138904939224576e-05,0.09955709609089158,1.0845731187644395e-05,0.09936452917388805,2.5267087754187266e-06,0.0991719622568843,2.875793540443682e-06,0.0,0.0,0.0,0.0,0.0,0.0,0.0,0.0,0.0,0.0,1.0,1.0,1.0,1.0,1.0
64,14:38:51,0,0.09994222992489887,11424.0,0.09994222992489887,0.09994222992489887,0.0014242277744393472,0.09974966300789534,6.140567247629458e-05,0.09955709609089158,1.0845731187644395e-05,0.09936452917388805,2.5267087754187266e-06,0.0991719622568843,2.875793540443682e-06,0.0,0.0,0.0,0.0,0.0,0.0,0.0,0.0,0.0,0.0,1.0,1.0,1.0,1.0,1.0
64,14:38:54,0,0.09994222992489887,5095104.0,0.09994222992489887,0.09994222992489887,0.0014093168680475669,0.09974966300789534,6.142229556034338e-05,0.09955709609089158,1.0845731187644395e-05,0.09936452917388805,2.5267087754187266e-06,0.0991719622568843,2.875793540443682e-06,0.0,0.0,0.0,0.0,0.0,0.0,0.0,0.0,0.0,0.0,1.0,1.0,1.0,1.0,1.0
64,14:38:57,0,0.09994222992489887,39984.0,0.09994222992489887,0.09994222992489887,0.001409483098888055,0.09974966300789534,6.142229556034338e-05,0.09955709609089158,1.0845731187644395e-05,0.09936452917388805,2.5267087754187266e-06,0.0991719622568843,2.875793540443682e-06,0.0,0.0,0.0,0.0,0.0,0.0,0.0,0.0,0.0,0.0,1.0,1.0,1.0,1.0,1.0
64,14:39:00,0,0.09994222992489887,188496.0,0.09994222992489887,0.09994222992489887,0.0014089511601984932,0.09974966300789534,6.020881042478044e-05,0.09955709609089158,1.0912223523839625e-05,0.09936452917388805,2.5267087754187266e-06,0.0991719622568843,2.875793540443682e-06,0.0,0.0,0.0,0.0,0.0,0.0,0.0,0.0,0.0,0.0,1.0,1.0,1.0,1.0,1.0
64,14:39:03,0,0.09994222992489887,34272.0,0.09994222992489887,0.09994222992489887,0.0014088347986101516,0.09974966300789534,6.0175564256682827e-05,0.09955709609089158,1.0912223523839625e-05,0.09936452917388805,2.5267087754187266e-06,0.0991719622568843,2.875793540443682e-06,0.0,0.0,0.0,0.0,0.0,0.0,0.0,0.0,0.0,0.0,1.0,1.0,1.0,1.0,1.0
64,14:39:06,0,0.09994222992489887,382704.0,0.09994222992489887,0.09994222992489887,0.0014081200059960527,0.09974966300789534,6.0175564256682827e-05,0.09955709609089158,1.0912223523839625e-05,0.09936452917388805,2.5267087754187266e-06,0.0991719622568843,2.875793540443682e-06,0.0,0.0,0.0,0.0,0.0,0.0,0.0,0.0,0.0,0.0,1.0,1.0,1.0,1.0,1.0
64,14:39:09,0,0.09994222992489887,85680.0,0.09994222992489887,0.09994222992489887,0.0014081698752481991,0.09974966300789534,6.014231808858521e-05,0.09955709609089158,1.0912223523839625e-05,0.09936452917388805,2.5267087754187266e-06,0.0991719622568843,2.875793540443682e-06,0.0,0.0,0.0,0.0,0.0,0.0,0.0,0.0,0.0,0.0,1.0,1.0,1.0,1.0,1.0
64,14:39:12,0,0.09994222992489887,605472.0,0.09994222992489887,0.09994222992489887,0.0014055434279684877,0.09974966300789534,6.014231808858521e-05,0.09955709609089158,1.0912223523839625e-05,0.09936452917388805,2.5267087754187266e-06,0.0991719622568843,2.875793540443682e-06,0.0,0.0,0.0,0.0,0.0,0.0,0.0,0.0,0.0,0.0,1.0,1.0,1.0,1.0,1.0
64,14:39:15,0,0.09994222992489887,85680.0,0.09994222992489887,0.09994222992489887,0.0014046956506819984,0.09974966300789534,6.014231808858521e-05,0.09955709609089158,1.0912223523839625e-05,0.09936452917388805,2.5267087754187266e-06,0.0991719622568843,2.875793540443682e-06,0.0,0.0,0.0,0.0,0.0,0.0,0.0,0.0,0.0,0.0,1.0,1.0,1.0,1.0,1.0
64,14:39:18,0,0.09994222992489887,0.0,0.09994222992489887,0.09994222992489887,0.0014061917282463911,0.09974966300789534,6.014231808858521e-05,0.09955709609089158,1.0912223523839625e-05,0.09936452917388805,2.5267087754187266e-06,0.0991719622568843,2.875793540443682e-06,0.0,0.0,0.0,0.0,0.0,0.0,0.0,0.0,0.0,0.0,1.0,1.0,1.0,1.0,1.0
64,14:39:21,0,0.09994222992489887,108528.0,0.09994222992489887,0.09994222992489887,0.0014076545596426863,0.09974966300789534,6.002595650024356e-05,0.09955709609089158,1.0912223523839625e-05,0.09936452917388805,2.5267087754187266e-06,0.0991719622568843,2.875793540443682e-06,0.0,0.0,0.0,0.0,0.0,0.0,0.0,0.0,0.0,0.0,1.0,1.0,1.0,1.0,1.0
64,14:39:24,0,0.09994222992489887,925344.0,0.09994222992489887,0.09994222992489887,0.0014052608355396578,0.09974966300789534,6.002595650024356e-05,0.09955709609089158,1.0912223523839625e-05,0.09936452917388805,2.5267087754187266e-06,0.0991719622568843,2.875793540443682e-06,0.0,0.0,0.0,0.0,0.0,0.0,0.0,0.0,0.0,0.0,1.0,1.0,1.0,1.0,1.0
64,14:39:27,0,0.09994222992489887,79968.0,0.09994222992489887,0.09994222992489887,0.001405244212455609,0.09974966300789534,6.002595650024356e-05,0.09955709609089158,1.0912223523839625e-05,0.09936452917388805,2.5267087754187266e-06,0.0991719622568843,2.875793540443682e-06,0.0,0.0,0.0,0.0,0.0,0.0,0.0,0.0,0.0,0.0,1.0,1.0,1.0,1.0,1.0
64,14:39:30,0,0.09994222992489887,274176.0,0.09994222992489887,0.09994222992489887,0.0014048785046065354,0.09974966300789534,6.002595650024356e-05,0.09955709609089158,1.0995338944083662e-05,0.09936452917388805,2.5267087754187266e-06,0.0991719622568843,2.875793540443682e-06,0.0,0.0,0.0,0.0,0.0,0.0,0.0,0.0,0.0,0.0,1.0,1.0,1.0,1.0,1.0
64,14:39:33,0,0.09994222992489887,74256.0,0.09994222992489887,0.09994222992489887,0.0014047621430181938,0.09974966300789534,6.002595650024356e-05,0.09955709609089158,1.0995338944083662e-05,0.09936452917388805,2.5267087754187266e-06,0.0991719622568843,2.875793540443682e-06,0.0,0.0,0.0,0.0,0.0,0.0,0.0,0.0,0.0,0.0,1.0,1.0,1.0,1.0,1.0
64,14:39:36,0,0.09994222992489887,79968.0,0.09994222992489887,0.09994222992489887,0.0014051278508672674,0.09974966300789534,6.000933341619475e-05,0.09955709609089158,1.0995338944083662e-05,0.09936452917388805,2.5267087754187266e-06,0.0991719622568843,2.875793540443682e-06,0.0,0.0,0.0,0.0,0.0,0.0,0.0,0.0,0.0,0.0,1.0,1.0,1.0,1.0,1.0
64,14:39:39,0,0.09994222992489887,456960.0,0.09994222992489887,0.09994222992489887,0.0014039309888157533,0.09974966300789534,6.000933341619475e-05,0.09955709609089158,1.0995338944083662e-05,0.09936452917388805,2.5267087754187266e-06,0.0991719622568843,2.875793540443682e-06,0.0,0.0,0.0,0.0,0.0,0.0,0.0,0.0,0.0,0.0,1.0,1.0,1.0,1.0,1.0
64,14:39:42,0,0.09994222992489887,205632.0,0.09994222992489887,0.09994222992489887,0.0014035819040507285,0.09974966300789534,5.9892971827853104e-05,0.09955709609089158,1.0995338944083662e-05,0.09936452917388805,2.5267087754187266e-06,0.0991719622568843,2.875793540443682e-06,0.0,0.0,0.0,0.0,0.0,0.0,0.0,0.0,0.0,0.0,1.0,1.0,1.0,1.0,1.0
64,14:39:45,0,0.09994222992489887,1616496.0,0.09994222992489887,0.09994222992489887,0.0013990105559373064,0.09974966300789534,5.9892971827853104e-05,0.09955709609089158,1.0912223523839625e-05,0.09936452917388805,2.5267087754187266e-06,0.0991719622568843,2.875793540443682e-06,0.0,0.0,0.0,0.0,0.0,0.0,0.0,0.0,0.0,0.0,1.0,1.0,1.0,1.0,1.0
64,14:39:48,0,0.09994222992489887,18615408.0,0.09994222992489887,0.09994222992489887,0.0013449855327786822,0.09974966300789534,5.9892971827853104e-05,0.09955709609089158,1.0912223523839625e-05,0.09936452917388805,2.5267087754187266e-06,0.0991719622568843,2.875793540443682e-06,0.0,0.0,0.0,0.0,0.0,0.0,0.0,0.0,0.0,0.0,1.0,1.0,1.0,1.0,1.0
64,14:39:51,0,0.09994222992489887,159936.0,0.09994222992489887,0.09994222992489887,0.0013445367095093644,0.09974966300789534,5.9876348743804296e-05,0.09955709609089158,1.0912223523839625e-05,0.09936452917388805,2.5267087754187266e-06,0.0991719622568843,2.875793540443682e-06,0.0,0.0,0.0,0.0,0.0,0.0,0.0,0.0,0.0,0.0,1.0,1.0,1.0,1.0,1.0
64,14:39:54,0,0.09994222992489887,68544.0,0.09994222992489887,0.09994222992489887,0.0013445034633412668,0.09974966300789534,5.974336407141383e-05,0.09955709609089158,1.0912223523839625e-05,0.09936452917388805,2.5267087754187266e-06,0.0991719622568843,2.875793540443682e-06,0.0,0.0,0.0,0.0,0.0,0.0,0.0,0.0,0.0,0.0,1.0,1.0,1.0,1.0,1.0
64,14:39:57,0,0.09994222992489887,731136.0,0.09994222992489887,0.09994222992489887,0.0013372890448640844,0.09974966300789534,5.974336407141383e-05,0.09955709609089158,1.0912223523839625e-05,0.09936452917388805,2.5267087754187266e-06,0.0991719622568843,2.875793540443682e-06,0.0,0.0,0.0,0.0,0.0,0.0,0.0,0.0,0.0,0.0,1.0,1.0,1.0,1.0,1.0
64,14:40:00,0,0.09994222992489887,322728.0,0.09994222992489887,0.09994222992489887,0.0013374469641625481,0.09974966300789534,5.974336407141383e-05,0.09955709609089158,1.0912223523839625e-05,0.09936452917388805,2.5267087754187266e-06,0.0991719622568843,2.875793540443682e-06,0.0,0.0,0.0,0.0,0.0,0.0,0.0,0.0,0.0,0.0,1.0,1.0,1.0,1.0,1.0
64,14:40:03,0,0.09994222992489887,119952.0,0.09994222992489887,0.09994222992489887,0.0013405887270477727,0.09974966300789534,5.932778697019365e-05,0.09955709609089158,1.0912223523839625e-05,0.09936452917388805,2.5267087754187266e-06,0.0991719622568843,2.875793540443682e-06,0.0,0.0,0.0,0.0,0.0,0.0,0.0,0.0,0.0,0.0,1.0,1.0,1.0,1.0,1.0
64,14:40:06,0,0.09994222992489887,5712.0,0.09994222992489887,0.09994222992489887,0.0013407050886361143,0.09974966300789534,5.932778697019365e-05,0.09955709609089158,1.0912223523839625e-05,0.09936452917388805,2.5267087754187266e-06,0.0991719622568843,2.875793540443682e-06,0.0,0.0,0.0,0.0,0.0,0.0,0.0,0.0,0.0,0.0,1.0,1.0,1.0,1.0,1.0
64,14:40:09,0,0.09994222992489887,142800.0,0.09994222992489887,0.09994222992489887,0.001340821450224456,0.09974966300789534,5.932778697019365e-05,0.09955709609089158,1.0912223523839625e-05,0.09936452917388805,2.5267087754187266e-06,0.0991719622568843,2.875793540443682e-06,0.0,0.0,0.0,0.0,0.0,0.0,0.0,0.0,0.0,0.0,1.0,1.0,1.0,1.0,1.0
64,14:40:12,0,0.09994222992489887,679728.0,0.09994222992489887,0.09994222992489887,0.001338577333877867,0.09974966300789534,5.932778697019365e-05,0.09955709609089158,1.0912223523839625e-05,0.09936452917388805,2.5267087754187266e-06,0.0991719622568843,2.875793540443682e-06,0.0,0.0,0.0,0.0,0.0,0.0,0.0,0.0,0.0,0.0,1.0,1.0,1.0,1.0,1.0
64,14:40:15,0,0.09994222992489887,125664.0,0.09994222992489887,0.09994222992489887,0.0013388599263066967,0.09974966300789534,5.849663276775328e-05,0.09955709609089158,1.0912223523839625e-05,0.09936452917388805,2.5267087754187266e-06,0.0991719622568843,2.875793540443682e-06,0.0,0.0,0.0,0.0,0.0,0.0,0.0,0.0,0.0,0.0,1.0,1.0,1.0,1.0,1.0
64,14:40:18,0,0.09994222992489887,51408.0,0.09994222992489887,0.09994222992489887,0.001339109272567429,0.09974966300789534,5.849663276775328e-05,0.09955709609089158,1.0912223523839625e-05,0.09936452917388805,2.5267087754187266e-06,0.0991719622568843,2.875793540443682e-06,0.0,0.0,0.0,0.0,0.0,0.0,0.0,0.0,0.0,0.0,1.0,1.0,1.0,1.0,1.0
64,14:40:21,0,0.09994222992489887,793968.0,0.09994222992489887,0.09994222992489887,0.0011709834004977908,0.09974966300789534,5.849663276775328e-05,0.09955709609089158,1.0912223523839625e-05,0.09936452917388805,2.5267087754187266e-06,0.0991719622568843,2.875793540443682e-06,0.0,0.0,0.0,0.0,0.0,0.0,0.0,0.0,0.0,0.0,1.0,1.0,1.0,1.0,1.0
64,14:40:24,0,0.09994222992489887,194208.0,0.09994222992489887,0.09994222992489887,0.0011693709613450564,0.09974966300789534,5.849663276775328e-05,0.09955709609089158,1.0912223523839625e-05,0.09936452917388805,2.5267087754187266e-06,0.0991719622568843,2.875793540443682e-06,0.0,0.0,0.0,0.0,0.0,0.0,0.0,0.0,0.0,0.0,1.0,1.0,1.0,1.0,1.0
64,14:40:27,0,0.09994222992489887,371280.0,0.09994222992489887,0.09994222992489887,0.0011702187386315455,0.09974966300789534,5.857974818799732e-05,0.09955709609089158,1.0912223523839625e-05,0.09936452917388805,2.5267087754187266e-06,0.0991719622568843,2.875793540443682e-06,0.0,0.0,0.0,0.0,0.0,0.0,0.0,0.0,0.0,0.0,1.0,1.0,1.0,1.0,1.0
64,14:40:30,0,0.09994222992489887,182784.0,0.09994222992489887,0.09994222992489887,0.0011722135087174025,0.09974966300789534,5.857974818799732e-05,0.09955709609089158,1.0928846607888433e-05,0.09936452917388805,2.5267087754187266e-06,0.0991719622568843,2.875793540443682e-06,0.0,0.0,0.0,0.0,0.0,0.0,0.0,0.0,0.0,0.0,1.0,1.0,1.0,1.0,1.0
64,14:40:33,0,0.09994222992489887,1547952.0,0.09994222992489887,0.09994222992489887,0.0011676587836880292,0.09974966300789534,5.857974818799732e-05,0.09955709609089158,1.0928846607888433e-05,0.09936452917388805,2.5267087754187266e-06,0.0991719622568843,2.875793540443682e-06,0.0,0.0,0.0,0.0,0.0,0.0,0.0,0.0,0.0,0.0,1.0,1.0,1.0,1.0,1.0
64,14:40:36,0,0.09994222992489887,34272.0,0.09994222992489887,0.09994222992489887,0.001169404207513154,0.09974966300789534,5.857974818799732e-05,0.09955709609089158,1.0928846607888433e-05,0.09936452917388805,2.5267087754187266e-06,0.0991719622568843,2.875793540443682e-06,0.0,0.0,0.0,0.0,0.0,0.0,0.0,0.0,0.0,0.0,1.0,1.0,1.0,1.0,1.0
64,14:40:39,0,0.09994222992489887,45696.0,0.09994222992489887,0.09994222992489887,0.0011696369306898372,0.09974966300789534,5.857974818799732e-05,0.09955709609089158,1.0928846607888433e-05,0.09936452917388805,2.5267087754187266e-06,0.0991719622568843,2.875793540443682e-06,0.0,0.0,0.0,0.0,0.0,0.0,0.0,0.0,0.0,0.0,1.0,1.0,1.0,1.0,1.0
64,14:40:42,0,0.09994222992489887,462672.0,0.09994222992489887,0.09994222992489887,0.0011693875844291052,0.09974966300789534,5.857974818799732e-05,0.09955709609089158,1.0928846607888433e-05,0.09936452917388805,2.5267087754187266e-06,0.0991719622568843,2.875793540443682e-06,0.0,0.0,0.0,0.0,0.0,0.0,0.0,0.0,0.0,0.0,1.0,1.0,1.0,1.0,1.0
64,14:40:45,0,0.09994222992489887,102816.0,0.09994222992489887,0.09994222992489887,0.0011695205691014956,0.09974966300789534,5.857974818799732e-05,0.09955709609089158,1.0928846607888433e-05,0.09936452917388805,2.5267087754187266e-06,0.0991719622568843,2.8259242882972598e-06,0.0,0.0,0.0,0.0,0.0,0.0,0.0,0.0,0.0,0.0,1.0,1.0,1.0,1.0,1.0
64,14:40:48,0,0.09994222992489887,108528.0,0.09994222992489887,0.09994222992489887,0.001169570438353642,0.09974966300789534,5.857974818799732e-05,0.09955709609089158,1.0928846607888433e-05,0.09936452917388805,2.5267087754187266e-06,0.0991719622568843,2.8259242882972598e-06,0.0,0.0,0.0,0.0,0.0,0.0,0.0,0.0,0.0,0.0,1.0,1.0,1.0,1.0,1.0
64,14:40:51,0,0.09994222992489887,171360.0,0.09994222992489887,0.09994222992489887,0.0011693543382610076,0.09974966300789534,5.8513255851802086e-05,0.09955709609089158,1.0912223523839625e-05,0.09936452917388805,2.5267087754187266e-06,0.0991719622568843,2.8259242882972598e-06,0.0,0.0,0.0,0.0,0.0,0.0,0.0,0.0,0.0,0.0,1.0,1.0,1.0,1.0,1.0
64,14:40:54,0,0.09994222992489887,496944.0,0.09994222992489887,0.09994222992489887,0.001174673725156626,0.09974966300789534,5.834702501131401e-05,0.09955709609089158,1.0912223523839625e-05,0.09936452917388805,2.5267087754187266e-06,0.0991719622568843,2.8259242882972598e-06,0.0,0.0,0.0,0.0,0.0,0.0,0.0,0.0,0.0,0.0,1.0,1.0,1.0,1.0,1.0
64,14:40:57,0,0.09994222992489887,468555.0,0.09994222992489887,0.09994222992489887,0.0011740747954383473,0.09974966300789534,5.83137788432164e-05,0.09955709609089158,1.0912223523839625e-05,0.09936452917388805,2.5267087754187266e-06,0.0991719622568843,2.8259242882972598e-06,0.0,0.0,0.0,0.0,0.0,0.0,0.0,0.0,0.0,0.0,1.0,1.0,1.0,1.0,1.0
64,14:41:00,0,0.09994222992489887,177072.0,0.09994222992489887,0.09994222992489887,0.0011740581723542985,0.09974966300789534,5.83137788432164e-05,0.09955709609089158,1.0912223523839625e-05,0.09936452917388805,2.5267087754187266e-06,0.0991719622568843,2.792678120199645e-06,0.0,0.0,0.0,0.0,0.0,0.0,0.0,0.0,0.0,0.0,1.0,1.0,1.0,1.0,1.0
64,14:41:03,0,0.09994222992489887,165648.0,0.09994222992489887,0.09994222992489887,0.0011748228342205438,0.09974966300789534,5.83137788432164e-05,0.09955709609089158,1.0912223523839625e-05,0.09936452917388805,2.5267087754187266e-06,0.0991719622568843,2.792678120199645e-06,0.0,0.0,0.0,0.0,0.0,0.0,0.0,0.0,0.0,0.0,1.0,1.0,1.0,1.0,1.0
64,14:41:06,0,0.09994222992489887,714000.0,0.09994222992489887,0.09994222992489887,0.0011730940334794679,0.09974966300789534,5.83137788432164e-05,0.09955709609089158,1.0912223523839625e-05,0.09936452917388805,2.5267087754187266e-06,0.0991719622568843,2.792678120199645e-06,0.0,0.0,0.0,0.0,0.0,0.0,0.0,0.0,0.0,0.0,1.0,1.0,1.0,1.0,1.0
64,14:41:09,0,0.09994222992489887,519792.0,0.09994222992489887,0.09994222992489887,0.0011727948179665892,0.09974966300789534,5.8330401927265205e-05,0.09955709609089158,1.0912223523839625e-05,0.09936452917388805,2.5267087754187266e-06,0.0991719622568843,2.792678120199645e-06,0.0,0.0,0.0,0.0,0.0,0.0,0.0,0.0,0.0,0.0,1.0,1.0,1.0,1.0,1.0
64,14:41:12,0,0.09994222992489887,394128.0,0.09994222992489887,0.09994222992489887,0.0011723958639494178,0.09974966300789534,5.8330401927265205e-05,0.09955709609089158,1.0912223523839625e-05,0.09936452917388805,2.5267087754187266e-06,0.0991719622568843,2.792678120199645e-06,0.0,0.0,0.0,0.0,0.0,0.0,0.0,0.0,0.0,0.0,1.0,1.0,1.0,1.0,1.0
64,14:41:15,0,0.09994222992489887,171360.0,0.09994222992489887,0.09994222992489887,0.0011718971714279537,0.09974966300789534,5.838027117941163e-05,0.09955709609089158,1.1111700532425314e-05,0.09936452917388805,2.5267087754187266e-06,0.0991719622568843,2.792678120199645e-06,0.0,0.0,0.0,0.0,0.0,0.0,0.0,0.0,0.0,0.0,1.0,1.0,1.0,1.0,1.0
64,14:41:18,0,0.09994222992489887,645456.0,0.09994222992489887,0.09994222992489887,0.0011704177169476098,0.09974966300789534,5.838027117941163e-05,0.09955709609089158,1.1095077448376506e-05,0.09936452917388805,2.5267087754187266e-06,0.0991719622568843,2.792678120199645e-06,0.0,0.0,0.0,0.0,0.0,0.0,0.0,0.0,0.0,0.0,1.0,1.0,1.0,1.0,1.0
64,14:41:21,0,0.09994222992489887,17136.0,0.09994222992489887,0.09994222992489887,0.0011734431182444927,0.09974966300789534,5.838027117941163e-05,0.09955709609089158,1.1095077448376506e-05,0.09936452917388805,2.5267087754187266e-06,0.0991719622568843,2.792678120199645e-06,0.0,0.0,0.0,0.0,0.0,0.0,0.0,0.0,0.0,0.0,1.0,1.0,1.0,1.0,1.0
64,14:41:24,0,0.09994222992489887,382704.0,0.09994222992489887,0.09994222992489887,0.001172478979369662,0.09974966300789534,5.838027117941163e-05,0.09955709609089158,1.1095077448376506e-05,0.09936452917388805,2.5267087754187266e-06,0.0991719622568843,2.792678120199645e-06,0.0,0.0,0.0,0.0,0.0,0.0,0.0,0.0,0.0,0.0,1.0,1.0,1.0,1.0,1.0
64,14:41:27,0,0.09994222992489887,85680.0,0.09994222992489887,0.09994222992489887,0.001172478979369662,0.09974966300789534,5.838027117941163e-05,0.09955709609089158,1.1095077448376506e-05,0.09936452917388805,2.5267087754187266e-06,0.0991719622568843,2.792678120199645e-06,0.0,0.0,0.0,0.0,0.0,0.0,0.0,0.0,0.0,0.0,1.0,1.0,1.0,1.0,1.0
64,14:41:30,0,0.09994222992489887,39984.0,0.09994222992489887,0.09994222992489887,0.0011673923156507269,0.09974966300789534,5.838027117941163e-05,0.09955709609089158,1.1095077448376506e-05,0.09936452917388805,2.5267087754187266e-06,0.0991719622568843,2.792678120199645e-06,0.0,0.0,0.0,0.0,0.0,0.0,0.0,0.0,0.0,0.0,1.0,1.0,1.0,1.0,1.0
64,14:41:33,0,0.09994222992489887,177072.0,0.09994222992489887,0.09994222992489887,0.0011672094617261898,0.09974966300789534,5.838027117941163e-05,0.09955709609089158,1.1178192868620543e-05,0.09936452917388805,2.5267087754187266e-06,0.0991719622568843,2.792678120199645e-06,0.0,0.0,0.0,0.0,0.0,0.0,0.0,0.0,0.0,0.0,1.0,1.0,1.0,1.0,1.0
64,14:41:36,0,0.09994222992489887,239904.0,0.09994222992489887,0.09994222992489887,0.0011667606384568722,0.09974966300789534,5.838027117941163e-05,0.09955709609089158,1.28737474415989e-05,0.09936452917388805,2.5267087754187266e-06,0.0991719622568843,2.792678120199645e-06,0.0,0.0,0.0,0.0,0.0,0.0,0.0,0.0,0.0,0.0,1.0,1.0,1.0,1.0,1.0
64,14:41:39,0,0.09994222992489887,719712.0,0.09994222992489887,0.09994222992489887,0.0011649819684636498,0.09974966300789534,5.838027117941163e-05,0.09955709609089158,1.3106470618282203e-05,0.09936452917388805,2.5267087754187266e-06,0.0991719622568843,2.792678120199645e-06,0.0,0.0,0.0,0.0,0.0,0.0,0.0,0.0,0.0,0.0,1.0,1.0,1.0,1.0,1.0
64,14:41:42,0,0.09994222992489887,177072.0,0.09994222992489887,0.09994222992489887,0.0011651481993041378,0.09974966300789534,5.838027117941163e-05,0.09955709609089158,1.3106470618282203e-05,0.09936452917388805,2.5267087754187266e-06,0.0991719622568843,2.792678120199645e-06,0.0,0.0,0.0,0.0,0.0,0.0,0.0,0.0,0.0,0.0,1.0,1.0,1.0,1.0,1.0
64,14:41:45,0,0.09994222992489887,302736.0,0.09994222992489887,0.09994222992489887,0.0011639845834207213,0.09974966300789534,5.838027117941163e-05,0.09955709609089158,1.3106470618282203e-05,0.09936452917388805,2.5267087754187266e-06,0.0991719622568843,2.792678120199645e-06,0.0,0.0,0.0,0.0,0.0,0.0,0.0,0.0,0.0,0.0,1.0,1.0,1.0,1.0,1.0
64,14:41:48,0,0.09994222992489887,45696.0,0.09994222992489887,0.09994222992489887,0.0011638183525802333,0.09974966300789534,5.819741725487475e-05,0.09955709609089158,1.3106470618282203e-05,0.09936452917388805,2.5267087754187266e-06,0.0991719622568843,2.792678120199645e-06,0.0,0.0,0.0,0.0,0.0,0.0,0.0,0.0,0.0,0.0,1.0,1.0,1.0,1.0,1.0
64,14:41:51,0,0.09994222992489887,502656.0,0.09994222992489887,0.09994222992489887,0.0011626214905287192,0.09974966300789534,5.819741725487475e-05,0.09955709609089158,1.1410916045303847e-05,0.09936452917388805,2.5267087754187266e-06,0.0991719622568843,2.8093012042484526e-06,0.0,0.0,0.0,0.0,0.0,0.0,0.0,0.0,0.0,0.0,1.0,1.0,1.0,1.0,1.0
64,14:41:54,0,0.09994222992489887,39984.0,0.09994222992489887,0.09994222992489887,0.0011633030369747202,0.09974966300789534,5.819741725487475e-05,0.09955709609089158,1.1410916045303847e-05,0.09936452917388805,2.5267087754187266e-06,0.0991719622568843,2.8093012042484526e-06,0.0,0.0,0.0,0.0,0.0,0.0,0.0,0.0,0.0,0.0,1.0,1.0,1.0,1.0,1.0
64,14:41:57,0,0.09994222992489887,137088.0,0.09994222992489887,0.09994222992489887,0.0011629539522096952,0.09974966300789534,5.819741725487475e-05,0.09955709609089158,1.1410916045303847e-05,0.09936452917388805,2.5267087754187266e-06,0.0991719622568843,2.8093012042484526e-06,0.0,0.0,0.0,0.0,0.0,0.0,0.0,0.0,0.0,0.0,1.0,1.0,1.0,1.0,1.0
64,14:42:00,0,0.09994222992489887,142800.0,0.09994222992489887,0.09994222992489887,0.0011628542137054024,0.09974966300789534,5.819741725487475e-05,0.09955709609089158,1.1410916045303847e-05,0.09936452917388805,2.5267087754187266e-06,0.0991719622568843,2.8093012042484526e-06,0.0,0.0,0.0,0.0,0.0,0.0,0.0,0.0,0.0,0.0,1.0,1.0,1.0,1.0,1.0
64,14:42:03,0,0.09994222992489887,485520.0,0.09994222992489887,0.09994222992489887,0.0011620064364189133,0.09974966300789534,5.819741725487475e-05,0.09955709609089158,1.1410916045303847e-05,0.09936452917388805,2.493462607321112e-06,0.0991719622568843,2.8093012042484526e-06,0.0,0.0,0.0,0.0,0.0,0.0,0.0,0.0,0.0,0.0,1.0,1.0,1.0,1.0,1.0
64,14:42:06,0,0.09994222992489887,171360.0,0.09994222992489887,0.09994222992489887,0.0011621061749232061,0.09974966300789534,5.819741725487475e-05,0.09955709609089158,1.1410916045303847e-05,0.09936452917388805,2.493462607321112e-06,0.0991719622568843,2.8093012042484526e-06,0.0,0.0,0.0,0.0,0.0,0.0,0.0,0.0,0.0,0.0,1.0,1.0,1.0,1.0,1.0
64,14:42:09,0,0.09994222992489887,1884960.0,0.09994222992489887,0.09994222992489887,0.0011567369187754414,0.09974966300789534,5.819741725487475e-05,0.09955709609089158,1.1410916045303847e-05,0.09936452917388805,2.493462607321112e-06,0.0991719622568843,2.8093012042484526e-06,0.0,0.0,0.0,0.0,0.0,0.0,0.0,0.0,0.0,0.0,1.0,1.0,1.0,1.0,1.0
64,14:42:12,0,0.09994222992489887,331296.0,0.09994222992489887,0.09994222992489887,0.0011558392722368057,0.09974966300789534,5.819741725487475e-05,0.09955709609089158,1.1410916045303847e-05,0.09936452917388805,2.493462607321112e-06,0.0991719622568843,2.8093012042484526e-06,0.0,0.0,0.0,0.0,0.0,0.0,0.0,0.0,0.0,0.0,1.0,1.0,1.0,1.0,1.0
64,14:42:15,0,0.09994222992489887,468384.0,0.09994222992489887,0.09994222992489887,0.0011545426716809987,0.09974966300789534,5.819741725487475e-05,0.09955709609089158,1.1410916045303847e-05,0.09936452917388805,2.493462607321112e-06,0.0991719622568843,2.8093012042484526e-06,0.0,0.0,0.0,0.0,0.0,0.0,0.0,0.0,0.0,0.0,1.0,1.0,1.0,1.0,1.0
64,14:42:18,0,0.09994222992489887,159936.0,0.09994222992489887,0.09994222992489887,0.0011556231721441713,0.09974966300789534,5.829715575916759e-05,0.09955709609089158,1.1410916045303847e-05,0.09936452917388805,2.493462607321112e-06,0.0991719622568843,2.8093012042484526e-06,0.0,0.0,0.0,0.0,0.0,0.0,0.0,0.0,0.0,0.0,1.0,1.0,1.0,1.0,1.0
64,14:42:21,0,0.09994222992489887,85680.0,0.09994222992489887,0.09994222992489887,0.0011555068105558294,0.09974966300789534,5.771534781745933e-05,0.09955709609089158,1.139429296125504e-05,0.09936452917388805,2.493462607321112e-06,0.0991719622568843,2.8093012042484526e-06,0.0,0.0,0.0,0.0,0.0,0.0,0.0,0.0,0.0,0.0,1.0,1.0,1.0,1.0,1.0
64,14:42:24,0,0.09994222992489887,199920.0,0.09994222992489887,0.09994222992489887,0.0011555068105558294,0.09974966300789534,5.771534781745933e-05,0.09955709609089158,1.139429296125504e-05,0.09936452917388805,2.493462607321112e-06,0.0991719622568843,2.8093012042484526e-06,0.0,0.0,0.0,0.0,0.0,0.0,0.0,0.0,0.0,0.0,1.0,1.0,1.0,1.0,1.0
64,14:42:27,0,0.09994222992489887,388416.0,0.09994222992489887,0.09994222992489887,0.001154609164017194,0.09974966300789534,5.7632232397215295e-05,0.09955709609089158,1.1161569784571737e-05,0.09936452917388805,2.493462607321112e-06,0.0991719622568843,2.8093012042484526e-06,0.0,0.0,0.0,0.0,0.0,0.0,0.0,0.0,0.0,0.0,1.0,1.0,1.0,1.0,1.0
64,14:42:30,0,0.09994222992489887,177072.0,0.09994222992489887,0.09994222992489887,0.0011544761793448035,0.09974966300789534,5.7632232397215295e-05,0.09955709609089158,1.1161569784571737e-05,0.09936452917388805,2.493462607321112e-06,0.0991719622568843,2.8093012042484526e-06,0.0,0.0,0.0,0.0,0.0,0.0,0.0,0.0,0.0,0.0,1.0,1.0,1.0,1.0,1.0
64,14:42:33,0,0.09994222992489887,188496.0,0.09994222992489887,0.09994222992489887,0.001154160340747876,0.09974966300789534,5.7632232397215295e-05,0.09955709609089158,1.1161569784571737e-05,0.09936452917388805,2.493462607321112e-06,0.0991719622568843,2.8093012042484526e-06,0.0,0.0,0.0,0.0,0.0,0.0,0.0,0.0,0.0,0.0,1.0,1.0,1.0,1.0,1.0
64,14:42:36,0,0.09994222992489887,38899.0,0.09994222992489887,0.09994222992489887,0.0011549614071681882,0.09974966300789534,5.7632232397215295e-05,0.09955709609089158,1.1161569784571737e-05,0.09936452917388805,2.493462607321112e-06,0.0991719622568843,2.8425473723460674e-06,0.0,0.0,0.0,0.0,0.0,0.0,0.0,0.0,0.0,0.0,1.0,1.0,1.0,1.0,1.0
64,14:42:39,0,0.09994222992489887,22848.0,0.09994222992489887,0.09994222992489887,0.001160845978921466,0.09974966300789534,5.7632232397215295e-05,0.09955709609089158,1.1211439036718157e-05,0.09936452917388805,2.493462607321112e-06,0.0991719622568843,2.8425473723460674e-06,0.0,0.0,0.0,0.0,0.0,0.0,0.0,0.0,0.0,0.0,1.0,1.0,1.0,1.0,1.0
64,14:42:42,0,0.09994222992489887,297024.0,0.09994222992489887,0.09994222992489887,0.0011601810555595137,0.09974966300789534,5.7632232397215295e-05,0.09955709609089158,1.1211439036718157e-05,0.09936452917388805,2.493462607321112e-06,0.0991719622568843,2.8425473723460674e-06,0.0,0.0,0.0,0.0,0.0,0.0,0.0,0.0,0.0,0.0,1.0,1.0,1.0,1.0,1.0
64,14:42:45,0,0.09994222992489887,79968.0,0.09994222992489887,0.09994222992489887,0.001160679748080978,0.09974966300789534,5.7632232397215295e-05,0.09955709609089158,1.1211439036718157e-05,0.09936452917388805,2.493462607321112e-06,0.0991719622568843,2.8425473723460674e-06,0.0,0.0,0.0,0.0,0.0,0.0,0.0,0.0,0.0,0.0,1.0,1.0,1.0,1.0,1.0
64,14:42:48,0,0.09994222992489887,199920.0,0.09994222992489887,0.09994222992489887,0.0011599483323828303,0.09974966300789534,5.7632232397215295e-05,0.09955709609089158,1.1211439036718157e-05,0.09936452917388805,2.493462607321112e-06,0.0991719622568843,2.8425473723460674e-06,0.0,0.0,0.0,0.0,0.0,0.0,0.0,0.0,0.0,0.0,1.0,1.0,1.0,1.0,1.0
64,14:42:51,0,0.09994222992489887,354144.0,0.09994222992489887,0.09994222992489887,0.001159449639861366,0.09974966300789534,5.7632232397215295e-05,0.09955709609089158,1.1211439036718157e-05,0.09936452917388805,2.5599549435163413e-06,0.0991719622568843,2.8425473723460674e-06,0.0,0.0,0.0,0.0,0.0,0.0,0.0,0.0,0.0,0.0,1.0,1.0,1.0,1.0,1.0
64,14:42:54,0,0.09994222992489887,159936.0,0.09994222992489887,0.09994222992489887,0.0011590008165920484,0.09974966300789534,5.7632232397215295e-05,0.09955709609089158,1.1211439036718157e-05,0.09936452917388805,2.5599549435163413e-06,0.0991719622568843,2.8425473723460674e-06,0.0,0.0,0.0,0.0,0.0,0.0,0.0,0.0,0.0,0.0,1.0,1.0,1.0,1.0,1.0
64,14:42:57,0,0.09994222992489887,696864.0,0.09994222992489887,0.09994222992489887,0.0011569229310859474,0.09974966300789534,5.7632232397215295e-05,0.09955709609089158,1.1211439036718157e-05,0.09936452917388805,2.5599549435163413e-06,0.0991719622568843,2.8425473723460674e-06,0.0,0.0,0.0,0.0,0.0,0.0,0.0,0.0,0.0,0.0,1.0,1.0,1.0,1.0,1.0
64,14:43:00,0,0.09994222992489887,22848.0,0.09994222992489887,0.09994222992489887,0.0011568564387497522,0.09974966300789534,5.7632232397215295e-05,0.09955709609089158,1.1228062120766965e-05,0.09936452917388805,2.5599549435163413e-06,0.0991719622568843,2.8425473723460674e-06,0.0,0.0,0.0,0.0,0.0,0.0,0.0,0.0,0.0,0.0,1.0,1.0,1.0,1.0,1.0
64,14:43:03,0,0.09994222992489887,279888.0,0.09994222992489887,0.09994222992489887,0.0011563909923963855,0.09974966300789534,5.7632232397215295e-05,0.09955709609089158,1.1228062120766965e-05,0.09936452917388805,2.5599549435163413e-06,0.0991719622568843,2.8425473723460674e-06,0.0,0.0,0.0,0.0,0.0,0.0,0.0,0.0,0.0,0.0,1.0,1.0,1.0,1.0,1.0
64,14:43:06,0,0.09994222992489887,22848.0,0.09994222992489887,0.09994222992489887,0.001156274630808044,0.09974966300789534,5.7632232397215295e-05,0.09955709609089158,1.1228062120766965e-05,0.09936452917388805,2.5599549435163413e-06,0.0991719622568843,2.8425473723460674e-06,0.0,0.0,0.0,0.0,0.0,0.0,0.0,0.0,0.0,0.0,1.0,1.0,1.0,1.0,1.0
64,14:43:09,0,0.09994222992489887,1278345.0,0.09994222992489887,0.09994222992489887,0.0011529699616991411,0.09974966300789534,5.779846323770337e-05,0.09955709609089158,1.1228062120766965e-05,0.09936452917388805,2.5599549435163413e-06,0.0991719622568843,2.8425473723460674e-06,0.0,0.0,0.0,0.0,0.0,0.0,0.0,0.0,0.0,0.0,1.0,1.0,1.0,1.0,1.0
64,14:43:12,0,0.09994222992489887,285600.0,0.09994222992489887,0.09994222992489887,0.001152105561328603,0.09974966300789534,5.779846323770337e-05,0.09955709609089158,1.1228062120766965e-05,0.09936452917388805,2.5599549435163413e-06,0.0991719622568843,2.8425473723460674e-06,0.0,0.0,0.0,0.0,0.0,0.0,0.0,0.0,0.0,0.0,1.0,1.0,1.0,1.0,1.0
64,14:43:15,0,0.09994222992489887,2341920.0,0.09994222992489887,0.09994222992489887,0.0011455228200452753,0.09974966300789534,5.779846323770337e-05,0.09955709609089158,1.1228062120766965e-05,0.09936452917388805,2.5599549435163413e-06,0.0991719622568843,2.8425473723460674e-06,0.0,0.0,0.0,0.0,0.0,0.0,0.0,0.0,0.0,0.0,1.0,1.0,1.0,1.0,1.0
64,14:43:18,0,0.09994222992489887,171360.0,0.09994222992489887,0.09994222992489887,0.0011406023871668282,0.09974966300789534,5.779846323770337e-05,0.09955709609089158,1.1228062120766965e-05,0.09936452917388805,2.5599549435163413e-06,0.0991719622568843,2.8425473723460674e-06,0.0,0.0,0.0,0.0,0.0,0.0,0.0,0.0,0.0,0.0,1.0,1.0,1.0,1.0,1.0
64,14:43:21,0,0.09994222992489887,74256.0,0.09994222992489887,0.09994222992489887,0.0011403530409060962,0.09974966300789534,5.7831709405800985e-05,0.09955709609089158,1.1228062120766965e-05,0.09936452917388805,2.5599549435163413e-06,0.0991719622568843,2.8425473723460674e-06,0.0,0.0,0.0,0.0,0.0,0.0,0.0,0.0,0.0,0.0,1.0,1.0,1.0,1.0,1.0
64,14:43:24,0,0.09994222992489887,45696.0,0.09994222992489887,0.09994222992489887,0.0011391063096024357,0.09974966300789534,5.7831709405800985e-05,0.09955709609089158,1.1228062120766965e-05,0.09936452917388805,2.5599549435163413e-06,0.0991719622568843,2.8425473723460674e-06,0.0,0.0,0.0,0.0,0.0,0.0,0.0,0.0,0.0,0.0,1.0,1.0,1.0,1.0,1.0
64,14:43:27,0,0.09994222992489887,308448.0,0.09994222992489887,0.09994222992489887,0.0011382252861478488,0.09974966300789534,5.7831709405800985e-05,0.09955709609089158,1.1277931372913388e-05,0.09936452917388805,2.5599549435163413e-06,0.0991719622568843,2.8425473723460674e-06,0.0,0.0,0.0,0.0,0.0,0.0,0.0,0.0,0.0,0.0,1.0,1.0,1.0,1.0,1.0
64,14:43:30,0,0.09994222992489887,2456160.0,0.09994222992489887,0.09994222992489887,0.00112984725178725,0.09974966300789534,5.7831709405800985e-05,0.09955709609089158,1.1277931372913388e-05,0.09936452917388805,2.5599549435163413e-06,0.0991719622568843,2.7594319521020303e-06,0.0,0.0,0.0,0.0,0.0,0.0,0.0,0.0,0.0,0.0,1.0,1.0,1.0,1.0,1.0
64,14:43:33,0,0.09994222992489887,1382304.0,0.09994222992489887,0.09994222992489887,0.0011258909577836337,0.09974966300789534,5.7831709405800985e-05,0.09955709609089158,1.1277931372913388e-05,0.09936452917388805,2.5599549435163413e-06,0.0991719622568843,2.7594319521020303e-06,0.0,0.0,0.0,0.0,0.0,0.0,0.0,0.0,0.0,0.0,1.0,1.0,1.0,1.0,1.0
64,14:43:36,0,0.09994222992489887,85680.0,0.09994222992489887,0.09994222992489887,0.0011257413500271945,0.09974966300789534,5.7831709405800985e-05,0.09955709609089158,1.1277931372913388e-05,0.09936452917388805,2.5599549435163413e-06,0.0991719622568843,2.7594319521020303e-06,0.0,0.0,0.0,0.0,0.0,0.0,0.0,0.0,0.0,0.0,1.0,1.0,1.0,1.0,1.0
64,14:43:39,0,0.09994222992489887,45696.0,0.09994222992489887,0.09994222992489887,0.0011255751191867065,0.09974966300789534,5.7831709405800985e-05,0.09955709609089158,1.1178192868620543e-05,0.09936452917388805,2.5599549435163413e-06,0.0991719622568843,2.7594319521020303e-06,0.0,0.0,0.0,0.0,0.0,0.0,0.0,0.0,0.0,0.0,1.0,1.0,1.0,1.0,1.0
64,14:43:42,0,0.09994222992489887,234192.0,0.09994222992489887,0.09994222992489887,0.001125093049749291,0.09974966300789534,5.7831709405800985e-05,0.09955709609089158,1.1178192868620543e-05,0.09936452917388805,2.5599549435163413e-06,0.0991719622568843,2.7594319521020303e-06,0.0,0.0,0.0,0.0,0.0,0.0,0.0,0.0,0.0,0.0,1.0,1.0,1.0,1.0,1.0
64,14:43:45,0,0.09994222992489887,342720.0,0.09994222992489887,0.09994222992489887,0.0011243450109670948,0.09974966300789534,5.7748593985556945e-05,0.09955709609089158,1.1178192868620543e-05,0.09936452917388805,2.5599549435163413e-06,0.0991719622568843,2.7760550361508374e-06,0.0,0.0,0.0,0.0,0.0,0.0,0.0,0.0,0.0,0.0,1.0,1.0,1.0,1.0,1.0
64,14:43:48,0,0.09994222992489887,245616.0,0.09994222992489887,0.09994222992489887,0.0011245112418075828,0.09974966300789534,5.7748593985556945e-05,0.09955709609089158,1.1178192868620543e-05,0.09936452917388805,2.5599549435163413e-06,0.0991719622568843,2.7760550361508374e-06,0.0,0.0,0.0,0.0,0.0,0.0,0.0,0.0,0.0,0.0,1.0,1.0,1.0,1.0,1.0
64,14:43:51,0,0.09994222992489887,68544.0,0.09994222992489887,0.09994222992489887,0.0011248603265726076,0.09974966300789534,5.7748593985556945e-05,0.09955709609089158,1.1028585112181276e-05,0.09936452917388805,2.5599549435163413e-06,0.0991719622568843,2.8093012042484526e-06,0.0,0.0,0.0,0.0,0.0,0.0,0.0,0.0,0.0,0.0,1.0,1.0,1.0,1.0,1.0
64,14:43:54,0,0.09994222992489887,788256.0,0.09994222992489887,0.09994222992489887,0.0011228655564867508,0.09974966300789534,5.7748593985556945e-05,0.09955709609089158,1.1028585112181276e-05,0.09936452917388805,2.5599549435163413e-06,0.0991719622568843,2.8093012042484526e-06,0.0,0.0,0.0,0.0,0.0,0.0,0.0,0.0,0.0,0.0,1.0,1.0,1.0,1.0,1.0
64,14:43:57,0,0.09994222992489887,74256.0,0.09994222992489887,0.09994222992489887,0.0011225497178898234,0.09974966300789534,5.7748593985556945e-05,0.09955709609089158,1.1028585112181276e-05,0.09936452917388805,2.5599549435163413e-06,0.0991719622568843,2.8093012042484526e-06,0.0,0.0,0.0,0.0,0.0,0.0,0.0,0.0,0.0,0.0,1.0,1.0,1.0,1.0,1.0
64,14:44:00,0,0.09994222992489887,51408.0,0.09994222992489887,0.09994222992489887,0.0011223169947131401,0.09974966300789534,5.7748593985556945e-05,0.09955709609089158,1.1028585112181276e-05,0.09936452917388805,2.5599549435163413e-06,0.0991719622568843,2.8093012042484526e-06,0.0,0.0,0.0,0.0,0.0,0.0,0.0,0.0,0.0,0.0,1.0,1.0,1.0,1.0,1.0
64,14:44:03,0,0.09994222992489887,11424.0,0.09994222992489887,0.09994222992489887,0.0011220676484524081,0.09974966300789534,5.773197090150814e-05,0.09955709609089158,1.1028585112181276e-05,0.09936452917388805,2.5599549435163413e-06,0.0991719622568843,2.8093012042484526e-06,0.0,0.0,0.0,0.0,0.0,0.0,0.0,0.0,0.0,0.0,1.0,1.0,1.0,1.0,1.0
64,14:44:06,0,0.09994222992489887,668304.0,0.09994222992489887,0.09994222992489887,0.0011209871479892356,0.09974966300789534,5.771534781745933e-05,0.09955709609089158,1.1028585112181276e-05,0.09936452917388805,2.5599549435163413e-06,0.0991719622568843,2.8093012042484526e-06,0.0,0.0,0.0,0.0,0.0,0.0,0.0,0.0,0.0,0.0,1.0,1.0,1.0,1.0,1.0
64,14:44:09,0,0.09994222992489887,34272.0,0.09994222992489887,0.09994222992489887,0.0011214858405106999,0.09974966300789534,5.771534781745933e-05,0.09955709609089158,1.1095077448376506e-05,0.09936452917388805,2.5599549435163413e-06,0.0991719622568843,2.8093012042484526e-06,0.0,0.0,0.0,0.0,0.0,0.0,0.0,0.0,0.0,0.0,1.0,1.0,1.0,1.0,1.0
64,14:44:12,0,0.09994222992489887,102816.0,0.09994222992489887,0.09994222992489887,0.0011228655564867508,0.09974966300789534,5.771534781745933e-05,0.09955709609089158,1.1095077448376506e-05,0.09936452917388805,2.5599549435163413e-06,0.0991719622568843,2.8093012042484526e-06,0.0,0.0,0.0,0.0,0.0,0.0,0.0,0.0,0.0,0.0,1.0,1.0,1.0,1.0,1.0
64,14:44:15,0,0.09994222992489887,257040.0,0.09994222992489887,0.09994222992489887,0.0011224333563014817,0.09974966300789534,5.771534781745933e-05,0.09955709609089158,1.1095077448376506e-05,0.09936452917388805,2.5599549435163413e-06,0.0991719622568843,2.8093012042484526e-06,0.0,0.0,0.0,0.0,0.0,0.0,0.0,0.0,0.0,0.0,1.0,1.0,1.0,1.0,1.0
64,14:44:18,0,0.09994222992489887,14594160.0,0.09994222992489887,0.09994222992489887,0.0010790471069340945,0.09974966300789534,5.769872473341052e-05,0.09955709609089158,1.1095077448376506e-05,0.09936452917388805,2.5599549435163413e-06,0.0991719622568843,2.8093012042484526e-06,0.0,0.0,0.0,0.0,0.0,0.0,0.0,0.0,0.0,0.0,1.0,1.0,1.0,1.0,1.0
64,14:44:21,0,0.09994222992489887,514080.0,0.09994222992489887,0.09994222992489887,0.0010776175217058971,0.09974966300789534,5.769872473341052e-05,0.09955709609089158,1.1095077448376506e-05,0.09936452917388805,2.5599549435163413e-06,0.0991719622568843,2.8093012042484526e-06,0.0,0.0,0.0,0.0,0.0,0.0,0.0,0.0,0.0,0.0,1.0,1.0,1.0,1.0,1.0
64,14:44:24,0,0.09994222992489887,1256640.0,0.09994222992489887,0.09994222992489887,0.001065881624367439,0.09974966300789534,5.769872473341052e-05,0.09955709609089158,1.1095077448376506e-05,0.09936452917388805,2.5599549435163413e-06,0.0991719622568843,2.8093012042484526e-06,0.0,0.0,0.0,0.0,0.0,0.0,0.0,0.0,0.0,0.0,1.0,1.0,1.0,1.0,1.0
64,14:44:27,0,0.09994222992489887,4061232.0,0.09994222992489887,0.09994222992489887,0.001053281326658443,0.09974966300789534,5.769872473341052e-05,0.09955709609089158,1.0779238851449166e-05,0.09936452917388805,2.5599549435163413e-06,0.0991719622568843,2.8093012042484526e-06,0.0,0.0,0.0,0.0,0.0,0.0,0.0,0.0,0.0,0.0,1.0,1.0,1.0,1.0,1.0
64,14:44:30,0,0.09994222992489887,399840.0,0.09994222992489887,0.09994222992489887,0.0010574537207546936,0.09974966300789534,5.769872473341052e-05,0.09955709609089158,1.0779238851449166e-05,0.09936452917388805,2.5599549435163413e-06,0.0991719622568843,2.8093012042484526e-06,0.0,0.0,0.0,0.0,0.0,0.0,0.0,0.0,0.0,0.0,1.0,1.0,1.0,1.0,1.0
64,14:44:33,0,0.09994222992489887,205632.0,0.09994222992489887,0.09994222992489887,0.0010254115626347339,0.09974966300789534,5.769872473341052e-05,0.09955709609089158,1.0779238851449166e-05,0.09936452917388805,2.5433318594675337e-06,0.0991719622568843,2.8093012042484526e-06,0.0,0.0,0.0,0.0,0.0,0.0,0.0,0.0,0.0,0.0,1.0,1.0,1.0,1.0,1.0
64,14:44:36,0,0.09994222992489887,371280.0,0.09994222992489887,0.09994222992489887,0.0009348822469049287,0.09974966300789534,5.769872473341052e-05,0.09955709609089158,1.0779238851449166e-05,0.09936452917388805,2.5433318594675337e-06,0.0991719622568843,2.8093012042484526e-06,0.0,0.0,0.0,0.0,0.0,0.0,0.0,0.0,0.0,0.0,1.0,1.0,1.0,1.0,1.0
64,14:44:39,0,0.09994222992489887,217056.0,0.09994222992489887,0.09994222992489887,0.0007691833451064165,0.09974966300789534,5.769872473341052e-05,0.09955709609089158,1.0779238851449166e-05,0.09936452917388805,2.5433318594675337e-06,0.0991719622568843,2.8093012042484526e-06,0.0,0.0,0.0,0.0,0.0,0.0,0.0,0.0,0.0,0.0,1.0,1.0,1.0,1.0,1.0
64,14:44:42,0,0.09994222992489887,913920.0,0.09994222992489887,0.09994222992489887,0.0007628333269997721,0.09974966300789534,5.769872473341052e-05,0.09955709609089158,1.0779238851449166e-05,0.09936452917388805,2.5433318594675337e-06,0.0991719622568843,2.8093012042484526e-06,0.0,0.0,0.0,0.0,0.0,0.0,0.0,0.0,0.0,0.0,1.0,1.0,1.0,1.0,1.0
64,14:44:45,0,0.09994222992489887,2650368.0,0.09994222992489887,0.09994222992489887,0.0007453957118325731,0.09974966300789534,5.771534781745933e-05,0.09955709609089158,1.0779238851449166e-05,0.09936452917388805,2.5433318594675337e-06,0.0991719622568843,2.8093012042484526e-06,0.0,0.0,0.0,0.0,0.0,0.0,0.0,0.0,0.0,0.0,1.0,1.0,1.0,1.0,1.0
64,14:44:48,0,0.09994222992489887,8413776.0,0.09994222992489887,0.09994222992489887,0.0007185161849256515,0.09974966300789534,5.771534781745933e-05,0.09955709609089158,1.0779238851449166e-05,0.09936452917388805,2.5433318594675337e-06,0.0991719622568843,2.8093012042484526e-06,0.0,0.0,0.0,0.0,0.0,0.0,0.0,0.0,0.0,0.0,1.0,1.0,1.0,1.0,1.0
64,14:44:51,0,0.09994222992489887,1279488.0,0.09994222992489887,0.09994222992489887,0.000717186338201747,0.09974966300789534,5.771534781745933e-05,0.09955709609089158,1.0729369599302744e-05,0.09936452917388805,2.5433318594675337e-06,0.0991719622568843,2.8093012042484526e-06,0.0,0.0,0.0,0.0,0.0,0.0,0.0,0.0,0.0,0.0,1.0,1.0,1.0,1.0,1.0
64,14:44:54,0,0.09994222992489887,4723824.0,0.09994222992489887,0.09994222992489887,0.0006551988577837441,0.09974966300789534,5.771534781745933e-05,0.09955709609089158,1.0729369599302744e-05,0.09936452917388805,2.5433318594675337e-06,0.0991719622568843,2.8093012042484526e-06,0.0,0.0,0.0,0.0,0.0,0.0,0.0,0.0,0.0,0.0,1.0,1.0,1.0,1.0,1.0
64,14:44:57,0,0.09994222992489887,6763008.0,0.09994222992489887,0.09994222992489887,0.0004680561775622703,0.09974966300789534,5.771534781745933e-05,0.09955709609089158,1.0729369599302744e-05,0.09936452917388805,2.5433318594675337e-06,0.0991719622568843,2.8093012042484526e-06,0.0,0.0,0.0,0.0,0.0,0.0,0.0,0.0,0.0,0.0,1.0,1.0,1.0,1.0,1.0
64,14:45:00,0,0.09994222992489887,3467184.0,0.09994222992489887,0.09994222992489887,0.0004568189727452765,0.09974966300789534,5.746600155672722e-05,0.09955709609089158,1.0629631095009899e-05,0.09936452917388805,2.5433318594675337e-06,0.0991719622568843,2.8093012042484526e-06,0.0,0.0,0.0,0.0,0.0,0.0,0.0,0.0,0.0,0.0,1.0,1.0,1.0,1.0,1.0
64,14:45:03,0,0.09994222992489887,7242816.0,0.09994222992489887,0.09994222992489887,0.0004313524079825035,0.09974966300789534,5.7449378472678414e-05,0.09955709609089158,1.0629631095009899e-05,0.09936452917388805,2.5433318594675337e-06,0.0991719622568843,2.8093012042484526e-06,0.0,0.0,0.0,0.0,0.0,0.0,0.0,0.0,0.0,0.0,1.0,1.0,1.0,1.0,1.0
64,14:45:06,0,0.09994222992489887,7488432.0,0.09994222992489887,0.09994222992489887,0.0004098255141392979,0.09974966300789534,5.7449378472678414e-05,0.09955709609089158,1.0895600439790817e-05,0.09936452917388805,2.5433318594675337e-06,0.0991719622568843,2.8093012042484526e-06,0.0,0.0,0.0,0.0,0.0,0.0,0.0,0.0,0.0,0.0,1.0,1.0,1.0,1.0,1.0
64,14:45:09,0,0.09994222992489887,1507968.0,0.09994222992489887,0.09994222992489887,0.00040437314257128906,0.09974966300789534,5.7449378472678414e-05,0.09955709609089158,1.0895600439790817e-05,0.09936452917388805,2.5433318594675337e-06,0.0991719622568843,2.8093012042484526e-06,0.0,0.0,0.0,0.0,0.0,0.0,0.0,0.0,0.0,0.0,1.0,1.0,1.0,1.0,1.0
64,14:45:12,0,0.09994222992489887,2204832.0,0.09994222992489887,0.09994222992489887,0.0003920886834592204,0.09974966300789534,5.7449378472678414e-05,0.09955709609089158,1.0895600439790817e-05,0.09936452917388805,2.5433318594675337e-06,0.0991719622568843,2.8093012042484526e-06,0.0,0.0,0.0,0.0,0.0,0.0,0.0,0.0,0.0,0.0,1.0,1.0,1.0,1.0,1.0
64,14:45:15,0,0.09994222992489887,1832410.0,0.09994222992489887,0.09994222992489887,0.0003869720981889975,0.09974966300789534,5.7449378472678414e-05,0.09955709609089158,1.0895600439790817e-05,0.09936452917388805,2.5433318594675337e-06,0.0991719622568843,2.8093012042484526e-06,0.0,0.0,0.0,0.0,0.0,0.0,0.0,0.0,0.0,0.0,1.0,1.0,1.0,1.0,1.0
64,14:45:18,0,0.09994222992489887,1033758.0,0.09994222992489887,0.09994222992489887,0.00037463810228646337,0.09974966300789534,5.728314763219034e-05,0.09955709609089158,1.0629631095009899e-05,0.09936452917388805,2.5433318594675337e-06,0.0991719622568843,2.8093012042484526e-06,0.0,0.0,0.0,0.0,0.0,0.0,0.0,0.0,0.0,0.0,1.0,1.0,1.0,1.0,1.0
64,14:45:21,0,0.09994222992489887,2084880.0,0.09994222992489887,0.09994222992489887,0.0003700833772570901,0.09974966300789534,5.728314763219034e-05,0.09955709609089158,1.0629631095009899e-05,0.09936452917388805,2.5433318594675337e-06,0.0991719622568843,2.8093012042484526e-06,0.0,0.0,0.0,0.0,0.0,0.0,0.0,0.0,0.0,0.0,1.0,1.0,1.0,1.0,1.0
64,14:45:24,0,0.09994222992489887,1496544.0,0.09994222992489887,0.09994222992489887,0.00036559514456391214,0.09974966300789534,5.728314763219034e-05,0.09955709609089158,1.0629631095009899e-05,0.09936452917388805,4.322001852689927e-06,0.0991719622568843,2.8093012042484526e-06,0.0,0.0,0.0,0.0,0.0,0.0,0.0,0.0,0.0,0.0,1.0,1.0,1.0,1.0,1.0
64,14:45:27,0,0.09994222992489887,2039184.0,0.09994222992489887,0.09994222992489887,0.0003598768036511224,0.09974966300789534,5.728314763219034e-05,0.09955709609089158,1.0629631095009899e-05,0.09936452917388805,4.322001852689927e-06,0.0991719622568843,2.8093012042484526e-06,0.0,0.0,0.0,0.0,0.0,0.0,0.0,0.0,0.0,0.0,1.0,1.0,1.0,1.0,1.0
64,14:45:30,0,0.09994222992489887,1199520.0,0.09994222992489887,0.09994222992489887,0.00035636933291682403,0.09974966300789534,5.728314763219034e-05,0.09955709609089158,1.0629631095009899e-05,0.09936452917388805,4.322001852689927e-06,0.0991719622568843,2.8259242882972598e-06,0.0,0.0,0.0,0.0,0.0,0.0,0.0,0.0,0.0,0.0,1.0,1.0,1.0,1.0,1.0
64,14:45:33,0,0.09994222992489887,1479408.0,0.09994222992489887,0.09994222992489887,0.0003503683995752045,0.09974966300789534,5.729977071623914e-05,0.09955709609089158,1.0629631095009899e-05,0.09936452917388805,4.322001852689927e-06,0.0991719622568843,2.8259242882972598e-06,0.0,0.0,0.0,0.0,0.0,0.0,0.0,0.0,0.0,0.0,1.0,1.0,1.0,1.0,1.0
64,14:45:36,0,0.09994222992489887,742560.0,0.09994222992489887,0.09994222992489887,0.0003482073986488596,0.09974966300789534,5.729977071623914e-05,0.09955709609089158,1.0629631095009899e-05,0.09936452917388805,4.322001852689927e-06,0.0991719622568843,2.8259242882972598e-06,0.0,0.0,0.0,0.0,0.0,0.0,0.0,0.0,0.0,0.0,1.0,1.0,1.0,1.0,1.0
64,14:45:39,0,0.09994222992489887,6494544.0,0.09994222992489887,0.09994222992489887,0.0003210619023971571,0.09974966300789534,5.729977071623914e-05,0.09955709609089158,1.0629631095009899e-05,0.09936452917388805,4.322001852689927e-06,0.0991719622568843,2.8259242882972598e-06,0.0,0.0,0.0,0.0,0.0,0.0,0.0,0.0,0.0,0.0,1.0,1.0,1.0,1.0,1.0
64,14:45:42,0,0.09994222992489887,6985776.0,0.09994222992489887,0.09994222992489887,0.00029207124381603694,0.09974966300789534,5.5005785117503724e-05,0.09955709609089158,1.0629631095009899e-05,0.09936452917388805,4.322001852689927e-06,0.0991719622568843,2.8093012042484526e-06,0.0,0.0,0.0,0.0,0.0,0.0,0.0,0.0,0.0,0.0,1.0,1.0,1.0,1.0,1.0
64,14:45:45,0,0.09994222992489887,7996800.0,0.09994222992489887,0.09994222992489887,0.00026828361054219354,0.09974966300789534,5.297776886354922e-05,0.09955709609089158,1.0629631095009899e-05,0.09936452917388805,4.322001852689927e-06,0.0991719622568843,2.8093012042484526e-06,0.0,0.0,0.0,0.0,0.0,0.0,0.0,0.0,0.0,0.0,1.0,1.0,1.0,1.0,1.0
64,14:45:48,0,0.09994222992489887,6985776.0,0.09994222992489887,0.09994222992489887,0.0002487847329529424,0.09974966300789534,5.1315460458668474e-05,0.09955709609089158,1.0629631095009899e-05,0.09936452917388805,4.322001852689927e-06,0.0991719622568843,2.8093012042484526e-06,0.0,0.0,0.0,0.0,0.0,0.0,0.0,0.0,0.0,0.0,1.0,1.0,1.0,1.0,1.0
64,14:45:51,0,0.09994222992489887,4541040.0,0.09994222992489887,0.09994222992489887,0.0002356358734703358,0.09974966300789534,4.9919121398568655e-05,0.09955709609089158,1.0629631095009899e-05,0.09936452917388805,4.338624936738734e-06,0.0991719622568843,2.8093012042484526e-06,0.0,0.0,0.0,0.0,0.0,0.0,0.0,0.0,0.0,0.0,1.0,1.0,1.0,1.0,1.0
64,14:45:54,0,0.09994222992489887,5614896.0,0.09994222992489887,0.09994222992489887,0.00021914577409391884,0.09974966300789534,4.9038097943981864e-05,0.09955709609089158,1.0629631095009899e-05,0.09936452917388805,4.338624936738734e-06,0.0991719622568843,2.144377842296156e-06,0.0,0.0,0.0,0.0,0.0,0.0,0.0,0.0,0.0,0.0,1.0,1.0,1.0,1.0,1.0
64,14:45:57,0,0.09994222992489887,5980464.0,0.09994222992489887,0.09994222992489887,0.0002008936278083283,0.09974966300789534,4.7874482060565344e-05,0.09955709609089158,1.0629631095009899e-05,0.09936452917388805,4.338624936738734e-06,0.0991719622568843,2.144377842296156e-06,0.0,0.0,0.0,0.0,0.0,0.0,0.0,0.0,0.0,0.0,1.0,1.0,1.0,1.0,1.0
64,14:46:00,0,0.09994222992489887,4181184.0,0.09994222992489887,0.09994222992489887,0.00018884189187294293,0.09974966300789534,4.664437384095359e-05,0.09955709609089158,1.0563138758814669e-05,0.09936452917388805,4.338624936738734e-06,0.0991719622568843,2.144377842296156e-06,0.0,0.0,0.0,0.0,0.0,0.0,0.0,0.0,0.0,0.0,1.0,1.0,1.0,1.0,1.0
64,14:46:03,0,0.09994222992489887,1707888.0,0.09994222992489887,0.09994222992489887,0.00018330640488469006,0.09974966300789534,4.5813219638513225e-05,0.09955709609089158,1.0563138758814669e-05,0.09936452917388805,4.338624936738734e-06,0.0991719622568843,2.144377842296156e-06,0.0,0.0,0.0,0.0,0.0,0.0,0.0,0.0,0.0,0.0,1.0,1.0,1.0,1.0,1.0
64,14:46:06,0,0.09994222992489887,9459072.0,0.09994222992489887,0.09994222992489887,0.00015777334778572187,0.09974966300789534,4.5497381041585886e-05,0.09955709609089158,1.0613008010961091e-05,0.09936452917388805,4.30537876864112e-06,0.0991719622568843,2.144377842296156e-06,0.0,0.0,0.0,0.0,0.0,0.0,0.0,0.0,0.0,0.0,1.0,1.0,1.0,1.0,1.0
64,14:46:09,0,0.09994222992489887,7191408.0,0.09994222992489887,0.09994222992489887,0.00013352026815851187,0.09974966300789534,4.3269887779045694e-05,0.09955709609089158,1.0613008010961091e-05,0.09936452917388805,4.30537876864112e-06,0.0991719622568843,2.144377842296156e-06,0.0,0.0,0.0,0.0,0.0,0.0,0.0,0.0,0.0,0.0,1.0,1.0,1.0,1.0,1.0
64,14:46:12,0,0.09994222992489887,8219568.0,0.09994222992489887,0.09994222992489887,0.0001116110433821837,0.09974966300789534,4.157433320606734e-05,0.09955709609089158,1.0646254179058707e-05,0.09936452917388805,4.637840449617268e-06,0.0991719622568843,2.144377842296156e-06,0.0,0.0,0.0,0.0,0.0,0.0,0.0,0.0,0.0,0.0,1.0,1.0,1.0,1.0,1.0
64,14:46:15,0,0.09994222992489887,21939792.0,0.09994222992489887,0.09994222992489887,4.749580820593351e-05,0.09974966300789534,4.0028386389528246e-05,0.09955709609089158,1.0646254179058707e-05,0.09936452917388805,4.637840449617268e-06,0.0991719622568843,2.144377842296156e-06,0.0,0.0,0.0,0.0,0.0,0.0,0.0,0.0,0.0,0.0,1.0,1.0,1.0,1.0,1.0
64,14:46:18,0,0.09994222992489887,18546513.0,0.099845946466397,0.09974966300789534,2.7897192112389572e-05,0.09955709609089158,1.0613008010961091e-05,0.09936452917388805,4.637840449617268e-06,0.0991719622568843,2.144377842296156e-06,0.09897939533988054,9.691258000454721e-06,0.09994222992489887,3.811673172391539e-05,0.0,0.0,0.0,0.0,0.0,0.0,0.0,0.0,1.0,1.0,1.0,1.0,1.0
64,14:46:21,0,0.09974966300789534,16873097.0,0.099845946466397,0.09974966300789534,3.0191177711124997e-05,0.09955709609089158,1.0629631095009899e-05,0.09936452917388805,4.637840449617268e-06,0.0991719622568843,2.144377842296156e-06,0.09897939533988054,9.691258000454721e-06,0.09994222992489887,2.8192750546777368e-05,0.0,0.0,0.0,0.0,0.0,0.0,0.0,0.0,1.0,1.0,1.0,1.0,1.0
64,14:46:24,0,0.09974966300789534,8670698.0,0.099845946466397,0.09974966300789534,2.8229653793365722e-05,0.09955709609089158,1.2242070247744217e-05,0.09936452917388805,4.637840449617268e-06,0.0991719622568843,2.144377842296156e-06,0.09897939533988054,9.691258000454721e-06,0.09994222992489887,1.1336943321286653e-05,0.0,0.0,0.0,0.0,0.0,0.0,0.0,0.0,1.0,1.0,1.0,1.0,1.0
64,14:46:27,0,0.09994222992489887,2947206.0,0.099845946466397,0.09974966300789534,6.310488412776367e-05,0.09955709609089158,1.2242070247744217e-05,0.09936452917388805,4.62121736556846e-06,0.0991719622568843,2.144377842296156e-06,0.09897939533988054,9.691258000454721e-06,0.09994222992489887,1.4395590786267218e-05,0.0,0.0,0.0,0.0,0.0,0.0,0.0,0.0,1.0,1.0,1.0,1.0,1.0
64,14:46:30,0,0.09994222992489887,5626279.0,0.099845946466397,0.09974966300789534,3.5327710682206486e-05,0.09955709609089158,1.2242070247744217e-05,0.09936452917388805,4.62121736556846e-06,0.0991719622568843,2.144377842296156e-06,0.09897939533988054,9.691258000454721e-06,0.09994222992489887,1.3630928920022078e-06,0.0,0.0,0.0,0.0,0.0,0.0,0.0,0.0,1.0,1.0,1.0,1.0,1.0
64,14:46:33,0,0.09994222992489887,1193671.0,0.099845946466397,0.09974966300789534,2.507126782409231e-05,0.09955709609089158,1.0795861935497972e-05,0.09936452917388805,4.62121736556846e-06,0.0991719622568843,2.144377842296156e-06,0.09897939533988054,9.691258000454721e-06,0.09994222992489887,2.510085691369919e-06,0.0,0.0,0.0,0.0,0.0,0.0,0.0,0.0,1.0,1.0,1.0,1.0,1.0
64,14:46:36,0,0.09994222992489887,1982048.0,0.099845946466397,0.09974966300789534,5.0105632401596275e-05,0.09955709609089158,1.0795861935497972e-05,0.09936452917388805,4.62121736556846e-06,0.0991719622568843,2.144377842296156e-06,0.09897939533988054,9.691258000454721e-06,0.09994222992489887,8.810234545867927e-07,0.0,0.0,0.0,0.0,0.0,0.0,0.0,0.0,1.0,1.0,1.0,1.0,1.0
64,14:46:39,0,0.09994222992489887,719673.0,0.099845946466397,0.09974966300789534,2.5204252496482772e-05,0.09955709609089158,1.074599268335155e-05,0.09936452917388805,4.62121736556846e-06,0.0991719622568843,2.144377842296156e-06,0.09897939533988054,9.691258000454721e-06,0.09994222992489887,2.8591704563948745e-06,0.0,0.0,0.0,0.0,0.0,0.0,0.0,0.0,1.0,1.0,1.0,1.0,1.0
64,14:46:42,0,0.09994222992489887,862485.0,0.099845946466397,0.09974966300789534,4.799450072739773e-05,0.09955709609089158,1.0829108103595588e-05,0.09936452917388805,4.62121736556846e-06,0.0991719622568843,2.144377842296156e-06,0.09897939533988054,9.691258000454721e-06,0.09994222992489887,6.5827412833277344e-06,0.0,0.0,0.0,0.0,0.0,0.0,0.0,0.0,1.0,1.0,1.0,1.0,1.0
64,14:46:45,0,0.09994222992489887,2907368.0,0.099845946466397,0.09974966300789534,2.5370483336970846e-05,0.09955709609089158,1.0829108103595588e-05,0.09936452917388805,4.62121736556846e-06,0.0991719622568843,2.144377842296156e-06,0.09897939533988054,9.691258000454721e-06,0.09994222992489887,4.371871104836349e-06,0.0,0.0,0.0,0.0,0.0,0.0,0.0,0.0,1.0,1.0,1.0,1.0,1.0
64,14:46:48,0,0.09994222992489887,2195145.0,0.099845946466397,0.09974966300789534,4.2320709679858785e-05,0.09955709609089158,1.0829108103595588e-05,0.09936452917388805,4.604594281519653e-06,0.0991719622568843,2.144377842296156e-06,0.09897939533988054,9.691258000454721e-06,0.09994222992489887,8.47777286489178e-07,0.0,0.0,0.0,0.0,0.0,0.0,0.0,0.0,1.0,1.0,1.0,1.0,1.0
64,14:46:51,0,0.09994222992489887,1610725.0,0.099845946466397,0.09974966300789534,2.5764117967246607e-05,0.09955709609089158,1.0995338944083662e-05,0.09936452917388805,4.604594281519653e-06,0.0991719622568843,2.144377842296156e-06,0.09897939533988054,9.691258000454721e-06,0.09994222992489887,4.371871104836349e-06,0.0,0.0,0.0,0.0,0.0,0.0,0.0,0.0,1.0,1.0,1.0,1.0,1.0
64,14:46:54,0,0.09994222992489887,2163439.0,0.09994222992489887,0.09994222992489887,9.807619588796372e-07,0.09974966300789534,4.1759514362371046e-05,0.09955709609089158,1.0995338944083662e-05,0.09936452917388805,4.604594281519653e-06,0.0991719622568843,2.144377842296156e-06,0.0,0.0,0.0,0.0,0.0,0.0,0.0,0.0,0.0,0.0,1.0,1.0,1.0,1.0,1.0
64,14:46:57,0,0.09994222992489887,577597.0,0.09994222992489887,0.09994222992489887,1.893036811478188e-06,0.09974966300789534,2.5286038070002905e-05,0.09955709609089158,1.0995338944083662e-05,0.09936452917388805,4.604594281519653e-06,0.0991719622568843,2.144377842296156e-06,0.0,0.0,0.0,0.0,0.0,0.0,0.0,0.0,0.0,0.0,1.0,1.0,1.0,1.0,1.0
64,14:47:00,0,0.09994222992489887,1119547.0,0.099845946466397,0.09974966300789534,2.174332639752107e-05,0.09955709609089158,1.101196202813247e-05,0.09936452917388805,4.604594281519653e-06,0.0991719622568843,2.144377842296156e-06,0.09897939533988054,9.691258000454721e-06,0.09994222992489887,3.8731785833721265e-06,0.0,0.0,0.0,0.0,0.0,0.0,0.0,0.0,1.0,1.0,1.0,1.0,1.0
64,14:47:03,0,0.09994222992489887,2170555.0,0.09994222992489887,0.09994222992489887,9.142696226844076e-07,0.09974966300789534,4.230608136589584e-05,0.09955709609089158,1.1061831280278892e-05,0.09936452917388805,2.8259242882972598e-06,0.0991719622568843,2.144377842296156e-06,0.0,0.0,0.0,0.0,0.0,0.0,0.0,0.0,0.0,0.0,1.0,1.0,1.0,1.0,1.0
64,14:47:06,0,0.09994222992489887,879534.0,0.09994222992489887,0.09994222992489887,2.111464135879517e-06,0.09974966300789534,2.3305896298108966e-05,0.09955709609089158,1.1061831280278892e-05,0.09936452917388805,2.8259242882972598e-06,0.0991719622568843,2.144377842296156e-06,0.0,0.0,0.0,0.0,0.0,0.0,0.0,0.0,0.0,0.0,1.0,1.0,1.0,1.0,1.0
64,14:47:09,0,0.09994222992489887,1062432.0,0.09994222992489887,0.09994222992489887,3.940003381248332e-06,0.09974966300789534,2.239162667542456e-05,0.09955709609089158,1.1078454364327698e-05,0.09936452917388805,2.792678120199645e-06,0.0991719622568843,2.144377842296156e-06,0.0,0.0,0.0,0.0,0.0,0.0,0.0,0.0,0.0,0.0,1.0,1.0,1.0,1.0,1.0
64,14:47:12,0,0.09994222992489887,839664.0,0.09994222992489887,0.09994222992489887,3.873511045053103e-06,0.09974966300789534,2.2458119011619787e-05,0.09955709609089158,1.1161569784571737e-05,0.09936452917388805,2.875793540443682e-06,0.0991719622568843,2.144377842296156e-06,0.0,0.0,0.0,0.0,0.0,0.0,0.0,0.0,0.0,0.0,1.0,1.0,1.0,1.0,1.0
64,14:47:15,0,0.09994222992489887,3335922.0,0.099845946466397,0.09974966300789534,2.2341757423278135e-05,0.09955709609089158,1.1161569784571737e-05,0.09936452917388805,2.992155128785334e-06,0.0991719622568843,2.144377842296156e-06,0.09897939533988054,9.691258000454721e-06,0.09994222992489887,1.5954836070045354e-06,0.0,0.0,0.0,0.0,0.0,0.0,0.0,0.0,1.0,1.0,1.0,1.0,1.0
64,14:47:18,0,0.09994222992489887,1039570.0,0.099845946466397,0.09974966300789534,4.3719043510044464e-05,0.09955709609089158,1.1161569784571737e-05,0.09936452917388805,2.992155128785334e-06,0.0991719622568843,2.144377842296156e-06,0.09897939533988054,9.691258000454721e-06,0.09994222992489887,5.751254619206388e-06,0.0,0.0,0.0,0.0,0.0,0.0,0.0,0.0,1.0,1.0,1.0,1.0,1.0
64,14:47:21,0,0.09994222992489887,748268.0,0.099845946466397,0.09974966300789534,4.408475135911823e-05,0.09955709609089158,1.1161569784571737e-05,0.09936452917388805,2.992155128785334e-06,0.0991719622568843,2.144377842296156e-06,0.09897939533988054,9.691258000454721e-06,0.09994222992489887,5.6515161149135435e-06,0.0,0.0,0.0,0.0,0.0,0.0,0.0,0.0,1.0,1.0,1.0,1.0,1.0
64,14:47:24,0,0.09994222992489887,1536316.0,0.099845946466397,0.09974966300789534,4.0577280624819865e-05,0.09955709609089158,1.1211439036718157e-05,0.09936452917388805,2.992155128785334e-06,0.0991719622568843,2.144377842296156e-06,0.09897939533988054,9.691258000454721e-06,0.09994222992489887,9.391710025895211e-06,0.0,0.0,0.0,0.0,0.0,0.0,0.0,0.0,1.0,1.0,1.0,1.0,1.0
64,14:47:27,0,0.09994222992489887,891001.0,0.099845946466397,0.09974966300789534,3.9762749506428306e-05,0.09955709609089158,1.1211439036718157e-05,0.09936452917388805,2.992155128785334e-06,0.0991719622568843,2.144377842296156e-06,0.09897939533988054,9.691258000454721e-06,0.09994222992489887,8.826525168235759e-06,0.0,0.0,0.0,0.0,0.0,0.0,0.0,0.0,1.0,1.0,1.0,1.0,1.0
64,14:47:30,0,0.09994222992489887,856755.0,0.099845946466397,0.09974966300789534,4.0959611557942435e-05,0.09955709609089158,1.1211439036718157e-05,0.09936452917388805,2.992155128785334e-06,0.0991719622568843,2.144377842296156e-06,0.09897939533988054,9.707881084503527e-06,0.09994222992489887,7.845763209356122e-06,0.0,0.0,0.0,0.0,0.0,0.0,0.0,0.0,1.0,1.0,1.0,1.0,1.0
64,14:47:33,0,0.09994222992489887,1188060.0,0.099845946466397,0.09974966300789534,4.056065754077106e-05,0.09955709609089158,1.126130828886458e-05,0.09936452917388805,2.992155128785334e-06,0.0991719622568843,2.144377842296156e-06,0.09897939533988054,9.707881084503527e-06,0.09994222992489887,9.890402547359433e-06,0.0,0.0,0.0,0.0,0.0,0.0,0.0,0.0,1.0,1.0,1.0,1.0,1.0
64,14:47:36,0,0.09994222992489887,1325151.0,0.099845946466397,0.09974966300789534,4.0178326607648486e-05,0.09955709609089158,1.132780062505981e-05,0.09936452917388805,2.992155128785334e-06,0.0991719622568843,2.144377842296156e-06,0.09897939533988054,9.707881084503527e-06,0.09994222992489887,8.444194235113188e-06,0.0,0.0,0.0,0.0,0.0,0.0,0.0,0.0,1.0,1.0,1.0,1.0,1.0
64,14:47:39,0,0.09994222992489887,7818505.0,0.099845946466397,0.09974966300789534,2.1876311069911527e-05,0.09955709609089158,1.132780062505981e-05,0.09936452917388805,2.992155128785334e-06,0.0991719622568843,2.144377842296156e-06,0.09897939533988054,9.707881084503527e-06,0.09994222992489887,8.261340310576307e-06,0.0,0.0,0.0,0.0,0.0,0.0,0.0,0.0,1.0,1.0,1.0,1.0,1.0
64,14:47:42,0,0.09994222992489887,668295.0,0.099845946466397,0.09974966300789534,2.520092787967301e-05,0.09955709609089158,1.132780062505981e-05,0.09936452917388805,2.992155128785334e-06,0.0991719622568843,2.144377842296156e-06,0.09897939533988054,9.707881084503527e-06,0.09994222992489887,9.574563950432092e-06,0.0,0.0,0.0,0.0,0.0,0.0,0.0,0.0,1.0,1.0,1.0,1.0,1.0
64,14:47:45,0,0.09994222992489887,3684123.0,0.09994222992489887,0.09994222992489887,2.1377618548447307e-05,0.09974966300789534,2.5799358905430076e-05,0.09955709609089158,1.132780062505981e-05,0.09936452917388805,2.875793540443682e-06,0.0991719622568843,2.144377842296156e-06,0.0,0.0,0.0,0.0,0.0,0.0,0.0,0.0,0.0,0.0,1.0,1.0,1.0,1.0,1.0
64,14:47:48,0,0.09994222992489887,536928.0,0.09994222992489887,0.09994222992489887,2.141086471654492e-05,0.09974966300789534,9.392042487576187e-06,0.09955709609089158,1.132780062505981e-05,0.09936452917388805,2.875793540443682e-06,0.0991719622568843,2.144377842296156e-06,0.0,0.0,0.0,0.0,0.0,0.0,0.0,0.0,0.0,0.0,1.0,1.0,1.0,1.0,1.0
64,14:47:51,0,0.09994222992489887,1142400.0,0.09994222992489887,0.09994222992489887,2.0413479673616476e-05,0.09974966300789534,8.27829585630609e-06,0.09955709609089158,1.132780062505981e-05,0.09936452917388805,2.8591704563948745e-06,0.0991719622568843,2.144377842296156e-06,0.0,0.0,0.0,0.0,0.0,0.0,0.0,0.0,0.0,0.0,1.0,1.0,1.0,1.0,1.0
64,14:47:54,0,0.09994222992489887,1930656.0,0.09994222992489887,0.09994222992489887,1.8983894445419038e-05,0.09974966300789534,8.577511369184623e-06,0.09955709609089158,1.139429296125504e-05,0.09936452917388805,2.7760550361508374e-06,0.0991719622568843,2.1610009263449634e-06,0.0,0.0,0.0,0.0,0.0,0.0,0.0,0.0,0.0,0.0,1.0,1.0,1.0,1.0,1.0
64,14:47:57,0,0.09994222992489887,1582224.0,0.09994222992489887,0.09994222992489887,2.1826441817765107e-05,0.09974966300789534,8.710496041575084e-06,0.09955709609089158,1.139429296125504e-05,0.09936452917388805,2.7760550361508374e-06,0.0991719622568843,2.1610009263449634e-06,0.0,0.0,0.0,0.0,0.0,0.0,0.0,0.0,0.0,0.0,1.0,1.0,1.0,1.0,1.0
64,14:48:00,0,0.09994222992489887,405552.0,0.09994222992489887,0.09994222992489887,2.3272650130011353e-05,0.09974966300789534,8.810234545867927e-06,0.09955709609089158,1.1410916045303847e-05,0.09936452917388805,2.7760550361508374e-06,0.0991719622568843,2.1610009263449634e-06,0.0,0.0,0.0,0.0,0.0,0.0,0.0,0.0,0.0,0.0,1.0,1.0,1.0,1.0,1.0
64,14:48:03,0,0.09994222992489887,2102016.0,0.09994222992489887,0.09994222992489887,2.031374116932363e-05,0.09974966300789534,9.009711554453616e-06,0.09955709609089158,1.1228062120766965e-05,0.09936452917388805,2.7760550361508374e-06,0.0991719622568843,2.1610009263449634e-06,0.0,0.0,0.0,0.0,0.0,0.0,0.0,0.0,0.0,0.0,1.0,1.0,1.0,1.0,1.0
64,14:48:06,0,0.09994222992489887,451248.0,0.09994222992489887,0.09994222992489887,2.056308743005574e-05,0.09974966300789534,8.594134453233431e-06,0.09955709609089158,1.1144946700522929e-05,0.09936452917388805,2.7760550361508374e-06,0.0991719622568843,2.1610009263449634e-06,0.0,0.0,0.0,0.0,0.0,0.0,0.0,0.0,0.0,0.0,1.0,1.0,1.0,1.0,1.0
64,14:48:09,0,0.09994222992489887,274176.0,0.09994222992489887,0.09994222992489887,2.111164920366639e-05,0.09974966300789534,9.209188563039306e-06,0.09955709609089158,1.1144946700522929e-05,0.09936452917388805,2.7760550361508374e-06,0.0991719622568843,2.1610009263449634e-06,0.0,0.0,0.0,0.0,0.0,0.0,0.0,0.0,0.0,0.0,1.0,1.0,1.0,1.0,1.0
64,14:48:12,0,0.09994222992489887,628320.0,0.09994222992489887,0.09994222992489887,2.1693457145374646e-05,0.09974966300789534,9.04295772255123e-06,0.09955709609089158,1.1144946700522929e-05,0.09936452917388805,2.7760550361508374e-06,0.0991719622568843,2.0446393380033115e-06,0.0,0.0,0.0,0.0,0.0,0.0,0.0,0.0,0.0,0.0,1.0,1.0,1.0,1.0,1.0
64,14:48:15,0,0.09994222992489887,337008.0,0.09994222992489887,0.09994222992489887,2.9988376085729546e-05,0.09974966300789534,9.408665571624995e-06,0.09955709609089158,1.1178192868620543e-05,0.09936452917388805,2.7760550361508374e-06,0.0991719622568843,2.0446393380033115e-06,0.0,0.0,0.0,0.0,0.0,0.0,0.0,0.0,0.0,0.0,1.0,1.0,1.0,1.0,1.0
64,14:48:18,0,0.09994222992489887,5717712.0,0.09994222992489887,0.09994222992489887,1.833559416751555e-05,0.09974966300789534,1.007358893357729e-05,0.09955709609089158,1.1244685204815773e-05,0.09936452917388805,2.7760550361508374e-06,0.0991719622568843,2.0446393380033115e-06,0.0,0.0,0.0,0.0,0.0,0.0,0.0,0.0,0.0,0.0,1.0,1.0,1.0,1.0,1.0
64,14:48:21,0,0.09994222992489887,1662192.0,0.09994222992489887,0.09994222992489887,1.8934025193272617e-05,0.09974966300789534,9.840865756893986e-06,0.09955709609089158,1.1277931372913388e-05,0.09936452917388805,2.7760550361508374e-06,0.0991719622568843,2.0446393380033115e-06,0.0,0.0,0.0,0.0,0.0,0.0,0.0,0.0,0.0,0.0,1.0,1.0,1.0,1.0,1.0
64,14:48:24,0,0.09994222992489887,765408.0,0.09994222992489887,0.09994222992489887,1.5493046795169484e-05,0.09974966300789534,9.475157907820224e-06,0.09955709609089158,1.1277931372913388e-05,0.09936452917388805,2.7760550361508374e-06,0.0991719622568843,2.0446393380033115e-06,0.0,0.0,0.0,0.0,0.0,0.0,0.0,0.0,0.0,0.0,1.0,1.0,1.0,1.0,1.0
64,14:48:27,0,0.09994222992489887,931056.0,0.09994222992489887,0.09994222992489887,1.416320007126489e-05,0.09974966300789534,9.724504168552335e-06,0.09955709609089158,1.1344423709108618e-05,0.09936452917388805,2.7760550361508374e-06,0.0991719622568843,2.0446393380033115e-06,0.0,0.0,0.0,0.0,0.0,0.0,0.0,0.0,0.0,0.0,1.0,1.0,1.0,1.0,1.0
64,14:48:30,0,0.09994222992489887,993888.0,0.09994222992489887,0.09994222992489887,1.333204586882452e-05,0.09974966300789534,8.776988377770313e-06,0.09955709609089158,1.1361046793157424e-05,0.09936452917388805,2.7760550361508374e-06,0.0991719622568843,2.0446393380033115e-06,0.0,0.0,0.0,0.0,0.0,0.0,0.0,0.0,0.0,0.0,1.0,1.0,1.0,1.0,1.0
64,14:48:33,0,0.09994222992489887,3575712.0,0.09994222992489887,0.09994222992489887,7.314489443156237e-06,0.09974966300789534,9.342173235429765e-06,0.09955709609089158,1.1294554456962196e-05,0.09936452917388805,2.7760550361508374e-06,0.0991719622568843,2.0446393380033115e-06,0.0,0.0,0.0,0.0,0.0,0.0,0.0,0.0,0.0,0.0,1.0,1.0,1.0,1.0,1.0
64,14:48:36,0,0.09994222992489887,1022448.0,0.09994222992489887,0.09994222992489887,6.483335240715867e-06,0.09974966300789534,9.175942394941691e-06,0.09955709609089158,1.1294554456962196e-05,0.09936452917388805,2.7760550361508374e-06,0.0991719622568843,2.0446393380033115e-06,0.0,0.0,0.0,0.0,0.0,0.0,0.0,0.0,0.0,0.0,1.0,1.0,1.0,1.0,1.0
64,14:48:39,0,0.09994222992489887,679728.0,0.09994222992489887,0.09994222992489887,6.566450660959903e-06,0.09974966300789534,8.577511369184623e-06,0.09955709609089158,1.1610393053889536e-05,0.09936452917388805,2.7760550361508374e-06,0.0991719622568843,2.0446393380033115e-06,0.0,0.0,0.0,0.0,0.0,0.0,0.0,0.0,0.0,0.0,1.0,1.0,1.0,1.0,1.0
64,14:48:42,0,0.09994222992489887,491232.0,0.09994222992489887,0.09994222992489887,7.331112527205044e-06,0.09974966300789534,8.21180352011086e-06,0.09955709609089158,1.1610393053889536e-05,0.09936452917388805,2.7760550361508374e-06,0.0991719622568843,2.0446393380033115e-06,0.0,0.0,0.0,0.0,0.0,0.0,0.0,0.0,0.0,0.0,1.0,1.0,1.0,1.0,1.0
64,14:48:45,0,0.09994222992489887,674016.0,0.09994222992489887,0.09994222992489887,7.547212619839541e-06,0.09974966300789534,9.342173235429765e-06,0.09955709609089158,1.1610393053889536e-05,0.09936452917388805,2.7760550361508374e-06,0.0991719622568843,2.0446393380033115e-06,0.0,0.0,0.0,0.0,0.0,0.0,0.0,0.0,0.0,0.0,1.0,1.0,1.0,1.0,1.0
64,14:48:48,0,0.09994222992489887,1308048.0,0.09994222992489887,0.09994222992489887,5.469327113738614e-06,0.09974966300789534,8.976465386356002e-06,0.09955709609089158,1.1560523801743114e-05,0.09936452917388805,2.7760550361508374e-06,0.0991719622568843,2.094508590149734e-06,0.0,0.0,0.0,0.0,0.0,0.0,0.0,0.0,0.0,0.0,1.0,1.0,1.0,1.0,1.0
64,14:48:51,0,0.09994222992489887,1587936.0,0.09994222992489887,0.09994222992489887,1.978479463489058e-06,0.09974966300789534,9.408665571624995e-06,0.09955709609089158,1.1660262306035958e-05,0.09936452917388805,2.7760550361508374e-06,0.0991719622568843,2.094508590149734e-06,0.0,0.0,0.0,0.0,0.0,0.0,0.0,0.0,0.0,0.0,1.0,1.0,1.0,1.0,1.0
64,14:48:54,0,0.09994222992489887,1959216.0,0.09994222992489887,0.09994222992489887,5.488942352916207e-07,0.09974966300789534,9.95722734523564e-06,0.09955709609089158,1.1693508474133573e-05,0.09936452917388805,2.8259242882972598e-06,0.0991719622568843,2.094508590149734e-06,0.0,0.0,0.0,0.0,0.0,0.0,0.0,0.0,0.0,0.0,1.0,1.0,1.0,1.0,1.0
64,14:48:57,0,0.09994222992489887,434224.0,0.099845946466397,0.09974966300789534,1.0306312110260594e-05,0.09955709609089158,1.2325185667988255e-05,0.09936452917388805,2.8259242882972598e-06,0.0991719622568843,2.094508590149734e-06,0.09897939533988054,9.741127252601143e-06,0.09994222992489887,9.20885610135833e-06,0.0,0.0,0.0,0.0,0.0,0.0,0.0,0.0,1.0,1.0,1.0,1.0,1.0
64,14:49:00,0,0.09994222992489887,2376122.0,0.099845946466397,0.09974966300789534,1.7637092175784662e-05,0.09955709609089158,1.2325185667988255e-05,0.09936452917388805,2.8259242882972598e-06,0.0991719622568843,2.094508590149734e-06,0.09897939533988054,9.741127252601143e-06,0.09994222992489887,1.0256110396433195e-05,0.0,0.0,0.0,0.0,0.0,0.0,0.0,0.0,1.0,1.0,1.0,1.0,1.0
64,14:49:03,0,0.09994222992489887,4421085.0,0.099845946466397,0.09974966300789534,1.8019423108907233e-05,0.09955709609089158,1.2325185667988255e-05,0.09936452917388805,2.8259242882972598e-06,0.0991719622568843,2.094508590149734e-06,0.09897939533988054,9.741127252601143e-06,0.09994222992489887,1.9279452879806836e-06,0.0,0.0,0.0,0.0,0.0,0.0,0.0,0.0,1.0,1.0,1.0,1.0,1.0
64,14:49:06,0,0.09994222992489887,1485006.0,0.09994222992489887,0.09994222992489887,2.460548900904473e-06,0.09974966300789534,1.8767461891103566e-05,0.09955709609089158,1.2325185667988255e-05,0.09936452917388805,2.8259242882972598e-06,0.0991719622568843,2.144377842296156e-06,0.0,0.0,0.0,0.0,0.0,0.0,0.0,0.0,0.0,0.0,1.0,1.0,1.0,1.0,1.0
64,14:49:09,0,0.09994222992489887,868224.0,0.09994222992489887,0.09994222992489887,3.0922260947591544e-06,0.09974966300789534,1.559245283778135e-05,0.09955709609089158,1.222544716369541e-05,0.09936452917388805,2.8259242882972598e-06,0.0991719622568843,2.144377842296156e-06,0.0,0.0,0.0,0.0,0.0,0.0,0.0,0.0,0.0,0.0,1.0,1.0,1.0,1.0,1.0
64,14:49:12,0,0.09994222992489887,605472.0,0.09994222992489887,0.09994222992489887,5.75191954256834e-06,0.09974966300789534,1.516025265251236e-05,0.09955709609089158,1.222544716369541e-05,0.09936452917388805,2.8259242882972598e-06,0.0991719622568843,2.1610009263449634e-06,0.0,0.0,0.0,0.0,0.0,0.0,0.0,0.0,0.0,0.0,1.0,1.0,1.0,1.0,1.0
64,14:49:15,0,0.09994222992489887,4843871.0,0.099845946466397,0.09974966300789534,1.574206059422062e-05,0.09955709609089158,1.2208824079646603e-05,0.09936452917388805,2.8259242882972598e-06,0.0991719622568843,2.1610009263449634e-06,0.09897939533988054,9.741127252601143e-06,0.09994222992489887,3.856223037642343e-06,0.0,0.0,0.0,0.0,0.0,0.0,0.0,0.0,1.0,1.0,1.0,1.0,1.0
64,14:49:18,0,0.09994222992489887,1616496.0,0.099845946466397,0.09974966300789534,2.1610009263449635e-05,0.09955709609089158,1.2175577911548988e-05,0.09936452917388805,2.5267087754187266e-06,0.0991719622568843,2.094508590149734e-06,0.09897939533988054,9.741127252601143e-06,0.09994222992489887,6.978370683689351e-07,0.0,0.0,0.0,0.0,0.0,0.0,0.0,0.0,1.0,1.0,1.0,1.0,1.0
64,14:49:21,0,0.09974966300789534,148511.0,0.099845946466397,0.09974966300789534,2.274037897876854e-05,0.09955709609089158,1.3289324542819085e-05,0.09936452917388805,2.5267087754187266e-06,0.0991719622568843,2.094508590149734e-06,0.09897939533988054,9.741127252601143e-06,0.09994222992489887,2.991822667104358e-06,0.0,0.0,0.0,0.0,0.0,0.0,0.0,0.0,1.0,1.0,1.0,1.0,1.0
64,14:49:24,0,0.09994222992489887,1176669.0,0.099845946466397,0.09974966300789534,2.2956479071403033e-05,0.09955709609089158,1.3754770896185692e-05,0.09936452917388805,2.5267087754187266e-06,0.0991719622568843,2.094508590149734e-06,0.09897939533988054,9.741127252601143e-06,0.09994222992489887,2.1772915487127945e-06,0.0,0.0,0.0,0.0,0.0,0.0,0.0,0.0,1.0,1.0,1.0,1.0,1.0
64,14:49:27,0,0.09994222992489887,1279461.0,0.099845946466397,0.09974966300789534,2.2956479071403033e-05,0.09955709609089158,1.3688278559990462e-05,0.09936452917388805,2.5267087754187266e-06,0.0991719622568843,2.094508590149734e-06,0.09897939533988054,9.741127252601143e-06,0.09994222992489887,4.4849080763682396e-07,0.0,0.0,0.0,0.0,0.0,0.0,0.0,0.0,1.0,1.0,1.0,1.0,1.0
64,14:49:30,0,0.09994222992489887,1616372.0,0.09994222992489887,0.09994222992489887,8.647328322189616e-07,0.09974966300789534,1.8651100302761913e-05,0.09955709609089158,1.3754770896185692e-05,0.09936452917388805,2.5599549435163413e-06,0.0991719622568843,2.094508590149734e-06,0.0,0.0,0.0,0.0,0.0,0.0,0.0,0.0,0.0,0.0,1.0,1.0,1.0,1.0,1.0
64,14:49:33,0,0.09994222992489887,1033985.0,0.099845946466397,0.09974966300789534,1.778669993222393e-05,0.09955709609089158,1.3139716786379817e-05,0.09936452917388805,2.5599549435163413e-06,0.0991719622568843,2.094508590149734e-06,0.09897939533988054,9.741127252601143e-06,0.09994222992489887,1.462498934614076e-06,0.0,0.0,0.0,0.0,0.0,0.0,0.0,0.0,1.0,1.0,1.0,1.0,1.0
64,14:49:36,0,0.09994222992489887,993774.0,0.09994222992489887,0.09994222992489887,2.011725631586673e-06,0.09974966300789534,2.189260169227936e-05,0.09955709609089158,1.3172962954477432e-05,0.09936452917388805,2.5599549435163413e-06,0.0991719622568843,2.094508590149734e-06,0.0,0.0,0.0,0.0,0.0,0.0,0.0,0.0,0.0,0.0,1.0,1.0,1.0,1.0,1.0
64,14:49:39,0,0.09994222992489887,1210944.0,0.09994222992489887,0.09994222992489887,4.870896087981548e-06,0.09974966300789534,1.790306152056558e-05,0.09955709609089158,1.4186971081454685e-05,0.09936452917388805,2.5599549435163413e-06,0.0991719622568843,2.094508590149734e-06,0.0,0.0,0.0,0.0,0.0,0.0,0.0,0.0,0.0,0.0,1.0,1.0,1.0,1.0,1.0
64,14:49:42,0,0.09994222992489887,234192.0,0.09994222992489887,0.09994222992489887,9.325882613061933e-06,0.09974966300789534,1.823552320154173e-05,0.09955709609089158,1.3073224450184589e-05,0.09936452917388805,2.5599549435163413e-06,0.0991719622568843,2.0778855061009263e-06,0.0,0.0,0.0,0.0,0.0,0.0,0.0,0.0,0.0,0.0,1.0,1.0,1.0,1.0,1.0
64,14:49:45,0,0.09994222992489887,559776.0,0.09994222992489887,0.09994222992489887,1.6822893519074077e-05,0.09974966300789534,1.863447721871311e-05,0.09955709609089158,1.3089847534233395e-05,0.09936452917388805,2.5599549435163413e-06,0.0991719622568843,2.0778855061009263e-06,0.0,0.0,0.0,0.0,0.0,0.0,0.0,0.0,0.0,0.0,1.0,1.0,1.0,1.0,1.0
64,14:49:48,0,0.09994222992489887,771120.0,0.09994222992489887,0.09994222992489887,1.6141347073072973e-05,0.09974966300789534,1.919966207637256e-05,0.09955709609089158,1.3089847534233395e-05,0.09936452917388805,2.5599549435163413e-06,0.0991719622568843,2.0778855061009263e-06,0.0,0.0,0.0,0.0,0.0,0.0,0.0,0.0,0.0,0.0,1.0,1.0,1.0,1.0,1.0
64,14:49:51,0,0.09994222992489887,405552.0,0.09994222992489887,0.09994222992489887,1.7969886318441786e-05,0.09974966300789534,2.003081627881293e-05,0.09955709609089158,1.3089847534233395e-05,0.09936452917388805,2.5599549435163413e-06,0.0991719622568843,2.094508590149734e-06,0.0,0.0,0.0,0.0,0.0,0.0,0.0,0.0,0.0,0.0,1.0,1.0,1.0,1.0,1.0
64,14:49:54,0,0.09994222992489887,1565088.0,0.09994222992489887,0.09994222992489887,1.584213156019444e-05,0.09974966300789534,1.966510842973917e-05,0.09955709609089158,1.3039978282086973e-05,0.09936452917388805,2.5599549435163413e-06,0.0991719622568843,2.094508590149734e-06,0.0,0.0,0.0,0.0,0.0,0.0,0.0,0.0,0.0,0.0,1.0,1.0,1.0,1.0,1.0
64,14:49:57,0,0.09994222992489887,1228080.0,0.09994222992489887,0.09994222992489887,1.4661892592729112e-05,0.09974966300789534,2.0064062446910544e-05,0.09955709609089158,1.3039978282086973e-05,0.09936452917388805,2.6596934478091856e-06,0.0991719622568843,2.094508590149734e-06,0.0,0.0,0.0,0.0,0.0,0.0,0.0,0.0,0.0,0.0,1.0,1.0,1.0,1.0,1.0
